PLAYER_ID,PLAYER_NAME,TEAM_ID,TEAM_ABBREVIATION,GP_REG,MIN_REG,FGA_REG,FGM_REG,FG_PCT_REG,FG3A_REG,FG3M_REG,FG3_PCT_REG,FTA_REG,FTM_REG,FT_PCT_REG,PTS_REG,AST_REG,TOV_REG,REB_REG,OREB_REG,DREB_REG,PLUS_MINUS_REG,TS_PCT_REG,EFG_PCT_REG,GP_CLU,MIN_CLU,FGA_CLU,FGM_CLU,FG_PCT_CLU,FG3A_CLU,FG3M_CLU,FG3_PCT_CLU,FTA_CLU,FTM_CLU,FT_PCT_CLU,PTS_CLU,AST_CLU,TOV_CLU,REB_CLU,OREB_CLU,DREB_CLU,PLUS_MINUS_CLU,TS_PCT_CLU,EFG_PCT_CLU,GP_PO,MIN_PO,FGA_PO,FGM_PO,FG_PCT_PO,FG3A_PO,FG3M_PO,FG3_PCT_PO,FTA_PO,FTM_PO,FT_PCT_PO,PTS_PO,AST_PO,TOV_PO,REB_PO,OREB_PO,DREB_PO,PLUS_MINUS_PO,TS_PCT_PO,EFG_PCT_PO,CLUTCH_SCORE,SEASON
2544,LeBron James,1610612747,LAL,71,35.3,17.9,9.6,0.54,5.1,2.1,0.41,5.7,4.3,0.75,25.7,8.3,3.5,7.3,0.9,6.4,3.1,0.6296550372402979,0.5949720670391062,28.0,4.1,2.4,1.3,0.529,1.0,0.3,0.259,0.9,0.7,0.731,3.5,0.6,0.5,1.3,0.1,1.1,0.9,0.6258941344778255,0.6041666666666666,5.0,40.8,19.8,11.2,0.566,5.2,2.0,0.385,4.6,3.4,0.739,27.8,8.8,3.8,6.8,0.8,6.0,-2.2,0.6369134897360703,0.6161616161616161,0.6454384504623278,2023-24
101108,Chris Paul,1610612744,GSW,58,26.4,8.1,3.6,0.441,3.6,1.3,0.371,0.9,0.7,0.827,9.2,6.8,1.3,3.9,0.3,3.6,1.9,0.5414312617702447,0.5246913580246914,28.0,2.2,0.6,0.3,0.412,0.4,0.1,0.364,0.0,0.0,0.0,0.6,0.4,0.0,0.2,0.1,0.1,0.5,0.5,0.5833333333333334,,,,,,,,,,,,,,,,,,,,,0.5212178279965746,2023-24
200768,Kyle Lowry,1610612755,PHI,60,28.2,6.3,2.7,0.432,4.2,1.6,0.392,1.3,1.1,0.84,8.1,4.2,1.4,3.2,0.6,2.7,0.0,0.5893480791618161,0.5555555555555556,25.0,3.0,0.8,0.4,0.429,0.4,0.2,0.364,0.2,0.1,0.5,1.0,0.3,0.1,0.3,0.0,0.3,-0.1,0.5630630630630631,0.625,6.0,29.2,5.3,1.8,0.344,4.0,1.3,0.333,2.5,2.0,0.8,7.0,4.0,0.7,3.5,1.0,2.5,2.8,0.546875,0.4622641509433963,0.5720482802443874,2023-24
200782,P.J. Tucker,1610612746,LAC,31,15.7,1.6,0.6,0.36,1.1,0.4,0.371,0.1,0.1,1.0,1.7,0.5,0.3,2.7,0.9,1.8,-0.8,0.5170316301703163,0.5,5.0,2.9,0.0,0.0,0.0,0.0,0.0,0.0,0.0,0.0,0.0,0.0,0.0,0.0,1.2,0.8,0.4,-3.6,,,2.0,15.3,3.0,2.0,0.667,2.0,1.5,0.75,0.0,0.0,0.0,5.5,0.0,1.5,1.5,1.5,0.0,-12.0,0.9166666666666666,0.9166666666666666,0.5445052716950527,2023-24
201142,Kevin Durant,1610612756,PHX,75,37.2,19.1,10.0,0.523,5.4,2.2,0.413,5.6,4.8,0.856,27.1,5.0,3.3,6.6,0.5,6.1,3.9,0.6283620849564089,0.5811518324607329,39.0,3.5,2.2,0.8,0.357,0.8,0.3,0.303,0.9,0.7,0.853,2.5,0.3,0.2,0.8,0.1,0.7,-0.3,0.4815100154083205,0.4318181818181818,4.0,42.1,16.8,9.3,0.552,3.0,1.3,0.417,8.5,7.0,0.824,26.8,3.3,2.5,6.5,0.3,6.3,-17.8,0.6523855890944499,0.5922619047619048,0.6029414717827933,2023-24
201143,Al Horford,1610612738,BOS,65,26.8,6.4,3.3,0.511,4.0,1.7,0.419,0.5,0.4,0.867,8.6,2.6,0.7,6.4,1.3,5.1,6.5,0.6495468277945619,0.6484374999999999,21.0,3.4,0.7,0.3,0.429,0.4,0.2,0.5,0.2,0.1,0.75,0.9,0.1,0.1,0.8,0.3,0.5,2.5,0.5710659898477158,0.5714285714285715,19.0,30.3,7.3,3.5,0.478,5.0,1.8,0.368,0.6,0.4,0.636,9.2,2.1,0.6,7.0,1.8,5.2,7.4,0.6081438392384981,0.6027397260273973,0.6136225541992056,2023-24
201144,Mike Conley,1610612750,MIN,76,28.9,8.5,3.9,0.457,5.3,2.4,0.442,1.5,1.3,0.911,11.4,5.9,1.3,2.9,0.5,2.4,3.6,0.6222707423580787,0.6,30.0,3.7,1.0,0.4,0.414,0.6,0.2,0.316,0.2,0.2,0.833,1.2,0.4,0.1,0.4,0.1,0.4,-0.4,0.551470588235294,0.5,15.0,31.6,9.7,4.1,0.428,5.1,2.0,0.395,1.9,1.3,0.714,11.6,5.7,1.3,3.9,0.7,3.2,3.9,0.5504935459377372,0.5257731958762887,0.5745467986546153,2023-24
201145,Jeff Green,1610612745,HOU,78,16.8,4.7,2.1,0.456,2.1,0.7,0.331,1.9,1.6,0.819,6.5,0.9,0.6,2.3,0.6,1.7,-1.0,0.5870664739884393,0.5212765957446809,20.0,1.9,0.4,0.1,0.143,0.3,0.0,0.0,0.2,0.1,0.667,0.2,0.1,0.0,0.3,0.1,0.2,-1.3,0.20491803278688525,0.25,,,,,,,,,,,,,,,,,,,,,0.3408114848167982,2023-24
201152,Thaddeus Young,1610612756,PHX,33,13.3,3.3,2.0,0.602,0.2,0.0,0.143,0.5,0.2,0.4,4.2,1.7,0.5,3.1,1.4,1.7,-1.2,0.5965909090909091,0.6060606060606061,6.0,1.6,0.3,0.2,0.5,0.0,0.0,0.0,0.0,0.0,0.0,0.3,0.0,0.0,0.2,0.0,0.2,-1.8,0.5,0.6666666666666667,1.0,3.6,0.0,0.0,0.0,0.0,0.0,0.0,0.0,0.0,0.0,0.0,0.0,0.0,0.0,0.0,0.0,-5.0,,,0.2751893939366391,2023-24
201565,Derrick Rose,1610612763,MEM,24,16.6,6.9,3.2,0.461,1.7,0.6,0.366,1.1,1.0,0.889,8.0,3.3,1.3,1.9,0.3,1.6,-1.4,0.5417118093174431,0.5072463768115941,1.0,2.1,1.0,1.0,1.0,0.0,0.0,0.0,0.0,0.0,0.0,2.0,0.0,1.0,1.0,0.0,1.0,-4.0,1.0,1.0,,,,,,,,,,,,,,,,,,,,,0.8617300233935691,2023-24
201566,Russell Westbrook,1610612746,LAC,68,22.5,9.8,4.4,0.454,2.3,0.6,0.273,2.4,1.6,0.688,11.1,4.5,2.1,5.0,1.4,3.7,1.5,0.5112380250552688,0.47959183673469385,18.0,2.3,0.6,0.2,0.273,0.1,0.0,0.0,0.6,0.4,0.7,0.7,0.4,0.0,0.5,0.1,0.4,1.1,0.40509259259259256,0.33333333333333337,6.0,19.0,8.3,2.2,0.26,2.8,0.7,0.235,2.2,1.3,0.615,6.3,1.7,1.7,4.2,1.0,3.2,0.2,0.3398791540785498,0.3072289156626506,0.3962992277249843,2023-24
201567,Kevin Love,1610612748,MIA,55,16.8,6.5,2.9,0.44,4.4,1.5,0.344,2.0,1.5,0.787,8.8,2.1,0.9,6.1,1.1,5.1,2.0,0.5962059620596206,0.5615384615384615,10.0,1.5,0.4,0.2,0.5,0.3,0.1,0.333,0.0,0.0,0.0,0.5,0.0,0.1,0.4,0.1,0.3,-0.5,0.625,0.625,5.0,6.4,1.8,0.8,0.444,0.8,0.2,0.25,0.0,0.0,0.0,1.8,0.8,0.4,2.8,0.2,2.6,-6.8,0.5,0.5,0.5638548398295028,2023-24
201568,Danilo Gallinari,1610612749,MIL,49,12.8,3.9,1.7,0.437,1.9,0.6,0.323,2.0,1.7,0.857,5.7,1.1,0.5,2.2,0.4,1.8,-2.0,0.5962343096234309,0.5128205128205129,1.0,0.2,1.0,0.0,0.0,1.0,0.0,0.0,0.0,0.0,0.0,0.0,0.0,0.0,0.0,0.0,0.0,-4.0,0.0,0.0,3.0,12.4,2.7,1.3,0.5,0.7,0.0,0.0,1.3,1.0,0.75,3.7,0.7,0.3,3.0,0.3,2.7,-2.0,0.565403422982885,0.48148148148148145,0.40771512206313204,2023-24
201569,Eric Gordon,1610612756,PHX,68,27.8,9.1,4.0,0.443,5.8,2.2,0.378,0.9,0.8,0.797,11.0,2.0,1.1,1.8,0.2,1.6,1.9,0.5791912384161753,0.5604395604395604,27.0,3.1,0.6,0.3,0.438,0.4,0.2,0.417,0.1,0.1,0.5,0.8,0.2,0.0,0.1,0.0,0.1,0.1,0.6211180124223603,0.6666666666666667,4.0,29.4,7.0,2.3,0.321,4.3,1.8,0.412,2.0,1.8,0.875,8.0,1.3,1.0,1.8,0.3,1.5,-6.5,0.5076142131979695,0.45714285714285713,0.5639717237351495,2023-24
201572,Brook Lopez,1610612749,MIL,79,30.5,9.6,4.6,0.485,5.1,1.9,0.366,1.7,1.4,0.821,12.5,1.6,1.0,5.2,1.5,3.7,3.5,0.6039814456899885,0.578125,37.0,3.3,0.7,0.4,0.481,0.5,0.2,0.5,0.4,0.3,0.769,1.2,0.2,0.1,0.4,0.1,0.3,1.8,0.684931506849315,0.7142857142857143,6.0,33.4,12.5,7.3,0.587,3.8,1.7,0.435,2.5,1.3,0.533,17.7,1.8,1.5,4.3,1.8,2.5,-5.8,0.6507352941176471,0.652,0.6616333902895003,2023-24
201587,Nicolas Batum,1610612755,PHI,60,25.5,4.3,1.9,0.453,3.1,1.2,0.395,0.4,0.3,0.714,5.3,2.1,0.7,4.1,1.2,3.0,3.0,0.5920464700625558,0.5813953488372093,21.0,3.6,0.5,0.2,0.364,0.4,0.2,0.444,0.1,0.1,1.0,0.7,0.3,0.2,0.5,0.1,0.4,2.0,0.6433823529411764,0.6000000000000001,6.0,28.3,4.8,2.0,0.414,3.7,1.5,0.409,1.3,0.8,0.625,6.3,1.3,0.8,5.8,1.5,4.3,-3.0,0.586373790022338,0.5729166666666667,0.6179499979760272,2023-24
201599,DeAndre Jordan,1610612743,DEN,36,11.0,2.6,1.6,0.624,0.0,0.0,0.0,1.5,0.7,0.491,3.9,0.7,0.6,4.4,1.5,2.9,-2.4,0.598159509202454,0.6153846153846154,1.0,2.1,0.0,0.0,0.0,0.0,0.0,0.0,4.0,2.0,0.5,2.0,0.0,0.0,0.0,0.0,0.0,0.0,0.5681818181818182,,2.0,6.5,1.0,0.5,0.5,0.0,0.0,0.0,1.0,1.0,1.0,2.0,0.0,0.0,1.5,0.5,1.0,-10.0,0.6944444444444444,0.5,0.636309413149904,2023-24
201935,James Harden,1610612746,LAC,72,34.3,11.4,4.9,0.428,6.8,2.6,0.381,4.8,4.2,0.878,16.6,8.5,2.6,5.1,0.5,4.7,4.0,0.6142687981053878,0.543859649122807,33.0,2.9,0.7,0.2,0.348,0.3,0.1,0.364,0.3,0.3,1.0,0.9,0.7,0.2,0.4,0.1,0.3,1.6,0.5408653846153847,0.35714285714285715,6.0,40.3,14.8,6.7,0.449,7.8,3.0,0.383,5.3,4.8,0.906,21.2,8.0,2.3,4.5,0.5,4.0,-8.0,0.6187251926219939,0.554054054054054,0.5981695417436774,2023-24
201939,Stephen Curry,1610612744,GSW,74,32.7,19.5,8.8,0.45,11.8,4.8,0.408,4.4,4.0,0.923,26.4,5.1,2.8,4.5,0.5,4.0,2.6,0.6157865273371897,0.5743589743589744,43.0,3.3,2.8,1.4,0.496,1.6,0.7,0.457,1.0,0.9,0.951,4.4,0.4,0.2,0.5,0.0,0.5,0.5,0.6790123456790125,0.625,,,,,,,,,,,,,,,,,,,,,0.6722960472566429,2023-24
201942,DeMar DeRozan,1610612741,CHI,79,37.8,17.2,8.2,0.48,2.8,0.9,0.333,7.7,6.6,0.853,24.0,5.3,1.7,4.3,0.5,3.8,-0.8,0.5828638041577617,0.5029069767441859,40.0,4.8,2.8,1.4,0.487,0.4,0.2,0.467,1.9,1.6,0.878,4.6,0.4,0.3,0.7,0.1,0.6,2.4,0.6325632563256326,0.5357142857142857,,,,,,,,,,,,,,,,,,,,,0.632275842036171,2023-24
201950,Jrue Holiday,1610612738,BOS,69,32.8,10.0,4.8,0.48,4.7,2.0,0.429,1.0,0.9,0.833,12.5,4.8,1.8,5.4,1.2,4.2,6.2,0.5986590038314177,0.58,28.0,4.0,0.8,0.4,0.476,0.3,0.1,0.375,0.7,0.5,0.789,1.4,0.5,0.2,0.7,0.2,0.5,2.0,0.6317689530685919,0.5625,19.0,37.9,10.2,5.1,0.503,4.6,1.8,0.402,1.2,1.1,0.955,13.2,4.4,1.5,6.1,1.9,4.2,7.5,0.6152125279642058,0.5882352941176471,0.6259724156427364,2023-24
201959,Taj Gibson,1610612765,DET,20,10.2,1.9,0.8,0.405,0.5,0.1,0.2,0.1,0.1,1.0,1.7,0.6,0.3,1.9,0.6,1.3,-1.5,0.43724279835390945,0.44736842105263164,,,,,,,,,,,,,,,,,,,,,,,,,,,,,,,,,,,,,,,,,0.43724279835390945,2023-24
201976,Patrick Beverley,1610612749,MIL,73,20.0,5.2,2.2,0.417,2.5,0.8,0.337,1.2,1.0,0.822,6.2,2.9,0.9,3.3,0.7,2.6,-0.8,0.5412011173184358,0.5,14.0,2.4,0.7,0.4,0.6,0.4,0.3,0.667,0.3,0.2,0.75,1.4,0.1,0.0,0.4,0.2,0.2,-0.9,0.8413461538461539,0.7857142857142858,6.0,34.9,6.5,2.7,0.41,1.8,0.7,0.364,2.5,2.2,0.867,8.2,5.5,1.0,3.3,0.7,2.7,-0.2,0.5394736842105263,0.4692307692307693,0.6538472847326701,2023-24
201988,Patty Mills,1610612748,MIA,32,13.0,4.1,1.4,0.351,2.7,0.8,0.276,0.3,0.3,1.0,4.0,1.1,0.5,1.1,0.3,0.8,0.2,0.47258979206049156,0.43902439024390244,2.0,2.1,0.5,0.0,0.0,0.5,0.0,0.0,0.0,0.0,0.0,0.0,0.0,0.0,0.0,0.0,0.0,-1.5,0.0,0.0,3.0,17.2,5.7,2.0,0.353,3.7,1.0,0.273,1.3,1.0,0.75,6.0,1.0,0.3,0.3,0.3,0.0,-3.0,0.47831632653061223,0.43859649122807015,0.3301182505569664,2023-24
202066,Garrett Temple,1610612761,TOR,27,10.7,2.9,1.1,0.372,1.5,0.4,0.3,0.8,0.7,0.818,3.3,1.0,0.5,1.7,0.7,1.0,-2.9,0.507380073800738,0.4482758620689655,2.0,2.6,0.5,0.0,0.0,0.0,0.0,0.0,0.0,0.0,0.0,0.0,0.0,0.5,0.0,0.0,0.0,-2.5,0.0,0.0,,,,,,,,,,,,,,,,,,,,,0.18636807057131222,2023-24
202083,Wesley Matthews,1610612737,ATL,36,11.5,2.7,0.9,0.351,1.9,0.7,0.348,0.7,0.5,0.75,3.1,0.6,0.2,1.5,0.3,1.2,-1.9,0.5152925531914894,0.4629629629629629,3.0,2.5,0.3,0.0,0.0,0.0,0.0,0.0,0.0,0.0,0.0,0.0,0.0,0.0,0.7,0.3,0.3,-1.3,0.0,0.0,,,,,,,,,,,,,,,,,,,,,0.182875295504159,2023-24
202330,Gordon Hayward,1610612760,OKC,51,24.4,7.9,3.7,0.464,1.8,0.7,0.411,2.4,1.7,0.742,9.8,3.1,1.3,3.5,0.7,2.8,-2.6,0.5471192496650291,0.5126582278481012,16.0,3.4,1.3,0.6,0.476,0.1,0.1,0.5,0.5,0.4,0.875,1.8,0.4,0.2,0.9,0.3,0.6,-1.3,0.5921052631578947,0.5,7.0,6.6,0.4,0.0,0.0,0.0,0.0,0.0,0.0,0.0,0.0,0.0,0.4,0.0,1.9,0.1,1.7,2.3,0.0,0.0,0.30501065886391837,2023-24
202331,Paul George,1610612746,LAC,74,33.8,16.7,7.9,0.471,7.9,3.3,0.413,3.9,3.6,0.907,22.6,3.5,2.1,5.2,0.5,4.7,6.2,0.6135968722849696,0.5718562874251498,32.0,3.1,1.2,0.6,0.487,0.6,0.3,0.4,1.0,0.9,0.938,2.4,0.2,0.2,0.5,0.1,0.4,1.5,0.7317073170731707,0.625,6.0,37.1,15.8,6.5,0.411,8.2,3.0,0.367,4.2,3.5,0.84,19.5,4.8,2.3,6.8,0.5,6.3,-4.5,0.5524705349048051,0.5063291139240506,0.6295894805997058,2023-24
202397,Ish Smith,1610612766,CHA,43,17.2,3.7,1.5,0.418,0.2,0.1,0.5,0.1,0.1,0.75,3.2,3.4,1.1,1.8,0.3,1.5,-6.5,0.42735042735042733,0.4189189189189189,2.0,1.0,0.5,0.5,1.0,0.0,0.0,0.0,0.0,0.0,0.0,1.0,0.0,0.0,0.0,0.0,0.0,-1.5,1.0,1.0,,,,,,,,,,,,,,,,,,,,,0.8226303226266702,2023-24
202681,Kyrie Irving,1610612742,DAL,58,35.0,19.5,9.7,0.497,7.3,3.0,0.411,3.6,3.3,0.905,25.6,5.2,1.8,5.0,0.8,4.2,4.8,0.6070954278125593,0.5743589743589743,20.0,3.8,2.3,1.4,0.6,1.0,0.4,0.421,1.1,1.1,0.955,4.2,0.4,0.2,0.4,0.1,0.4,3.8,0.7543103448275863,0.6956521739130435,22.0,40.0,18.1,8.5,0.467,6.2,2.4,0.39,3.3,2.8,0.849,22.1,5.1,2.3,3.7,1.0,2.7,5.1,0.5651595744680852,0.5359116022099447,0.6469940119395983,2023-24
202684,Tristan Thompson,1610612739,CLE,49,11.2,2.4,1.5,0.613,0.0,0.0,0.0,1.1,0.3,0.288,3.3,1.0,0.6,3.6,1.5,2.1,-0.3,0.5721220527045769,0.625,6.0,0.7,0.3,0.2,0.5,0.0,0.0,0.0,0.0,0.0,0.0,0.3,0.0,0.0,0.3,0.0,0.3,-2.2,0.5,0.6666666666666667,10.0,8.7,1.6,0.7,0.438,0.0,0.0,0.0,0.2,0.1,0.5,1.5,1.0,0.2,2.0,1.0,1.0,-3.2,0.44431279620853076,0.43749999999999994,0.4966767402164866,2023-24
202685,Jonas Valančiūnas,1610612740,NOP,82,23.5,8.8,4.9,0.559,1.5,0.5,0.308,2.5,2.0,0.785,12.2,2.1,1.4,8.8,2.3,6.5,1.9,0.6161616161616161,0.5852272727272727,13.0,3.0,1.0,0.7,0.692,0.1,0.0,0.0,0.4,0.3,0.8,1.7,0.2,0.2,1.2,0.5,0.7,-1.4,0.7227891156462585,0.7,4.0,22.4,10.5,5.5,0.524,0.3,0.0,0.0,4.3,3.5,0.824,14.5,1.3,2.5,11.0,4.5,6.5,-8.0,0.5850548741123306,0.5238095238095238,0.6475143813275325,2023-24
202687,Bismack Biyombo,1610612760,OKC,40,19.8,3.3,1.9,0.565,0.0,0.0,0.0,1.4,0.7,0.481,4.4,1.3,1.1,5.2,1.6,3.7,-1.6,0.5617977528089888,0.5757575757575758,5.0,3.6,0.4,0.2,0.5,0.0,0.0,0.0,1.4,0.6,0.429,1.0,0.0,0.0,1.2,0.6,0.6,1.2,0.4921259842519685,0.5,,,,,,,,,,,,,,,,,,,,,0.5274711192218476,2023-24
202691,Klay Thompson,1610612744,GSW,77,29.7,14.7,6.4,0.432,9.0,3.5,0.387,1.8,1.6,0.927,17.9,2.3,1.5,3.3,0.5,2.8,0.1,0.577717531629228,0.554421768707483,40.0,3.3,1.4,0.4,0.298,1.0,0.3,0.268,0.3,0.3,1.0,1.4,0.1,0.0,0.3,0.0,0.2,0.8,0.4569190600522193,0.3928571428571429,,,,,,,,,,,,,,,,,,,,,0.5067090267677171,2023-24
202692,Alec Burks,1610612752,NYK,66,18.4,8.6,3.2,0.369,5.0,1.9,0.376,2.5,2.2,0.868,10.4,1.3,0.7,2.3,0.4,1.9,-3.9,0.5360824742268042,0.4825581395348838,18.0,3.2,1.3,0.3,0.261,0.8,0.2,0.286,0.2,0.2,1.0,1.1,0.2,0.0,0.2,0.1,0.2,-2.8,0.3962536023054755,0.3076923076923077,6.0,20.1,8.3,4.2,0.5,4.7,2.0,0.429,5.3,4.5,0.844,14.8,1.0,0.0,3.3,0.7,2.7,-3.5,0.6960120391271633,0.6265060240963856,0.5845539117712172,2023-24
202694,Marcus Morris Sr.,1610612739,CLE,49,16.7,5.4,2.4,0.439,2.4,1.0,0.403,0.9,0.7,0.818,6.4,0.7,0.6,2.7,0.5,2.3,-1.2,0.5521048999309869,0.537037037037037,6.0,3.7,0.5,0.3,0.667,0.3,0.2,0.5,0.5,0.3,0.667,1.2,0.2,0.2,0.8,0.0,0.8,-2.2,0.8333333333333334,0.8,9.0,15.3,5.3,2.4,0.458,2.6,1.0,0.391,0.3,0.2,0.667,6.1,0.3,0.3,2.8,0.2,2.6,-4.3,0.5614874815905744,0.5471698113207547,0.6597982611524407,2023-24
202695,Kawhi Leonard,1610612746,LAC,68,34.3,17.1,9.0,0.525,4.9,2.1,0.417,4.2,3.7,0.885,23.7,3.6,1.8,6.1,1.2,4.9,5.8,0.6253958201393287,0.587719298245614,32.0,3.1,2.1,0.9,0.455,0.6,0.1,0.211,0.9,0.8,0.929,2.8,0.2,0.3,0.6,0.1,0.5,1.1,0.5608974358974359,0.4523809523809524,2.0,29.7,12.0,5.5,0.458,2.5,0.0,0.0,1.5,1.0,0.667,12.0,2.0,2.0,8.0,1.5,6.5,-6.0,0.47393364928909953,0.4583333333333333,0.5404459750539177,2023-24
202696,Nikola Vučević,1610612741,CHI,76,34.3,15.9,7.7,0.484,4.1,1.2,0.294,1.7,1.4,0.822,18.0,3.3,1.6,10.5,2.8,7.8,-2.4,0.5406054781355117,0.5220125786163522,42.0,4.6,1.5,0.6,0.435,0.6,0.2,0.32,0.3,0.2,0.833,1.7,0.4,0.0,1.1,0.4,0.7,2.3,0.5208333333333333,0.4666666666666666,,,,,,,,,,,,,,,,,,,,,0.5368580105309504,2023-24
202699,Tobias Harris,1610612755,PHI,70,33.8,13.6,6.6,0.487,3.7,1.3,0.353,3.0,2.7,0.878,17.2,3.1,1.3,6.5,1.1,5.3,3.2,0.5764075067024128,0.5330882352941176,29.0,3.4,1.0,0.6,0.571,0.3,0.2,0.556,0.3,0.2,0.75,1.5,0.2,0.2,0.7,0.2,0.5,-0.4,0.6625441696113074,0.7,6.0,36.4,8.5,3.7,0.431,3.0,1.0,0.333,0.7,0.7,1.0,9.0,1.5,0.5,7.2,1.5,5.7,-1.5,0.510899182561308,0.49411764705882355,0.5797185067774218,2023-24
202704,Reggie Jackson,1610612743,DEN,82,22.2,9.2,4.0,0.431,3.5,1.2,0.359,1.2,1.0,0.806,10.2,3.8,1.3,1.9,0.4,1.5,1.0,0.5242598684210527,0.5,19.0,2.5,1.3,0.7,0.542,0.2,0.0,0.0,0.7,0.3,0.462,1.7,0.4,0.2,0.4,0.1,0.3,1.2,0.5286069651741293,0.5384615384615384,12.0,9.8,4.0,1.3,0.333,1.9,0.7,0.348,0.2,0.2,1.0,3.5,1.0,0.7,1.3,0.2,1.1,0.2,0.4280821917808219,0.4125,0.4917504971330356,2023-24
202709,Cory Joseph,1610612744,GSW,26,11.4,2.5,0.9,0.359,1.6,0.5,0.31,0.3,0.2,0.571,2.4,1.6,0.5,1.2,0.2,0.9,-0.5,0.4559270516717325,0.45999999999999996,5.0,0.2,0.0,0.0,0.0,0.0,0.0,0.0,0.0,0.0,0.0,0.0,0.2,0.0,0.0,0.0,0.0,-0.6,,,,,,,,,,,,,,,,,,,,,,,0.1519756838905775,2023-24
202710,Jimmy Butler III,1610612748,MIA,60,34.0,13.2,6.6,0.499,2.4,1.0,0.414,7.7,6.6,0.858,20.8,5.0,1.7,5.3,1.8,3.6,3.6,0.6269592476489028,0.5378787878787878,31.0,3.7,1.7,0.6,0.346,0.5,0.1,0.143,1.0,0.7,0.742,2.0,0.3,0.1,0.5,0.2,0.4,-0.8,0.4672897196261682,0.3823529411764706,,,,,,,,,,,,,,,,,,,,,0.5333916835115586,2023-24
202711,Bojan Bogdanovic,1610612752,NYK,57,25.9,11.9,5.4,0.454,5.9,2.3,0.398,2.6,2.1,0.785,15.2,1.7,1.8,2.7,0.4,2.3,-6.1,0.5826433609322293,0.5504201680672269,17.0,3.0,2.2,0.6,0.297,1.3,0.3,0.227,0.3,0.1,0.4,1.7,0.1,0.0,0.5,0.2,0.4,-2.8,0.36449399656946824,0.3409090909090909,4.0,12.7,6.0,1.8,0.292,3.8,1.5,0.4,1.8,1.0,0.571,6.0,1.0,0.3,3.0,0.3,2.8,8.0,0.441696113074205,0.425,0.4579406771720598,2023-24
202722,Davis Bertans,1610612766,CHA,43,15.7,5.4,2.1,0.393,4.7,1.8,0.38,0.8,0.7,0.909,6.7,0.8,0.4,1.4,0.2,1.2,-1.7,0.5824061196105702,0.5555555555555555,9.0,1.6,0.4,0.1,0.25,0.4,0.1,0.25,0.2,0.2,1.0,0.6,0.2,0.0,0.1,0.0,0.1,-1.6,0.6147540983606556,0.37500000000000006,,,,,,,,,,,,,,,,,,,,,0.6113788461833294,2023-24
203076,Anthony Davis,1610612747,LAL,76,35.5,16.9,9.4,0.556,1.4,0.4,0.271,6.8,5.5,0.816,24.7,3.5,2.1,12.6,3.1,9.5,2.0,0.6208526040619344,0.5680473372781065,30.0,4.6,1.5,0.8,0.522,0.3,0.0,0.111,1.4,1.2,0.857,2.8,0.2,0.2,1.4,0.4,1.0,1.1,0.661625708884688,0.5333333333333333,5.0,41.6,18.6,11.8,0.634,1.0,0.0,0.0,5.2,4.2,0.808,27.8,4.0,2.2,15.6,3.0,12.6,-1.8,0.6654538490999616,0.6344086021505376,0.665620001166311,2023-24
203078,Bradley Beal,1610612756,PHX,53,33.3,13.9,7.1,0.513,4.4,1.9,0.43,2.5,2.1,0.813,18.2,5.0,2.5,4.4,1.0,3.4,2.0,0.6066666666666667,0.579136690647482,21.0,2.8,1.1,0.6,0.5,0.3,0.1,0.286,0.1,0.1,1.0,1.4,0.3,0.2,0.4,0.0,0.3,-0.2,0.6118881118881118,0.5909090909090908,4.0,38.5,14.8,6.5,0.441,5.8,2.5,0.435,1.3,1.0,0.8,16.5,4.5,3.3,2.8,1.5,1.3,-12.8,0.5366900858704138,0.5236486486486486,0.5813325270732008,2023-24
203081,Damian Lillard,1610612749,MIL,73,35.3,17.5,7.4,0.424,8.5,3.0,0.354,7.0,6.5,0.92,24.3,7.0,2.6,4.4,0.5,3.9,5.3,0.5903790087463557,0.5085714285714286,37.0,3.7,2.3,0.9,0.412,1.2,0.4,0.295,1.6,1.5,0.949,3.8,0.7,0.2,0.3,0.1,0.3,2.1,0.6324900133155792,0.47826086956521746,4.0,39.1,20.3,8.5,0.42,12.0,5.0,0.417,9.5,9.3,0.974,31.3,5.0,2.3,3.3,0.5,2.8,-8.8,0.639297385620915,0.541871921182266,0.6420180558488161,2023-24
203083,Andre Drummond,1610612741,CHI,79,17.1,6.1,3.4,0.556,0.0,0.0,0.0,2.8,1.6,0.592,8.4,0.5,1.0,9.0,3.4,5.6,0.3,0.5728314238952538,0.5573770491803279,14.0,2.1,0.6,0.5,0.875,0.0,0.0,0.0,0.1,0.0,0.0,1.0,0.0,0.0,0.9,0.4,0.5,3.0,0.7763975155279503,0.8333333333333334,,,,,,,,,,,,,,,,,,,,,0.7183782172225428,2023-24
203084,Harrison Barnes,1610612758,SAC,82,29.0,8.9,4.2,0.474,4.7,1.8,0.387,2.4,1.9,0.801,12.2,1.2,0.7,3.0,0.8,2.2,-1.0,0.6126958617918843,0.5730337078651686,31.0,3.9,0.9,0.3,0.345,0.4,0.1,0.167,0.5,0.4,0.813,1.1,0.2,0.1,0.5,0.2,0.3,0.8,0.49107142857142855,0.38888888888888884,,,,,,,,,,,,,,,,,,,,,0.541725265861006,2023-24
203095,Evan Fournier,1610612765,DET,32,18.1,6.9,2.5,0.357,4.1,1.0,0.254,1.1,0.9,0.806,6.9,1.5,0.7,1.8,0.2,1.7,-4.4,0.46722643553629467,0.43478260869565216,5.0,2.3,0.2,0.0,0.0,0.0,0.0,0.0,0.0,0.0,0.0,0.0,0.2,0.0,0.2,0.0,0.2,1.6,0.0,0.0,,,,,,,,,,,,,,,,,,,,,0.1586406959029825,2023-24
203109,Jae Crowder,1610612749,MIL,50,23.1,5.4,2.3,0.422,3.3,1.2,0.349,0.7,0.5,0.722,6.2,1.3,0.5,3.2,0.6,2.6,-1.4,0.5430974071478627,0.537037037037037,13.0,2.8,0.3,0.2,0.5,0.2,0.0,0.0,0.3,0.2,0.5,0.5,0.2,0.0,0.4,0.0,0.4,0.2,0.5787037037037037,0.6666666666666667,4.0,10.5,3.0,0.8,0.25,1.8,0.3,0.143,0.5,0.5,1.0,2.3,0.5,0.0,1.5,0.5,1.0,-6.3,0.3571428571428571,0.3166666666666667,0.46754445321850024,2023-24
203110,Draymond Green,1610612744,GSW,55,27.1,6.8,3.4,0.497,2.3,0.9,0.395,1.3,1.0,0.73,8.6,6.0,2.5,7.2,1.4,5.9,3.1,0.583288117200217,0.5661764705882353,24.0,3.8,0.8,0.4,0.474,0.3,0.0,0.0,0.2,0.2,0.8,0.9,1.1,0.3,0.6,0.2,0.4,-0.7,0.5067567567567568,0.5,,,,,,,,,,,,,,,,,,,,,0.5440319161185331,2023-24
203114,Khris Middleton,1610612749,MIL,55,27.0,11.7,5.8,0.493,4.5,1.7,0.381,2.2,1.8,0.833,15.1,5.3,2.3,4.7,0.7,3.9,2.3,0.595989895800442,0.5683760683760684,24.0,3.2,0.9,0.4,0.429,0.4,0.1,0.3,0.4,0.4,0.9,1.3,0.4,0.2,0.7,0.1,0.6,-0.3,0.604089219330855,0.5,6.0,38.3,19.0,9.2,0.482,5.2,1.8,0.355,5.0,4.5,0.9,24.7,4.7,2.3,9.2,2.0,7.2,0.8,0.5825471698113207,0.531578947368421,0.5996606150076692,2023-24
203200,Justin Holiday,1610612743,DEN,58,14.9,3.3,1.5,0.454,2.3,0.9,0.404,0.1,0.1,0.75,4.0,1.2,0.2,1.2,0.2,1.1,0.9,0.5980861244019139,0.5909090909090909,7.0,2.2,0.6,0.3,0.5,0.1,0.1,1.0,0.0,0.0,0.0,0.7,0.4,0.0,0.3,0.0,0.3,1.3,0.5833333333333334,0.5833333333333334,12.0,12.5,2.9,0.9,0.314,2.4,0.9,0.379,0.3,0.2,0.5,2.9,0.3,0.3,1.7,0.1,1.6,2.0,0.4782321899736148,0.4655172413793104,0.5514233783412126,2023-24
203468,CJ McCollum,1610612740,NOP,66,32.7,16.0,7.3,0.459,8.4,3.6,0.429,2.1,1.7,0.827,20.0,4.6,1.7,4.3,0.6,3.7,3.0,0.590876861262113,0.56875,18.0,3.0,1.3,0.6,0.478,0.6,0.2,0.4,0.4,0.2,0.5,1.7,0.4,0.1,0.5,0.1,0.4,0.6,0.575880758807588,0.5384615384615384,4.0,36.9,18.5,7.8,0.419,7.3,1.8,0.241,0.5,0.5,1.0,17.8,4.8,4.0,4.8,0.5,4.3,-13.3,0.47542735042735046,0.47027027027027024,0.536278405026049,2023-24
203471,Dennis Schröder,1610612751,BKN,80,31.1,11.6,5.0,0.435,4.6,1.7,0.375,2.7,2.2,0.836,14.0,6.1,1.9,3.0,0.5,2.5,-1.6,0.5473881764153894,0.5043103448275862,40.0,3.5,1.7,0.7,0.439,0.6,0.2,0.318,0.6,0.6,0.917,2.2,0.5,0.2,0.6,0.2,0.5,-0.4,0.560081466395112,0.47058823529411764,,,,,,,,,,,,,,,,,,,,,0.5705055421477343,2023-24
203482,Kelly Olynyk,1610612761,TOR,78,22.5,6.4,3.5,0.555,2.0,0.8,0.387,2.3,1.9,0.833,9.8,4.4,1.9,5.3,1.4,3.9,-3.4,0.6610901241230437,0.609375,22.0,2.3,0.6,0.4,0.615,0.2,0.1,0.6,0.3,0.3,0.857,1.1,0.5,0.2,0.5,0.1,0.4,1.0,0.7513661202185793,0.75,,,,,,,,,,,,,,,,,,,,,0.7306491215186026,2023-24
203484,Kentavious Caldwell-Pope,1610612743,DEN,76,31.6,7.7,3.6,0.46,4.1,1.6,0.406,1.5,1.3,0.894,10.1,2.4,1.0,2.4,0.4,2.0,7.5,0.6040669856459331,0.5714285714285715,35.0,3.4,0.7,0.3,0.346,0.5,0.2,0.368,0.3,0.3,0.909,1.0,0.1,0.1,0.2,0.1,0.1,2.3,0.6009615384615384,0.5714285714285715,12.0,35.0,7.2,2.8,0.395,4.6,1.5,0.327,0.9,0.9,1.0,8.1,2.6,0.8,2.9,0.4,2.5,-0.3,0.533175355450237,0.4930555555555555,0.5766769305763485,2023-24
203486,Mason Plumlee,1610612746,LAC,46,14.7,3.3,1.9,0.569,0.1,0.0,0.0,2.2,1.5,0.707,5.3,1.2,0.8,5.1,1.3,3.8,0.2,0.6208997188378632,0.5757575757575758,5.0,2.2,0.4,0.0,0.0,0.2,0.0,0.0,0.8,0.2,0.25,0.2,0.0,0.0,0.8,0.2,0.6,1.2,0.13297872340425532,0.0,6.0,11.0,3.0,1.2,0.389,0.0,0.0,0.0,1.3,0.8,0.625,3.2,0.7,0.3,3.3,1.2,2.2,-1.7,0.4479283314669653,0.39999999999999997,0.38389490545875066,2023-24
203488,Mike Muscala,1610612760,OKC,53,11.3,2.9,1.1,0.359,1.8,0.5,0.292,0.5,0.3,0.68,3.0,0.7,0.4,2.4,0.7,1.6,-1.7,0.4807692307692307,0.4655172413793104,4.0,0.7,0.3,0.0,0.0,0.3,0.0,0.0,0.0,0.0,0.0,0.0,0.0,0.0,0.0,0.0,0.0,0.5,0.0,0.0,,,,,,,,,,,,,,,,,,,,,0.17060123783904996,2023-24
203490,Otto Porter Jr.,1610612761,TOR,15,11.6,2.2,0.9,0.424,1.5,0.5,0.348,0.2,0.2,1.0,2.6,0.5,0.1,1.9,0.4,1.5,1.5,0.5681818181818181,0.5227272727272726,2.0,3.0,0.5,0.0,0.0,0.5,0.0,0.0,0.0,0.0,0.0,0.0,0.0,0.0,1.0,0.0,1.0,1.5,0.0,0.0,,,,,,,,,,,,,,,,,,,,,0.2121212121108815,2023-24
203496,Robert Covington,1610612755,PHI,29,16.8,3.4,1.5,0.439,1.9,0.7,0.339,0.9,0.8,0.846,4.4,0.8,0.4,3.3,1.1,2.3,3.6,0.5795574288724974,0.5441176470588236,5.0,1.6,0.4,0.0,0.0,0.2,0.0,0.0,0.0,0.0,0.0,0.0,0.0,0.2,0.2,0.0,0.2,-3.8,0.0,0.0,,,,,,,,,,,,,,,,,,,,,0.2049505155030585,2023-24
203497,Rudy Gobert,1610612750,MIN,76,34.1,8.1,5.3,0.661,0.0,0.0,0.0,5.1,3.3,0.638,14.0,1.3,1.6,12.9,3.8,9.2,5.4,0.6767208043310132,0.654320987654321,30.0,4.2,0.3,0.2,0.625,0.0,0.0,0.0,1.3,0.8,0.625,1.2,0.1,0.2,1.3,0.3,1.1,-0.6,0.6880733944954127,0.6666666666666667,15.0,34.2,6.9,4.3,0.615,0.0,0.0,0.0,5.3,3.5,0.671,12.1,1.6,1.5,9.8,2.7,7.1,6.3,0.6553292894280763,0.6231884057971014,0.6735129473042577,2023-24
203501,Tim Hardaway Jr.,1610612742,DAL,79,26.8,12.4,5.0,0.402,7.6,2.7,0.353,2.1,1.8,0.852,14.4,1.8,0.9,3.2,0.3,2.9,0.2,0.5403782647853498,0.5120967741935484,25.0,2.1,0.9,0.3,0.304,0.6,0.2,0.267,0.4,0.4,1.0,1.1,0.1,0.0,0.3,0.1,0.2,2.1,0.5111524163568774,0.4444444444444445,14.0,12.7,4.1,1.6,0.379,2.6,0.9,0.351,0.6,0.3,0.5,4.4,0.4,0.1,1.8,0.1,1.6,-2.5,0.5041246562786434,0.5000000000000001,0.5197675755713829,2023-24
203507,Giannis Antetokounmpo,1610612749,MIL,73,35.2,18.8,11.5,0.611,1.7,0.5,0.274,10.7,7.0,0.657,30.4,6.5,3.4,11.5,2.7,8.8,4.6,0.6465883954398502,0.625,36.0,3.6,1.6,0.9,0.534,0.2,0.1,0.5,1.5,1.1,0.736,2.9,0.6,0.3,1.2,0.4,0.7,1.5,0.6415929203539822,0.59375,,,,,,,,,,,,,,,,,,,,,0.6517687170133578,2023-24
203552,Seth Curry,1610612766,CHA,44,14.0,4.6,1.8,0.392,2.5,0.9,0.352,0.7,0.6,0.903,5.1,1.0,0.5,1.5,0.4,1.1,1.4,0.519559902200489,0.48913043478260876,9.0,0.9,0.8,0.0,0.0,0.6,0.0,0.0,0.0,0.0,0.0,0.0,0.0,0.0,0.2,0.1,0.1,0.2,0.0,0.0,,,,,,,,,,,,,,,,,,,,,0.19057793841087503,2023-24
203897,Zach LaVine,1610612741,CHI,25,34.9,15.0,6.8,0.452,6.8,2.4,0.349,4.1,3.5,0.854,19.5,3.9,2.1,5.2,0.3,4.8,-3.7,0.5802189954772674,0.5333333333333333,12.0,5.0,1.8,0.8,0.429,0.6,0.3,0.429,0.5,0.4,0.833,2.2,0.9,0.3,1.1,0.1,1.0,2.1,0.5445544554455446,0.5277777777777778,,,,,,,,,,,,,,,,,,,,,0.5684426354553188,2023-24
203903,Jordan Clarkson,1610612762,UTA,55,30.6,14.8,6.1,0.413,5.6,1.7,0.294,3.7,3.2,0.881,17.1,5.0,2.7,3.4,0.9,2.5,-3.5,0.5204528853177502,0.4695945945945945,19.0,4.2,2.5,1.0,0.404,1.2,0.5,0.391,0.6,0.5,0.818,2.9,0.6,0.1,0.9,0.4,0.5,0.8,0.524602026049204,0.5,,,,,,,,,,,,,,,,,,,,,0.54011087102947,2023-24
203914,Gary Harris,1610612753,ORL,54,24.0,5.5,2.4,0.441,3.8,1.4,0.371,0.8,0.6,0.756,6.9,1.6,0.6,1.7,0.4,1.2,1.7,0.5895420369104579,0.5636363636363636,14.0,1.4,0.3,0.1,0.5,0.2,0.1,0.333,0.2,0.2,1.0,0.6,0.0,0.0,0.2,0.0,0.2,0.5,0.7731958762886597,0.5000000000000001,6.0,26.5,4.7,1.3,0.286,3.7,1.2,0.318,0.3,0.3,1.0,4.2,0.7,0.3,2.0,0.8,1.2,0.3,0.43460264900662254,0.40425531914893614,0.5787448348714945,2023-24
203915,Spencer Dinwiddie,1610612747,LAL,76,28.3,8.4,3.3,0.392,4.8,1.6,0.337,2.8,2.2,0.805,10.5,4.7,1.2,2.7,0.4,2.3,0.9,0.5450581395348837,0.488095238095238,25.0,3.6,1.2,0.5,0.414,0.6,0.3,0.438,0.5,0.4,0.769,1.6,0.7,0.2,0.3,0.0,0.2,0.7,0.5633802816901409,0.5416666666666667,5.0,14.6,2.8,1.0,0.357,1.6,0.4,0.25,1.2,0.6,0.5,3.0,1.6,0.2,1.4,0.2,1.2,-3.8,0.45072115384615385,0.4285714285714286,0.5182827416929514,2023-24
203924,Jerami Grant,1610612757,POR,54,33.9,15.7,7.1,0.451,5.1,2.1,0.402,5.8,4.7,0.817,21.0,2.8,2.1,3.5,0.7,2.9,-6.5,0.5752794214332676,0.5191082802547771,23.0,4.0,1.9,1.0,0.5,0.7,0.3,0.467,0.7,0.6,0.765,2.8,0.3,0.6,0.4,0.0,0.3,0.4,0.6340579710144928,0.6052631578947368,,,,,,,,,,,,,,,,,,,,,0.6265670319813391,2023-24
203925,Joe Harris,1610612765,DET,16,10.6,2.4,0.9,0.359,1.9,0.6,0.333,0.1,0.1,0.5,2.4,0.6,0.3,0.8,0.2,0.6,-3.0,0.4909983633387889,0.5,2.0,2.2,0.5,0.0,0.0,0.5,0.0,0.0,0.0,0.0,0.0,0.0,0.0,0.0,0.0,0.0,0.0,-2.5,0.0,0.0,,,,,,,,,,,,,,,,,,,,,0.18449945443758242,2023-24
203926,Doug McDermott,1610612754,IND,64,14.1,4.4,1.9,0.433,3.6,1.5,0.41,0.3,0.2,0.579,5.5,1.1,0.4,0.9,0.2,0.8,-2.2,0.6067961165048543,0.6022727272727272,8.0,0.9,0.1,0.0,0.0,0.1,0.0,0.0,0.0,0.0,0.0,0.0,0.3,0.1,0.3,0.0,0.3,-1.9,0.0,0.0,10.0,6.4,1.1,0.5,0.455,0.8,0.3,0.375,0.0,0.0,0.0,1.3,0.7,0.1,0.3,0.2,0.1,-1.9,0.5909090909090908,0.5909090909090908,0.39885995881089853,2023-24
203932,Aaron Gordon,1610612743,DEN,73,31.5,9.8,5.5,0.556,1.9,0.5,0.29,3.7,2.4,0.658,13.9,3.5,1.4,6.5,2.4,4.1,5.8,0.6081554077703885,0.586734693877551,38.0,3.2,0.8,0.5,0.6,0.2,0.0,0.167,0.5,0.4,0.789,1.4,0.3,0.1,0.7,0.3,0.4,1.7,0.6862745098039215,0.625,12.0,37.1,9.8,5.8,0.585,2.3,0.9,0.407,2.3,1.9,0.821,14.3,4.4,1.5,7.3,3.0,4.3,-3.8,0.6613022567517572,0.6377551020408163,0.6689317982442066,2023-24
203933,T.J. Warren,1610612750,MIN,11,11.3,3.7,1.6,0.439,1.2,0.2,0.154,0.4,0.3,0.75,3.7,0.8,0.4,2.0,0.5,1.5,4.6,0.47729618163054693,0.4594594594594595,,,,,,,,,,,,,,,,,,,,,3.0,3.8,0.7,0.0,0.0,0.3,0.0,0.0,0.0,0.0,0.0,0.0,0.3,0.0,1.0,0.7,0.3,2.3,0.0,0.0,0.11932404540763673,2023-24
203935,Marcus Smart,1610612763,MEM,20,30.2,11.9,5.1,0.43,6.7,2.1,0.313,2.8,2.2,0.768,14.5,4.3,3.1,2.7,0.3,2.4,-1.0,0.5520865062442888,0.5168067226890756,9.0,3.8,0.8,0.3,0.429,0.3,0.0,0.0,0.4,0.4,1.0,1.1,0.7,0.2,0.2,0.0,0.2,1.0,0.5635245901639344,0.37499999999999994,,,,,,,,,,,,,,,,,,,,,0.5664345845991179,2023-24
203937,Kyle Anderson,1610612750,MIN,79,22.6,5.5,2.5,0.46,0.6,0.1,0.229,1.7,1.2,0.708,6.4,4.2,1.2,3.5,0.8,2.7,2.1,0.5121638924455826,0.4636363636363636,30.0,2.2,0.2,0.0,0.143,0.0,0.0,0.0,0.1,0.1,0.5,0.1,0.2,0.2,0.3,0.1,0.2,-0.8,0.20491803278688525,0.0,15.0,15.4,3.8,1.7,0.456,0.5,0.1,0.25,0.8,0.7,0.833,4.3,2.5,0.7,2.7,1.2,1.5,-2.4,0.5178227360308285,0.46052631578947373,0.4162143913210089,2023-24
203939,Dwight Powell,1610612742,DAL,63,13.3,1.7,1.1,0.679,0.0,0.0,0.333,1.4,1.0,0.708,3.3,1.3,0.5,3.4,1.5,1.9,0.0,0.7124352331606217,0.6470588235294118,6.0,1.6,0.0,0.0,0.0,0.0,0.0,0.0,0.2,0.2,1.0,0.2,0.3,0.0,0.3,0.2,0.2,0.5,1.1363636363636362,,13.0,3.4,0.2,0.1,0.333,0.0,0.0,0.0,0.5,0.3,0.667,0.5,0.2,0.2,0.9,0.2,0.7,0.0,0.5952380952380952,0.5,0.7951461319336967,2023-24
203944,Julius Randle,1610612752,NYK,46,35.4,18.2,8.6,0.472,5.3,1.7,0.311,6.6,5.1,0.781,24.0,5.0,3.5,9.2,2.2,7.0,4.7,0.5686125852918879,0.5192307692307692,18.0,2.9,1.6,0.9,0.552,0.4,0.2,0.5,0.9,0.6,0.647,2.6,0.4,0.1,0.9,0.2,0.8,2.3,0.6513026052104208,0.625,,,,,,,,,,,,,,,,,,,,,0.6325304740283023,2023-24
203952,Andrew Wiggins,1610612744,GSW,71,27.0,11.0,5.0,0.453,3.6,1.3,0.358,2.7,2.0,0.751,13.2,1.7,1.2,4.5,1.5,3.0,-0.8,0.5415162454873645,0.5136363636363637,31.0,3.0,0.7,0.3,0.435,0.2,0.1,0.5,0.2,0.1,0.333,0.8,0.2,0.1,0.4,0.2,0.2,-1.2,0.5076142131979696,0.5,,,,,,,,,,,,,,,,,,,,,0.5252785269908258,2023-24
203954,Joel Embiid,1610612755,PHI,39,33.6,21.8,11.5,0.529,3.6,1.4,0.388,11.6,10.2,0.883,34.7,5.6,3.8,11.0,2.4,8.6,6.8,0.6448855188819507,0.5596330275229358,12.0,3.2,2.5,0.9,0.367,0.6,0.1,0.143,2.2,2.1,0.962,4.0,0.3,0.2,0.9,0.3,0.6,1.0,0.5767012687427913,0.38,6.0,41.4,22.2,9.8,0.444,6.5,2.2,0.333,13.0,11.2,0.859,33.0,5.7,4.2,10.8,3.2,7.7,7.7,0.5909742120343839,0.490990990990991,0.6066696719861784,2023-24
203957,Danté Exum,1610612742,DAL,55,19.8,5.5,2.9,0.533,2.0,1.0,0.491,1.2,1.0,0.779,7.8,2.9,0.9,2.7,0.5,2.3,4.3,0.6469807564698075,0.6181818181818182,14.0,2.9,1.4,0.8,0.579,0.9,0.6,0.667,0.3,0.3,1.0,2.4,0.1,0.2,0.4,0.0,0.4,2.8,0.7832898172323759,0.7857142857142858,21.0,6.8,2.1,0.8,0.364,1.0,0.3,0.35,0.3,0.2,0.667,2.0,0.6,0.2,0.8,0.1,0.7,-0.7,0.4480286738351254,0.4523809523809524,0.6183956141899066,2023-24
203967,Dario Šarić,1610612744,GSW,64,17.2,6.1,2.8,0.466,3.1,1.2,0.376,1.5,1.2,0.849,8.0,2.3,1.2,4.4,1.1,3.3,-0.3,0.591715976331361,0.5573770491803279,14.0,1.0,0.3,0.1,0.25,0.3,0.1,0.25,0.0,0.0,0.0,0.2,0.0,0.1,0.3,0.2,0.1,-0.6,0.33333333333333337,0.5000000000000001,,,,,,,,,,,,,,,,,,,,,0.4243789137854216,2023-24
203991,Clint Capela,1610612737,ATL,73,25.8,8.5,4.8,0.571,0.0,0.0,0.0,2.8,1.8,0.631,11.5,1.2,1.0,10.6,4.6,6.0,-0.2,0.5908343608713523,0.5647058823529412,34.0,3.6,0.7,0.3,0.391,0.0,0.0,0.0,0.3,0.1,0.5,0.7,0.1,0.1,1.3,0.5,0.8,-2.0,0.4206730769230769,0.4285714285714286,,,,,,,,,,,,,,,,,,,,,0.4856287990225136,2023-24
203992,Bogdan Bogdanović,1610612737,ATL,79,30.4,13.9,6.0,0.428,8.1,3.0,0.374,2.1,1.9,0.921,16.9,3.1,1.4,3.4,0.7,2.8,1.6,0.5700215866162979,0.539568345323741,37.0,2.3,0.8,0.3,0.357,0.6,0.2,0.333,0.2,0.2,1.0,0.9,0.1,0.2,0.2,0.1,0.2,-0.1,0.5067567567567568,0.5,,,,,,,,,,,,,,,,,,,,,0.533600429059643,2023-24
203994,Jusuf Nurkić,1610612756,PHX,76,27.3,8.3,4.2,0.51,1.2,0.3,0.244,3.4,2.2,0.64,10.9,4.0,2.3,11.0,2.9,8.1,5.3,0.5563495304205798,0.5240963855421686,28.0,3.1,0.9,0.4,0.4,0.1,0.0,0.5,0.5,0.3,0.692,1.1,0.3,0.3,1.3,0.4,0.9,0.2,0.49107142857142855,0.4444444444444445,4.0,25.9,6.5,3.3,0.5,0.5,0.0,0.0,2.8,1.3,0.455,7.8,2.8,1.5,8.3,3.3,5.0,-10.0,0.5043973098810139,0.5076923076923077,0.5194574263604159,2023-24
203995,Vasilije Micic,1610612766,CHA,60,19.6,6.2,2.7,0.43,2.6,0.7,0.279,1.3,1.0,0.813,7.0,4.4,1.7,1.5,0.2,1.2,-1.2,0.5168340224453633,0.49193548387096775,8.0,2.7,1.1,0.4,0.333,0.3,0.0,0.0,0.0,0.0,0.0,0.8,0.6,0.4,0.0,0.0,0.0,0.6,0.36363636363636365,0.36363636363636365,,,,,,,,,,,,,,,,,,,,,0.4324441853870396,2023-24
203999,Nikola Jokić,1610612743,DEN,79,34.6,17.9,10.4,0.583,2.9,1.1,0.359,5.5,4.5,0.817,26.4,9.0,3.0,12.4,2.8,9.5,8.6,0.6496062992125984,0.6117318435754191,36.0,3.4,2.1,1.2,0.553,0.6,0.3,0.391,1.2,1.0,0.818,3.6,0.6,0.4,1.2,0.2,1.1,2.4,0.684931506849315,0.6428571428571428,12.0,40.2,20.3,11.1,0.545,4.4,1.2,0.264,5.9,5.3,0.901,28.7,8.7,3.3,13.4,3.6,9.8,0.9,0.6267470300489169,0.5763546798029556,0.66168357741776,2023-24
204001,Kristaps Porziņģis,1610612738,BOS,57,29.6,13.2,6.8,0.516,5.1,1.9,0.375,5.3,4.5,0.858,20.1,2.0,1.6,7.2,1.7,5.5,7.3,0.6470512490342519,0.5871212121212122,23.0,3.6,1.3,0.7,0.567,0.6,0.2,0.308,0.7,0.7,1.0,2.3,0.2,0.0,0.6,0.3,0.3,0.8,0.7151741293532338,0.6153846153846153,7.0,23.5,8.6,4.0,0.467,4.1,1.4,0.345,3.1,2.9,0.909,12.3,1.1,0.7,4.4,0.6,3.9,5.6,0.6172219991971096,0.5465116279069768,0.6646927357364134,2023-24
204060,Joe Ingles,1610612753,ORL,68,17.2,3.3,1.5,0.436,2.4,1.0,0.435,0.5,0.4,0.824,4.4,3.0,1.0,2.1,0.3,1.8,2.4,0.625,0.6060606060606061,11.0,1.0,0.1,0.0,0.0,0.1,0.0,0.0,0.0,0.0,0.0,0.0,0.2,0.0,0.2,0.1,0.1,1.5,0.0,0.0,7.0,9.6,1.7,0.6,0.333,1.0,0.3,0.286,0.3,0.1,0.5,1.6,1.7,0.0,1.9,0.3,1.6,2.1,0.43668122270742366,0.4411764705882353,0.32553758104976327,2023-24
204456,T.J. McConnell,1610612754,IND,71,18.2,8.4,4.6,0.556,0.6,0.3,0.409,0.9,0.7,0.79,10.2,5.5,1.5,2.7,0.5,2.2,1.3,0.5798090040927694,0.5654761904761905,10.0,1.3,0.6,0.3,0.5,0.0,0.0,0.0,0.0,0.0,0.0,0.6,0.1,0.0,0.1,0.0,0.1,-0.5,0.5,0.5,17.0,20.5,10.9,5.3,0.486,1.5,0.4,0.269,0.9,0.8,0.867,11.8,5.1,1.2,3.1,0.6,2.4,-0.3,0.5223087818696883,0.5045871559633027,0.5315987487589792,2023-24
1626145,Tyus Jones,1610612764,WAS,66,29.3,10.1,4.9,0.489,3.9,1.6,0.414,0.6,0.5,0.8,12.0,7.3,1.0,2.7,0.3,2.4,-7.5,0.578927055191046,0.5643564356435644,25.0,3.0,0.7,0.2,0.278,0.2,0.1,0.333,0.1,0.1,0.667,0.6,0.5,0.1,0.2,0.0,0.2,-4.7,0.4032258064516129,0.35714285714285715,,,,,,,,,,,,,,,,,,,,,0.4687235824333779,2023-24
1626153,Delon Wright,1610612748,MIA,47,15.8,4.0,1.6,0.394,1.4,0.5,0.368,1.0,0.8,0.822,4.5,2.5,0.3,1.8,0.4,1.4,0.3,0.5067567567567567,0.4625,3.0,0.9,0.0,0.0,0.0,0.0,0.0,0.0,0.0,0.0,0.0,0.0,0.0,0.0,0.0,0.0,0.0,2.0,,,4.0,26.8,5.0,3.0,0.6,2.5,1.5,0.6,0.5,0.5,1.0,8.0,1.8,0.0,3.0,0.5,2.5,-5.3,0.7662835249042146,0.75,0.46760122191156667,2023-24
1626156,D'Angelo Russell,1610612747,LAL,76,32.7,14.2,6.5,0.456,7.2,3.0,0.415,2.5,2.1,0.828,18.0,6.3,2.1,3.1,0.4,2.7,2.4,0.5882352941176471,0.5633802816901409,19.0,4.1,1.5,0.6,0.379,0.8,0.3,0.4,0.9,0.9,1.0,2.4,0.6,0.3,0.5,0.1,0.4,1.8,0.6329113924050633,0.5,5.0,36.9,14.6,5.6,0.384,8.8,2.8,0.318,0.4,0.2,0.5,14.2,4.2,1.8,2.8,0.2,2.6,4.4,0.4805089334055225,0.4794520547945206,0.5598275268050031,2023-24
1626157,Karl-Anthony Towns,1610612750,MIN,62,32.7,15.3,7.7,0.504,5.3,2.2,0.416,4.7,4.1,0.873,21.8,3.0,2.9,8.3,1.5,6.8,5.2,0.6275909719023491,0.5751633986928105,27.0,3.6,1.8,0.7,0.388,0.9,0.3,0.292,0.6,0.6,0.882,2.2,0.4,0.1,0.8,0.2,0.6,-0.5,0.5329457364341086,0.4722222222222222,16.0,32.6,14.5,6.8,0.466,5.2,1.9,0.361,4.3,3.7,0.855,19.1,2.6,1.7,9.0,2.2,6.8,1.1,0.5826012689116643,0.5344827586206896,0.5853124144658438,2023-24
1626158,Richaun Holmes,1610612764,WAS,40,13.9,3.7,2.1,0.558,0.1,0.0,0.333,1.2,0.9,0.723,5.0,0.6,0.6,4.6,1.8,2.8,-2.3,0.5912961210974457,0.5675675675675675,7.0,2.8,0.6,0.4,0.75,0.1,0.0,0.0,0.0,0.0,0.0,0.9,0.1,0.0,0.6,0.3,0.3,0.7,0.75,0.6666666666666667,,,,,,,,,,,,,,,,,,,,,0.7133149232443153,2023-24
1626162,Kelly Oubre Jr.,1610612755,PHI,68,30.2,12.9,5.7,0.441,4.8,1.5,0.311,3.4,2.6,0.75,15.4,1.5,1.3,5.0,1.4,3.6,-0.4,0.5348707974437343,0.5,27.0,3.4,1.1,0.5,0.433,0.2,0.0,0.167,0.4,0.3,0.583,1.3,0.2,0.2,0.6,0.1,0.5,0.0,0.5094043887147336,0.45454545454545453,6.0,37.3,10.7,5.2,0.484,3.8,1.5,0.391,1.8,1.3,0.727,13.2,1.7,1.3,4.0,1.5,2.5,3.8,0.5743125652627915,0.5560747663551402,0.5546300102258807,2023-24
1626164,Devin Booker,1610612756,PHX,68,36.0,19.2,9.4,0.492,6.1,2.2,0.364,6.7,6.0,0.886,27.1,6.9,2.6,4.5,0.8,3.7,4.6,0.6117933899223407,0.546875,32.0,3.3,1.6,0.8,0.462,0.7,0.1,0.182,0.9,0.8,0.897,2.4,0.5,0.1,0.5,0.2,0.4,0.7,0.6012024048096192,0.53125,4.0,41.5,16.3,8.0,0.492,5.0,1.8,0.35,10.3,9.8,0.951,27.5,6.0,2.8,3.3,0.3,3.0,-11.5,0.660042242703533,0.5460122699386503,0.6407208212749289,2023-24
1626166,Cameron Payne,1610612755,PHI,78,16.7,6.2,2.7,0.432,3.4,1.3,0.39,0.9,0.7,0.866,7.4,2.6,0.8,1.5,0.3,1.2,-0.1,0.5609460278956944,0.5403225806451613,15.0,1.4,0.4,0.1,0.333,0.2,0.1,0.333,0.0,0.0,0.0,0.3,0.1,0.1,0.0,0.0,0.0,-1.1,0.37499999999999994,0.37500000000000006,5.0,12.2,5.0,2.0,0.4,3.6,1.6,0.444,0.0,0.0,0.0,5.6,1.4,0.6,1.2,0.0,1.2,-1.2,0.5599999999999999,0.5599999999999999,0.5049426175514675,2023-24
1626167,Myles Turner,1610612754,IND,77,27.0,11.8,6.2,0.524,4.2,1.5,0.358,4.1,3.2,0.773,17.1,1.3,1.4,6.9,1.5,5.5,2.9,0.6284916201117319,0.5889830508474576,29.0,3.1,1.0,0.5,0.5,0.5,0.2,0.467,0.3,0.2,0.778,1.4,0.1,0.2,0.5,0.1,0.4,0.1,0.6183745583038868,0.6,17.0,32.4,12.1,6.2,0.517,5.1,2.3,0.453,2.9,2.2,0.76,17.0,2.1,1.9,6.6,1.5,5.1,3.2,0.6354665071770336,0.6074380165289256,0.6370812859789026,2023-24
1626168,Trey Lyles,1610612758,SAC,58,20.0,5.5,2.5,0.445,3.8,1.4,0.384,1.2,0.8,0.7,7.2,1.2,0.7,4.4,1.1,3.4,3.1,0.59721300597213,0.5818181818181819,13.0,2.3,0.2,0.1,0.333,0.2,0.1,0.5,0.3,0.1,0.25,0.3,0.0,0.3,0.5,0.1,0.4,-0.5,0.4518072289156626,0.7500000000000001,,,,,,,,,,,,,,,,,,,,,0.503912184903521,2023-24
1626171,Bobby Portis,1610612749,MIL,82,24.5,11.2,5.7,0.508,3.0,1.2,0.407,1.5,1.2,0.79,13.8,1.3,1.1,7.4,1.7,5.7,-0.1,0.581787521079258,0.5625,12.0,3.1,1.1,0.4,0.385,0.3,0.0,0.0,0.1,0.0,0.0,0.8,0.1,0.0,1.3,0.5,0.8,-0.5,0.34965034965034963,0.36363636363636365,6.0,31.1,15.2,7.3,0.484,2.0,0.5,0.25,2.2,1.3,0.615,16.5,1.0,1.5,11.3,2.7,8.7,6.0,0.510267194458189,0.4967105263157895,0.47846972919630576,2023-24
1626172,Kevon Looney,1610612744,GSW,74,16.1,3.1,1.9,0.597,0.0,0.0,0.0,1.1,0.8,0.675,4.5,1.8,0.7,5.7,1.9,3.7,0.5,0.6277901785714286,0.6129032258064515,22.0,2.1,0.3,0.1,0.429,0.0,0.0,0.0,0.1,0.0,0.0,0.3,0.3,0.1,0.8,0.4,0.4,-0.2,0.436046511627907,0.33333333333333337,,,,,,,,,,,,,,,,,,,,,0.5096384866274645,2023-24
1626174,Christian Wood,1610612747,LAL,50,17.4,5.3,2.5,0.466,2.3,0.7,0.307,1.9,1.3,0.702,6.9,1.0,1.0,5.1,0.8,4.3,0.1,0.5622555410691004,0.5377358490566038,7.0,3.2,0.4,0.1,0.333,0.3,0.0,0.0,0.0,0.0,0.0,0.3,0.1,0.0,0.9,0.1,0.7,1.7,0.37499999999999994,0.25,,,,,,,,,,,,,,,,,,,,,0.4449656834995968,2023-24
1626179,Terry Rozier,1610612748,MIA,61,33.4,16.4,7.2,0.443,6.7,2.4,0.363,3.2,2.8,0.869,19.8,5.6,1.7,4.0,0.6,3.5,-4.8,0.5559299191374664,0.5121951219512195,29.0,3.2,1.7,0.8,0.44,0.9,0.4,0.407,1.0,0.9,0.929,2.8,0.4,0.1,0.3,0.0,0.3,-1.4,0.6542056074766355,0.5882352941176471,,,,,,,,,,,,,,,,,,,,,0.6318128983548169,2023-24
1626181,Norman Powell,1610612746,LAC,76,26.2,10.1,4.9,0.486,5.1,2.2,0.435,2.3,1.9,0.831,13.9,1.1,0.9,2.6,0.2,2.4,2.8,0.6254499640028798,0.594059405940594,30.0,3.1,0.9,0.5,0.538,0.6,0.2,0.412,0.4,0.3,0.833,1.5,0.0,0.0,0.2,0.0,0.2,1.2,0.6970260223048327,0.6666666666666666,6.0,29.8,10.2,4.3,0.426,4.8,2.2,0.448,2.5,2.0,0.8,12.8,0.3,1.2,2.8,0.5,2.3,-3.7,0.5663716814159293,0.5294117647058825,0.6286803998982822,2023-24
1626192,Pat Connaughton,1610612749,MIL,76,22.1,4.6,2.0,0.435,3.1,1.1,0.345,0.8,0.6,0.759,5.6,2.1,0.6,3.1,0.7,2.5,-0.2,0.5654281098546041,0.5543478260869565,17.0,2.6,0.7,0.3,0.417,0.6,0.2,0.364,0.4,0.2,0.429,1.0,0.1,0.1,0.4,0.1,0.3,1.4,0.5707762557077626,0.5714285714285715,6.0,20.7,4.2,1.8,0.44,1.8,0.5,0.273,0.3,0.3,1.0,4.5,2.2,0.5,3.8,0.5,3.3,0.0,0.5193905817174516,0.488095238095238,0.5594094523714537,2023-24
1626196,Josh Richardson,1610612748,MIA,43,25.6,8.1,3.6,0.444,4.4,1.5,0.347,1.3,1.2,0.944,9.9,2.4,0.8,2.8,0.4,2.4,-2.5,0.5708025830258302,0.537037037037037,15.0,3.3,0.5,0.2,0.429,0.3,0.1,0.5,0.1,0.1,1.0,0.7,0.3,0.0,0.6,0.1,0.5,-1.2,0.6433823529411764,0.5,,,,,,,,,,,,,,,,,,,,,0.6253619358081385,2023-24
1626204,Larry Nance Jr.,1610612740,NOP,61,19.9,4.0,2.3,0.573,1.1,0.4,0.415,1.0,0.8,0.77,5.7,1.9,0.8,5.0,1.5,3.5,1.2,0.6418918918918919,0.625,15.0,1.9,0.5,0.3,0.571,0.1,0.0,0.0,0.4,0.2,0.5,0.7,0.0,0.1,0.3,0.1,0.1,1.3,0.5177514792899408,0.6,4.0,21.1,4.3,2.5,0.588,1.0,0.3,0.25,1.5,1.0,0.667,6.3,1.8,1.8,8.3,3.8,4.5,-4.5,0.6350806451612903,0.6162790697674418,0.6096061309894825,2023-24
1626220,Royce O'Neale,1610612756,PHX,79,24.7,6.8,2.7,0.397,5.3,2.0,0.37,0.4,0.3,0.686,7.7,2.8,0.9,4.8,0.8,4.0,1.5,0.5518922018348624,0.5441176470588236,31.0,2.4,0.5,0.3,0.563,0.4,0.3,0.667,0.1,0.1,1.0,0.9,0.2,0.1,0.6,0.1,0.5,0.3,0.8272058823529411,0.8999999999999999,4.0,26.1,5.5,1.8,0.318,4.5,1.5,0.333,0.0,0.0,0.0,5.0,1.0,0.5,4.8,1.3,3.5,-11.5,0.45454545454545453,0.4636363636363636,0.6023429962049073,2023-24
1626224,Cedi Osman,1610612759,SAS,72,17.6,5.3,2.6,0.479,3.1,1.2,0.389,0.7,0.5,0.673,6.8,1.7,0.7,2.5,0.3,2.2,-4.9,0.6062767475035663,0.6037735849056605,12.0,1.7,0.3,0.1,0.25,0.2,0.0,0.0,0.0,0.0,0.0,0.2,0.1,0.0,0.3,0.1,0.2,-1.4,0.33333333333333337,0.33333333333333337,,,,,,,,,,,,,,,,,,,,,0.42997484874750025,2023-24
1627732,Ben Simmons,1610612751,BKN,15,23.9,4.9,2.9,0.581,0.0,0.0,0.0,1.0,0.4,0.4,6.1,5.7,1.8,7.9,2.1,5.9,-2.5,0.5711610486891384,0.5918367346938775,5.0,3.8,0.2,0.2,1.0,0.0,0.0,0.0,0.0,0.0,0.0,0.4,0.4,0.4,2.0,0.2,1.8,-3.4,1.0,1.0,,,,,,,,,,,,,,,,,,,,,0.8611353155486078,2023-24
1627734,Domantas Sabonis,1610612758,SAC,82,35.7,13.0,7.7,0.594,1.1,0.4,0.379,5.1,3.6,0.704,19.4,8.2,3.3,13.7,3.6,10.1,0.8,0.6363159275780634,0.6076923076923078,38.0,4.0,1.1,0.5,0.5,0.1,0.0,0.0,0.5,0.4,0.737,1.4,0.3,0.3,1.3,0.4,0.9,0.4,0.5303030303030303,0.45454545454545453,,,,,,,,,,,,,,,,,,,,,0.574102201188929,2023-24
1627736,Malik Beasley,1610612749,MIL,79,29.6,9.1,4.1,0.443,6.9,2.8,0.413,0.4,0.3,0.714,11.3,1.4,0.7,3.7,0.5,3.2,3.7,0.6090987494609746,0.6043956043956045,33.0,3.7,1.1,0.4,0.343,0.8,0.2,0.286,0.0,0.0,0.0,1.0,0.0,0.1,0.4,0.0,0.4,1.1,0.45454545454545453,0.45454545454545453,6.0,21.8,6.8,3.5,0.512,4.2,1.8,0.44,0.0,0.0,0.0,8.8,0.7,0.5,2.5,0.2,2.3,-6.3,0.6470588235294118,0.6470588235294118,0.588648933609937,2023-24
1627739,Kris Dunn,1610612762,UTA,66,18.9,4.7,2.2,0.47,1.7,0.6,0.369,0.5,0.3,0.688,5.4,3.8,1.2,2.9,0.8,2.1,0.2,0.5487804878048781,0.5319148936170213,13.0,2.2,0.4,0.2,0.6,0.0,0.0,0.0,0.0,0.0,0.0,0.5,0.5,0.0,0.1,0.1,0.0,1.6,0.625,0.5,,,,,,,,,,,,,,,,,,,,,0.6081041342310209,2023-24
1627741,Buddy Hield,1610612755,PHI,84,25.7,10.1,4.4,0.436,6.8,2.6,0.386,0.7,0.6,0.881,12.1,2.8,1.2,3.2,0.7,2.5,0.8,0.5812836279784781,0.5643564356435644,29.0,2.5,1.3,0.8,0.622,0.9,0.4,0.52,0.2,0.1,0.8,2.2,0.1,0.1,0.4,0.2,0.3,0.7,0.792507204610951,0.7692307692307692,4.0,12.7,4.3,1.8,0.412,3.3,1.5,0.462,0.5,0.5,1.0,5.5,0.5,0.5,1.3,0.5,0.8,-1.3,0.6084070796460177,0.5930232558139534,0.6781244998171774,2023-24
1627742,Brandon Ingram,1610612740,NOP,64,32.9,15.9,7.8,0.492,3.8,1.3,0.355,4.8,3.8,0.801,20.8,5.7,2.5,5.1,0.7,4.4,2.7,0.5773928492116367,0.5314465408805031,22.0,3.3,1.9,0.8,0.429,0.5,0.1,0.182,0.6,0.5,0.846,2.2,0.3,0.3,0.5,0.2,0.4,-0.9,0.5083179297597044,0.44736842105263164,4.0,36.4,13.8,4.8,0.345,2.0,0.5,0.25,4.8,4.3,0.895,14.3,3.3,2.3,4.5,0.3,4.3,-11.0,0.4493464052287582,0.3659420289855072,0.502294339603393,2023-24
1627747,Caris LeVert,1610612739,CLE,68,28.8,12.1,5.1,0.421,4.9,1.6,0.325,3.0,2.3,0.766,14.0,5.1,1.7,4.1,0.6,3.5,1.8,0.5216095380029806,0.48760330578512395,32.0,3.1,1.3,0.4,0.35,0.6,0.2,0.316,0.4,0.3,0.846,1.4,0.3,0.1,0.2,0.0,0.2,-0.3,0.47425474254742545,0.3846153846153846,11.0,25.3,9.3,4.0,0.431,3.0,0.5,0.182,2.4,1.5,0.654,10.1,2.3,1.3,3.6,0.7,2.9,-3.3,0.4876400154499806,0.45698924731182794,0.4995836465599669,2023-24
1627749,Dejounte Murray,1610612737,ATL,78,35.7,18.8,8.6,0.459,7.1,2.6,0.363,3.4,2.7,0.794,22.5,6.4,2.6,5.3,0.8,4.5,-2.0,0.5542964130863225,0.526595744680851,42.0,3.8,2.5,1.0,0.388,0.7,0.2,0.286,0.7,0.4,0.643,2.5,0.3,0.2,0.7,0.2,0.5,-1.4,0.4451566951566952,0.44000000000000006,,,,,,,,,,,,,,,,,,,,,0.4948344734729558,2023-24
1627750,Jamal Murray,1610612743,DEN,59,31.5,16.7,8.0,0.481,5.8,2.5,0.425,3.1,2.7,0.853,21.2,6.5,2.1,4.1,0.7,3.4,5.3,0.5868024800708591,0.5538922155688623,25.0,3.1,1.4,0.8,0.571,0.4,0.2,0.4,0.8,0.6,0.842,2.4,0.7,0.2,0.4,0.1,0.4,3.1,0.684931506849315,0.6428571428571429,12.0,38.5,20.8,8.3,0.402,6.1,1.9,0.315,2.2,2.0,0.923,20.6,5.6,2.6,4.3,0.8,3.6,-2.7,0.4731716280779126,0.44471153846153844,0.5710799631996365,2023-24
1627751,Jakob Poeltl,1610612761,TOR,50,26.4,7.6,5.0,0.656,0.0,0.0,0.0,2.1,1.2,0.551,11.1,2.5,1.5,8.6,2.9,5.7,-0.3,0.6511027686532145,0.6578947368421053,21.0,2.9,0.5,0.4,0.727,0.0,0.0,0.0,0.4,0.2,0.625,1.0,0.2,0.0,1.0,0.4,0.6,0.1,0.7396449704142012,0.8,,,,,,,,,,,,,,,,,,,,,0.7167098505280944,2023-24
1627752,Taurean Prince,1610612747,LAL,78,27.0,7.3,3.2,0.442,4.6,1.8,0.396,0.9,0.6,0.735,8.9,1.5,0.9,2.9,0.3,2.7,-1.5,0.5782224532224532,0.5616438356164385,23.0,3.1,0.5,0.2,0.364,0.2,0.0,0.2,0.3,0.3,0.75,0.7,0.1,0.0,0.3,0.0,0.3,0.2,0.5537974683544303,0.4,5.0,22.2,5.8,2.4,0.414,3.4,1.0,0.294,1.6,1.6,1.0,7.4,0.6,0.2,2.4,0.2,2.2,-0.6,0.5688806888068881,0.5,0.5722592244595514,2023-24
1627759,Jaylen Brown,1610612738,BOS,70,33.5,17.9,9.0,0.499,5.9,2.1,0.354,4.3,3.0,0.703,23.0,3.6,2.4,5.5,1.2,4.3,5.9,0.5810428455941795,0.5614525139664805,29.0,3.9,1.4,0.7,0.5,0.5,0.1,0.2,0.7,0.4,0.684,1.9,0.2,0.2,0.8,0.2,0.6,1.6,0.5562060889929742,0.5357142857142857,19.0,37.2,17.8,9.2,0.516,5.8,1.9,0.327,5.4,3.6,0.66,23.9,3.3,2.7,5.9,1.2,4.8,4.6,0.5922878667724027,0.5702247191011235,0.5862076663660651,2023-24
1627763,Malcolm Brogdon,1610612757,POR,39,28.7,12.7,5.6,0.44,5.1,2.1,0.412,3.0,2.4,0.819,15.7,5.5,1.5,3.8,0.7,3.1,-2.1,0.5599144079885877,0.5236220472440944,20.0,3.8,1.9,0.8,0.405,0.7,0.3,0.357,0.6,0.5,0.818,2.2,0.7,0.3,0.6,0.1,0.6,1.5,0.5083179297597044,0.5000000000000001,,,,,,,,,,,,,,,,,,,,,0.5404773857560806,2023-24
1627777,Georges Niang,1610612739,CLE,82,22.3,7.7,3.5,0.449,4.8,1.8,0.376,0.7,0.6,0.85,9.4,1.2,0.9,3.4,0.3,3.1,0.4,0.5869130869130869,0.5714285714285715,19.0,1.8,0.5,0.3,0.556,0.2,0.1,0.25,0.3,0.2,0.6,0.7,0.2,0.0,0.3,0.0,0.3,1.3,0.5537974683544303,0.7,10.0,12.1,4.1,0.9,0.22,2.3,0.3,0.13,0.8,0.7,0.875,2.8,0.4,0.7,1.2,0.3,0.9,-2.4,0.31446540880503143,0.25609756097560976,0.4461442148321701,2023-24
1627780,Gary Payton II,1610612744,GSW,44,15.5,4.2,2.3,0.563,1.3,0.5,0.364,0.5,0.3,0.609,5.5,1.1,0.6,2.6,1.0,1.5,1.9,0.6221719457013575,0.6071428571428571,14.0,1.5,0.4,0.2,0.6,0.1,0.0,0.0,0.1,0.1,1.0,0.5,0.1,0.1,0.1,0.1,0.0,0.4,0.5630630630630631,0.5,,,,,,,,,,,,,,,,,,,,,0.5922898334640365,2023-24
1627783,Pascal Siakam,1610612754,IND,80,33.2,15.9,8.5,0.536,3.1,1.1,0.346,5.0,3.6,0.732,21.7,4.3,1.8,7.1,1.7,5.3,1.4,0.5994475138121547,0.5691823899371069,44.0,3.4,1.3,0.7,0.582,0.2,0.1,0.667,0.3,0.2,0.533,1.8,0.2,0.3,0.7,0.2,0.4,-1.2,0.6284916201117319,0.5769230769230769,17.0,35.4,17.1,9.2,0.541,2.8,0.8,0.298,3.7,2.3,0.619,21.6,3.8,1.1,7.5,2.5,5.1,2.2,0.5766766339171294,0.5614035087719298,0.6059195432595843,2023-24
1627826,Ivica Zubac,1610612746,LAC,68,26.4,7.6,5.0,0.649,0.0,0.0,0.0,2.4,1.8,0.723,11.7,1.4,1.2,9.2,2.9,6.3,2.7,0.6758317929759705,0.6578947368421053,21.0,2.2,0.6,0.3,0.583,0.0,0.0,0.0,0.2,0.2,1.0,0.9,0.1,0.0,0.8,0.4,0.4,1.0,0.6540697674418605,0.5,6.0,32.0,11.7,7.0,0.6,0.0,0.0,0.0,3.3,2.2,0.65,16.2,1.0,1.3,9.3,3.0,6.3,-1.3,0.6158759124087592,0.5982905982905983,0.6464945810220614,2023-24
1627827,Dorian Finney-Smith,1610612751,BKN,68,28.4,7.5,3.2,0.421,4.9,1.7,0.348,0.7,0.5,0.717,8.5,1.6,0.9,4.7,1.6,3.1,-1.6,0.5443135245901639,0.5399999999999999,28.0,3.9,1.1,0.5,0.433,0.7,0.3,0.368,0.1,0.0,0.25,1.2,0.0,0.2,0.7,0.3,0.4,-0.4,0.5244755244755244,0.5909090909090908,,,,,,,,,,,,,,,,,,,,,0.5457548578451153,2023-24
1627832,Fred VanVleet,1610612745,HOU,73,36.8,13.9,5.8,0.416,8.0,3.1,0.387,3.1,2.7,0.86,17.4,8.1,1.7,3.8,0.5,3.4,2.5,0.5699685534591195,0.5287769784172661,34.0,3.8,1.6,0.6,0.345,1.0,0.3,0.265,0.6,0.5,0.85,1.9,0.7,0.1,0.4,0.1,0.3,-1.0,0.5096566523605149,0.46875,,,,,,,,,,,,,,,,,,,,,0.5412714107594615,2023-24
1627863,Danuel House Jr.,1610612755,PHI,34,15.0,3.1,1.4,0.448,1.5,0.4,0.3,1.4,1.0,0.761,4.2,0.8,0.6,1.7,0.5,1.2,0.6,0.5651237890204521,0.5161290322580645,2.0,1.0,0.0,0.0,0.0,0.0,0.0,0.0,0.0,0.0,0.0,0.0,0.0,0.0,0.0,0.0,0.0,-5.0,,,,,,,,,,,,,,,,,,,,,,,0.18837459634015072,2023-24
1627884,Derrick Jones Jr.,1610612742,DAL,76,23.5,6.5,3.1,0.483,3.1,1.1,0.343,1.8,1.3,0.713,8.6,1.0,0.9,3.3,1.1,2.2,0.7,0.589687328579265,0.5615384615384615,18.0,1.5,0.4,0.2,0.5,0.1,0.0,0.0,0.2,0.2,1.0,0.6,0.0,0.0,0.3,0.1,0.2,-0.3,0.6147540983606556,0.5,22.0,29.4,7.3,3.5,0.481,3.0,1.1,0.369,1.4,1.0,0.733,9.1,1.2,0.8,3.5,1.5,2.0,2.0,0.5747852450732693,0.5547945205479452,0.5967457229062968,2023-24
1627936,Alex Caruso,1610612741,CHI,71,28.7,7.6,3.6,0.468,4.7,1.9,0.408,1.4,1.0,0.76,10.1,3.5,1.4,3.8,0.9,3.0,0.1,0.6146543330087634,0.5986842105263158,35.0,4.8,0.9,0.5,0.485,0.6,0.3,0.476,0.4,0.3,0.786,1.5,0.4,0.3,1.0,0.1,0.9,2.3,0.6970260223048327,0.7222222222222222,,,,,,,,,,,,,,,,,,,,,0.6814108978010759,2023-24
1628365,Markelle Fultz,1610612753,ORL,43,21.2,7.6,3.6,0.472,0.4,0.1,0.222,0.8,0.5,0.697,7.8,2.8,1.2,3.2,1.3,1.9,0.3,0.49044265593561365,0.48026315789473684,7.0,2.9,1.0,0.6,0.571,0.0,0.0,0.0,0.0,0.0,0.0,1.1,0.7,0.3,0.6,0.3,0.3,-1.1,0.55,0.6,7.0,15.1,4.9,2.9,0.588,0.1,0.0,0.0,1.3,0.7,0.556,6.4,1.1,1.1,2.0,1.0,1.0,4.6,0.5847953216374269,0.5918367346938775,0.5706293315430931,2023-24
1628368,De'Aaron Fox,1610612758,SAC,74,35.9,20.9,9.7,0.465,7.8,2.9,0.369,5.7,4.2,0.738,26.6,5.6,2.6,4.6,0.9,3.7,3.1,0.5681818181818182,0.5334928229665071,35.0,4.0,3.1,1.3,0.439,0.9,0.2,0.219,0.9,0.6,0.677,3.5,0.5,0.4,0.3,0.1,0.3,-0.1,0.5005720823798627,0.4516129032258065,,,,,,,,,,,,,,,,,,,,,0.5379411968649723,2023-24
1628369,Jayson Tatum,1610612738,BOS,74,35.7,19.3,9.1,0.471,8.2,3.1,0.376,6.7,5.6,0.833,26.9,4.9,2.5,8.1,0.9,7.2,8.2,0.6045487234807623,0.5518134715025906,29.0,3.8,2.1,0.8,0.361,0.6,0.2,0.333,1.4,1.1,0.825,2.9,0.5,0.2,0.9,0.2,0.7,1.8,0.5338733431516937,0.42857142857142855,19.0,40.4,19.6,8.4,0.427,7.3,2.1,0.283,7.2,6.2,0.861,25.0,6.3,2.6,9.7,0.9,8.8,7.7,0.5490161630358398,0.48214285714285715,0.5641048121635917,2023-24
1628370,Malik Monk,1610612758,SAC,72,26.0,12.4,5.5,0.443,5.9,2.1,0.35,2.8,2.4,0.829,15.4,5.1,2.1,2.9,0.4,2.6,0.1,0.5648474178403756,0.5282258064516129,28.0,4.4,2.1,1.1,0.517,1.0,0.4,0.357,1.3,0.9,0.743,3.5,0.6,0.3,0.6,0.0,0.6,0.9,0.6549401197604791,0.6190476190476191,,,,,,,,,,,,,,,,,,,,,0.6418447029900466,2023-24
1628371,Jonathan Isaac,1610612753,ORL,58,15.8,4.9,2.5,0.51,1.9,0.7,0.375,1.4,1.0,0.72,6.8,0.5,0.5,4.5,1.3,3.2,3.1,0.6163886874546772,0.5816326530612245,15.0,2.5,0.6,0.3,0.444,0.1,0.0,0.0,0.4,0.3,0.833,0.9,0.1,0.0,1.2,0.5,0.7,-0.7,0.5798969072164949,0.5,7.0,21.0,5.6,2.3,0.41,3.9,1.4,0.37,0.3,0.3,1.0,6.3,0.4,0.6,4.9,1.4,3.4,0.9,0.5495464061409631,0.5357142857142857,0.583048518008444,2023-24
1628372,Dennis Smith Jr.,1610612751,BKN,56,18.9,6.0,2.6,0.435,1.9,0.6,0.294,1.0,0.8,0.741,6.6,3.6,1.2,2.9,0.9,2.0,-0.6,0.5124223602484471,0.48333333333333334,14.0,2.4,0.6,0.1,0.25,0.1,0.0,0.0,0.2,0.1,0.667,0.4,0.6,0.1,0.4,0.1,0.4,-1.6,0.29069767441860467,0.16666666666666669,,,,,,,,,,,,,,,,,,,,,0.3746059030268855,2023-24
1628374,Lauri Markkanen,1610612762,UTA,55,33.1,16.2,7.8,0.48,8.0,3.2,0.399,5.0,4.5,0.899,23.2,2.0,1.4,8.2,2.2,5.9,0.4,0.6304347826086957,0.5802469135802469,22.0,3.8,1.4,0.7,0.484,0.8,0.3,0.389,0.8,0.6,0.824,2.3,0.2,0.2,1.0,0.3,0.6,0.0,0.6563926940639269,0.6071428571428572,,,,,,,,,,,,,,,,,,,,,0.6563820322202917,2023-24
1628378,Donovan Mitchell,1610612739,CLE,55,35.3,19.8,9.1,0.462,9.0,3.3,0.368,5.8,5.0,0.865,26.6,6.1,2.8,5.1,0.8,4.3,5.9,0.5950250536864711,0.5429292929292929,27.0,3.2,2.0,0.9,0.418,0.9,0.4,0.435,1.0,0.9,0.889,3.0,0.3,0.3,0.4,0.1,0.3,0.7,0.6147540983606558,0.55,10.0,38.2,22.5,10.7,0.476,8.2,2.9,0.354,6.5,5.3,0.815,29.6,4.7,2.8,5.4,0.6,4.8,0.0,0.583596214511041,0.5399999999999999,0.6059879924239843,2023-24
1628379,Luke Kennard,1610612763,MEM,39,25.6,8.1,3.6,0.448,6.1,2.7,0.45,1.2,1.0,0.889,11.0,3.5,1.4,2.9,0.3,2.6,-4.8,0.6374594343996292,0.6111111111111112,14.0,3.1,0.8,0.3,0.364,0.5,0.1,0.286,0.6,0.6,1.0,1.3,0.0,0.1,0.4,0.0,0.4,-0.6,0.6109022556390977,0.43749999999999994,,,,,,,,,,,,,,,,,,,,,0.629631191767932,2023-24
1628380,Zach Collins,1610612759,SAS,69,22.1,8.9,4.3,0.484,2.6,0.8,0.32,2.3,1.8,0.753,11.2,2.8,1.9,5.4,1.7,3.7,-5.7,0.5649717514124293,0.5280898876404494,23.0,2.3,0.6,0.3,0.538,0.1,0.0,0.0,0.5,0.3,0.5,0.9,0.2,0.2,0.3,0.1,0.1,-1.3,0.5487804878048781,0.5,,,,,,,,,,,,,,,,,,,,,0.5609191487070122,2023-24
1628381,John Collins,1610612762,UTA,68,28.0,11.0,5.8,0.532,3.4,1.3,0.371,2.7,2.2,0.795,15.1,1.1,1.4,8.5,2.3,6.1,-4.5,0.6194617656711519,0.5863636363636364,22.0,3.6,1.0,0.5,0.571,0.2,0.1,0.75,0.5,0.5,0.833,1.7,0.0,0.1,0.8,0.2,0.5,-0.4,0.6967213114754098,0.55,,,,,,,,,,,,,,,,,,,,,0.6800590386307399,2023-24
1628384,OG Anunoby,1610612752,NYK,50,34.0,11.5,5.6,0.489,5.3,2.0,0.382,1.8,1.3,0.753,14.7,2.1,1.6,4.2,0.9,3.2,7.8,0.5979498861047836,0.5739130434782609,23.0,3.2,0.6,0.2,0.385,0.3,0.1,0.375,0.3,0.3,0.857,0.8,0.2,0.0,0.3,0.1,0.2,-0.6,0.546448087431694,0.4166666666666667,9.0,36.0,12.3,6.2,0.505,4.3,1.8,0.41,1.4,0.9,0.615,15.1,1.1,1.1,6.0,0.8,5.2,0.3,0.5845462991638278,0.5772357723577236,0.5792982177138366,2023-24
1628386,Jarrett Allen,1610612739,CLE,77,31.7,10.6,6.7,0.634,0.1,0.0,0.0,4.1,3.0,0.742,16.5,2.7,1.6,10.5,3.2,7.4,2.6,0.6651080296678491,0.6320754716981133,35.0,3.4,0.6,0.5,0.8,0.0,0.0,0.0,0.5,0.4,0.765,1.3,0.2,0.2,1.1,0.3,0.9,-0.3,0.7926829268292683,0.8333333333333334,4.0,31.7,9.3,6.3,0.676,0.0,0.0,0.0,6.5,4.5,0.692,17.0,1.3,1.3,13.8,3.8,10.0,-2.0,0.6990131578947368,0.6774193548387096,0.7302459368597226,2023-24
1628389,Bam Adebayo,1610612748,MIA,71,34.0,14.3,7.5,0.521,0.6,0.2,0.357,5.5,4.1,0.755,19.3,3.9,2.3,10.4,2.2,8.1,0.7,0.577153110047847,0.5314685314685315,37.0,3.5,1.1,0.4,0.375,0.1,0.0,0.5,0.4,0.4,0.813,1.2,0.2,0.2,0.7,0.2,0.5,-1.2,0.47021943573667707,0.36363636363636365,5.0,38.5,19.4,9.6,0.495,2.0,0.4,0.2,4.2,3.0,0.714,22.6,3.8,1.6,9.4,2.2,7.2,-7.2,0.5318147590361447,0.5051546391752577,0.5265316841300423,2023-24
1628392,Isaiah Hartenstein,1610612752,NYK,75,25.3,4.9,3.1,0.644,0.0,0.0,0.333,2.1,1.5,0.707,7.8,2.5,1.2,8.3,3.3,5.1,5.4,0.6696428571428571,0.6326530612244897,24.0,2.3,0.3,0.2,0.625,0.0,0.0,0.0,0.0,0.0,0.0,0.4,0.1,0.0,0.5,0.3,0.2,1.9,0.6666666666666667,0.6666666666666667,13.0,29.8,5.8,3.5,0.592,0.2,0.1,0.5,1.7,1.5,0.864,8.5,3.5,1.5,7.8,3.8,4.1,-5.5,0.6490531459987783,0.6120689655172413,0.6644783870570966,2023-24
1628398,Kyle Kuzma,1610612764,WAS,70,32.6,18.8,8.7,0.463,6.4,2.2,0.336,3.4,2.7,0.775,22.2,4.2,2.7,6.6,0.9,5.7,-8.0,0.5469057942451715,0.5212765957446808,30.0,3.1,2.1,0.8,0.375,0.7,0.2,0.238,0.3,0.2,0.778,2.0,0.1,0.2,0.6,0.3,0.4,-3.7,0.4480286738351254,0.42857142857142855,,,,,,,,,,,,,,,,,,,,,0.49215792673717074,2023-24
1628401,Derrick White,1610612738,BOS,73,32.6,11.5,5.3,0.461,6.8,2.7,0.396,2.1,1.9,0.901,15.2,5.2,1.5,4.2,0.7,3.5,8.5,0.6117192530585963,0.5782608695652174,29.0,3.6,1.0,0.6,0.533,0.8,0.4,0.522,0.3,0.3,1.0,1.9,0.3,0.1,0.6,0.1,0.6,2.6,0.8392226148409893,0.8,19.0,35.6,12.7,5.7,0.452,8.5,3.4,0.404,2.0,1.8,0.921,16.7,4.1,0.8,4.3,1.0,3.3,3.5,0.6148748159057437,0.5826771653543308,0.6978271405827912,2023-24
1628404,Josh Hart,1610612752,NYK,81,33.4,8.4,3.6,0.434,3.2,1.0,0.31,1.4,1.1,0.791,9.4,4.1,1.5,8.3,1.6,6.8,4.3,0.5212954747116239,0.488095238095238,26.0,3.0,0.5,0.3,0.643,0.2,0.1,0.5,0.5,0.3,0.667,1.1,0.2,0.1,1.0,0.3,0.7,1.6,0.763888888888889,0.7,13.0,42.1,11.5,5.1,0.44,4.5,1.7,0.373,3.7,2.7,0.729,14.5,4.5,2.6,11.5,2.8,8.7,-3.5,0.5522547227300426,0.517391304347826,0.6235919510649274,2023-24
1628415,Dillon Brooks,1610612745,HOU,72,30.9,10.7,4.6,0.428,5.1,1.8,0.359,2.0,1.7,0.844,12.7,1.7,1.2,3.4,0.7,2.7,-0.3,0.5483592400690845,0.5140186915887851,33.0,3.3,1.2,0.6,0.488,0.8,0.4,0.48,0.1,0.0,0.5,1.6,0.2,0.0,0.4,0.1,0.4,-1.4,0.6430868167202572,0.6666666666666667,,,,,,,,,,,,,,,,,,,,,0.622725911106513,2023-24
1628418,Thomas Bryant,1610612748,MIA,38,11.6,3.9,2.3,0.577,0.6,0.1,0.182,1.2,1.1,0.872,5.7,0.6,0.6,3.7,1.1,2.7,0.3,0.6436314363143631,0.6025641025641025,,,,,,,,,,,,,,,,,,,,,2.0,8.9,3.5,2.5,0.714,1.0,0.0,0.0,1.5,1.0,0.667,6.0,0.5,1.0,2.5,1.0,1.5,-2.0,0.7211538461538461,0.7142857142857143,0.7017732436939754,2023-24
1628420,Monté Morris,1610612750,MIN,33,14.4,4.6,1.9,0.405,2.1,0.8,0.386,0.6,0.4,0.684,5.0,2.1,0.2,1.7,0.2,1.5,2.6,0.5139802631578948,0.5,3.0,0.9,0.0,0.0,0.0,0.0,0.0,0.0,0.0,0.0,0.0,0.0,0.0,0.0,0.0,0.0,0.0,-3.0,,,9.0,7.4,3.3,1.0,0.3,1.6,0.1,0.071,0.2,0.2,1.0,2.3,1.0,0.0,0.7,0.1,0.6,0.2,0.3394332939787485,0.31818181818181823,0.2553800241823567,2023-24
1628424,Kobi Simmons,1610612761,TOR,4,16.9,5.3,2.3,0.429,2.0,0.5,0.25,0.0,0.0,0.0,5.0,3.0,0.3,1.8,0.3,1.5,-7.8,0.4716981132075472,0.4811320754716981,,,,,,,,,,,,,,,,,,,,,,,,,,,,,,,,,,,,,,,,,0.4716981132075472,2023-24
1628426,Sasha Vezenkov,1610612758,SAC,42,12.2,4.5,2.0,0.44,2.9,1.1,0.375,0.4,0.3,0.8,5.4,0.5,0.3,2.3,0.7,1.6,0.0,0.5774165953806673,0.5666666666666667,3.0,2.2,1.0,0.0,0.0,0.7,0.0,0.0,0.0,0.0,0.0,0.0,0.0,0.0,0.3,0.3,0.0,0.7,0.0,0.0,,,,,,,,,,,,,,,,,,,,,0.21469442067750638,2023-24
1628436,Luke Kornet,1610612738,BOS,63,15.6,3.2,2.3,0.7,0.0,0.0,1.0,0.9,0.8,0.907,5.3,1.1,0.3,4.1,1.9,2.3,3.5,0.7369299221357063,0.7187499999999999,7.0,0.9,0.3,0.1,0.5,0.0,0.0,0.0,0.0,0.0,0.0,0.3,0.0,0.0,0.0,0.0,0.0,0.1,0.5,0.33333333333333337,13.0,10.2,1.6,1.1,0.667,0.0,0.0,0.0,1.0,0.8,0.846,3.0,0.5,0.5,3.2,1.5,1.7,-1.3,0.7352941176470588,0.6875,0.6665103791765508,2023-24
1628449,Chris Boucher,1610612761,TOR,50,14.1,4.3,2.2,0.507,1.9,0.6,0.33,1.8,1.4,0.772,6.4,0.5,0.6,4.1,1.2,2.9,0.6,0.6284367635506678,0.5813953488372093,6.0,3.1,0.5,0.5,1.0,0.0,0.0,0.0,1.0,0.8,0.833,1.8,0.0,0.0,1.5,0.5,1.0,-1.3,0.9574468085106383,1.0,,,,,,,,,,,,,,,,,,,,,0.8594047004980216,2023-24
1628464,Daniel Theis,1610612746,LAC,60,16.9,4.9,2.6,0.532,1.2,0.4,0.366,0.8,0.6,0.76,6.3,1.0,0.7,4.1,1.4,2.7,1.0,0.5997715156130997,0.5714285714285714,7.0,2.9,0.3,0.1,0.5,0.1,0.0,0.0,0.0,0.0,0.0,0.3,0.0,0.1,0.7,0.0,0.7,-1.4,0.5,0.33333333333333337,1.0,4.4,1.0,1.0,1.0,1.0,1.0,1.0,0.0,0.0,0.0,3.0,0.0,0.0,1.0,0.0,1.0,2.0,1.5,1.5,1.022751034913859,2023-24
1628467,Maxi Kleber,1610612742,DAL,43,20.3,3.4,1.5,0.432,2.1,0.7,0.348,1.1,0.8,0.702,4.4,1.6,0.7,3.3,0.7,2.6,2.9,0.5664263645726056,0.5441176470588236,15.0,2.5,0.5,0.1,0.286,0.3,0.0,0.0,0.1,0.1,1.0,0.4,0.5,0.0,0.4,0.1,0.3,1.9,0.3676470588235294,0.2,13.0,16.8,3.0,1.2,0.41,2.2,0.9,0.429,0.5,0.3,0.667,3.7,1.0,0.4,1.9,0.3,1.6,1.0,0.5745341614906833,0.5499999999999999,0.518926376797235,2023-24
1628470,Torrey Craig,1610612741,CHI,53,19.8,4.7,2.0,0.43,2.9,1.1,0.392,0.7,0.5,0.75,5.7,1.1,0.6,4.1,1.3,2.8,-3.4,0.5690894568690096,0.5425531914893617,18.0,1.8,0.3,0.2,0.667,0.2,0.2,1.0,0.1,0.1,0.5,0.7,0.1,0.0,0.4,0.1,0.4,0.2,1.0174418604651163,1.0000000000000002,,,,,,,,,,,,,,,,,,,,,0.8743740379884603,2023-24
1628960,Grayson Allen,1610612756,PHX,75,33.5,9.1,4.5,0.499,5.9,2.7,0.461,2.0,1.7,0.878,13.5,3.0,1.3,3.9,0.6,3.3,3.5,0.6763527054108216,0.6428571428571428,36.0,3.4,0.5,0.1,0.235,0.4,0.1,0.231,0.3,0.3,0.9,0.6,0.2,0.1,0.3,0.1,0.2,-0.2,0.47468354430379744,0.30000000000000004,2.0,21.3,2.5,0.5,0.2,2.5,0.5,0.2,2.0,2.0,1.0,3.5,1.0,1.5,4.0,1.0,3.0,-1.5,0.5177514792899408,0.3,0.5353235441419416,2023-24
1628963,Marvin Bagley III,1610612764,WAS,50,21.1,8.2,4.8,0.586,0.5,0.2,0.391,2.5,1.9,0.762,11.7,1.1,1.2,6.2,2.6,3.6,-2.7,0.6290322580645161,0.5975609756097561,11.0,2.7,0.5,0.4,0.667,0.0,0.0,0.0,0.3,0.3,1.0,1.0,0.1,0.2,1.2,0.5,0.7,-4.3,0.7911392405063291,0.8,,,,,,,,,,,,,,,,,,,,,0.7432011406672575,2023-24
1628964,Mo Bamba,1610612755,PHI,57,13.0,3.5,1.7,0.49,1.1,0.4,0.391,0.9,0.6,0.68,4.4,0.7,0.7,4.2,1.4,2.8,-0.8,0.564681724845996,0.5428571428571428,8.0,2.9,0.5,0.5,1.0,0.0,0.0,0.0,0.3,0.1,0.5,1.1,0.1,0.0,0.8,0.4,0.4,-0.6,0.8702531645569621,1.0,,,,,,,,,,,,,,,,,,,,,0.7826817322682728,2023-24
1628966,Keita Bates-Diop,1610612751,BKN,53,12.5,3.1,1.4,0.434,1.3,0.4,0.304,0.8,0.6,0.762,3.7,0.7,0.3,2.1,0.6,1.5,-1.0,0.5359212050984936,0.5161290322580645,11.0,2.3,0.6,0.3,0.429,0.5,0.2,0.4,0.0,0.0,0.0,0.7,0.2,0.0,0.4,0.1,0.3,-1.4,0.5833333333333334,0.6666666666666667,,,,,,,,,,,,,,,,,,,,,0.5868841292918207,2023-24
1628969,Mikal Bridges,1610612751,BKN,82,34.8,15.8,6.9,0.436,7.2,2.7,0.372,3.9,3.1,0.814,19.6,3.6,2.0,4.5,0.8,3.7,-2.3,0.5594884676866865,0.5221518987341772,32.0,4.6,2.5,1.2,0.494,0.6,0.2,0.316,1.3,0.9,0.75,3.6,0.3,0.1,0.5,0.2,0.3,-0.9,0.5859375,0.52,,,,,,,,,,,,,,,,,,,,,0.5929439407046873,2023-24
1628970,Miles Bridges,1610612766,CHA,69,37.4,17.5,8.1,0.462,6.5,2.3,0.349,3.1,2.5,0.825,21.0,3.3,2.0,7.3,1.0,6.3,-9.2,0.5566157760814249,0.5285714285714286,25.0,3.6,1.3,0.6,0.5,0.7,0.2,0.294,0.6,0.5,0.857,2.0,0.1,0.2,0.7,0.1,0.6,-0.8,0.639386189258312,0.5384615384615384,,,,,,,,,,,,,,,,,,,,,0.6192246229608299,2023-24
1628971,Bruce Brown,1610612761,TOR,67,27.8,8.7,4.1,0.478,2.4,0.8,0.323,2.1,1.7,0.824,10.8,2.9,1.3,4.2,0.8,3.4,-3.4,0.5610972568578555,0.5172413793103449,21.0,3.4,1.0,0.5,0.455,0.3,0.0,0.143,0.5,0.5,0.909,1.5,0.1,0.1,0.6,0.1,0.5,0.9,0.6147540983606558,0.5,,,,,,,,,,,,,,,,,,,,,0.608362737398631,2023-24
1628972,Troy Brown Jr.,1610612765,DET,59,14.0,3.8,1.4,0.372,2.4,0.8,0.333,0.6,0.5,0.865,4.2,1.0,0.5,2.4,0.4,2.0,-2.2,0.5167322834645669,0.47368421052631576,5.0,3.0,1.2,0.6,0.5,0.6,0.4,0.667,1.2,0.8,0.667,2.4,0.0,0.0,0.8,0.2,0.6,-0.8,0.6944444444444444,0.6666666666666667,,,,,,,,,,,,,,,,,,,,,0.6667860048112627,2023-24
1628973,Jalen Brunson,1610612752,NYK,77,35.4,21.4,10.3,0.479,6.8,2.7,0.401,6.5,5.5,0.847,28.7,6.7,2.4,3.6,0.6,3.1,6.6,0.5915086562242374,0.5443925233644861,30.0,3.4,2.8,1.2,0.424,0.9,0.2,0.222,1.2,0.9,0.757,3.5,0.7,0.2,0.4,0.1,0.3,2.0,0.5258413461538461,0.46428571428571436,13.0,39.8,26.2,11.6,0.444,6.5,2.0,0.31,9.2,7.2,0.775,32.4,7.5,2.7,3.3,0.6,2.7,0.9,0.5355725998413119,0.48091603053435117,0.5547356368248989,2023-24
1628975,Jevon Carter,1610612741,CHI,72,13.9,5.1,1.9,0.378,3.3,1.1,0.329,0.1,0.1,0.571,5.0,1.3,0.5,0.8,0.2,0.7,0.4,0.48600311041990674,0.48039215686274517,4.0,2.1,0.5,0.3,0.5,0.0,0.0,0.0,0.0,0.0,0.0,0.5,0.5,0.0,0.5,0.0,0.5,2.5,0.5,0.6,,,,,,,,,,,,,,,,,,,,,0.505138291706674,2023-24
1628976,Wendell Carter Jr.,1610612753,ORL,55,25.6,7.7,4.1,0.525,3.1,1.2,0.374,2.4,1.7,0.694,11.0,1.7,1.2,6.9,2.0,4.9,0.9,0.6281407035175879,0.6103896103896103,14.0,3.2,0.6,0.1,0.125,0.1,0.0,0.0,0.7,0.5,0.7,0.6,0.2,0.1,1.2,0.4,0.8,0.6,0.3303964757709251,0.16666666666666669,7.0,26.4,6.7,2.7,0.404,3.6,1.0,0.28,1.6,1.1,0.727,7.6,1.3,0.7,6.3,1.3,5.0,3.1,0.5132360886007563,0.47761194029850745,0.4792325279348137,2023-24
1628978,Donte DiVincenzo,1610612752,NYK,81,29.1,12.4,5.5,0.443,8.7,3.5,0.401,1.4,1.1,0.754,15.5,2.7,1.4,3.7,0.8,2.9,2.0,0.5954210202827289,0.5846774193548387,25.0,2.7,1.0,0.3,0.308,0.8,0.2,0.286,0.3,0.2,0.625,1.1,0.1,0.2,0.5,0.1,0.4,0.1,0.48586572438162545,0.4,13.0,35.8,14.7,6.2,0.419,8.2,3.5,0.425,2.3,2.0,0.867,17.8,2.6,1.2,4.0,1.0,3.0,-4.5,0.5664460285132383,0.5408163265306123,0.552479608559331,2023-24
1628981,Bruno Fernando,1610612737,ATL,45,15.2,4.2,2.4,0.583,0.1,0.0,0.0,2.1,1.4,0.667,6.3,1.0,1.0,4.3,1.3,3.0,-2.1,0.6147540983606556,0.5714285714285714,5.0,2.1,0.8,0.2,0.25,0.0,0.0,0.0,0.8,0.4,0.5,0.8,0.0,0.2,0.2,0.0,0.2,-2.0,0.3472222222222222,0.25,,,,,,,,,,,,,,,,,,,,,0.4554471333114506,2023-24
1628983,Shai Gilgeous-Alexander,1610612760,OKC,75,34.0,19.8,10.6,0.535,3.6,1.3,0.353,8.7,7.6,0.874,30.1,6.2,2.2,5.5,0.9,4.7,8.2,0.6369561537159303,0.5681818181818181,34.0,3.2,1.8,1.1,0.581,0.4,0.1,0.357,1.1,1.0,0.897,3.3,0.6,0.2,0.6,0.1,0.4,2.0,0.722416812609457,0.638888888888889,10.0,39.9,22.4,11.1,0.496,3.7,1.6,0.432,8.1,6.4,0.79,30.2,6.4,2.2,7.2,0.8,6.4,5.6,0.5815744877522724,0.53125,0.6468431161223935,2023-24
1628984,Devonte' Graham,1610612759,SAS,23,13.6,4.7,1.7,0.352,3.6,1.1,0.301,0.7,0.6,0.813,5.0,2.1,0.7,1.6,0.2,1.3,1.0,0.4992012779552716,0.4787234042553191,3.0,7.4,3.3,1.3,0.4,2.3,0.3,0.143,1.0,1.0,1.0,4.0,1.0,0.3,0.3,0.0,0.3,-1.7,0.5347593582887701,0.4393939393939394,,,,,,,,,,,,,,,,,,,,,0.5931194307867785,2023-24
1628988,Aaron Holiday,1610612745,HOU,78,16.3,5.3,2.4,0.446,2.8,1.1,0.387,0.8,0.7,0.921,6.6,1.8,0.7,1.6,0.3,1.3,1.1,0.583864118895966,0.5566037735849058,19.0,1.3,0.3,0.0,0.0,0.2,0.0,0.0,0.4,0.3,0.857,0.3,0.1,0.1,0.2,0.1,0.1,-2.0,0.31512605042016806,0.0,,,,,,,,,,,,,,,,,,,,,0.41036578393619,2023-24
1628989,Kevin Huerter,1610612758,SAC,64,24.4,8.8,3.9,0.443,5.3,1.9,0.361,0.7,0.6,0.766,10.2,2.6,0.8,3.5,0.6,2.9,1.2,0.5599472990777338,0.5511363636363635,19.0,3.6,1.0,0.5,0.474,0.7,0.3,0.429,0.3,0.2,0.5,1.4,0.3,0.1,1.1,0.1,0.9,2.0,0.6183745583038868,0.65,,,,,,,,,,,,,,,,,,,,,0.6102624415908474,2023-24
1628991,Jaren Jackson Jr.,1610612763,MEM,66,32.2,17.6,7.8,0.444,5.5,1.8,0.32,6.3,5.1,0.808,22.5,2.3,2.4,5.5,1.3,4.2,-5.2,0.5522285489888081,0.4943181818181817,30.0,3.2,2.0,0.9,0.441,0.3,0.0,0.125,0.8,0.8,0.92,2.5,0.1,0.3,0.8,0.3,0.5,0.0,0.5314625850340137,0.45,,,,,,,,,,,,,,,,,,,,,0.5497482093819359,2023-24
1628995,Kevin Knox II,1610612765,DET,31,18.1,6.0,2.8,0.462,3.0,1.0,0.33,0.7,0.6,0.909,7.2,0.7,0.7,2.4,0.6,1.8,-2.7,0.570703868103995,0.5499999999999999,5.0,2.1,0.6,0.2,0.333,0.2,0.0,0.0,0.0,0.0,0.0,0.4,0.2,0.0,0.6,0.2,0.4,-2.4,0.33333333333333337,0.33333333333333337,,,,,,,,,,,,,,,,,,,,,0.4224568449218873,2023-24
1628997,Caleb Martin,1610612748,MIA,64,27.4,8.7,3.8,0.431,3.6,1.3,0.349,1.5,1.2,0.778,10.0,2.2,1.2,4.4,1.2,3.2,1.0,0.5341880341880342,0.5114942528735633,29.0,3.1,0.6,0.3,0.471,0.2,0.0,0.143,0.2,0.1,0.6,0.7,0.0,0.1,0.4,0.2,0.2,-1.3,0.5087209302325582,0.5,5.0,35.1,9.0,4.2,0.467,5.0,2.2,0.44,1.0,1.0,1.0,11.6,1.4,0.6,3.6,1.0,2.6,-11.8,0.614406779661017,0.588888888888889,0.5727049239960454,2023-24
1628998,Cody Martin,1610612766,CHA,28,26.9,7.7,2.9,0.381,3.1,1.0,0.314,1.2,0.7,0.606,7.5,3.7,1.6,3.9,0.7,3.2,-5.6,0.4557608167233836,0.44155844155844154,9.0,2.1,0.3,0.1,0.333,0.1,0.0,0.0,0.4,0.3,0.75,0.6,0.2,0.1,0.2,0.0,0.2,-0.2,0.6302521008403361,0.33333333333333337,,,,,,,,,,,,,,,,,,,,,0.5759844433636165,2023-24
1629001,De'Anthony Melton,1610612755,PHI,38,26.9,9.5,3.7,0.386,5.6,2.0,0.36,2.1,1.7,0.835,11.1,3.0,1.0,3.7,0.7,3.0,5.7,0.5324251726784344,0.4947368421052632,11.0,2.9,1.0,0.5,0.455,0.6,0.2,0.286,0.7,0.6,0.875,1.7,0.2,0.0,0.4,0.3,0.1,-0.8,0.6498470948012232,0.6,1.0,7.2,2.0,0.0,0.0,2.0,0.0,0.0,0.0,0.0,0.0,0.0,1.0,0.0,1.0,0.0,1.0,-1.0,0.0,0.0,0.3158795428351791,2023-24
1629002,Chimezie Metu,1610612765,DET,51,16.8,4.8,2.4,0.504,1.8,0.5,0.298,1.3,1.1,0.906,6.5,0.9,1.0,3.8,0.8,3.0,-2.1,0.6049888309754281,0.5520833333333334,4.0,2.1,0.3,0.0,0.0,0.3,0.0,0.0,0.0,0.0,0.0,0.0,0.0,0.3,0.5,0.0,0.5,-3.0,0.0,0.0,,,,,,,,,,,,,,,,,,,,,0.20791294365717394,2023-24
1629003,Shake Milton,1610612752,NYK,48,12.1,4.1,1.6,0.405,1.3,0.4,0.281,1.0,0.8,0.816,4.5,1.3,0.6,1.6,0.3,1.3,-1.0,0.4955947136563877,0.4390243902439025,2.0,0.5,0.0,0.0,0.0,0.0,0.0,0.0,0.0,0.0,0.0,0.0,0.0,0.0,0.0,0.0,0.0,-0.5,,,4.0,5.5,1.5,0.0,0.0,0.5,0.0,0.0,1.5,1.3,0.833,1.3,0.5,0.0,0.3,0.0,0.3,2.8,0.30092592592592593,0.0,0.23306208190569425,2023-24
1629004,Svi Mykhailiuk,1610612738,BOS,41,10.1,3.3,1.4,0.416,2.6,1.0,0.389,0.2,0.1,0.667,4.0,0.9,0.3,1.2,0.3,1.0,3.6,0.5903187721369539,0.5757575757575758,1.0,2.0,1.0,0.0,0.0,1.0,0.0,0.0,0.0,0.0,0.0,0.0,0.0,0.0,0.0,0.0,0.0,-3.0,0.0,0.0,8.0,4.0,1.5,0.4,0.25,1.1,0.3,0.222,0.0,0.0,0.0,1.0,0.1,0.3,0.6,0.1,0.5,-1.1,0.3333333333333333,0.3666666666666667,0.2953561589833399,2023-24
1629006,Josh Okogie,1610612756,PHX,60,16.0,3.4,1.4,0.417,1.6,0.5,0.309,1.7,1.3,0.745,4.6,1.1,0.6,2.6,1.2,1.3,0.1,0.5544840887174542,0.4852941176470588,15.0,1.7,0.1,0.1,0.5,0.1,0.1,1.0,0.1,0.1,1.0,0.3,0.1,0.1,0.2,0.0,0.2,-1.5,1.0416666666666665,1.5000000000000002,4.0,7.3,2.3,1.3,0.556,0.8,0.3,0.333,1.5,0.8,0.5,3.5,0.5,0.5,1.0,0.0,1.0,1.3,0.5912162162162162,0.6304347826086957,0.7381855215862959,2023-24
1629007,Jontay Porter,1610612761,TOR,26,13.8,4.0,1.5,0.385,2.3,0.8,0.333,0.7,0.6,0.833,4.4,2.3,0.8,3.2,1.0,2.2,-2.8,0.5106778087279481,0.475,1.0,0.0,0.0,0.0,0.0,0.0,0.0,0.0,0.0,0.0,0.0,0.0,0.0,0.0,0.0,0.0,0.0,0.0,,,,,,,,,,,,,,,,,,,,,,,0.17022593624264937,2023-24
1629008,Michael Porter Jr.,1610612743,DEN,81,31.7,13.3,6.4,0.484,6.8,2.7,0.397,1.4,1.1,0.836,16.7,1.5,1.1,7.0,1.3,5.7,5.8,0.600028743891923,0.5827067669172932,39.0,3.2,0.6,0.3,0.542,0.4,0.2,0.429,0.2,0.1,0.714,0.9,0.1,0.0,0.4,0.1,0.3,2.5,0.6540697674418605,0.6666666666666667,12.0,36.9,12.2,5.7,0.466,6.8,2.8,0.407,2.2,1.7,0.769,15.8,1.1,1.5,6.8,0.7,6.2,-0.8,0.5999392466585662,0.5819672131147541,0.6225089479870399,2023-24
1629011,Mitchell Robinson,1610612752,NYK,31,24.8,4.1,2.4,0.575,0.0,0.0,0.0,2.1,0.9,0.409,5.6,0.6,0.8,8.5,4.6,3.9,0.4,0.5573248407643312,0.5853658536585367,9.0,3.6,0.3,0.1,0.333,0.0,0.0,0.0,1.6,0.8,0.5,1.0,0.0,0.1,1.4,0.9,0.6,1.1,0.49800796812749004,0.33333333333333337,6.0,19.1,2.3,1.2,0.5,0.0,0.0,0.0,1.3,0.5,0.375,2.8,0.5,0.5,6.8,3.8,3.0,5.0,0.4874651810584958,0.5217391304347826,0.5099397932014135,2023-24
1629012,Collin Sexton,1610612762,UTA,78,26.6,13.3,6.5,0.487,4.2,1.6,0.394,4.7,4.1,0.859,18.7,4.9,2.1,2.6,0.9,1.7,-1.8,0.6084070796460177,0.5488721804511277,23.0,3.1,1.1,0.4,0.385,0.4,0.2,0.4,0.7,0.7,0.941,1.7,0.4,0.1,0.3,0.1,0.2,0.3,0.6036931818181818,0.45454545454545453,,,,,,,,,,,,,,,,,,,,,0.6135351577852346,2023-24
1629013,Landry Shamet,1610612764,WAS,46,15.8,6.0,2.6,0.431,3.4,1.2,0.338,1.0,0.8,0.826,7.1,1.2,0.7,1.3,0.3,1.0,-3.2,0.5512422360248447,0.5333333333333333,13.0,0.8,0.5,0.2,0.5,0.3,0.2,0.5,0.1,0.0,0.0,0.6,0.1,0.0,0.2,0.1,0.1,-0.7,0.551470588235294,0.6000000000000001,,,,,,,,,,,,,,,,,,,,,0.5597278041637553,2023-24
1629014,Anfernee Simons,1610612757,POR,46,34.4,18.2,7.8,0.43,8.8,3.4,0.385,3.9,3.5,0.916,22.6,5.5,2.7,3.6,0.5,3.2,-7.2,0.5673830086362723,0.521978021978022,18.0,4.2,2.9,1.4,0.5,1.1,0.4,0.4,1.2,1.1,0.952,4.4,0.4,0.4,0.8,0.2,0.6,1.5,0.6417736289381564,0.5517241379310345,,,,,,,,,,,,,,,,,,,,,0.6329108214373855,2023-24
1629018,Gary Trent Jr.,1610612761,TOR,71,28.1,11.9,5.1,0.426,6.4,2.5,0.393,1.4,1.0,0.771,13.7,1.7,0.7,2.6,0.4,2.3,-2.7,0.5472994566954298,0.5336134453781513,29.0,2.8,0.9,0.4,0.407,0.5,0.2,0.4,0.2,0.1,0.5,1.1,0.2,0.0,0.1,0.0,0.1,-0.6,0.5566801619433199,0.5555555555555556,,,,,,,,,,,,,,,,,,,,,0.5611162854034717,2023-24
1629020,Jarred Vanderbilt,1610612747,LAL,29,20.0,3.9,2.0,0.518,0.9,0.3,0.296,1.2,0.8,0.667,5.2,1.2,1.0,4.8,1.4,3.3,1.5,0.5871725383920506,0.5512820512820513,5.0,3.7,0.4,0.0,0.0,0.0,0.0,0.0,0.0,0.0,0.0,0.0,0.4,0.2,0.4,0.2,0.2,-1.0,0.0,0.0,,,,,,,,,,,,,,,,,,,,,0.20598058971779729,2023-24
1629021,Moritz Wagner,1610612753,ORL,80,17.7,6.9,4.2,0.601,1.4,0.5,0.33,2.6,2.1,0.814,10.9,1.2,1.2,4.3,1.5,2.9,1.2,0.6775236200895077,0.644927536231884,16.0,1.7,0.4,0.3,0.667,0.0,0.0,0.0,0.0,0.0,0.0,0.5,0.1,0.1,0.3,0.1,0.1,-0.7,0.625,0.7499999999999999,7.0,15.0,5.1,2.3,0.444,1.3,0.3,0.222,2.4,1.4,0.588,6.3,0.3,1.1,4.4,1.6,2.9,4.9,0.5116959064327485,0.48039215686274506,0.582898991346394,2023-24
1629022,Lonnie Walker IV,1610612751,BKN,58,17.4,8.5,3.6,0.423,4.7,1.8,0.384,1.0,0.8,0.763,9.7,1.3,0.9,2.2,0.2,2.0,0.1,0.5425055928411633,0.5294117647058824,8.0,1.5,0.5,0.0,0.0,0.4,0.0,0.0,0.3,0.1,0.5,0.1,0.0,0.0,0.3,0.0,0.3,2.1,0.07911392405063292,0.0,,,,,,,,,,,,,,,,,,,,,0.23946016658796077,2023-24
1629023,P.J. Washington,1610612742,DAL,73,30.4,11.1,4.8,0.436,5.7,1.8,0.32,2.0,1.4,0.683,12.9,1.9,1.3,5.6,1.2,4.5,-1.8,0.5383973288814691,0.5135135135135136,31.0,2.9,1.0,0.4,0.367,0.4,0.1,0.273,0.3,0.2,0.75,1.0,0.2,0.0,0.5,0.1,0.5,0.2,0.4416961130742049,0.45,22.0,35.7,10.6,4.5,0.427,6.1,2.1,0.348,2.5,1.8,0.709,13.0,1.4,1.5,6.6,1.5,5.1,2.2,0.5555555555555556,0.5235849056603774,0.5237517126242882,2023-24
1629026,Kenrich Williams,1610612760,OKC,69,14.9,4.1,1.9,0.468,2.0,0.8,0.397,0.2,0.1,0.5,4.7,1.3,0.5,3.0,0.9,2.1,2.2,0.561127029608405,0.5609756097560976,14.0,1.7,0.4,0.1,0.4,0.1,0.0,0.0,0.0,0.0,0.0,0.3,0.0,0.0,0.5,0.3,0.2,-0.2,0.37499999999999994,0.25,7.0,4.5,1.1,0.3,0.25,0.7,0.0,0.0,0.0,0.0,0.0,0.6,0.4,0.0,1.1,0.1,1.0,-0.9,0.2727272727272727,0.2727272727272727,0.3646409055236332,2023-24
1629027,Trae Young,1610612737,ATL,54,36.0,18.7,8.0,0.43,8.7,3.2,0.373,7.5,6.4,0.855,25.7,10.8,4.4,2.8,0.4,2.3,-2.1,0.5840909090909091,0.5133689839572193,31.0,3.4,1.9,0.8,0.407,0.8,0.2,0.269,2.0,1.7,0.852,3.5,0.5,0.2,0.2,0.1,0.2,-1.8,0.6294964028776979,0.4736842105263158,,,,,,,,,,,,,,,,,,,,,0.6245216660890449,2023-24
1629028,Deandre Ayton,1610612757,POR,55,32.4,13.6,7.8,0.57,0.2,0.0,0.1,1.4,1.2,0.823,16.7,1.6,1.8,11.1,3.2,7.9,-5.8,0.5873663477771525,0.5735294117647058,26.0,4.2,1.3,0.7,0.486,0.0,0.0,0.0,0.3,0.3,0.875,1.6,0.2,0.2,2.1,0.8,1.3,0.8,0.558659217877095,0.5384615384615384,,,,,,,,,,,,,,,,,,,,,0.5777870847058232,2023-24
1629029,Luka Dončić,1610612742,DAL,70,37.5,23.6,11.5,0.487,10.6,4.1,0.382,8.7,6.8,0.786,33.9,9.8,4.0,9.2,0.8,8.4,4.6,0.6179816246171794,0.5741525423728814,28.0,3.4,1.6,0.8,0.457,0.8,0.3,0.409,0.9,0.7,0.76,2.5,0.9,0.2,0.7,0.0,0.7,2.3,0.62625250501002,0.59375,22.0,40.9,22.9,10.2,0.446,9.6,3.1,0.322,7.0,5.3,0.765,28.9,8.1,4.1,9.5,0.7,8.7,4.4,0.5561970746728253,0.5131004366812227,0.5966259707926111,2023-24
1629048,Goga Bitadze,1610612753,ORL,62,15.4,3.4,2.0,0.603,0.2,0.0,0.143,1.4,0.9,0.655,5.0,1.3,0.7,4.6,1.8,2.9,0.4,0.6225099601593626,0.5882352941176471,14.0,3.1,0.4,0.3,0.667,0.1,0.0,0.0,0.5,0.3,0.571,0.9,0.2,0.0,1.1,0.5,0.6,2.1,0.7258064516129032,0.7499999999999999,2.0,4.9,1.0,0.0,0.0,0.0,0.0,0.0,0.0,0.0,0.0,0.0,1.0,0.5,1.5,0.5,1.0,-4.0,0.0,0.0,0.3574518497764209,2023-24
1629052,Oshae Brissett,1610612738,BOS,55,11.5,2.8,1.2,0.444,1.0,0.3,0.273,1.5,0.9,0.602,3.7,0.8,0.4,2.9,1.1,1.8,2.1,0.5346820809248555,0.48214285714285715,3.0,0.8,0.0,0.0,0.0,0.0,0.0,0.0,0.0,0.0,0.0,0.0,0.0,0.0,0.7,0.3,0.3,-1.7,,,10.0,5.5,1.1,0.6,0.545,0.2,0.2,1.0,0.4,0.2,0.5,1.6,0.0,0.1,1.4,0.3,1.1,1.0,0.6269592476489029,0.6363636363636362,0.402593303978594,2023-24
1629057,Robert Williams III,1610612757,POR,6,19.8,4.3,2.8,0.654,0.0,0.0,0.0,1.5,1.2,0.778,6.8,0.8,1.2,6.3,1.8,4.5,-5.0,0.6854838709677419,0.6511627906976744,,,,,,,,,,,,,,,,,,,,,,,,,,,,,,,,,,,,,,,,,0.6854838709677419,2023-24
1629060,Rui Hachimura,1610612747,LAL,68,26.8,9.9,5.3,0.537,3.4,1.4,0.422,2.0,1.5,0.739,13.6,1.2,0.7,4.3,0.9,3.5,1.8,0.6307977736549164,0.6060606060606061,13.0,4.2,0.9,0.5,0.5,0.4,0.1,0.2,0.5,0.5,1.0,1.5,0.1,0.1,0.8,0.5,0.3,0.0,0.6696428571428571,0.6111111111111112,5.0,30.5,7.6,3.0,0.395,2.8,1.0,0.357,1.6,0.8,0.5,7.8,0.8,0.4,3.8,1.2,2.6,-4.8,0.46965317919075145,0.46052631578947373,0.5722647466754716,2023-24
1629111,Jock Landale,1610612745,HOU,56,13.6,3.7,1.9,0.515,0.7,0.2,0.25,1.2,0.9,0.8,4.9,1.2,0.6,3.1,1.6,1.5,2.9,0.5794701986754968,0.5405405405405405,5.0,1.9,0.4,0.0,0.0,0.0,0.0,0.0,0.0,0.0,0.0,0.0,0.0,0.0,0.2,0.2,0.0,-2.4,0.0,0.0,,,,,,,,,,,,,,,,,,,,,0.20396754369972123,2023-24
1629117,Wenyen Gabriel,1610612763,MEM,5,16.2,4.4,1.6,0.364,1.2,0.2,0.167,1.0,0.0,0.0,3.4,0.6,1.6,5.0,1.4,3.6,-3.2,0.35123966942148754,0.38636363636363635,,,,,,,,,,,,,,,,,,,,,,,,,,,,,,,,,,,,,,,,,0.35123966942148754,2023-24
1629130,Duncan Robinson,1610612748,MIA,68,28.0,9.9,4.5,0.45,7.0,2.8,0.395,1.3,1.2,0.889,12.9,2.8,1.4,2.5,0.2,2.3,0.6,0.6159281894576012,0.595959595959596,30.0,2.3,0.8,0.3,0.348,0.6,0.2,0.368,0.3,0.3,1.0,1.1,0.2,0.1,0.2,0.0,0.2,0.7,0.5901287553648069,0.5,5.0,11.9,3.2,1.0,0.313,2.6,0.6,0.231,0.0,0.0,0.0,2.6,1.2,1.0,1.0,0.0,1.0,-9.2,0.40625,0.40625,0.5105700914445277,2023-24
1629139,Yuta Watanabe,1610612763,MEM,34,13.7,3.4,1.2,0.353,2.5,0.7,0.294,0.5,0.3,0.588,3.4,0.4,0.6,1.6,0.3,1.3,-1.9,0.46961325966850825,0.4558823529411764,8.0,0.5,0.3,0.0,0.0,0.3,0.0,0.0,0.0,0.0,0.0,0.0,0.0,0.0,0.1,0.1,0.0,-1.1,0.0,0.0,,,,,,,,,,,,,,,,,,,,,0.16536128263200564,2023-24
1629162,Jordan McLaughlin,1610612750,MIN,56,11.2,2.6,1.3,0.483,1.6,0.8,0.472,0.3,0.2,0.722,3.5,2.0,0.3,1.3,0.3,1.0,2.8,0.6405563689604685,0.6538461538461539,3.0,0.9,0.0,0.0,0.0,0.0,0.0,0.0,0.0,0.0,0.0,0.0,0.0,0.0,0.0,0.0,0.0,0.3,,,6.0,5.0,1.5,0.3,0.222,0.8,0.0,0.0,0.3,0.0,0.0,0.7,0.3,0.3,0.7,0.0,0.7,2.8,0.21446078431372545,0.19999999999999998,0.2139897869836075,2023-24
1629216,Gabe Vincent,1610612747,LAL,11,19.8,4.5,1.4,0.306,2.5,0.3,0.107,0.2,0.1,0.5,3.1,1.9,0.5,0.8,0.4,0.5,2.8,0.33783783783783783,0.3444444444444444,3.0,4.8,0.7,0.0,0.0,0.7,0.0,0.0,0.0,0.0,0.0,0.0,0.0,0.0,0.0,0.0,0.0,1.0,0.0,0.0,5.0,13.8,2.4,0.6,0.25,1.4,0.2,0.143,0.0,0.0,0.0,1.4,0.6,0.6,1.6,0.2,1.4,-1.8,0.2916666666666667,0.2916666666666667,0.21769519519173838,2023-24
1629234,Drew Eubanks,1610612756,PHX,75,15.6,3.4,2.0,0.601,0.0,0.0,1.0,1.2,1.0,0.774,5.1,0.8,0.8,4.3,1.4,2.9,-1.4,0.6491853360488798,0.5882352941176471,13.0,1.7,0.2,0.1,0.5,0.0,0.0,0.0,0.0,0.0,0.0,0.2,0.1,0.0,0.3,0.2,0.2,-1.1,0.5,0.5,3.0,12.5,4.0,2.3,0.583,0.0,0.0,0.0,1.0,1.0,1.0,5.7,0.0,0.7,1.3,0.0,1.3,-4.0,0.6418918918918919,0.575,0.6016925215602057,2023-24
1629312,Haywood Highsmith,1610612748,MIA,66,20.7,5.0,2.3,0.465,2.9,1.2,0.396,0.5,0.3,0.639,6.1,1.1,0.5,3.2,1.0,2.2,0.1,0.5842911877394636,0.58,13.0,2.6,0.4,0.2,0.6,0.3,0.2,0.5,0.5,0.3,0.667,0.9,0.0,0.1,0.7,0.2,0.5,-0.6,0.7258064516129032,0.7500000000000001,5.0,25.1,5.6,2.0,0.357,3.2,0.6,0.188,0.2,0.2,1.0,4.8,1.6,0.8,2.8,0.4,2.4,-12.2,0.4219409282700422,0.4107142857142857,0.5582878126276328,2023-24
1629599,Amir Coffey,1610612746,LAC,70,20.9,5.0,2.4,0.472,2.6,1.0,0.38,1.0,0.9,0.859,6.6,1.1,0.5,2.1,0.4,1.7,-1.3,0.6066176470588235,0.58,19.0,1.7,0.5,0.3,0.556,0.3,0.2,0.667,0.5,0.4,0.778,1.1,0.2,0.0,0.1,0.1,0.1,1.5,0.763888888888889,0.8,6.0,18.7,3.7,1.2,0.318,1.8,0.5,0.273,0.0,0.0,0.0,2.8,0.3,0.8,1.7,0.3,1.3,-6.2,0.37837837837837834,0.3918918918918919,0.5549217599932895,2023-24
1629611,Terance Mann,1610612746,LAC,75,25.0,6.6,3.4,0.515,2.7,0.9,0.348,1.3,1.1,0.832,8.8,1.6,0.6,3.4,1.2,2.2,0.7,0.6134969325153375,0.5833333333333334,22.0,2.0,0.5,0.1,0.3,0.2,0.1,0.4,0.1,0.1,1.0,0.5,0.1,0.0,0.4,0.2,0.2,-0.2,0.45955882352941174,0.30000000000000004,6.0,31.2,7.7,3.2,0.413,3.7,1.7,0.455,1.3,1.3,1.0,9.3,1.8,0.8,5.0,2.8,2.2,-4.2,0.562137330754352,0.525974025974026,0.5440801862141459,2023-24
1629614,Andrew Nembhard,1610612754,IND,68,25.0,7.7,3.8,0.498,2.5,0.9,0.357,0.8,0.7,0.804,9.2,4.1,1.5,2.1,0.5,1.5,1.0,0.5712866368604074,0.551948051948052,27.0,3.0,0.6,0.3,0.412,0.2,0.0,0.0,0.2,0.2,1.0,0.7,0.4,0.2,0.3,0.0,0.3,-1.2,0.5087209302325582,0.5,17.0,32.6,10.7,6.0,0.56,3.5,1.7,0.483,1.5,1.2,0.769,14.9,5.5,1.4,3.3,0.8,2.5,1.1,0.6558098591549296,0.6401869158878505,0.600485220256248,2023-24
1629622,Max Strus,1610612739,CLE,70,32.0,10.4,4.3,0.418,6.8,2.4,0.351,1.4,1.1,0.794,12.2,4.0,1.6,4.8,0.9,3.9,3.6,0.5537400145243282,0.5288461538461539,32.0,3.3,0.9,0.3,0.393,0.6,0.2,0.316,0.3,0.2,0.667,1.1,0.2,0.0,0.6,0.1,0.4,0.1,0.5329457364341086,0.4444444444444445,12.0,36.1,8.6,3.5,0.408,6.0,2.1,0.347,0.4,0.4,1.0,9.5,2.9,1.3,5.3,0.7,4.7,-2.7,0.5412488605287147,0.5290697674418605,0.5492168576494623,2023-24
1629626,Bol Bol,1610612756,PHX,43,10.9,3.5,2.2,0.616,1.2,0.5,0.423,0.4,0.3,0.789,5.2,0.4,0.4,3.2,0.7,2.4,0.3,0.7072905331882481,0.7000000000000001,3.0,1.3,0.7,0.7,1.0,0.0,0.0,0.0,0.3,0.3,1.0,1.7,0.0,0.0,0.3,0.0,0.3,-0.3,1.0216346153846154,1.0,3.0,4.3,1.0,0.3,0.333,0.0,0.0,0.0,0.0,0.0,0.0,0.7,0.0,0.0,1.3,0.0,1.3,0.3,0.35,0.3,0.6534266273205321,2023-24
1629627,Zion Williamson,1610612740,NOP,70,31.5,15.6,8.9,0.57,0.3,0.1,0.333,7.1,5.0,0.702,22.9,5.0,2.8,5.8,1.7,4.1,2.0,0.6115146336252937,0.5737179487179488,26.0,2.7,1.3,0.6,0.457,0.0,0.0,0.0,0.5,0.3,0.5,1.5,0.3,0.3,0.4,0.1,0.3,0.2,0.4934210526315789,0.4615384615384615,,,,,,,,,,,,,,,,,,,,,0.5411189129622831,2023-24
1629628,RJ Barrett,1610612761,TOR,58,31.7,15.2,7.5,0.495,4.3,1.6,0.36,5.0,3.6,0.715,20.2,3.3,2.2,5.4,0.9,4.5,-2.6,0.5804597701149425,0.5460526315789475,21.0,3.1,1.1,0.5,0.458,0.5,0.0,0.1,0.6,0.5,0.846,1.6,0.2,0.1,0.9,0.1,0.8,0.5,0.5865102639296188,0.45454545454545453,,,,,,,,,,,,,,,,,,,,,0.5917302747628471,2023-24
1629629,Cam Reddish,1610612747,LAL,48,20.5,4.9,1.9,0.389,2.3,0.8,0.336,1.1,0.9,0.759,5.4,1.0,0.6,2.1,0.6,1.5,-1.0,0.5014858841010401,0.4693877551020407,15.0,2.6,0.5,0.2,0.429,0.3,0.1,0.4,0.3,0.1,0.5,0.7,0.1,0.0,0.2,0.1,0.1,1.3,0.5537974683544303,0.5,,,,,,,,,,,,,,,,,,,,,0.5465643552338709,2023-24
1629630,Ja Morant,1610612763,MEM,9,35.3,18.9,8.9,0.471,5.7,1.6,0.275,7.1,5.8,0.813,25.1,8.1,3.0,5.6,0.7,4.9,1.2,0.5698329095532148,0.5132275132275134,4.0,4.2,1.8,1.3,0.714,0.5,0.0,0.0,1.0,0.8,0.75,3.3,0.0,0.3,0.8,0.0,0.8,1.8,0.7366071428571428,0.7222222222222222,,,,,,,,,,,,,,,,,,,,,0.6905395412791392,2023-24
1629631,De'Andre Hunter,1610612737,ATL,57,29.5,11.6,5.3,0.459,5.3,2.1,0.385,3.4,2.9,0.847,15.6,1.5,1.5,3.9,0.5,3.4,-0.9,0.5956017104459377,0.5474137931034483,25.0,3.8,0.7,0.2,0.278,0.3,0.1,0.286,0.3,0.2,0.75,0.7,0.2,0.1,0.5,0.0,0.5,-0.9,0.4206730769230769,0.35714285714285715,,,,,,,,,,,,,,,,,,,,,0.4850171041887977,2023-24
1629632,Coby White,1610612741,CHI,79,36.5,15.3,6.8,0.447,7.0,2.6,0.376,3.3,2.8,0.838,19.1,5.1,2.1,4.5,0.6,4.0,-0.4,0.5700811843361986,0.5294117647058824,41.0,4.7,1.8,0.8,0.466,0.8,0.2,0.294,0.6,0.5,0.84,2.4,0.7,0.2,0.5,0.1,0.4,2.5,0.5813953488372092,0.5,,,,,,,,,,,,,,,,,,,,,0.5893886665517897,2023-24
1629634,Brandon Clarke,1610612763,MEM,6,22.4,9.8,5.5,0.559,1.0,0.2,0.167,1.2,0.2,0.143,11.3,1.5,0.5,5.3,2.2,3.2,-1.3,0.5470565453137103,0.5714285714285714,1.0,3.2,0.0,0.0,0.0,0.0,0.0,0.0,0.0,0.0,0.0,0.0,0.0,0.0,0.0,0.0,0.0,2.0,,,,,,,,,,,,,,,,,,,,,,,0.18235218177123677,2023-24
1629636,Darius Garland,1610612739,CLE,57,33.3,14.8,6.6,0.446,6.2,2.3,0.371,3.1,2.6,0.834,18.0,6.5,3.1,2.7,0.5,2.1,2.0,0.5567928730512249,0.5236486486486486,28.0,3.6,1.6,0.5,0.289,0.7,0.2,0.3,0.8,0.6,0.857,1.8,0.5,0.4,0.2,0.1,0.1,0.0,0.4610655737704918,0.37499999999999994,12.0,36.0,14.3,6.1,0.427,5.9,2.1,0.352,1.8,1.4,0.81,15.7,5.8,2.3,3.6,0.1,3.5,-6.2,0.5201431221839384,0.49999999999999994,0.5173697086674177,2023-24
1629637,Jaxson Hayes,1610612747,LAL,70,12.5,2.5,1.8,0.72,0.1,0.0,0.0,1.2,0.7,0.622,4.3,0.5,0.6,3.0,1.0,2.0,-1.5,0.7100396301188904,0.72,9.0,0.9,0.0,0.0,0.0,0.0,0.0,0.0,0.2,0.0,0.0,0.0,0.0,0.0,0.1,0.1,0.0,-1.6,0.0,,4.0,6.0,0.5,0.0,0.0,0.0,0.0,0.0,0.5,0.3,0.5,0.3,0.3,0.5,3.0,0.8,2.3,1.8,0.20833333333333334,0.0,0.2225066050198151,2023-24
1629638,Nickeil Alexander-Walker,1610612750,MIN,82,23.4,6.6,2.9,0.439,4.1,1.6,0.391,0.8,0.6,0.8,8.0,2.5,0.9,2.0,0.4,1.6,3.8,0.5753739930955121,0.5606060606060607,26.0,1.6,0.3,0.2,0.556,0.3,0.2,0.571,0.2,0.2,1.0,0.8,0.0,0.2,0.1,0.1,0.0,-0.6,1.0309278350515465,1.0000000000000002,16.0,23.6,7.0,2.6,0.366,5.1,1.5,0.296,0.6,0.6,1.0,7.3,2.3,0.9,1.8,0.3,1.4,0.5,0.5024779735682819,0.4785714285714286,0.6953227185286744,2023-24
1629639,Tyler Herro,1610612748,MIA,42,33.5,17.5,7.7,0.441,7.9,3.1,0.396,2.6,2.3,0.856,20.8,4.5,2.2,5.3,0.5,4.8,0.7,0.55782021025531,0.5285714285714286,17.0,3.9,2.3,0.8,0.333,1.2,0.4,0.333,0.6,0.5,0.818,2.5,0.1,0.3,0.6,0.1,0.6,-1.7,0.4875195007800312,0.4347826086956522,5.0,37.0,15.6,6.0,0.385,8.6,3.0,0.349,2.0,1.8,0.9,16.8,5.4,2.8,3.6,0.0,3.6,-8.6,0.5097087378640777,0.4807692307692308,0.5234737613767071,2023-24
1629640,Keldon Johnson,1610612759,SAS,69,29.5,12.5,5.7,0.454,5.3,1.8,0.346,3.2,2.5,0.792,15.7,2.8,1.4,5.5,1.4,4.1,-5.0,0.5644233534656313,0.528,31.0,3.5,1.1,0.4,0.394,0.5,0.1,0.214,0.5,0.4,0.786,1.3,0.1,0.2,0.7,0.2,0.5,-1.7,0.49242424242424243,0.40909090909090906,,,,,,,,,,,,,,,,,,,,,0.5252239461040015,2023-24
1629642,Nassir Little,1610612756,PHX,45,10.2,2.8,1.3,0.46,1.6,0.5,0.3,0.4,0.4,0.85,3.4,0.5,0.3,1.7,0.3,1.4,-2.0,0.5712365591397849,0.5535714285714286,7.0,0.9,0.0,0.0,0.0,0.0,0.0,0.0,0.0,0.0,0.0,0.0,0.0,0.0,0.0,0.0,0.0,0.0,,,4.0,3.4,1.3,0.8,0.6,0.8,0.3,0.333,0.0,0.0,0.0,1.8,0.0,0.0,0.3,0.0,0.3,-1.5,0.6923076923076923,0.7307692307692308,0.4413599393438103,2023-24
1629646,Charles Bassey,1610612759,SAS,19,10.8,2.1,1.5,0.725,0.1,0.0,0.0,0.3,0.3,0.833,3.3,1.1,0.8,4.0,1.2,2.8,-2.4,0.7392473118279569,0.7142857142857143,,,,,,,,,,,,,,,,,,,,,,,,,,,,,,,,,,,,,,,,,0.7392473118279569,2023-24
1629647,Darius Bazley,1610612762,UTA,9,16.9,3.3,2.0,0.6,0.9,0.2,0.25,1.3,1.1,0.833,5.3,0.8,0.9,3.1,0.9,2.2,-3.7,0.684400826446281,0.6363636363636365,1.0,2.3,1.0,1.0,1.0,0.0,0.0,0.0,0.0,0.0,0.0,2.0,0.0,0.0,1.0,0.0,1.0,4.0,1.0,1.0,,,,,,,,,,,,,,,,,,,,,0.9251033057759412,2023-24
1629651,Nic Claxton,1610612751,BKN,71,29.8,8.2,5.2,0.629,0.1,0.0,0.2,2.8,1.5,0.551,11.8,2.1,1.3,9.9,2.7,7.2,-3.9,0.6255301102629348,0.6341463414634148,29.0,4.2,0.6,0.4,0.722,0.0,0.0,0.0,0.2,0.1,0.571,1.0,0.1,0.1,0.9,0.2,0.7,-1.6,0.7267441860465117,0.6666666666666667,,,,,,,,,,,,,,,,,,,,,0.7003232339551588,2023-24
1629652,Luguentz Dort,1610612760,OKC,79,28.4,8.3,3.6,0.438,5.0,2.0,0.394,2.0,1.6,0.826,10.9,1.4,0.9,3.6,0.9,2.7,4.4,0.5936819172113289,0.5542168674698794,34.0,3.3,0.6,0.2,0.318,0.3,0.1,0.273,0.3,0.2,0.727,0.7,0.1,0.1,0.6,0.3,0.3,1.0,0.4781420765027322,0.4166666666666667,10.0,35.0,9.1,3.3,0.363,6.4,2.5,0.391,1.9,1.6,0.842,10.7,2.0,1.1,4.6,1.9,2.7,3.5,0.5384460547504025,0.5,0.5347796214064464,2023-24
1629655,Daniel Gafford,1610612742,DAL,74,24.5,6.5,4.7,0.725,0.0,0.0,0.0,2.4,1.6,0.674,11.0,1.6,1.0,7.6,2.6,5.0,-1.4,0.7278983589200635,0.7230769230769231,18.0,2.6,0.6,0.4,0.727,0.0,0.0,0.0,0.0,0.0,0.0,0.9,0.1,0.1,1.1,0.4,0.7,-3.0,0.75,0.6666666666666667,22.0,20.2,5.6,3.5,0.634,0.0,0.0,0.0,3.0,1.9,0.631,9.0,0.7,0.9,5.5,1.9,3.6,-2.1,0.6502890173410405,0.625,0.7056916710532133,2023-24
1629656,Quentin Grimes,1610612765,DET,51,20.1,6.4,2.4,0.372,4.7,1.6,0.338,0.9,0.7,0.756,7.0,1.3,0.5,2.0,0.3,1.7,-0.8,0.5150088287227781,0.5,7.0,2.5,1.0,0.6,0.571,0.7,0.4,0.6,0.0,0.0,0.0,1.6,0.0,0.1,0.6,0.0,0.6,2.4,0.8,0.8,,,,,,,,,,,,,,,,,,,,,0.7206279429051513,2023-24
1629659,Talen Horton-Tucker,1610612762,UTA,51,19.8,9.1,3.6,0.396,3.6,1.2,0.33,2.1,1.7,0.807,10.1,3.5,1.3,2.4,0.4,2.0,-2.1,0.5037909018355946,0.46153846153846156,9.0,2.3,0.7,0.2,0.333,0.2,0.1,0.5,0.2,0.2,1.0,0.8,0.4,0.3,0.2,0.1,0.1,0.8,0.5076142131979696,0.35714285714285715,,,,,,,,,,,,,,,,,,,,,0.5140320837686403,2023-24
1629661,Cameron Johnson,1610612751,BKN,58,27.6,10.7,4.8,0.446,6.1,2.4,0.391,1.9,1.5,0.789,13.4,2.4,1.0,4.3,0.9,3.4,-1.3,0.5807905686546464,0.5607476635514019,22.0,3.5,1.5,0.5,0.324,0.9,0.1,0.158,0.4,0.3,0.875,1.5,0.3,0.0,0.5,0.3,0.3,-0.6,0.44749403341288785,0.3666666666666667,,,,,,,,,,,,,,,,,,,,,0.5059449034142822,2023-24
1629667,Jalen McDaniels,1610612761,TOR,50,10.8,3.8,1.3,0.344,1.4,0.2,0.169,0.7,0.5,0.73,3.4,0.7,0.6,1.6,0.4,1.2,-3.2,0.41382667964946446,0.368421052631579,6.0,1.3,0.7,0.2,0.25,0.5,0.2,0.333,0.0,0.0,0.0,0.5,0.0,0.0,0.2,0.0,0.2,-2.8,0.35714285714285715,0.42857142857142866,,,,,,,,,,,,,,,,,,,,,0.3944585172717909,2023-24
1629669,Jaylen Nowell,1610612765,DET,13,16.4,6.0,2.6,0.436,2.2,0.5,0.207,0.7,0.5,0.778,6.2,1.5,0.5,1.8,0.5,1.4,-2.5,0.4914394419784401,0.47500000000000003,,,,,,,,,,,,,,,,,,,,,,,,,,,,,,,,,,,,,,,,,0.4914394419784401,2023-24
1629670,Jordan Nwora,1610612761,TOR,52,13.7,5.8,2.7,0.462,2.5,0.8,0.336,1.0,0.8,0.83,7.0,1.2,1.0,2.9,0.5,2.3,-3.8,0.5608974358974359,0.5344827586206897,2.0,1.3,0.5,0.0,0.0,0.5,0.0,0.0,0.0,0.0,0.0,0.0,0.5,0.0,0.5,0.0,0.5,-0.5,0.0,0.0,,,,,,,,,,,,,,,,,,,,,0.19558650161949806,2023-24
1629673,Jordan Poole,1610612764,WAS,78,30.1,15.2,6.3,0.413,7.2,2.4,0.326,2.8,2.5,0.877,17.4,4.4,2.4,2.7,0.4,2.3,-7.1,0.5294547224926972,0.493421052631579,33.0,3.0,1.2,0.3,0.25,0.6,0.1,0.211,0.3,0.3,0.9,1.0,0.2,0.2,0.3,0.0,0.3,-3.5,0.3753753753753754,0.2916666666666667,,,,,,,,,,,,,,,,,,,,,0.4346298945894019,2023-24
1629674,Neemias Queta,1610612738,BOS,28,11.9,3.7,2.4,0.644,0.0,0.0,0.0,1.0,0.7,0.714,5.5,0.7,0.5,4.4,1.9,2.5,4.8,0.6642512077294686,0.6486486486486486,1.0,0.0,0.0,0.0,0.0,0.0,0.0,0.0,0.0,0.0,0.0,0.0,0.0,0.0,0.0,0.0,0.0,0.0,,,3.0,4.5,1.0,0.7,0.667,0.0,0.0,0.0,0.0,0.0,0.0,1.3,0.0,0.0,1.0,0.3,0.7,3.7,0.65,0.7,0.4357085346215781,2023-24
1629675,Naz Reid,1610612750,MIN,81,24.2,10.5,5.0,0.477,5.0,2.1,0.414,1.8,1.3,0.736,13.5,1.3,1.4,5.2,0.9,4.3,3.1,0.5977683315621679,0.5761904761904761,17.0,2.1,0.8,0.4,0.5,0.4,0.2,0.429,0.0,0.0,0.0,1.0,0.1,0.0,0.3,0.1,0.2,-1.0,0.625,0.625,16.0,22.5,8.9,4.1,0.458,4.3,1.6,0.362,1.9,1.4,0.71,11.1,1.0,0.9,3.7,0.6,3.1,-1.4,0.570049301561216,0.5505617977528089,0.6006050869926246,2023-24
1629680,Matisse Thybulle,1610612757,POR,65,22.9,4.9,1.9,0.397,3.6,1.2,0.346,0.4,0.3,0.759,5.4,1.4,0.6,2.1,0.5,1.6,-3.6,0.5319148936170213,0.5102040816326531,15.0,3.6,0.7,0.3,0.5,0.3,0.1,0.5,0.0,0.0,0.0,0.8,0.3,0.2,0.4,0.1,0.3,-0.5,0.5714285714285715,0.5,,,,,,,,,,,,,,,,,,,,,0.5725430597741868,2023-24
1629684,Grant Williams,1610612766,CHA,76,28.0,8.0,3.6,0.456,4.4,1.7,0.375,1.8,1.4,0.757,10.3,2.3,1.4,4.2,1.1,3.1,-3.2,0.5857597816196543,0.55625,27.0,2.6,0.6,0.4,0.588,0.4,0.2,0.5,0.4,0.3,0.818,1.3,0.3,0.0,0.4,0.2,0.2,1.2,0.8376288659793815,0.8333333333333334,,,,,,,,,,,,,,,,,,,,,0.7611725045252015,2023-24
1629716,Marques Bolden,1610612766,CHA,11,11.0,2.3,1.5,0.68,0.1,0.0,0.0,0.4,0.3,0.75,3.4,0.4,0.3,3.1,0.9,2.2,-1.5,0.6865912762520193,0.6521739130434783,2.0,2.7,0.5,0.0,0.0,0.0,0.0,0.0,0.0,0.0,0.0,0.0,0.0,0.0,1.0,0.0,1.0,4.5,0.0,0.0,,,,,,,,,,,,,,,,,,,,,0.25060288917600393,2023-24
1629717,Armoni Brooks,1610612751,BKN,10,10.4,4.6,1.5,0.326,3.2,1.1,0.344,0.2,0.1,0.5,4.2,0.5,0.3,1.8,0.7,1.1,2.8,0.4479522184300342,0.44565217391304346,,,,,,,,,,,,,,,,,,,,,,,,,,,,,,,,,,,,,,,,,0.4479522184300342,2023-24
1629723,John Konchar,1610612763,MEM,55,21.3,3.8,1.6,0.423,2.2,0.7,0.317,0.5,0.4,0.84,4.3,2.0,0.8,4.7,1.3,3.4,-2.7,0.5348258706467662,0.5131578947368421,13.0,2.0,0.4,0.2,0.4,0.3,0.1,0.25,0.2,0.2,1.0,0.5,0.2,0.1,0.2,0.0,0.2,-0.4,0.5122950819672131,0.625,,,,,,,,,,,,,,,,,,,,,0.530331660647101,2023-24
1629726,Garrison Mathews,1610612737,ATL,66,15.0,3.4,1.6,0.456,2.9,1.3,0.44,0.6,0.5,0.81,4.9,0.6,0.3,1.4,0.3,1.1,-1.5,0.6686681222707425,0.6617647058823529,4.0,1.6,0.0,0.0,0.0,0.0,0.0,0.0,0.0,0.0,0.0,0.0,0.0,0.0,0.0,0.0,0.0,-0.5,,,,,,,,,,,,,,,,,,,,,,,0.22288937409024748,2023-24
1629731,Dean Wade,1610612739,CLE,54,20.5,4.3,1.8,0.414,3.7,1.5,0.391,0.5,0.4,0.769,5.4,0.8,0.4,4.0,0.7,3.4,3.3,0.5973451327433629,0.5930232558139534,9.0,3.1,0.3,0.2,0.667,0.2,0.1,0.5,0.0,0.0,0.0,0.6,0.2,0.0,0.8,0.2,0.6,-0.1,1.0,0.8333333333333334,3.0,21.0,4.3,1.3,0.308,3.3,1.0,0.3,0.0,0.0,0.0,3.7,1.7,0.7,2.0,0.3,1.7,-4.3,0.4302325581395349,0.4186046511627907,0.6549838787114186,2023-24
1629750,Javonte Green,1610612741,CHI,9,25.6,8.3,5.0,0.6,3.0,1.1,0.37,1.4,1.1,0.769,12.2,0.6,0.8,7.4,2.2,5.2,3.1,0.6841633019291161,0.6686746987951806,2.0,5.0,1.5,0.5,0.333,0.5,0.0,0.0,0.0,0.0,0.0,1.0,0.0,0.0,1.0,1.0,0.0,2.0,0.3333333333333333,0.3333333333333333,,,,,,,,,,,,,,,,,,,,,0.4683489453530434,2023-24
1630162,Anthony Edwards,1610612750,MIN,79,35.1,19.7,9.1,0.461,6.7,2.4,0.357,6.4,5.4,0.836,25.9,5.1,3.1,5.4,0.7,4.8,5.5,0.5751465624444839,0.5228426395939086,32.0,4.0,2.5,1.1,0.43,1.0,0.2,0.212,1.0,0.7,0.742,3.1,0.5,0.4,0.5,0.0,0.5,-1.4,0.5272108843537415,0.4800000000000001,16.0,40.5,20.3,9.8,0.481,7.2,2.9,0.4,6.4,5.2,0.814,27.6,6.5,3.3,7.0,1.1,5.9,4.4,0.5969890984599412,0.5541871921182265,0.5827796264179368,2023-24
1630163,LaMelo Ball,1610612766,CHA,22,32.3,19.2,8.3,0.433,9.0,3.2,0.355,4.7,4.1,0.865,23.9,8.0,3.8,5.1,1.3,3.8,-6.3,0.5618769983073161,0.515625,12.0,3.7,1.4,0.7,0.471,0.5,0.1,0.167,0.3,0.3,1.0,1.7,1.0,0.5,0.2,0.0,0.2,-0.3,0.5548302872062663,0.5357142857142857,,,,,,,,,,,,,,,,,,,,,0.5644708575729032,2023-24
1630164,James Wiseman,1610612765,DET,63,17.3,4.8,3.0,0.613,0.0,0.0,0.0,1.6,1.1,0.706,7.1,0.9,1.0,5.3,1.7,3.6,-5.2,0.6449854651162791,0.625,3.0,2.3,0.3,0.3,1.0,0.0,0.0,0.0,0.0,0.0,0.0,0.7,0.0,0.3,0.3,0.0,0.3,-5.0,1.1666666666666667,1.0,,,,,,,,,,,,,,,,,,,,,0.9990229328152354,2023-24
1630165,Killian Hayes,1610612765,DET,42,24.0,6.7,2.8,0.413,1.8,0.5,0.297,1.2,0.8,0.66,6.9,4.9,1.2,2.8,0.3,2.6,-5.8,0.47731045932484784,0.4552238805970149,10.0,1.5,0.3,0.0,0.0,0.0,0.0,0.0,0.0,0.0,0.0,0.0,0.2,0.0,0.4,0.0,0.4,-2.3,0.0,0.0,,,,,,,,,,,,,,,,,,,,,0.16358109838124615,2023-24
1630166,Deni Avdija,1610612764,WAS,75,30.1,10.7,5.4,0.506,3.1,1.2,0.374,3.6,2.7,0.74,14.7,3.8,2.1,7.2,1.1,6.1,-4.4,0.5983393031585803,0.5607476635514019,28.0,2.9,0.8,0.2,0.286,0.3,0.0,0.111,0.3,0.2,0.556,0.6,0.1,0.2,1.0,0.2,0.8,-3.5,0.32188841201716734,0.25,,,,,,,,,,,,,,,,,,,,,0.42151534457762496,2023-24
1630167,Obi Toppin,1610612754,IND,82,21.1,7.1,4.0,0.573,3.1,1.2,0.403,1.2,0.9,0.77,10.3,1.6,0.8,3.9,1.0,2.9,1.7,0.6751442055584689,0.647887323943662,18.0,1.8,0.4,0.2,0.429,0.2,0.0,0.0,0.2,0.1,0.5,0.4,0.1,0.1,0.5,0.1,0.4,0.5,0.4098360655737705,0.5,17.0,20.2,7.9,4.3,0.541,3.3,1.2,0.357,1.5,1.1,0.76,10.9,1.7,0.8,4.4,0.6,3.8,-0.6,0.6366822429906542,0.6202531645569619,0.5731109804291034,2023-24
1630168,Onyeka Okongwu,1610612737,ATL,55,25.5,6.6,4.1,0.611,1.3,0.4,0.333,2.1,1.7,0.793,10.2,1.3,0.8,6.8,2.6,4.2,-0.6,0.6778309409888357,0.6515151515151515,23.0,1.4,0.3,0.2,0.667,0.0,0.0,0.0,0.2,0.1,0.5,0.4,0.0,0.0,0.5,0.3,0.2,0.4,0.5154639175257733,0.6666666666666667,,,,,,,,,,,,,,,,,,,,,0.5741317132248932,2023-24
1630169,Tyrese Haliburton,1610612754,IND,69,32.2,15.2,7.2,0.477,7.8,2.8,0.364,3.3,2.8,0.855,20.1,10.9,2.3,3.9,0.5,3.4,4.3,0.6035311073744896,0.5657894736842105,28.0,3.4,2.0,1.1,0.526,1.1,0.4,0.4,0.6,0.6,0.944,3.2,1.0,0.1,0.4,0.1,0.3,0.1,0.7067137809187278,0.65,15.0,34.8,14.3,7.0,0.488,9.3,3.5,0.379,1.3,1.1,0.85,18.7,8.2,2.1,4.8,0.8,4.0,3.9,0.6286982248520709,0.6118881118881119,0.6636667853640028,2023-24
1630170,Devin Vassell,1610612759,SAS,68,33.1,15.5,7.3,0.472,6.6,2.4,0.372,3.0,2.4,0.801,19.5,4.1,1.6,3.8,0.4,3.4,-4.3,0.579667063020214,0.5483870967741935,32.0,3.5,1.3,0.4,0.341,0.7,0.2,0.261,0.6,0.4,0.65,1.5,0.5,0.2,0.4,0.0,0.3,-1.7,0.479539641943734,0.3846153846153846,,,,,,,,,,,,,,,,,,,,,0.5213025457428797,2023-24
1630171,Isaac Okoro,1610612739,CLE,69,27.3,7.0,3.4,0.49,3.1,1.2,0.391,2.0,1.3,0.679,9.4,1.9,0.8,3.0,1.0,2.0,0.6,0.5964467005076143,0.5714285714285714,35.0,2.4,0.3,0.1,0.444,0.1,0.0,0.0,0.1,0.1,0.75,0.3,0.2,0.1,0.3,0.1,0.1,0.0,0.436046511627907,0.33333333333333337,12.0,21.9,5.8,2.1,0.357,2.9,0.8,0.257,0.8,0.6,0.778,5.5,1.1,0.9,1.8,0.4,1.3,-2.6,0.44700910273081923,0.4310344827586207,0.4725468862777497,2023-24
1630172,Patrick Williams,1610612741,CHI,43,27.3,8.3,3.7,0.443,3.4,1.4,0.399,1.5,1.2,0.788,10.0,1.5,1.3,3.9,1.1,2.8,-0.3,0.5580357142857142,0.5301204819277109,13.0,2.9,1.0,0.5,0.538,0.2,0.1,0.333,0.0,0.0,0.0,1.2,0.1,0.0,0.3,0.1,0.2,0.7,0.6,0.55,,,,,,,,,,,,,,,,,,,,,0.5980600975315374,2023-24
1630173,Precious Achiuwa,1610612752,NYK,74,21.9,6.3,3.2,0.501,1.3,0.4,0.268,1.5,0.9,0.616,7.6,1.3,1.1,6.6,2.6,4.0,-0.6,0.5459770114942528,0.5396825396825398,20.0,2.1,0.6,0.3,0.5,0.2,0.0,0.0,0.2,0.1,0.5,0.7,0.0,0.1,0.9,0.4,0.5,-0.1,0.5087209302325582,0.5,9.0,20.5,4.8,2.3,0.488,0.3,0.0,0.0,1.4,0.6,0.385,5.2,0.6,0.4,4.2,2.4,1.8,-2.7,0.4800590841949779,0.47916666666666663,0.5101231636130149,2023-24
1630174,Aaron Nesmith,1610612754,IND,72,27.7,8.8,4.4,0.496,4.6,1.9,0.419,1.9,1.5,0.781,12.2,1.5,0.9,3.8,0.9,2.9,2.2,0.6330427563304275,0.6079545454545454,29.0,3.4,1.0,0.4,0.393,0.3,0.0,0.1,0.6,0.5,0.824,1.3,0.1,0.1,0.4,0.2,0.3,-0.4,0.5142405063291139,0.4,17.0,32.9,8.3,3.6,0.433,4.6,1.3,0.278,2.2,2.0,0.919,10.5,2.2,1.4,4.9,1.1,3.8,0.8,0.5664652567975831,0.5120481927710843,0.5715168929259125,2023-24
1630175,Cole Anthony,1610612753,ORL,81,22.4,9.4,4.1,0.435,3.4,1.1,0.338,2.7,2.2,0.826,11.6,2.9,1.6,3.8,0.8,3.0,1.4,0.5477899508877975,0.4946808510638297,23.0,2.7,1.3,0.5,0.367,0.4,0.0,0.0,0.0,0.0,1.0,1.0,0.3,0.1,0.7,0.3,0.4,0.1,0.3846153846153846,0.3846153846153846,7.0,14.7,5.9,1.9,0.317,1.9,0.3,0.154,1.3,1.1,0.889,5.1,1.3,0.7,2.1,0.3,1.9,1.9,0.3940049443757725,0.34745762711864403,0.4303357127735519,2023-24
1630177,Theo Maledon,1610612756,PHX,17,12.5,4.1,1.2,0.286,1.8,0.3,0.167,0.9,0.8,0.933,3.5,1.6,1.1,1.4,0.2,1.2,-3.8,0.3892348754448399,0.32926829268292684,1.0,0.0,0.0,0.0,0.0,0.0,0.0,0.0,0.0,0.0,0.0,0.0,0.0,0.0,0.0,0.0,0.0,-5.0,,,,,,,,,,,,,,,,,,,,,,,0.1297449584816133,2023-24
1630178,Tyrese Maxey,1610612755,PHI,70,37.5,20.3,9.1,0.45,8.1,3.0,0.373,5.4,4.7,0.868,25.9,6.2,1.7,3.7,0.5,3.2,4.3,0.5710883753748456,0.522167487684729,28.0,3.8,2.5,0.9,0.352,0.8,0.3,0.304,1.2,1.0,0.879,3.1,0.8,0.2,0.4,0.0,0.4,1.3,0.511889035667107,0.42000000000000004,6.0,44.6,23.0,11.0,0.478,9.2,3.7,0.4,4.7,4.2,0.893,29.8,6.8,2.2,5.2,0.2,5.0,-1.3,0.5943832774852401,0.558695652173913,0.5753179841294839,2023-24
1630180,Saddiq Bey,1610612737,ATL,63,32.7,11.1,4.6,0.416,5.7,1.8,0.316,3.2,2.7,0.837,13.7,1.5,0.9,6.5,2.7,3.9,-0.3,0.547649504317237,0.4954954954954955,34.0,2.7,0.8,0.3,0.333,0.4,0.1,0.25,0.4,0.4,0.857,1.0,0.1,0.1,0.5,0.4,0.2,-1.1,0.5122950819672131,0.43749999999999994,,,,,,,,,,,,,,,,,,,,,0.5312870966237789,2023-24
1630182,Josh Green,1610612742,DAL,57,26.4,6.6,3.1,0.479,3.3,1.3,0.385,1.0,0.7,0.684,8.2,2.3,1.1,3.2,0.7,2.5,-1.8,0.5823863636363635,0.5681818181818182,17.0,2.0,0.7,0.4,0.583,0.5,0.2,0.375,0.2,0.2,0.75,1.2,0.2,0.0,0.3,0.1,0.2,2.2,0.7614213197969544,0.7142857142857143,22.0,18.1,3.9,1.6,0.424,2.7,1.0,0.39,0.9,0.6,0.737,5.0,1.0,0.3,2.5,1.0,1.6,0.1,0.5819366852886405,0.5384615384615385,0.6524459037871526,2023-24
1630183,Jaden McDaniels,1610612750,MIN,72,29.2,8.7,4.3,0.489,3.5,1.2,0.337,1.1,0.8,0.722,10.5,1.4,1.2,3.1,0.8,2.3,2.2,0.5716463414634146,0.5632183908045977,29.0,3.9,0.9,0.3,0.385,0.5,0.2,0.357,0.1,0.0,0.333,0.9,0.1,0.1,0.3,0.1,0.2,-1.1,0.4766949152542373,0.4444444444444445,16.0,33.6,8.8,4.5,0.514,3.5,1.5,0.429,2.2,1.7,0.771,12.2,1.1,1.1,3.8,1.8,2.1,4.2,0.6244881244881244,0.5965909090909091,0.5767615851577284,2023-24
1630186,Jahmi'us Ramsey,1610612761,TOR,7,17.3,5.9,2.6,0.439,3.1,0.9,0.273,0.9,0.7,0.833,6.7,1.1,1.0,3.1,0.6,2.6,-4.0,0.5320838627700127,0.516949152542373,,,,,,,,,,,,,,,,,,,,,,,,,,,,,,,,,,,,,,,,,0.5320838627700127,2023-24
1630188,Jalen Smith,1610612754,IND,61,17.2,6.5,3.8,0.592,2.4,1.0,0.424,1.7,1.2,0.692,9.9,1.0,0.7,5.5,1.8,3.7,-0.2,0.6829470198675497,0.6615384615384615,9.0,1.0,0.6,0.4,0.8,0.1,0.1,1.0,0.3,0.2,0.667,1.2,0.0,0.0,0.4,0.1,0.3,0.6,0.819672131147541,0.75,7.0,6.0,1.1,0.4,0.375,0.6,0.3,0.5,1.1,0.7,0.625,1.9,0.3,0.6,2.0,1.0,1.0,-5.9,0.5997474747474747,0.5,0.6961530536301916,2023-24
1630191,Isaiah Stewart,1610612765,DET,46,30.9,8.3,4.0,0.487,3.8,1.5,0.383,1.8,1.4,0.753,10.9,1.6,1.4,6.6,1.6,5.0,-2.9,0.5994280686317641,0.5722891566265059,17.0,2.5,0.8,0.2,0.286,0.4,0.1,0.286,0.2,0.1,0.667,0.7,0.1,0.1,0.6,0.1,0.5,-2.4,0.3941441441441441,0.3125,,,,,,,,,,,,,,,,,,,,,0.47221067318905696,2023-24
1630193,Immanuel Quickley,1610612761,TOR,68,29.2,13.1,5.7,0.434,6.4,2.5,0.395,3.6,3.1,0.853,17.0,4.9,1.5,3.8,0.3,3.6,-0.5,0.5788613456823754,0.5305343511450382,29.0,3.2,1.4,0.4,0.3,0.6,0.1,0.176,1.0,0.8,0.828,1.8,0.3,0.1,0.4,0.1,0.3,0.1,0.48913043478260876,0.32142857142857145,,,,,,,,,,,,,,,,,,,,,0.5297277613158119,2023-24
1630194,Paul Reed,1610612755,PHI,82,19.4,5.9,3.2,0.54,0.7,0.3,0.368,1.0,0.7,0.718,7.3,1.3,0.8,6.0,2.4,3.6,1.2,0.5757097791798107,0.5677966101694915,18.0,1.9,0.3,0.1,0.333,0.0,0.0,0.0,0.1,0.1,1.0,0.3,0.0,0.0,0.6,0.2,0.3,-0.9,0.436046511627907,0.33333333333333337,6.0,7.2,1.5,0.7,0.444,0.0,0.0,0.0,0.3,0.2,0.5,1.5,0.3,0.5,2.7,1.5,1.2,-7.3,0.45955882352941174,0.4666666666666666,0.47616462459916004,2023-24
1630197,Aleksej Pokusevski,1610612766,CHA,28,14.5,4.3,1.8,0.405,2.0,0.6,0.327,1.5,1.1,0.732,5.2,1.3,0.7,3.2,0.6,2.6,-2.6,0.5241935483870968,0.48837209302325585,5.0,3.2,0.6,0.2,0.333,0.4,0.0,0.0,0.0,0.0,0.0,0.4,0.0,0.0,0.2,0.0,0.2,1.6,0.33333333333333337,0.33333333333333337,,,,,,,,,,,,,,,,,,,,,0.41090689338676917,2023-24
1630198,Isaiah Joe,1610612760,OKC,78,18.5,6.2,2.8,0.458,4.5,1.9,0.416,0.7,0.6,0.865,8.2,1.3,0.6,2.3,0.4,1.9,4.5,0.6299938537185003,0.6048387096774194,28.0,2.1,0.5,0.1,0.267,0.5,0.1,0.308,0.2,0.2,1.0,0.6,0.1,0.0,0.2,0.0,0.1,1.4,0.5102040816326531,0.30000000000000004,10.0,17.3,5.4,2.4,0.444,3.9,1.6,0.41,0.0,0.0,0.0,6.4,1.0,0.5,2.2,0.4,1.8,1.3,0.5925925925925926,0.5925925925925926,0.5794278152546622,2023-24
1630200,Tre Jones,1610612759,SAS,77,27.8,7.8,3.9,0.505,2.5,0.8,0.335,1.5,1.3,0.856,10.0,6.2,1.5,3.8,0.8,3.0,-0.3,0.591016548463357,0.5512820512820513,35.0,3.8,0.9,0.4,0.433,0.2,0.1,0.286,0.5,0.5,1.0,1.3,0.5,0.1,0.6,0.1,0.5,-0.4,0.5803571428571428,0.5,,,,,,,,,,,,,,,,,,,,,0.5954487395961965,2023-24
1630201,Malachi Flynn,1610612765,DET,69,12.7,4.7,2.0,0.418,2.4,0.8,0.331,1.0,0.8,0.732,5.5,1.9,0.9,1.7,0.3,1.3,-2.6,0.5350194552529183,0.5106382978723404,5.0,1.1,0.0,0.0,0.0,0.0,0.0,0.0,0.0,0.0,0.0,0.0,0.0,0.0,0.0,0.0,0.0,-1.0,,,,,,,,,,,,,,,,,,,,,,,0.17833981841763943,2023-24
1630202,Payton Pritchard,1610612738,BOS,82,22.3,7.7,3.6,0.468,4.7,1.8,0.385,0.7,0.6,0.821,9.6,3.4,0.7,3.2,0.9,2.4,5.5,0.5994005994005993,0.5844155844155844,13.0,1.2,0.3,0.1,0.25,0.1,0.0,0.0,0.2,0.2,1.0,0.3,0.0,0.0,0.2,0.0,0.2,0.7,0.38659793814432986,0.33333333333333337,19.0,18.7,5.5,2.3,0.419,3.2,1.2,0.383,0.6,0.6,0.917,6.4,2.1,0.7,1.9,0.7,1.2,1.5,0.5551700208188758,0.5272727272727272,0.5102471935865789,2023-24
1630204,Ashton Hagans,1610612757,POR,19,16.6,3.7,1.5,0.408,1.3,0.4,0.32,0.9,0.7,0.824,4.2,2.8,1.6,2.4,0.7,1.6,-0.2,0.5126953125,0.45945945945945943,2.0,6.5,2.5,0.0,0.0,1.5,0.0,0.0,0.0,0.0,0.0,0.0,1.0,0.0,1.0,0.0,1.0,-5.0,0.0,0.0,,,,,,,,,,,,,,,,,,,,,0.23846600504930607,2023-24
1630205,Lamar Stevens,1610612763,MEM,38,14.7,6.3,2.8,0.45,1.2,0.4,0.304,1.4,1.1,0.778,7.2,0.7,0.6,3.3,0.9,2.4,0.2,0.520532099479468,0.4761904761904762,8.0,2.2,0.6,0.3,0.4,0.1,0.0,0.0,0.3,0.3,1.0,0.8,0.0,0.1,0.5,0.1,0.4,1.3,0.546448087431694,0.5,,,,,,,,,,,,,,,,,,,,,0.5473332343032499,2023-24
1630208,Nick Richards,1610612766,CHA,67,26.2,5.6,3.9,0.691,0.0,0.0,0.0,2.7,2.0,0.737,9.7,0.8,1.1,8.0,2.6,5.5,-6.4,0.7144961697112551,0.6964285714285715,16.0,2.6,0.4,0.2,0.5,0.0,0.0,0.0,0.3,0.1,0.5,0.5,0.1,0.0,0.8,0.2,0.6,-2.6,0.4699248120300752,0.5,,,,,,,,,,,,,,,,,,,,,0.5585914550653834,2023-24
1630209,Omer Yurtseven,1610612762,UTA,48,11.4,3.8,2.1,0.538,0.5,0.1,0.208,0.6,0.4,0.679,4.6,0.6,0.8,4.3,1.5,2.8,-2.8,0.5659448818897638,0.5657894736842105,6.0,2.6,0.5,0.3,0.667,0.0,0.0,0.0,0.0,0.0,0.0,0.7,0.2,0.0,0.3,0.2,0.2,0.8,0.7,0.6,,,,,,,,,,,,,,,,,,,,,0.6684728553633007,2023-24
1630214,Xavier Tillman,1610612738,BOS,54,18.0,5.2,2.2,0.434,1.5,0.4,0.247,0.9,0.4,0.44,5.3,1.4,0.6,3.9,1.3,2.6,-1.1,0.4735525375268048,0.46153846153846156,8.0,3.6,0.5,0.1,0.25,0.0,0.0,0.0,0.0,0.0,0.0,0.3,0.0,0.3,0.4,0.1,0.3,-2.6,0.3,0.2,8.0,8.6,1.0,0.6,0.625,0.1,0.1,1.0,0.1,0.1,1.0,1.5,0.4,0.4,1.8,0.5,1.3,2.8,0.7183908045977011,0.65,0.5477362098335201,2023-24
1630215,Jared Butler,1610612764,WAS,40,14.1,5.0,2.5,0.488,2.0,0.6,0.308,0.9,0.8,0.861,6.3,3.2,1.3,1.5,0.2,1.2,-1.2,0.583765752409192,0.5599999999999999,7.0,1.8,0.6,0.1,0.25,0.3,0.0,0.0,0.0,0.0,0.0,0.3,0.6,0.1,0.0,0.0,0.0,-0.9,0.25,0.16666666666666669,,,,,,,,,,,,,,,,,,,,,0.37325525080066396,2023-24
1630217,Desmond Bane,1610612763,MEM,42,34.4,18.5,8.6,0.464,8.6,3.3,0.381,3.8,3.3,0.87,23.7,5.5,2.7,4.4,0.9,3.5,-4.8,0.5874479476502081,0.5540540540540541,16.0,4.0,1.8,0.7,0.393,0.9,0.3,0.267,0.7,0.6,0.909,2.3,0.4,0.2,0.4,0.1,0.3,-0.7,0.5455407969639468,0.4722222222222222,,,,,,,,,,,,,,,,,,,,,0.5692395769219044,2023-24
1630219,Skylar Mays,1610612747,LAL,38,11.4,4.2,1.7,0.396,1.4,0.4,0.296,0.4,0.3,0.765,4.1,2.2,0.5,1.1,0.3,0.9,-2.7,0.4684643510054844,0.45238095238095233,3.0,4.8,1.3,0.7,0.5,0.3,0.0,0.0,0.0,0.0,0.0,1.3,1.0,0.3,0.0,0.0,0.0,-2.0,0.5,0.5384615384615384,,,,,,,,,,,,,,,,,,,,,0.5204404979468394,2023-24
1630224,Jalen Green,1610612745,HOU,82,31.7,16.2,6.9,0.423,7.4,2.5,0.332,4.3,3.5,0.804,19.6,3.5,2.3,5.2,0.5,4.7,0.4,0.5416758788414769,0.5030864197530864,33.0,3.3,0.9,0.4,0.448,0.4,0.2,0.417,0.6,0.4,0.684,1.3,0.5,0.1,0.3,0.0,0.3,-0.8,0.5584192439862542,0.5555555555555556,,,,,,,,,,,,,,,,,,,,,0.558393677826541,2023-24
1630228,Jonathan Kuminga,1610612744,GSW,74,26.3,11.6,6.2,0.529,2.2,0.7,0.321,4.0,3.0,0.746,16.1,2.2,1.6,4.8,1.2,3.6,1.7,0.6025449101796408,0.5646551724137931,30.0,2.6,0.7,0.3,0.5,0.0,0.0,0.0,0.2,0.1,0.429,0.8,0.0,0.1,0.4,0.3,0.2,-0.2,0.5076142131979696,0.4285714285714286,,,,,,,,,,,,,,,,,,,,,0.5452922616166271,2023-24
1630230,Naji Marshall,1610612740,NOP,66,19.0,5.6,2.6,0.463,2.3,0.9,0.387,1.3,1.0,0.791,7.1,1.9,1.0,3.6,0.8,2.8,3.1,0.5751782242384964,0.5446428571428572,14.0,1.0,0.2,0.1,0.333,0.0,0.0,0.0,0.0,0.0,0.0,0.1,0.1,0.1,0.2,0.1,0.1,-0.1,0.25,0.5,4.0,21.0,7.0,3.0,0.429,3.8,1.5,0.4,1.5,1.5,1.0,9.0,1.3,0.5,2.8,0.8,2.0,-7.8,0.5874673629242819,0.5357142857142857,0.47650148073934784,2023-24
1630231,KJ Martin,1610612755,PHI,60,12.4,3.0,1.6,0.536,0.5,0.1,0.286,0.7,0.4,0.537,3.7,0.9,0.5,2.2,0.7,1.5,-0.1,0.5592503022974608,0.55,10.0,2.4,0.3,0.3,1.0,0.0,0.0,0.0,0.0,0.0,0.0,0.6,0.0,0.2,0.3,0.1,0.2,-0.3,1.0,1.0,,,,,,,,,,,,,,,,,,,,,0.8630834340958203,2023-24
1630235,Trent Forrest,1610612737,ATL,38,10.9,2.4,0.9,0.378,0.3,0.1,0.2,0.4,0.3,0.765,2.2,2.4,0.5,1.3,0.3,1.1,-2.5,0.42701863354037267,0.39583333333333337,2.0,2.5,2.0,1.5,0.75,0.0,0.0,0.0,0.5,0.0,0.0,3.0,0.0,0.5,0.0,0.0,0.0,-3.0,0.6756756756756757,0.75,,,,,,,,,,,,,,,,,,,,,0.6761233282625192,2023-24
1630241,Sam Merrill,1610612739,CLE,61,17.5,6.4,2.6,0.402,5.8,2.3,0.404,0.5,0.4,0.929,8.0,1.8,0.3,2.0,0.4,1.6,0.5,0.6042296072507553,0.5859375,9.0,1.3,0.6,0.2,0.4,0.4,0.1,0.25,0.0,0.0,0.0,0.6,0.1,0.0,0.0,0.0,0.0,0.3,0.5,0.4166666666666667,10.0,12.5,2.9,1.0,0.345,2.7,1.0,0.37,0.3,0.3,1.0,3.3,0.9,0.0,1.2,0.2,1.0,-1.1,0.5441952506596306,0.5172413793103449,0.5488442265368096,2023-24
1630243,Trevelin Queen,1610612753,ORL,14,11.8,2.7,1.0,0.368,1.2,0.2,0.176,0.9,0.6,0.75,2.9,1.3,0.5,1.4,0.2,1.2,-0.6,0.46834625322997414,0.40740740740740744,3.0,5.7,0.7,0.0,0.0,0.3,0.0,0.0,0.0,0.0,0.0,0.0,0.3,0.0,0.0,0.0,0.0,-3.7,0.0,0.0,,,,,,,,,,,,,,,,,,,,,0.18204134365964844,2023-24
1630245,Ayo Dosunmu,1610612741,CHI,76,29.1,9.5,4.7,0.501,3.9,1.6,0.403,1.4,1.1,0.81,12.2,3.2,1.4,2.8,0.7,2.1,-2.1,0.6030051403716884,0.5789473684210527,26.0,3.8,0.9,0.5,0.5,0.4,0.2,0.4,0.2,0.2,0.667,1.2,0.2,0.1,0.2,0.1,0.1,2.7,0.6072874493927125,0.6666666666666666,,,,,,,,,,,,,,,,,,,,,0.6153336972619002,2023-24
1630249,Vít Krejčí,1610612737,ATL,22,24.6,4.7,2.3,0.49,3.1,1.3,0.412,0.3,0.2,0.833,6.1,2.3,0.9,2.4,0.5,1.9,0.0,0.6312086092715231,0.6276595744680851,8.0,5.1,1.1,0.1,0.111,0.8,0.1,0.167,0.3,0.1,0.5,0.5,0.3,0.3,0.4,0.0,0.4,-1.9,0.2029220779220779,0.13636363636363638,,,,,,,,,,,,,,,,,,,,,0.36908851035272894,2023-24
1630256,Jae'Sean Tate,1610612745,HOU,65,15.9,3.5,1.7,0.472,1.2,0.4,0.299,0.6,0.4,0.667,4.1,1.0,0.6,3.0,0.9,2.1,1.2,0.5446333687566418,0.5428571428571428,13.0,1.0,0.2,0.1,0.5,0.1,0.0,0.0,0.0,0.0,0.0,0.2,0.1,0.0,0.1,0.1,0.0,-1.5,0.5,0.5,,,,,,,,,,,,,,,,,,,,,0.5205920752982004,2023-24
1630285,Zavier Simpson,1610612763,MEM,7,23.1,7.7,2.4,0.315,2.4,0.7,0.294,0.6,0.4,0.75,6.0,3.6,1.4,2.9,0.6,2.3,-4.1,0.37669512807634353,0.35714285714285715,,,,,,,,,,,,,,,,,,,,,,,,,,,,,,,,,,,,,,,,,0.37669512807634353,2023-24
1630288,Jeff Dowtin Jr.,1610612755,PHI,12,11.8,3.0,1.7,0.556,1.6,0.8,0.474,0.3,0.3,0.75,4.3,2.3,0.4,1.7,0.3,1.4,1.8,0.6864623243933589,0.7000000000000001,1.0,0.4,0.0,0.0,0.0,0.0,0.0,0.0,0.0,0.0,0.0,0.0,0.0,0.0,0.0,0.0,0.0,-3.0,,,,,,,,,,,,,,,,,,,,,,,0.22882077479778629,2023-24
1630346,Matt Ryan,1610612740,NOP,28,13.9,4.0,1.8,0.434,3.3,1.5,0.451,0.5,0.5,0.929,5.4,0.6,0.7,1.4,0.2,1.2,0.5,0.6398104265402844,0.6375,4.0,0.7,0.0,0.0,0.0,0.0,0.0,0.0,0.0,0.0,0.0,0.0,0.0,0.0,0.0,0.0,0.0,-0.3,,,1.0,2.5,1.0,0.0,0.0,1.0,0.0,0.0,0.0,0.0,0.0,0.0,0.0,1.0,1.0,0.0,1.0,2.0,0.0,0.0,0.1066350710900474,2023-24
1630527,Brandon Boston,1610612746,LAC,32,10.8,5.0,2.0,0.404,1.6,0.4,0.269,1.0,0.7,0.697,5.2,0.4,0.8,1.6,0.6,1.0,-3.5,0.4779411764705882,0.44000000000000006,3.0,2.8,1.3,0.7,0.5,0.3,0.0,0.0,0.0,0.0,0.0,1.3,0.0,1.3,0.3,0.3,0.0,-0.7,0.5,0.5384615384615384,3.0,3.2,1.3,0.7,0.5,0.0,0.0,0.0,0.7,0.3,0.5,1.7,0.3,0.0,0.7,0.3,0.3,1.7,0.5286069651741293,0.5384615384615384,0.5366270119936293,2023-24
1630529,Herbert Jones,1610612740,NOP,76,30.5,7.7,3.9,0.498,3.6,1.5,0.418,2.1,1.8,0.867,11.0,2.6,1.2,3.6,1.0,2.6,3.0,0.6377551020408163,0.6038961038961039,26.0,2.8,0.6,0.3,0.533,0.2,0.1,0.4,0.5,0.4,0.846,1.1,0.4,0.2,0.2,0.1,0.2,-0.1,0.6707317073170732,0.5833333333333334,4.0,35.2,10.3,4.0,0.39,6.0,2.0,0.333,3.0,3.0,1.0,13.0,2.5,2.8,5.0,1.5,3.5,-11.8,0.559380378657487,0.48543689320388345,0.6173521498990998,2023-24
1630530,Trey Murphy III,1610612740,NOP,57,29.7,10.9,4.8,0.443,7.8,3.0,0.38,2.6,2.2,0.815,14.8,2.2,0.6,4.9,0.7,4.2,4.6,0.6144138160079707,0.5779816513761468,18.0,2.4,0.5,0.2,0.333,0.5,0.2,0.333,0.3,0.3,1.0,0.8,0.1,0.1,0.3,0.1,0.2,-0.7,0.6329113924050633,0.6000000000000001,4.0,42.0,12.0,4.5,0.375,7.5,2.5,0.333,0.0,0.0,0.0,11.5,2.3,2.0,6.5,0.8,5.8,-15.0,0.4791666666666667,0.4791666666666667,0.5575432560992315,2023-24
1630531,Jaden Springer,1610612738,BOS,49,10.3,3.0,1.2,0.399,1.0,0.2,0.208,0.9,0.7,0.833,3.3,0.9,0.7,1.6,0.7,0.9,-0.6,0.48586572438162545,0.43333333333333335,2.0,2.0,1.0,0.0,0.0,0.5,0.0,0.0,0.0,0.0,0.0,0.0,0.0,0.0,0.0,0.0,0.0,-2.0,0.0,0.0,4.0,5.5,0.8,0.5,0.667,0.0,0.0,0.0,0.0,0.0,0.0,1.0,0.3,0.5,0.8,0.0,0.8,1.0,0.625,0.625,0.4268109540524931,2023-24
1630532,Franz Wagner,1610612753,ORL,72,32.5,15.2,7.3,0.482,4.6,1.3,0.281,4.4,3.8,0.85,19.7,3.7,1.9,5.3,1.0,4.3,2.8,0.574813258636788,0.5230263157894737,28.0,3.1,1.5,0.5,0.366,0.6,0.0,0.059,0.8,0.7,0.905,1.8,0.3,0.1,0.4,0.1,0.3,0.4,0.48596112311015116,0.3333333333333333,7.0,37.1,14.7,6.0,0.408,4.9,1.3,0.265,6.3,5.6,0.886,18.9,4.4,1.3,6.9,1.4,5.4,4.3,0.5408653846153847,0.45238095238095244,0.5380903641691898,2023-24
1630533,Ziaire Williams,1610612763,MEM,51,20.3,7.4,2.9,0.397,3.7,1.1,0.307,1.5,1.2,0.827,8.2,1.5,1.3,3.5,0.7,2.8,-4.8,0.5086848635235731,0.46621621621621623,11.0,2.9,0.7,0.3,0.375,0.3,0.0,0.0,0.1,0.1,1.0,0.6,0.1,0.3,1.2,0.3,0.9,-0.6,0.4032258064516129,0.4285714285714286,,,,,,,,,,,,,,,,,,,,,0.44783828493378075,2023-24
1630534,Ochai Agbaji,1610612761,TOR,78,21.0,5.6,2.3,0.411,2.7,0.8,0.294,0.7,0.5,0.661,5.8,1.1,0.8,2.8,0.9,1.8,-3.2,0.49085985104942453,0.48214285714285715,17.0,3.1,0.2,0.1,0.25,0.1,0.0,0.0,0.0,0.0,0.0,0.1,0.1,0.2,0.6,0.2,0.4,-0.9,0.25,0.5,,,,,,,,,,,,,,,,,,,,,0.3338580455872656,2023-24
1630537,Chris Duarte,1610612758,SAC,59,12.2,3.6,1.4,0.381,2.2,0.7,0.346,0.6,0.4,0.788,3.9,0.7,0.4,1.8,0.4,1.4,-1.1,0.5046583850931677,0.4861111111111111,8.0,1.5,0.4,0.1,0.333,0.3,0.1,0.5,0.0,0.0,0.0,0.4,0.0,0.0,0.0,0.0,0.0,-0.4,0.5,0.37500000000000006,,,,,,,,,,,,,,,,,,,,,0.5126639061390805,2023-24
1630538,Bones Hyland,1610612746,LAC,37,14.6,6.8,2.6,0.386,3.6,1.2,0.326,0.6,0.5,0.783,6.9,2.5,1.2,1.5,0.1,1.4,-1.8,0.488391845979615,0.4705882352941177,4.0,1.9,1.3,0.5,0.4,1.0,0.3,0.25,0.0,0.0,0.0,1.3,0.3,0.0,0.8,0.0,0.8,-0.3,0.5,0.5,3.0,4.0,2.3,1.0,0.429,1.7,0.3,0.2,1.3,1.3,1.0,3.7,1.3,0.3,0.7,0.0,0.7,0.7,0.6441504178272981,0.5,0.5892581636329304,2023-24
1630540,Miles McBride,1610612752,NYK,68,19.5,6.7,3.0,0.452,3.9,1.6,0.41,0.7,0.6,0.86,8.3,1.7,0.4,1.5,0.5,1.0,-0.2,0.5921803652968037,0.5671641791044776,11.0,2.7,0.8,0.3,0.333,0.5,0.1,0.2,0.2,0.2,1.0,0.8,0.2,0.1,0.1,0.1,0.0,-0.5,0.45045045045045046,0.43749999999999994,13.0,26.7,9.5,4.2,0.435,5.2,1.9,0.368,0.9,0.8,0.833,11.0,1.9,0.8,2.2,0.5,1.7,-2.8,0.5557801131770412,0.5421052631578948,0.5386772327938186,2023-24
1630541,Moses Moody,1610612744,GSW,66,17.5,6.4,2.9,0.462,3.0,1.1,0.36,1.4,1.1,0.785,8.1,0.9,0.7,3.0,1.0,2.0,1.5,0.5772519954389965,0.5390625,14.0,1.0,0.4,0.1,0.4,0.3,0.1,0.25,0.3,0.2,0.75,0.6,0.0,0.0,0.1,0.1,0.0,0.0,0.5639097744360901,0.37500000000000006,,,,,,,,,,,,,,,,,,,,,0.5746071814360824,2023-24
1630543,Isaiah Jackson,1610612754,IND,60,12.8,3.9,2.6,0.665,0.1,0.0,0.0,1.7,1.2,0.716,6.4,0.8,0.7,4.0,1.6,2.4,0.5,0.6884681583476765,0.6666666666666667,4.0,2.2,0.5,0.0,0.0,0.0,0.0,0.0,0.5,0.3,0.5,0.3,0.0,0.0,0.8,0.0,0.8,0.3,0.20833333333333334,0.0,15.0,10.2,2.9,1.5,0.535,0.0,0.0,0.0,1.2,0.7,0.611,3.8,0.5,0.3,3.2,1.4,1.8,-0.7,0.5542590431738623,0.5172413793103449,0.4741391719065472,2023-24
1630544,Tre Mann,1610612766,CHA,41,24.1,7.7,3.5,0.459,3.1,1.1,0.373,1.4,1.1,0.763,9.3,4.0,1.6,3.6,0.5,3.1,-3.1,0.5591630591630592,0.525974025974026,6.0,3.0,1.0,0.2,0.167,0.5,0.0,0.0,0.0,0.0,0.0,0.3,0.2,0.2,0.5,0.2,0.3,-0.8,0.15,0.2,,,,,,,,,,,,,,,,,,,,,0.29937469937301275,2023-24
1630548,Johnny Juzang,1610612762,UTA,20,18.6,5.5,2.6,0.464,3.9,1.6,0.416,0.7,0.5,0.714,7.2,1.2,0.7,1.8,0.4,1.5,-0.4,0.6198347107438017,0.6181818181818183,4.0,2.9,0.8,0.5,0.667,0.3,0.0,0.0,0.0,0.0,0.0,1.0,0.3,0.0,0.3,0.3,0.0,1.8,0.625,0.625,,,,,,,,,,,,,,,,,,,,,0.6378236914574104,2023-24
1630549,Day'Ron Sharpe,1610612751,BKN,61,15.1,4.8,2.8,0.571,0.2,0.1,0.267,2.0,1.2,0.61,6.8,1.4,1.1,6.4,2.6,3.7,1.0,0.5985915492957746,0.59375,9.0,0.6,0.0,0.0,0.0,0.0,0.0,0.0,0.0,0.0,0.0,0.0,0.0,0.0,0.4,0.1,0.3,0.8,,,,,,,,,,,,,,,,,,,,,,,0.19953051643192488,2023-24
1630550,JT Thor,1610612766,CHA,63,12.4,2.9,1.3,0.437,1.3,0.4,0.346,0.3,0.2,0.55,3.2,0.5,0.2,2.3,0.7,1.6,-0.8,0.5277044854881267,0.5172413793103449,4.0,1.0,0.3,0.3,1.0,0.0,0.0,0.0,0.5,0.3,0.5,0.8,0.0,0.0,0.3,0.0,0.3,0.8,0.7692307692307693,1.0,,,,,,,,,,,,,,,,,,,,,0.6990668355658616,2023-24
1630551,Justin Champagnie,1610612764,WAS,15,15.7,5.2,2.1,0.41,3.0,0.9,0.289,1.0,0.8,0.8,5.9,1.3,0.7,3.5,1.3,2.3,-3.9,0.5230496453900709,0.4903846153846154,2.0,2.6,1.5,0.5,0.333,1.5,0.5,0.333,2.0,1.0,0.5,2.5,0.0,0.0,0.5,0.0,0.5,-0.5,0.5252100840336135,0.5,,,,,,,,,,,,,,,,,,,,,0.5533360916597058,2023-24
1630552,Jalen Johnson,1610612737,ATL,56,33.7,12.5,6.4,0.511,3.6,1.3,0.355,2.6,1.9,0.728,16.0,3.6,1.8,8.7,1.3,7.4,-1.4,0.5863383172090296,0.5640000000000001,27.0,3.7,0.8,0.3,0.409,0.3,0.0,0.143,0.3,0.3,0.778,1.0,0.1,0.1,0.6,0.0,0.6,-1.3,0.5364806866952789,0.37499999999999994,,,,,,,,,,,,,,,,,,,,,0.5594998968660172,2023-24
1630553,Keon Johnson,1610612751,BKN,5,12.3,4.2,1.6,0.381,2.0,0.8,0.4,2.4,2.2,0.917,6.2,0.6,1.0,1.4,0.6,0.8,-5.0,0.5898021308980212,0.47619047619047616,,,,,,,,,,,,,,,,,,,,,,,,,,,,,,,,,,,,,,,,,0.5898021308980212,2023-24
1630554,Jason Preston,1610612762,UTA,7,10.2,2.7,0.9,0.316,0.4,0.0,0.0,0.0,0.0,0.0,1.7,2.3,0.3,2.4,0.9,1.6,3.3,0.31481481481481477,0.3333333333333333,,,,,,,,,,,,,,,,,,,,,,,,,,,,,,,,,,,,,,,,,0.31481481481481477,2023-24
1630557,Corey Kispert,1610612764,WAS,80,25.8,9.9,4.8,0.486,6.0,2.3,0.383,2.0,1.4,0.726,13.4,2.0,1.2,2.8,0.4,2.4,-5.6,0.62152133580705,0.6010101010101009,26.0,2.1,0.7,0.2,0.353,0.4,0.2,0.4,0.2,0.2,0.8,0.8,0.2,0.0,0.1,0.1,0.0,-2.2,0.5076142131979696,0.42857142857142866,,,,,,,,,,,,,,,,,,,,,0.552653961137656,2023-24
1630558,Davion Mitchell,1610612758,SAC,72,15.3,4.5,2.0,0.452,2.2,0.8,0.361,0.6,0.4,0.714,5.3,1.9,0.6,1.3,0.3,1.1,-0.6,0.5562552476910159,0.5333333333333333,8.0,2.6,0.3,0.3,1.0,0.3,0.3,1.0,0.0,0.0,0.0,0.8,0.4,0.0,0.0,0.0,0.0,-3.4,1.3333333333333335,1.5,,,,,,,,,,,,,,,,,,,,,1.0809739714510793,2023-24
1630559,Austin Reaves,1610612747,LAL,82,32.1,11.5,5.6,0.486,5.1,1.9,0.367,3.3,2.8,0.853,15.9,5.5,2.1,4.3,0.7,3.6,-0.5,0.6138048177887585,0.5695652173913043,32.0,3.9,1.3,0.6,0.439,0.7,0.2,0.318,1.1,1.0,0.886,2.3,0.5,0.1,0.5,0.1,0.4,1.2,0.6446188340807174,0.5384615384615384,5.0,34.8,12.6,6.0,0.476,5.2,1.4,0.269,3.8,3.4,0.895,16.8,3.6,0.8,3.8,1.0,2.8,-1.8,0.5885650224215246,0.5317460317460317,0.6227606066942318,2023-24
1630560,Cam Thomas,1610612751,BKN,66,31.4,18.0,8.0,0.442,6.0,2.2,0.364,5.1,4.3,0.856,22.5,2.9,1.9,3.2,0.4,2.8,-3.0,0.555720213396562,0.5055555555555555,24.0,3.7,2.0,0.5,0.277,1.0,0.1,0.13,1.0,1.0,0.92,2.2,0.2,0.3,0.3,0.0,0.3,0.0,0.4508196721311476,0.275,,,,,,,,,,,,,,,,,,,,,0.4968976303301129,2023-24
1630561,David Duke Jr.,1610612759,SAS,4,12.8,4.5,2.5,0.556,1.5,0.8,0.5,0.8,0.8,1.0,6.5,1.3,0.8,2.5,0.5,2.0,1.5,0.6698268755152514,0.6444444444444444,,,,,,,,,,,,,,,,,,,,,,,,,,,,,,,,,,,,,,,,,0.6698268755152514,2023-24
1630562,Matt Hurt,1610612763,MEM,8,14.2,4.3,1.5,0.353,2.5,0.6,0.25,0.4,0.4,1.0,4.0,0.5,0.3,2.0,1.1,0.9,-1.5,0.44682752457551383,0.4186046511627907,2.0,0.2,0.5,0.0,0.0,0.0,0.0,0.0,0.0,0.0,0.0,0.0,0.0,0.0,0.5,0.5,0.0,0.0,0.0,0.0,,,,,,,,,,,,,,,,,,,,,0.16057041516587794,2023-24
1630564,RaiQuan Gray,1610612759,SAS,3,13.0,5.7,3.3,0.588,2.3,1.0,0.429,0.0,0.0,0.0,7.7,2.0,0.3,2.3,0.7,1.7,4.7,0.6754385964912281,0.6666666666666666,,,,,,,,,,,,,,,,,,,,,,,,,,,,,,,,,,,,,,,,,0.6754385964912281,2023-24
1630567,Scottie Barnes,1610612761,TOR,60,34.9,15.7,7.5,0.475,4.9,1.7,0.341,4.2,3.3,0.781,19.9,6.1,2.8,8.2,2.4,5.9,-2.4,0.5670161841805335,0.5318471337579618,34.0,3.3,1.6,0.8,0.473,0.3,0.1,0.3,0.7,0.5,0.72,2.1,0.5,0.3,0.7,0.2,0.5,-0.4,0.550314465408805,0.53125,,,,,,,,,,,,,,,,,,,,,0.5660727878012798,2023-24
1630570,Trendon Watford,1610612751,BKN,63,13.6,4.9,2.6,0.527,1.1,0.4,0.397,1.5,1.2,0.794,6.9,1.3,1.0,3.1,0.8,2.3,-1.2,0.6205035971223022,0.5714285714285714,3.0,2.0,0.3,0.3,1.0,0.0,0.0,0.0,0.0,0.0,0.0,0.7,0.3,0.3,1.3,0.3,1.0,0.7,1.1666666666666667,1.0,,,,,,,,,,,,,,,,,,,,,0.9907347591302209,2023-24
1630573,Sam Hauser,1610612738,BOS,79,22.0,7.1,3.2,0.446,5.9,2.5,0.424,0.2,0.2,0.895,9.0,1.0,0.4,3.5,0.6,2.9,6.2,0.6260434056761269,0.6267605633802817,9.0,1.7,0.6,0.0,0.0,0.3,0.0,0.0,0.0,0.0,0.0,0.0,0.0,0.0,0.2,0.0,0.2,0.8,0.0,0.0,19.0,14.9,4.4,1.9,0.429,3.7,1.4,0.38,0.2,0.2,1.0,5.4,0.6,0.2,2.2,0.4,1.7,4.5,0.6016042780748663,0.5909090909090908,0.41359341087428286,2023-24
1630577,Julian Champagnie,1610612759,SAS,74,19.8,5.4,2.2,0.408,3.7,1.4,0.365,1.2,1.0,0.815,6.8,1.4,0.8,2.8,0.6,2.2,-1.9,0.5735492577597839,0.5370370370370371,16.0,3.1,0.3,0.1,0.4,0.3,0.1,0.25,0.1,0.1,1.0,0.4,0.1,0.1,0.8,0.2,0.6,-0.9,0.5813953488372093,0.5000000000000001,,,,,,,,,,,,,,,,,,,,,0.584335540699261,2023-24
1630578,Alperen Sengun,1610612745,HOU,63,32.5,15.6,8.4,0.537,1.8,0.5,0.297,5.6,3.9,0.693,21.1,5.0,2.6,9.3,2.9,6.4,0.8,0.5840345438441099,0.5544871794871795,29.0,3.6,2.2,1.1,0.508,0.0,0.0,0.0,1.4,0.9,0.634,3.1,0.3,0.3,0.8,0.4,0.4,-0.2,0.5504261363636364,0.5,,,,,,,,,,,,,,,,,,,,,0.5757315029587876,2023-24
1630579,Jericho Sims,1610612752,NYK,45,13.0,1.2,0.8,0.691,0.0,0.0,0.0,0.5,0.4,0.667,2.0,0.6,0.4,3.3,1.2,2.0,-0.2,0.7042253521126761,0.6666666666666667,1.0,1.2,0.0,0.0,0.0,0.0,0.0,0.0,0.0,0.0,0.0,0.0,0.0,0.0,0.0,0.0,0.0,0.0,,,5.0,5.5,0.4,0.4,1.0,0.0,0.0,0.0,0.8,0.6,0.75,1.4,0.2,0.0,1.6,0.6,1.0,1.6,0.9308510638297872,1.0,0.5827964239336729,2023-24
1630581,Josh Giddey,1610612760,OKC,80,25.1,10.6,5.0,0.475,3.0,1.0,0.337,1.6,1.3,0.806,12.3,4.8,2.1,6.4,1.4,5.0,4.7,0.5440552016985138,0.5188679245283019,28.0,2.2,0.7,0.3,0.421,0.2,0.0,0.167,0.3,0.2,0.857,0.8,0.4,0.2,0.4,0.1,0.3,1.2,0.48076923076923084,0.4285714285714286,10.0,18.1,7.5,3.4,0.453,3.4,1.2,0.353,0.8,0.7,0.875,8.7,2.1,1.2,3.6,0.7,2.9,3.9,0.553998981151299,0.5333333333333333,0.5345355413660947,2023-24
1630583,Santi Aldama,1610612763,MEM,61,26.5,9.3,4.0,0.435,5.0,1.7,0.349,1.4,0.9,0.621,10.7,2.3,1.1,5.8,1.2,4.6,-4.5,0.5395320693828156,0.5215053763440859,20.0,2.8,0.7,0.2,0.308,0.4,0.0,0.0,0.2,0.2,0.75,0.6,0.3,0.2,0.2,0.0,0.2,-1.5,0.3807106598984772,0.28571428571428575,,,,,,,,,,,,,,,,,,,,,0.4411780114462107,2023-24
1630587,Isaiah Livers,1610612765,DET,23,20.4,5.0,1.7,0.345,3.3,1.0,0.286,0.8,0.5,0.667,5.0,1.1,0.7,2.1,0.7,1.4,-8.7,0.4671150971599402,0.44000000000000006,5.0,3.3,0.6,0.2,0.333,0.4,0.0,0.0,0.0,0.0,0.0,0.4,0.0,0.4,0.2,0.2,0.0,-5.4,0.33333333333333337,0.33333333333333337,,,,,,,,,,,,,,,,,,,,,0.389927254606469,2023-24
1630590,Scotty Pippen Jr.,1610612763,MEM,21,25.1,9.7,4.8,0.493,3.4,1.4,0.417,2.6,2.0,0.745,12.9,4.7,2.7,3.2,1.0,2.1,-3.4,0.5947989671707857,0.5670103092783506,4.0,2.1,0.5,0.3,0.5,0.0,0.0,0.0,0.0,0.0,0.0,0.5,0.8,0.8,0.3,0.3,0.0,-1.5,0.5,0.6,,,,,,,,,,,,,,,,,,,,,0.5367542948983216,2023-24
1630591,Jalen Suggs,1610612753,ORL,75,27.0,9.5,4.5,0.471,5.1,2.0,0.397,2.1,1.6,0.756,12.6,2.7,1.8,3.1,0.6,2.4,0.6,0.6043745203376822,0.5789473684210527,30.0,3.1,0.8,0.3,0.4,0.6,0.3,0.444,0.4,0.3,0.818,1.2,0.1,0.0,0.5,0.2,0.3,-0.1,0.6147540983606556,0.5624999999999999,7.0,33.2,11.7,4.7,0.402,6.9,2.0,0.292,4.3,3.3,0.767,14.7,3.3,2.9,5.1,1.6,3.6,3.7,0.540759270158917,0.4871794871794872,0.5844478072199832,2023-24
1630592,Jalen Wilson,1610612751,BKN,43,15.5,4.2,1.8,0.425,1.7,0.6,0.324,1.1,0.9,0.826,5.0,1.0,0.4,3.0,1.1,2.0,-0.1,0.533731853116994,0.5,6.0,2.2,0.5,0.3,0.667,0.2,0.2,1.0,0.3,0.3,1.0,1.2,0.0,0.0,0.5,0.2,0.3,2.3,0.9493670886075949,0.8,,,,,,,,,,,,,,,,,,,,,0.8227267720126553,2023-24
1630595,Cade Cunningham,1610612765,DET,62,33.5,18.8,8.5,0.449,5.4,1.9,0.355,4.4,3.8,0.869,22.7,7.5,3.4,4.3,0.5,3.8,-5.6,0.5473572530864197,0.5026595744680851,28.0,3.3,1.8,0.8,0.42,0.5,0.2,0.333,0.7,0.7,1.0,2.4,0.3,0.3,0.4,0.1,0.3,-2.9,0.5692599620493358,0.5,,,,,,,,,,,,,,,,,,,,,0.5715335271462941,2023-24
1630596,Evan Mobley,1610612739,CLE,50,30.6,11.0,6.4,0.58,1.2,0.4,0.373,3.4,2.5,0.719,15.7,3.2,1.8,9.4,2.2,7.1,0.7,0.6282010243277848,0.6000000000000001,24.0,3.1,0.8,0.5,0.55,0.2,0.0,0.2,0.4,0.2,0.556,1.2,0.2,0.3,0.9,0.2,0.7,-1.8,0.6147540983606556,0.625,12.0,35.2,12.2,6.8,0.555,1.5,0.4,0.278,3.0,2.1,0.694,16.0,2.3,1.8,9.3,2.5,6.8,-2.7,0.591715976331361,0.5737704918032788,0.6127489189459293,2023-24
1630598,Aaron Wiggins,1610612760,OKC,78,15.7,4.8,2.7,0.562,1.6,0.8,0.492,0.9,0.7,0.789,6.9,1.1,0.7,2.4,0.8,1.6,1.2,0.663972286374134,0.6458333333333334,20.0,2.3,0.5,0.3,0.6,0.3,0.1,0.4,0.0,0.0,0.0,0.7,0.1,0.1,0.3,0.1,0.2,-2.0,0.7,0.7,10.0,15.7,4.7,2.3,0.489,2.0,0.6,0.3,1.1,1.0,0.909,6.2,1.0,0.9,3.2,0.9,2.3,2.2,0.5979938271604939,0.553191489361702,0.6534089613070991,2023-24
1630610,DeJon Jarreau,1610612763,MEM,9,16.6,5.6,1.9,0.34,1.4,0.4,0.308,1.2,0.6,0.455,4.8,2.9,1.0,4.9,0.9,4.0,-2.7,0.39164490861618795,0.37500000000000006,,,,,,,,,,,,,,,,,,,,,,,,,,,,,,,,,,,,,,,,,0.39164490861618795,2023-24
1630625,Dalano Banton,1610612757,POR,54,19.4,9.3,3.7,0.404,3.7,1.1,0.296,2.2,1.7,0.783,10.3,2.4,1.4,3.3,0.8,2.5,-4.1,0.5015582391897156,0.45698924731182794,8.0,3.4,1.0,0.8,0.75,0.1,0.0,0.0,0.3,0.3,1.0,1.8,0.3,0.1,0.4,0.1,0.3,2.3,0.7950530035335689,0.8,,,,,,,,,,,,,,,,,,,,,0.7079741035898379,2023-24
1630631,Jose Alvarado,1610612740,NOP,56,18.4,6.2,2.5,0.412,3.7,1.4,0.377,0.9,0.6,0.673,7.1,2.1,0.7,2.3,0.4,1.8,4.3,0.5382049727107338,0.5161290322580645,5.0,2.3,0.4,0.0,0.0,0.4,0.0,0.0,0.4,0.0,0.0,0.0,0.4,0.0,0.4,0.0,0.4,0.0,0.0,0.0,4.0,15.4,5.0,0.8,0.15,3.5,0.3,0.071,0.0,0.0,0.0,1.8,2.3,1.0,1.0,0.0,1.0,-5.3,0.18,0.19,0.1861524416873075,2023-24
1630641,Ibou Badji,1610612757,POR,22,10.3,1.0,0.6,0.636,0.0,0.0,0.0,0.5,0.3,0.5,1.5,0.6,0.7,2.3,0.9,1.4,-4.1,0.6147540983606558,0.6,1.0,0.0,0.0,0.0,0.0,0.0,0.0,0.0,0.0,0.0,0.0,0.0,0.0,0.0,0.0,0.0,0.0,0.0,,,,,,,,,,,,,,,,,,,,,,,0.20491803278688525,2023-24
1630649,Stanley Umude,1610612765,DET,24,12.8,3.5,1.5,0.44,2.2,1.0,0.453,1.3,1.2,0.906,5.3,0.5,0.6,2.1,0.3,1.8,-3.1,0.6507858546168959,0.5714285714285714,3.0,0.4,0.0,0.0,0.0,0.0,0.0,0.0,0.0,0.0,0.0,0.0,0.0,0.0,0.0,0.0,0.0,0.3,,,,,,,,,,,,,,,,,,,,,,,0.21692861820563195,2023-24
1630692,Jordan Goodwin,1610612763,MEM,57,18.5,6.7,2.5,0.369,2.5,0.7,0.298,1.0,0.8,0.746,6.5,2.7,1.0,4.4,1.5,2.9,-1.6,0.4551820728291316,0.4253731343283582,18.0,2.0,0.5,0.2,0.444,0.1,0.0,0.0,0.0,0.0,0.0,0.4,0.1,0.1,0.4,0.3,0.1,-0.6,0.4,0.4,,,,,,,,,,,,,,,,,,,,,0.4258567108424276,2023-24
1630695,Micah Potter,1610612762,UTA,16,11.6,2.5,1.2,0.475,1.3,0.6,0.429,0.5,0.4,0.75,3.3,0.4,0.3,2.7,0.6,2.1,-1.8,0.6066176470588235,0.6,,,,,,,,,,,,,,,,,,,,,,,,,,,,,,,,,,,,,,,,,0.6066176470588235,2023-24
1630696,Dru Smith,1610612748,MIA,9,14.5,3.7,1.7,0.455,1.9,0.8,0.412,0.2,0.2,1.0,4.3,1.6,0.6,1.6,0.7,0.9,-4.8,0.5675818373812037,0.5675675675675675,,,,,,,,,,,,,,,,,,,,,,,,,,,,,,,,,,,,,,,,,0.5675818373812037,2023-24
1630699,MarJon Beauchamp,1610612749,MIL,48,12.7,3.5,1.7,0.488,1.6,0.6,0.4,0.6,0.4,0.679,4.4,0.6,0.6,2.1,0.5,1.6,-0.3,0.5844845908607864,0.5714285714285714,1.0,0.1,0.0,0.0,0.0,0.0,0.0,0.0,0.0,0.0,0.0,0.0,0.0,0.0,0.0,0.0,0.0,-2.0,,,4.0,2.4,1.0,0.3,0.25,0.5,0.0,0.0,0.5,0.3,0.5,0.8,0.5,0.3,0.3,0.0,0.3,0.8,0.3278688524590164,0.3,0.26134852470630593,2023-24
1630700,Dyson Daniels,1610612740,NOP,61,22.3,5.1,2.3,0.447,2.2,0.7,0.311,0.9,0.6,0.642,5.8,2.7,1.0,3.9,1.0,2.9,1.2,0.5276564774381368,0.5196078431372549,19.0,2.0,0.3,0.1,0.167,0.1,0.0,0.0,0.1,0.1,1.0,0.2,0.2,0.1,0.3,0.1,0.2,-1.2,0.29069767441860467,0.33333333333333337,3.0,5.7,2.0,0.7,0.333,0.7,0.0,0.0,0.0,0.0,0.0,1.3,0.0,0.3,0.7,0.0,0.7,-4.3,0.325,0.35,0.3532243239859142,2023-24
1630702,Jaden Hardy,1610612742,DAL,73,13.6,6.6,2.7,0.407,3.1,1.1,0.362,1.0,0.8,0.776,7.3,1.5,0.8,1.8,0.3,1.5,-1.7,0.5184659090909091,0.49242424242424243,5.0,1.3,0.6,0.2,0.333,0.4,0.2,0.5,0.0,0.0,0.0,0.6,0.0,0.0,0.0,0.0,0.0,0.6,0.5,0.5000000000000001,19.0,6.8,3.6,1.5,0.426,1.4,0.6,0.407,0.8,0.6,0.733,4.2,0.9,0.4,0.8,0.1,0.7,-1.2,0.5313765182186235,0.5,0.527856819713995,2023-24
1630703,Scoot Henderson,1610612757,POR,62,28.5,12.9,5.0,0.385,4.3,1.4,0.325,3.3,2.7,0.819,14.0,5.4,3.4,3.1,0.9,2.3,-8.0,0.487736900780379,0.4418604651162791,15.0,2.2,0.9,0.5,0.538,0.2,0.0,0.0,0.3,0.1,0.4,1.1,0.3,0.5,0.1,0.0,0.1,-0.9,0.5329457364341086,0.5555555555555556,,,,,,,,,,,,,,,,,,,,,0.5248528687350378,2023-24
1631093,Jaden Ivey,1610612765,DET,77,28.8,12.6,5.4,0.429,4.8,1.6,0.336,3.9,2.9,0.749,15.4,3.8,2.5,3.4,1.1,2.3,-4.5,0.5378597373568036,0.4920634920634921,26.0,2.6,0.8,0.3,0.364,0.3,0.1,0.375,0.6,0.5,0.8,1.2,0.3,0.3,0.3,0.2,0.1,-2.2,0.5639097744360901,0.43749999999999994,,,,,,,,,,,,,,,,,,,,,0.5615756350916971,2023-24
1631094,Paolo Banchero,1610612753,ORL,80,35.0,17.6,8.0,0.455,4.4,1.5,0.339,7.0,5.1,0.725,22.6,5.4,3.1,6.9,1.0,5.9,0.0,0.5464216634429401,0.4971590909090909,35.0,3.8,2.3,0.9,0.378,0.9,0.2,0.25,1.1,0.8,0.718,2.8,0.2,0.4,0.5,0.2,0.4,0.4,0.5028735632183908,0.4347826086956522,7.0,37.5,21.3,9.7,0.456,5.7,2.3,0.4,7.0,5.3,0.755,27.0,4.0,4.6,8.6,2.0,6.6,2.9,0.5537325676784248,0.5093896713615023,0.5486292639699386,2023-24
1631095,Jabari Smith Jr.,1610612745,HOU,76,31.9,11.0,5.0,0.454,5.0,1.8,0.363,2.4,2.0,0.811,13.7,1.6,1.2,8.1,1.8,6.3,-1.1,0.5681818181818181,0.5363636363636364,33.0,3.2,0.9,0.4,0.467,0.5,0.2,0.438,0.4,0.2,0.462,1.2,0.1,0.1,0.7,0.2,0.5,-0.7,0.5576208178438661,0.5555555555555556,,,,,,,,,,,,,,,,,,,,,0.5693229694709244,2023-24
1631096,Chet Holmgren,1610612760,OKC,82,29.4,11.6,6.2,0.53,4.3,1.6,0.37,3.4,2.7,0.793,16.5,2.4,1.6,7.9,1.6,6.3,5.2,0.6299633475870495,0.603448275862069,35.0,3.2,1.1,0.6,0.525,0.5,0.2,0.412,0.6,0.4,0.714,1.8,0.2,0.1,0.7,0.1,0.7,1.5,0.6598240469208211,0.6363636363636362,10.0,34.5,11.9,5.9,0.496,5.0,1.3,0.26,3.3,2.5,0.758,15.6,2.1,1.9,7.2,1.4,5.8,7.5,0.5841821449970042,0.5504201680672269,0.6265090713564896,2023-24
1631097,Bennedict Mathurin,1610612754,IND,59,26.1,11.2,5.0,0.446,3.6,1.4,0.374,3.8,3.1,0.821,14.5,2.0,1.6,4.0,1.0,2.9,-1.6,0.5632380360472343,0.5089285714285715,13.0,2.2,0.8,0.2,0.2,0.4,0.1,0.2,0.4,0.3,0.8,0.7,0.1,0.1,0.4,0.2,0.2,0.6,0.3586065573770491,0.3125,,,,,,,,,,,,,,,,,,,,,0.43395990740933027,2023-24
1631098,Johnny Davis,1610612764,WAS,50,12.3,3.1,1.2,0.403,0.8,0.3,0.35,0.5,0.3,0.583,3.0,0.6,0.3,1.4,0.4,1.1,-3.0,0.4518072289156626,0.4354838709677419,1.0,0.0,0.0,0.0,0.0,0.0,0.0,0.0,0.0,0.0,0.0,0.0,0.0,0.0,0.0,0.0,0.0,-1.0,,,,,,,,,,,,,,,,,,,,,,,0.1506024096385542,2023-24
1631099,Keegan Murray,1610612758,SAC,77,33.6,12.7,5.8,0.454,6.6,2.4,0.358,1.6,1.3,0.831,15.2,1.7,0.8,5.5,1.4,4.1,1.8,0.5669949268874962,0.5511811023622047,34.0,3.9,0.8,0.3,0.393,0.4,0.1,0.286,0.3,0.2,0.7,1.0,0.1,0.0,0.8,0.3,0.4,0.5,0.5364806866952789,0.43749999999999994,,,,,,,,,,,,,,,,,,,,,0.5529513126906139,2023-24
1631101,Shaedon Sharpe,1610612757,POR,32,33.1,13.6,5.5,0.406,5.6,1.9,0.333,3.7,3.1,0.824,15.9,2.9,2.3,5.0,1.3,3.7,-7.7,0.5220646178092987,0.474264705882353,15.0,4.5,1.0,0.5,0.533,0.3,0.1,0.4,0.9,0.7,0.786,1.9,0.2,0.4,0.3,0.1,0.3,-0.5,0.6805157593123209,0.55,,,,,,,,,,,,,,,,,,,,,0.6350516533205767,2023-24
1631103,Malaki Branham,1610612759,SAS,75,21.3,8.4,3.6,0.432,3.6,1.2,0.347,0.8,0.7,0.873,9.2,2.1,1.2,2.0,0.4,1.6,-5.0,0.5255941499085922,0.5,14.0,2.4,1.0,0.6,0.571,0.4,0.2,0.6,0.3,0.3,1.0,1.6,0.1,0.3,0.2,0.1,0.1,-1.9,0.7067137809187278,0.7,,,,,,,,,,,,,,,,,,,,,0.6582453324853605,2023-24
1631104,Blake Wesley,1610612759,SAS,61,14.4,3.5,1.7,0.474,0.9,0.2,0.218,1.3,0.9,0.667,4.4,2.7,0.9,1.5,0.3,1.2,-2.4,0.5402750491159136,0.5142857142857143,4.0,0.4,0.0,0.0,0.0,0.0,0.0,0.0,0.0,0.0,0.0,0.0,0.0,0.0,0.0,0.0,0.0,-2.3,,,,,,,,,,,,,,,,,,,,,,,0.18009168303863787,2023-24
1631105,Jalen Duren,1610612765,DET,61,29.1,9.2,5.7,0.619,0.1,0.0,0.0,3.0,2.3,0.79,13.8,2.4,2.1,11.6,3.1,8.5,-5.1,0.6558935361216731,0.6195652173913044,27.0,3.2,0.5,0.4,0.786,0.0,0.0,0.0,0.4,0.3,0.818,1.1,0.0,0.0,1.0,0.4,0.6,-2.2,0.8136094674556213,0.8,,,,,,,,,,,,,,,,,,,,,0.7664722729524102,2023-24
1631106,Tari Eason,1610612745,HOU,22,21.8,8.6,4.0,0.466,2.3,0.8,0.36,1.5,1.0,0.636,9.8,1.2,0.9,7.0,2.1,4.9,4.0,0.5291576673866091,0.5116279069767442,7.0,2.9,1.4,0.4,0.3,0.3,0.0,0.0,0.1,0.1,1.0,1.0,0.3,0.0,0.4,0.1,0.3,-0.1,0.3462603878116344,0.28571428571428575,,,,,,,,,,,,,,,,,,,,,0.42350521743550823,2023-24
1631107,Nikola Jović,1610612748,MIA,46,19.5,6.1,2.8,0.452,3.5,1.4,0.399,1.0,0.7,0.702,7.7,2.0,0.9,4.2,0.5,3.6,3.2,0.5886850152905199,0.5737704918032788,3.0,7.3,2.0,0.7,0.333,1.3,0.3,0.25,0.0,0.0,0.0,1.7,0.3,0.3,2.0,0.0,2.0,3.0,0.425,0.425,5.0,25.7,7.2,3.2,0.444,4.4,1.8,0.409,1.4,1.2,0.857,9.4,2.2,1.2,6.6,0.4,6.2,-11.4,0.6013306038894576,0.5694444444444445,0.5732330230670089,2023-24
1631108,Max Christie,1610612747,LAL,67,14.1,3.6,1.5,0.427,1.8,0.6,0.356,0.7,0.5,0.783,4.2,0.9,0.5,2.1,0.2,1.9,-0.3,0.5373592630501536,0.5,6.0,1.5,0.0,0.0,0.0,0.0,0.0,0.0,0.3,0.2,0.5,0.2,0.0,0.0,0.2,0.2,0.0,1.0,0.7575757575757576,,,,,,,,,,,,,,,,,,,,,,0.6841702594005562,2023-24
1631109,Mark Williams,1610612766,CHA,19,26.8,7.9,5.2,0.649,0.0,0.0,0.0,3.4,2.4,0.719,12.7,1.2,0.9,9.7,4.0,5.7,-1.1,0.6758194976585781,0.6582278481012658,8.0,4.6,1.6,0.6,0.385,0.0,0.0,0.0,1.4,1.0,0.727,2.3,0.0,0.1,1.8,0.8,1.0,1.9,0.5189530685920577,0.37499999999999994,,,,,,,,,,,,,,,,,,,,,0.5914950428352961,2023-24
1631110,Jeremy Sochan,1610612759,SAS,74,29.6,10.5,4.6,0.438,3.1,0.9,0.308,1.9,1.5,0.771,11.6,3.4,1.9,6.4,1.9,4.6,-4.6,0.5116443189837685,0.4809523809523809,33.0,2.9,0.8,0.3,0.393,0.2,0.1,0.286,0.5,0.3,0.733,1.1,0.2,0.2,0.5,0.2,0.3,-2.3,0.5392156862745099,0.43749999999999994,,,,,,,,,,,,,,,,,,,,,0.5376442781292514,2023-24
1631114,Jalen Williams,1610612760,OKC,71,31.3,14.0,7.5,0.54,3.4,1.5,0.427,3.1,2.5,0.814,19.1,4.5,1.7,4.0,0.5,3.5,5.4,0.6215829211142931,0.5892857142857143,32.0,3.0,1.3,0.9,0.683,0.4,0.2,0.583,0.7,0.6,0.826,2.6,0.3,0.3,0.4,0.1,0.4,1.2,0.808457711442786,0.7692307692307692,10.0,37.7,16.0,7.5,0.469,3.9,1.5,0.385,2.7,2.2,0.815,18.7,5.4,1.9,6.8,1.3,5.5,6.6,0.5439841750058181,0.515625,0.6543608591212708,2023-24
1631116,Patrick Baldwin Jr.,1610612764,WAS,38,13.0,4.1,1.6,0.381,2.6,0.8,0.32,0.7,0.5,0.679,4.4,0.8,0.5,3.2,0.4,2.8,-0.6,0.49909255898366617,0.48780487804878053,3.0,1.8,0.3,0.3,1.0,0.0,0.0,0.0,0.0,0.0,0.0,0.7,0.0,0.0,0.7,0.0,0.7,-2.7,1.1666666666666667,1.0,,,,,,,,,,,,,,,,,,,,,0.9514590372746136,2023-24
1631117,Walker Kessler,1610612762,UTA,64,23.3,5.5,3.6,0.654,0.3,0.1,0.211,1.5,0.9,0.602,8.1,0.9,1.0,7.5,2.6,4.9,-2.3,0.6574675324675324,0.6636363636363636,15.0,2.5,0.6,0.5,0.778,0.0,0.0,0.0,0.4,0.2,0.5,1.1,0.2,0.2,0.9,0.3,0.7,0.9,0.7087628865979382,0.8333333333333334,,,,,,,,,,,,,,,,,,,,,0.7025735261282438,2023-24
1631119,Jaylin Williams,1610612760,OKC,69,13.0,3.3,1.4,0.417,2.1,0.8,0.368,0.6,0.5,0.805,4.0,1.6,0.5,3.4,0.5,2.9,1.8,0.5611672278338945,0.5454545454545454,13.0,0.9,0.2,0.1,0.5,0.1,0.0,0.0,0.2,0.2,1.0,0.3,0.2,0.0,0.2,0.1,0.1,-0.5,0.5208333333333333,0.5,10.0,12.7,3.3,1.6,0.485,2.2,0.9,0.409,0.4,0.3,0.75,4.4,1.5,0.3,3.2,0.4,2.8,-2.9,0.6329113924050633,0.6212121212121213,0.5896552846780615,2023-24
1631121,Bryce McGowens,1610612766,CHA,59,14.9,3.9,1.7,0.439,1.7,0.6,0.333,1.4,1.1,0.776,5.1,0.9,0.5,1.7,0.3,1.4,-3.9,0.5646589902568644,0.5128205128205129,7.0,1.1,0.0,0.0,0.0,0.0,0.0,0.0,0.0,0.0,0.0,0.0,0.0,0.0,0.0,0.0,0.0,-1.0,,,,,,,,,,,,,,,,,,,,,,,0.1882196634189548,2023-24
1631123,Jamaree Bouyea,1610612759,SAS,9,10.5,3.1,1.1,0.357,1.0,0.1,0.111,0.0,0.0,0.0,2.3,1.2,1.0,2.1,0.3,1.8,-1.7,0.3709677419354838,0.37096774193548393,,,,,,,,,,,,,,,,,,,,,,,,,,,,,,,,,,,,,,,,,0.3709677419354838,2023-24
1631124,Julian Strawther,1610612743,DEN,50,10.9,4.4,1.6,0.369,2.8,0.8,0.297,0.6,0.4,0.71,4.5,0.9,0.5,1.2,0.1,1.1,-2.1,0.482418524871355,0.45454545454545453,,,,,,,,,,,,,,,,,,,,,3.0,5.3,2.0,0.7,0.333,1.3,0.3,0.25,1.3,0.7,0.5,2.3,0.0,0.3,0.7,0.0,0.7,-4.0,0.4471228615863141,0.425,0.45594677740757433,2023-24
1631128,Christian Braun,1610612743,DEN,82,20.2,5.9,2.7,0.46,2.0,0.8,0.384,1.6,1.1,0.694,7.3,1.6,0.7,3.7,1.0,2.8,-0.2,0.5526953361599031,0.5254237288135593,17.0,1.4,0.2,0.1,0.5,0.0,0.0,0.0,0.0,0.0,0.0,0.2,0.1,0.0,0.4,0.2,0.1,-0.2,0.5,0.5,12.0,17.0,4.5,1.9,0.426,1.5,0.3,0.222,1.3,0.9,0.688,5.1,0.8,0.1,2.7,0.8,1.9,0.7,0.5027602523659306,0.4555555555555555,0.5135525127175158,2023-24
1631133,Jabari Walker,1610612757,POR,72,23.6,7.1,3.3,0.46,1.9,0.6,0.295,2.4,1.8,0.754,8.9,1.0,0.9,7.1,2.1,5.0,-4.7,0.5456105934281511,0.5070422535211268,19.0,3.1,0.9,0.3,0.294,0.2,0.0,0.0,0.6,0.5,0.75,1.0,0.2,0.1,1.1,0.5,0.6,0.6,0.42955326460481097,0.3333333333333333,,,,,,,,,,,,,,,,,,,,,0.48091509721550046,2023-24
1631165,Keon Ellis,1610612758,SAC,57,17.2,4.1,1.9,0.461,2.9,1.2,0.417,0.6,0.5,0.743,5.4,1.5,0.6,2.2,0.6,1.6,1.6,0.618698441796517,0.6097560975609757,13.0,2.8,0.5,0.2,0.5,0.2,0.1,0.333,0.2,0.1,0.5,0.6,0.2,0.2,0.8,0.3,0.5,-0.4,0.5102040816326531,0.5,,,,,,,,,,,,,,,,,,,,,0.5585639903021862,2023-24
1631170,Jaime Jaquez Jr.,1610612748,MIA,75,28.2,9.3,4.5,0.489,2.7,0.9,0.322,2.3,1.9,0.811,11.9,2.6,1.5,3.8,1.1,2.7,1.4,0.5769976726144297,0.532258064516129,29.0,2.3,0.8,0.3,0.333,0.2,0.1,0.286,0.2,0.2,1.0,0.8,0.1,0.1,0.5,0.3,0.2,0.0,0.45045045045045046,0.43749999999999994,4.0,30.6,13.0,5.3,0.404,3.3,0.8,0.231,1.8,1.5,0.857,12.8,3.0,1.8,3.3,0.5,2.8,-5.8,0.4640371229698376,0.43846153846153846,0.48693714094085,2023-24
1631172,Ousmane Dieng,1610612760,OKC,33,11.1,3.5,1.5,0.422,2.1,0.6,0.3,0.5,0.4,0.875,4.0,1.1,0.6,1.5,0.3,1.2,0.0,0.5376344086021505,0.5142857142857143,,,,,,,,,,,,,,,,,,,,,4.0,1.8,0.5,0.3,0.5,0.3,0.0,0.0,0.0,0.0,0.0,0.5,0.0,0.0,0.0,0.0,0.0,0.0,0.5,0.6,0.5094086021505376,2023-24
1631197,Jared Rhoden,1610612765,DET,17,14.4,3.9,1.9,0.5,1.8,0.7,0.387,0.5,0.3,0.625,4.9,0.8,0.4,1.9,0.2,1.8,-2.3,0.5946601941747574,0.576923076923077,,,,,,,,,,,,,,,,,,,,,,,,,,,,,,,,,,,,,,,,,0.5946601941747574,2023-24
1631200,Kris Murray,1610612757,POR,62,21.7,5.9,2.3,0.396,3.0,0.8,0.268,0.9,0.6,0.661,6.1,1.3,0.9,3.6,1.4,2.2,-2.6,0.48443456162642945,0.45762711864406774,13.0,1.8,0.2,0.1,0.333,0.1,0.0,0.0,0.0,0.0,0.0,0.2,0.2,0.1,0.3,0.1,0.2,0.0,0.5,0.5,,,,,,,,,,,,,,,,,,,,,0.49820135105004315,2023-24
1631204,Marcus Sasser,1610612765,DET,71,19.0,7.2,3.1,0.428,3.4,1.3,0.375,0.9,0.8,0.879,8.3,3.3,1.3,1.8,0.2,1.6,-3.5,0.5463401790416009,0.5208333333333334,8.0,3.2,1.0,0.4,0.375,0.6,0.4,0.6,0.0,0.0,0.0,1.1,0.3,0.1,0.4,0.0,0.4,-2.3,0.55,0.6000000000000001,,,,,,,,,,,,,,,,,,,,,0.5626689485674935,2023-24
1631207,Dalen Terry,1610612741,CHI,59,11.5,2.7,1.2,0.439,1.3,0.3,0.23,0.7,0.4,0.581,3.1,1.4,0.5,1.9,0.5,1.4,0.6,0.5152925531914894,0.49999999999999994,3.0,1.9,0.7,0.7,1.0,0.0,0.0,0.0,1.0,0.3,0.333,1.7,0.3,0.0,0.0,0.0,0.0,3.0,0.7456140350877194,1.0,,,,,,,,,,,,,,,,,,,,,0.6947661337052997,2023-24
1631212,Peyton Watson,1610612743,DEN,80,18.6,5.6,2.6,0.465,1.9,0.6,0.296,1.3,0.9,0.67,6.7,1.1,0.7,3.2,0.7,2.5,-0.9,0.5427738172391445,0.5178571428571429,18.0,1.1,0.4,0.2,0.429,0.1,0.0,0.0,0.1,0.0,0.0,0.3,0.1,0.0,0.3,0.1,0.2,0.8,0.33783783783783783,0.5,10.0,9.0,2.4,0.6,0.25,1.2,0.3,0.25,0.6,0.3,0.5,1.8,0.4,0.3,1.5,0.2,1.3,-3.4,0.3378378378378379,0.3125,0.3791366915463039,2023-24
1631216,Caleb Houstan,1610612753,ORL,59,13.8,3.5,1.4,0.388,3.3,1.2,0.373,0.4,0.4,0.808,4.3,0.5,0.3,1.4,0.5,0.9,-0.5,0.5848748639825897,0.5714285714285714,3.0,6.9,1.0,0.3,0.333,1.0,0.3,0.333,0.0,0.0,0.0,1.0,0.0,0.3,0.0,0.0,0.0,4.0,0.5,0.44999999999999996,3.0,4.7,0.7,0.3,0.5,0.7,0.3,0.5,0.0,0.0,0.0,1.0,0.0,0.0,0.7,0.3,0.3,-4.3,0.7142857142857143,0.6428571428571428,0.6498600963698874,2023-24
1631218,Trayce Jackson-Davis,1610612744,GSW,68,16.6,4.9,3.4,0.702,0.0,0.0,0.0,1.9,1.1,0.561,7.9,1.2,0.7,5.0,2.0,3.0,0.5,0.6886331938633193,0.693877551020408,13.0,1.6,0.2,0.2,1.0,0.0,0.0,0.0,0.0,0.0,0.0,0.5,0.2,0.0,0.3,0.0,0.3,1.2,1.25,1.0,,,,,,,,,,,,,,,,,,,,,1.0669593639400012,2023-24
1631222,Jake LaRavia,1610612763,MEM,35,23.0,8.7,3.4,0.389,4.5,1.5,0.34,3.1,2.6,0.826,10.8,1.7,1.3,3.7,1.5,2.2,-3.3,0.5365659777424484,0.47701149425287365,8.0,3.4,1.1,0.4,0.333,0.4,0.0,0.0,1.0,1.0,1.0,1.8,0.1,0.0,1.0,0.4,0.6,3.0,0.5844155844155844,0.36363636363636365,,,,,,,,,,,,,,,,,,,,,0.5811093936840053,2023-24
1631223,David Roddy,1610612756,PHX,65,18.1,6.3,2.5,0.403,2.5,0.7,0.293,1.0,0.7,0.691,6.5,1.2,0.9,3.2,0.8,2.4,-3.5,0.4821958456973294,0.4523809523809524,9.0,2.4,1.0,0.4,0.444,0.3,0.0,0.0,0.0,0.0,0.0,0.9,0.1,0.0,0.8,0.1,0.7,-2.7,0.45,0.4,2.0,1.4,0.0,0.0,0.0,0.0,0.0,0.0,0.0,0.0,0.0,0.0,0.0,0.0,0.0,0.0,0.0,2.5,,,0.24623899015338457,2023-24
1631230,Dominick Barlow,1610612759,SAS,33,12.7,3.4,1.7,0.496,0.3,0.1,0.333,1.3,0.9,0.69,4.4,1.1,0.3,3.4,1.4,2.1,-1.0,0.5538771399798591,0.5147058823529412,5.0,1.1,0.2,0.2,1.0,0.0,0.0,0.0,0.0,0.0,0.0,0.4,0.2,0.0,0.0,0.0,0.0,-0.2,1.0,1.0,,,,,,,,,,,,,,,,,,,,,0.8571747329327328,2023-24
1631241,Javon Freeman-Liberty,1610612761,TOR,22,18.3,5.6,2.5,0.444,1.9,0.5,0.238,1.6,1.5,0.917,7.0,1.8,1.1,3.2,0.7,2.5,-7.2,0.5552030456852792,0.4910714285714286,1.0,0.6,0.0,0.0,0.0,0.0,0.0,0.0,0.0,0.0,0.0,0.0,0.0,0.0,0.0,0.0,0.0,-2.0,,,,,,,,,,,,,,,,,,,,,,,0.18506768189509307,2023-24
1631243,Mouhamed Gueye,1610612737,ATL,6,12.1,3.8,1.3,0.348,1.5,0.5,0.333,1.0,0.8,0.833,4.0,0.7,0.2,3.7,1.7,2.0,-6.8,0.4716981132075471,0.4078947368421053,1.0,3.5,0.0,0.0,0.0,0.0,0.0,0.0,0.0,0.0,0.0,0.0,0.0,0.0,0.0,0.0,0.0,-5.0,,,,,,,,,,,,,,,,,,,,,,,0.15723270440251572,2023-24
1631246,Vince Williams Jr.,1610612763,MEM,52,27.6,7.3,3.3,0.446,4.0,1.5,0.378,2.5,2.0,0.8,10.0,3.4,1.8,5.6,1.1,4.4,-1.8,0.5952380952380952,0.5547945205479452,21.0,3.2,0.7,0.2,0.333,0.3,0.0,0.167,0.4,0.4,0.889,0.9,0.3,0.3,0.4,0.1,0.2,-0.4,0.5136986301369864,0.28571428571428575,,,,,,,,,,,,,,,,,,,,,0.5504674929319329,2023-24
1631260,AJ Green,1610612749,MIL,56,11.0,3.5,1.5,0.423,3.0,1.2,0.408,0.3,0.3,0.895,4.5,0.5,0.2,1.1,0.2,1.0,0.9,0.6194933920704846,0.6,4.0,2.3,0.8,0.3,0.333,0.8,0.3,0.333,0.0,0.0,0.0,0.8,0.8,0.0,0.3,0.0,0.3,2.8,0.5,0.5624999999999999,6.0,11.2,2.7,1.0,0.375,1.8,0.3,0.182,0.5,0.5,1.0,2.8,0.3,0.2,1.5,0.0,1.5,-0.3,0.47945205479452047,0.4259259259259259,0.5324987355929532,2023-24
1631288,Jamal Cain,1610612748,MIA,26,10.0,3.0,1.3,0.43,1.2,0.4,0.355,0.9,0.7,0.783,3.7,0.4,0.3,1.4,0.6,0.8,-1.0,0.5447585394581862,0.5,1.0,0.8,0.0,0.0,0.0,0.0,0.0,0.0,0.0,0.0,0.0,0.0,0.0,0.0,0.0,0.0,0.0,-1.0,,,,,,,,,,,,,,,,,,,,,,,0.1815861798193954,2023-24
1631298,Jack White,1610612763,MEM,4,15.9,4.0,0.5,0.125,2.5,0.5,0.2,0.0,0.0,0.0,1.5,0.3,0.5,3.0,1.0,2.0,-7.0,0.1875,0.1875,1.0,2.6,0.0,0.0,0.0,0.0,0.0,0.0,0.0,0.0,0.0,0.0,0.0,1.0,1.0,1.0,0.0,-3.0,,,,,,,,,,,,,,,,,,,,,,,0.0625,2023-24
1631303,Justin Minaya,1610612757,POR,34,11.2,2.2,0.6,0.297,1.4,0.4,0.245,0.3,0.1,0.556,1.8,0.6,0.3,1.6,0.9,0.8,-2.4,0.385934819897084,0.36363636363636365,3.0,0.9,0.3,0.0,0.0,0.3,0.0,0.0,0.0,0.0,0.0,0.0,0.0,0.0,0.0,0.0,0.0,-3.0,0.0,0.0,,,,,,,,,,,,,,,,,,,,,0.14228130359585997,2023-24
1631311,Lester Quinones,1610612744,GSW,37,10.7,3.8,1.5,0.397,2.4,0.9,0.364,0.8,0.5,0.69,4.4,1.0,0.5,1.9,0.6,1.4,0.5,0.5298651252408478,0.5131578947368421,3.0,2.3,1.0,0.3,0.333,0.7,0.0,0.0,0.0,0.0,0.0,0.7,0.0,0.7,0.0,0.0,0.0,-0.3,0.35,0.3,,,,,,,,,,,,,,,,,,,,,0.43627083121370824,2023-24
1631321,Sidy Cissoko,1610612759,SAS,12,11.7,2.8,1.3,0.485,1.0,0.1,0.083,1.3,1.0,0.8,3.8,0.8,0.3,1.8,0.7,1.2,2.1,0.5634638196915777,0.4821428571428572,1.0,0.0,0.0,0.0,0.0,0.0,0.0,0.0,0.0,0.0,0.0,0.0,0.0,0.0,0.0,0.0,0.0,0.0,,,,,,,,,,,,,,,,,,,,,,,0.1878212732305259,2023-24
1631323,Simone Fontecchio,1610612765,DET,66,24.9,8.3,3.8,0.46,5.1,2.0,0.401,1.0,0.8,0.818,10.5,1.5,1.0,3.7,1.0,2.8,-0.4,0.6006864988558352,0.5783132530120482,16.0,4.1,1.0,0.2,0.188,0.8,0.1,0.154,0.0,0.0,0.0,0.5,0.3,0.1,0.6,0.1,0.6,1.5,0.25,0.25,,,,,,,,,,,,,,,,,,,,,0.37894369238824455,2023-24
1631338,Mouhamadou Gueye,1610612761,TOR,11,10.9,3.5,1.0,0.289,0.3,0.0,0.0,0.8,0.4,0.444,2.4,0.5,1.1,2.1,1.1,1.0,-7.3,0.3115264797507788,0.2857142857142857,,,,,,,,,,,,,,,,,,,,,,,,,,,,,,,,,,,,,,,,,0.3115264797507788,2023-24
1631367,Jacob Gilyard,1610612751,BKN,41,17.0,3.7,1.5,0.4,3.1,1.2,0.405,0.0,0.0,1.0,4.2,3.3,0.7,1.1,0.2,0.9,-4.2,0.5675675675675675,0.5675675675675675,5.0,1.6,0.4,0.0,0.0,0.2,0.0,0.0,0.0,0.0,0.0,0.0,0.2,0.2,0.2,0.0,0.2,-0.6,0.0,0.0,,,,,,,,,,,,,,,,,,,,,0.19999999999707815,2023-24
1631386,Taze Moore,1610612757,POR,4,10.1,4.8,2.0,0.421,1.8,0.3,0.143,0.5,0.3,0.5,4.5,1.3,0.8,2.0,1.0,1.0,-5.5,0.4482071713147411,0.4479166666666667,,,,,,,,,,,,,,,,,,,,,,,,,,,,,,,,,,,,,,,,,0.4482071713147411,2023-24
1641705,Victor Wembanyama,1610612759,SAS,71,29.7,16.7,7.8,0.465,5.5,1.8,0.325,5.2,4.1,0.796,21.4,3.9,3.7,10.6,2.3,8.4,-2.0,0.5635137981883295,0.5209580838323353,35.0,3.6,1.9,0.7,0.385,0.8,0.1,0.185,1.1,0.8,0.763,2.4,0.3,0.4,1.3,0.3,0.9,-1.7,0.5033557046979866,0.39473684210526316,,,,,,,,,,,,,,,,,,,,,0.5347856480364017,2023-24
1641706,Brandon Miller,1610612766,CHA,74,32.2,14.6,6.4,0.44,6.7,2.5,0.373,2.3,1.9,0.827,17.3,2.4,1.8,4.3,0.8,3.4,-6.9,0.5540609787343069,0.523972602739726,27.0,3.4,0.7,0.4,0.6,0.3,0.2,0.625,0.2,0.2,1.0,1.3,0.2,0.1,0.2,0.0,0.1,-1.3,0.8248730964467006,0.7142857142857143,,,,,,,,,,,,,,,,,,,,,0.7393969110901861,2023-24
1641707,Taylor Hendricks,1610612762,UTA,40,21.4,6.0,2.7,0.45,3.5,1.3,0.379,0.7,0.6,0.793,7.3,0.8,0.7,4.6,1.2,3.5,-3.8,0.5786303107165505,0.5583333333333333,7.0,2.6,0.4,0.3,0.667,0.4,0.3,0.667,0.0,0.0,0.0,0.9,0.1,0.0,0.7,0.1,0.6,-2.1,1.125,1.1249999999999998,,,,,,,,,,,,,,,,,,,,,0.9495434369044058,2023-24
1641708,Amen Thompson,1610612745,HOU,62,22.4,7.2,3.9,0.536,0.9,0.1,0.138,2.5,1.7,0.684,9.5,2.6,1.5,6.6,2.4,4.2,0.7,0.5722891566265059,0.548611111111111,16.0,2.3,0.8,0.4,0.5,0.1,0.1,1.0,0.4,0.3,0.571,1.1,0.3,0.0,1.1,0.5,0.6,-0.5,0.5635245901639344,0.5625,,,,,,,,,,,,,,,,,,,,,0.5775572234276928,2023-24
1641709,Ausar Thompson,1610612765,DET,63,25.1,7.6,3.7,0.483,1.8,0.3,0.186,1.9,1.1,0.597,8.8,1.9,1.3,6.4,2.0,4.3,-3.7,0.5215742057847321,0.5065789473684211,18.0,2.6,0.8,0.2,0.267,0.2,0.1,0.333,0.0,0.0,0.0,0.5,0.1,0.1,0.6,0.3,0.3,-0.9,0.3125,0.3125,,,,,,,,,,,,,,,,,,,,,0.3927177177163327,2023-24
1641710,Anthony Black,1610612753,ORL,69,16.9,3.6,1.7,0.466,1.4,0.5,0.394,1.2,0.7,0.613,4.6,1.3,0.8,2.0,0.5,1.5,-0.5,0.5571705426356589,0.5416666666666666,13.0,0.9,0.2,0.1,0.5,0.0,0.0,0.0,0.3,0.2,0.5,0.3,0.0,0.0,0.1,0.1,0.0,0.4,0.4518072289156626,0.5,2.0,5.4,3.5,1.5,0.429,1.0,0.0,0.0,0.0,0.0,0.0,3.0,1.0,0.5,1.0,0.5,0.5,-4.0,0.42857142857142855,0.42857142857142855,0.46330543658422396,2023-24
1641711,Gradey Dick,1610612761,TOR,60,21.1,7.4,3.2,0.425,4.0,1.5,0.365,0.9,0.7,0.863,8.5,1.1,0.8,2.2,0.5,1.8,-6.3,0.5451513596716264,0.5337837837837838,8.0,2.6,0.5,0.0,0.0,0.3,0.0,0.0,0.0,0.0,0.0,0.0,0.1,0.0,0.5,0.3,0.3,-1.5,0.0,0.0,,,,,,,,,,,,,,,,,,,,,0.18847387664638582,2023-24
1641712,Rayan Rupert,1610612757,POR,39,16.2,4.1,1.4,0.335,2.0,0.7,0.359,0.6,0.5,0.76,4.0,1.6,0.8,2.4,0.6,1.7,-3.2,0.4582951420714941,0.426829268292683,2.0,3.4,0.0,0.0,0.0,0.0,0.0,0.0,0.0,0.0,0.0,0.0,0.0,0.0,0.0,0.0,0.0,0.0,,,,,,,,,,,,,,,,,,,,,,,0.1527650473571647,2023-24
1641713,GG Jackson,1610612763,MEM,48,25.7,11.7,5.0,0.428,6.0,2.1,0.357,3.2,2.4,0.752,14.6,1.2,1.4,4.1,1.1,3.0,-4.0,0.5569118095819348,0.5170940170940171,16.0,3.2,1.2,0.5,0.421,0.6,0.2,0.333,0.3,0.2,0.75,1.4,0.0,0.1,0.4,0.1,0.3,-1.9,0.5255255255255256,0.5,,,,,,,,,,,,,,,,,,,,,0.5462440304665289,2023-24
1641715,Cam Whitmore,1610612745,HOU,47,18.7,9.9,4.5,0.454,4.7,1.7,0.359,2.4,1.6,0.679,12.3,0.7,1.0,3.8,0.9,2.9,-0.6,0.5613362541073385,0.5404040404040403,7.0,3.3,1.4,0.3,0.2,0.4,0.0,0.0,0.0,0.0,0.0,0.6,0.0,0.1,0.1,0.1,0.0,-1.0,0.2142857142857143,0.2142857142857143,,,,,,,,,,,,,,,,,,,,,0.3441106416995747,2023-24
1641716,Jarace Walker,1610612754,IND,33,10.3,3.3,1.4,0.409,1.7,0.7,0.4,0.3,0.2,0.889,3.6,1.2,0.5,1.9,0.4,1.5,0.6,0.5244755244755245,0.5303030303030303,2.0,1.8,0.0,0.0,0.0,0.0,0.0,0.0,0.0,0.0,0.0,0.0,0.0,0.5,0.0,0.0,0.0,0.0,,,9.0,3.4,1.1,0.3,0.3,0.3,0.0,0.0,0.3,0.2,0.667,0.9,0.4,0.7,0.4,0.1,0.3,-2.0,0.36525974025974023,0.2727272727272727,0.27004245754245754,2023-24
1641717,Cason Wallace,1610612760,OKC,82,20.6,5.4,2.6,0.491,2.9,1.2,0.419,0.5,0.4,0.784,6.8,1.5,0.5,2.3,0.6,1.6,1.5,0.6049822064056939,0.5925925925925926,12.0,1.7,0.5,0.3,0.667,0.2,0.1,0.5,0.0,0.0,0.0,0.8,0.1,0.0,0.1,0.0,0.1,0.9,0.8,0.7,10.0,19.8,4.1,1.6,0.39,2.8,0.9,0.321,0.2,0.1,0.5,4.2,1.0,0.4,1.3,0.7,0.6,3.2,0.5014326647564471,0.5000000000000001,0.6274726260367172,2023-24
1641718,Keyonte George,1610612762,UTA,75,27.0,10.9,4.3,0.391,5.9,2.0,0.334,3.0,2.5,0.848,13.0,4.4,2.5,2.8,0.2,2.6,-5.0,0.5319148936170213,0.4862385321100917,19.0,3.7,1.9,0.7,0.361,0.9,0.4,0.444,0.8,0.6,0.733,2.4,0.5,0.7,0.6,0.1,0.6,0.8,0.5328596802841918,0.47368421052631576,,,,,,,,,,,,,,,,,,,,,0.5499759440540862,2023-24
1641722,Jordan Hawkins,1610612740,NOP,67,17.3,6.8,2.6,0.382,4.4,1.6,0.366,1.2,1.0,0.838,7.8,1.0,0.6,2.2,0.4,1.8,0.2,0.5322052401746725,0.5000000000000001,10.0,1.5,0.0,0.0,0.0,0.0,0.0,0.0,0.0,0.0,0.0,0.0,0.1,0.0,0.1,0.0,0.1,-1.5,,,3.0,3.8,1.3,0.0,0.0,1.0,0.0,0.0,0.0,0.0,0.0,0.0,0.0,0.0,0.7,0.0,0.7,0.3,0.0,0.0,0.08870087336244542,2023-24
1641723,Kobe Bufkin,1610612737,ATL,17,11.5,5.4,2.0,0.37,2.4,0.5,0.225,0.5,0.2,0.5,4.8,1.6,0.6,1.9,0.4,1.6,-2.1,0.4270462633451957,0.41666666666666663,2.0,5.1,2.0,1.5,0.75,0.5,0.0,0.0,0.0,0.0,0.0,3.0,0.0,0.0,1.0,0.5,0.5,-4.0,0.75,0.75,,,,,,,,,,,,,,,,,,,,,0.6793857914785769,2023-24
1641726,Dereck Lively II,1610612742,DAL,55,23.5,5.4,4.0,0.747,0.0,0.0,0.0,1.5,0.7,0.506,8.8,1.1,0.9,6.9,2.5,4.4,2.6,0.7260726072607261,0.7407407407407407,17.0,2.4,0.2,0.2,1.0,0.0,0.0,0.0,0.2,0.1,0.5,0.5,0.1,0.1,1.0,0.5,0.5,3.2,0.8680555555555555,1.0,21.0,22.0,4.5,3.0,0.674,0.0,0.0,1.0,2.9,1.7,0.59,7.9,1.3,1.0,7.4,2.7,4.7,4.7,0.6838642659279779,0.6666666666666666,0.7559997897289796,2023-24
1641727,Dariq Whitehead,1610612751,BKN,2,12.0,2.5,0.5,0.2,1.5,0.0,0.0,1.0,0.5,0.5,1.5,1.5,0.0,2.0,0.0,2.0,-11.0,0.25510204081632654,0.2,,,,,,,,,,,,,,,,,,,,,,,,,,,,,,,,,,,,,,,,,0.25510204081632654,2023-24
1641729,Brice Sensabaugh,1610612762,UTA,32,18.3,6.8,2.7,0.39,3.6,1.1,0.296,1.3,1.2,0.902,7.5,1.7,1.5,3.2,0.5,2.7,-5.4,0.5086814975583288,0.47794117647058826,4.0,3.0,1.0,0.3,0.25,0.3,0.0,0.0,0.0,0.0,0.0,0.5,0.3,0.5,1.3,0.5,0.8,-2.0,0.25,0.3,,,,,,,,,,,,,,,,,,,,,0.3509330482035548,2023-24
1641730,Noah Clowney,1610612751,BKN,23,16.1,4.0,2.2,0.538,1.4,0.5,0.364,1.3,0.9,0.7,5.8,0.8,0.7,3.5,1.1,2.4,-2.3,0.6342957130358705,0.6125,5.0,2.2,0.4,0.2,0.5,0.2,0.0,0.0,0.8,0.4,0.5,0.8,0.0,0.2,0.6,0.2,0.4,3.2,0.5319148936170213,0.5,,,,,,,,,,,,,,,,,,,,,0.5760418334208044,2023-24
1641731,Bilal Coulibaly,1610612764,WAS,63,27.2,6.9,3.0,0.435,2.9,1.0,0.346,2.1,1.5,0.702,8.4,1.7,1.4,4.1,0.9,3.2,-6.7,0.5368098159509203,0.5072463768115941,21.0,1.8,0.2,0.0,0.2,0.1,0.0,0.333,0.1,0.1,1.0,0.2,0.0,0.0,0.2,0.0,0.2,-2.8,0.4098360655737705,0.0,,,,,,,,,,,,,,,,,,,,,0.455059199757038,2023-24
1641733,Nick Smith Jr.,1610612766,CHA,51,14.3,5.7,2.2,0.391,2.9,1.2,0.432,0.3,0.3,0.867,5.9,1.2,0.8,1.4,0.4,1.1,-3.8,0.5058299039780522,0.4912280701754386,8.0,2.9,0.6,0.3,0.4,0.6,0.3,0.4,0.0,0.0,0.0,0.8,0.0,0.3,0.0,0.0,0.0,-1.8,0.6666666666666667,0.75,,,,,,,,,,,,,,,,,,,,,0.6235807282247555,2023-24
1641739,Toumani Camara,1610612757,POR,70,24.8,6.3,2.8,0.45,2.5,0.8,0.337,1.4,1.1,0.758,7.5,1.2,1.2,4.9,2.0,2.9,-2.7,0.5422209369577791,0.5079365079365079,23.0,3.7,0.5,0.1,0.25,0.1,0.0,0.0,0.3,0.2,0.667,0.4,0.2,0.1,0.5,0.3,0.3,-0.9,0.31645569620253167,0.2,,,,,,,,,,,,,,,,,,,,,0.399647284389529,2023-24
1641748,Andre Jackson Jr.,1610612749,MIL,57,10.0,1.8,0.9,0.5,0.8,0.3,0.37,0.2,0.1,0.727,2.2,0.9,0.5,2.0,0.8,1.2,-1.6,0.5826271186440678,0.5833333333333334,3.0,1.7,0.3,0.0,0.0,0.3,0.0,0.0,0.0,0.0,0.0,0.0,0.0,0.0,0.0,0.0,0.0,2.0,0.0,0.0,5.0,11.9,2.2,1.0,0.455,1.2,0.4,0.333,0.0,0.0,0.0,2.4,2.0,0.6,2.2,1.0,1.2,2.2,0.5454545454545454,0.5454545454545454,0.3864984591586914,2023-24
1641764,Brandin Podziemski,1610612744,GSW,74,26.6,8.1,3.7,0.454,3.2,1.2,0.385,1.1,0.7,0.633,9.2,3.7,1.2,5.8,1.6,4.2,3.6,0.5358807082945014,0.5308641975308642,30.0,1.8,0.8,0.3,0.375,0.4,0.1,0.182,0.2,0.2,0.833,0.8,0.3,0.0,0.4,0.1,0.3,-0.4,0.45045045045045046,0.43749999999999994,,,,,,,,,,,,,,,,,,,,,0.48880374627379136,2023-24
1641767,Ben Sheppard,1610612754,IND,57,14.3,4.0,1.6,0.393,2.7,0.9,0.314,0.5,0.4,0.885,4.4,0.9,0.3,1.6,0.3,1.3,1.2,0.5213270142180095,0.5125000000000001,7.0,2.5,0.6,0.3,0.5,0.4,0.1,0.333,0.0,0.0,0.0,0.7,0.0,0.0,0.4,0.0,0.4,-1.1,0.5833333333333334,0.5833333333333334,17.0,19.7,4.2,1.8,0.437,2.9,1.1,0.38,0.5,0.4,0.778,5.2,1.0,0.6,3.0,0.6,2.4,1.7,0.5882352941176471,0.5595238095238095,0.5904499272025195,2023-24
1641774,Tristan Vukcevic,1610612764,WAS,10,15.3,6.7,2.9,0.433,3.6,1.0,0.278,2.2,1.7,0.773,8.5,1.3,1.0,3.6,0.6,3.0,3.2,0.5542514345331246,0.5074626865671642,4.0,2.6,1.3,0.8,0.6,0.3,0.0,0.0,1.0,0.8,0.75,2.3,0.0,0.8,0.5,0.3,0.3,0.3,0.660919540229885,0.6153846153846154,,,,,,,,,,,,,,,,,,,,,0.6447664900693624,2023-24
1641778,Leaky Black,1610612766,CHA,26,10.9,2.0,1.0,0.481,0.8,0.3,0.45,0.6,0.4,0.667,2.7,0.9,0.2,1.8,0.3,1.5,-1.0,0.5962897526501767,0.575,3.0,1.8,0.0,0.0,0.0,0.0,0.0,0.0,0.7,0.7,1.0,0.7,0.3,0.0,0.3,0.0,0.3,5.0,1.1363636363636362,,,,,,,,,,,,,,,,,,,,,,0.9563390084591497,2023-24
1641787,Tosan Evbuomwan,1610612765,DET,17,21.6,4.2,2.1,0.507,1.9,0.7,0.375,1.5,1.0,0.68,5.9,0.9,0.5,3.5,1.1,2.5,-7.5,0.6069958847736625,0.5833333333333334,3.0,1.2,0.0,0.0,0.0,0.0,0.0,0.0,0.0,0.0,0.0,0.0,0.0,0.0,0.0,0.0,0.0,3.0,,,,,,,,,,,,,,,,,,,,,,,0.20233196159122083,2023-24
1641851,Timmy Allen,1610612763,MEM,5,25.1,4.6,1.2,0.261,1.4,0.0,0.0,0.4,0.2,0.5,2.6,1.0,0.4,3.4,0.8,2.6,-13.0,0.27219430485762147,0.2608695652173913,1.0,4.6,0.0,0.0,0.0,0.0,0.0,0.0,0.0,0.0,0.0,0.0,0.0,0.0,0.0,0.0,0.0,0.0,,,,,,,,,,,,,,,,,,,,,,,0.09073143495254049,2023-24
1641854,Craig Porter Jr.,1610612739,CLE,51,12.7,4.5,2.3,0.509,0.7,0.2,0.353,1.1,0.8,0.732,5.6,2.3,0.9,2.1,0.4,1.7,-0.5,0.5617977528089887,0.5333333333333333,4.0,2.7,1.0,0.5,0.5,0.3,0.0,0.0,0.5,0.5,1.0,1.5,0.3,0.0,0.5,0.3,0.3,-2.0,0.6147540983606558,0.5,,,,,,,,,,,,,,,,,,,,,0.6193242053940506,2023-24
1641871,Duop Reath,1610612757,POR,68,17.9,7.3,3.4,0.461,3.6,1.3,0.359,1.4,1.0,0.742,9.1,1.0,0.8,3.7,1.4,2.3,-2.8,0.5747852450732693,0.5547945205479452,10.0,2.6,0.2,0.1,0.5,0.1,0.0,0.0,0.0,0.0,0.0,0.2,0.3,0.0,0.5,0.1,0.4,0.0,0.5,0.5,,,,,,,,,,,,,,,,,,,,,0.5276681410514451,2023-24
1641877,Nathan Mensah,1610612766,CHA,25,12.3,1.1,0.5,0.429,0.0,0.0,0.0,0.5,0.4,0.75,1.3,0.4,0.6,2.6,1.2,1.4,-5.3,0.49242424242424243,0.45454545454545453,,,,,,,,,,,,,,,,,,,,,,,,,,,,,,,,,,,,,,,,,0.49242424242424243,2023-24
1641931,Onuralp Bitim,1610612741,CHI,23,11.7,3.7,1.4,0.381,1.9,0.5,0.273,0.2,0.2,0.8,3.5,0.6,0.4,1.4,0.3,1.1,-2.0,0.46198521647307283,0.4459459459459459,4.0,3.9,0.5,0.0,0.0,0.0,0.0,0.0,0.5,0.5,1.0,0.5,0.0,0.0,1.0,0.0,1.0,3.5,0.3472222222222222,0.0,,,,,,,,,,,,,,,,,,,,,0.3989900671490336,2023-24
1641970,Maozinha Pereira,1610612763,MEM,7,17.4,5.0,2.6,0.514,1.9,0.7,0.385,1.4,1.0,0.7,6.9,0.3,0.7,5.3,1.6,3.7,1.3,0.6143162393162394,0.5900000000000001,,,,,,,,,,,,,,,,,,,,,,,,,,,,,,,,,,,,,,,,,0.6143162393162394,2023-24
1641998,Trey Jemison III,1610612763,MEM,25,23.0,5.4,3.0,0.551,0.0,0.0,0.0,1.0,0.8,0.84,6.8,1.1,1.4,5.4,2.6,2.8,-4.4,0.5821917808219177,0.5555555555555555,4.0,0.8,0.0,0.0,0.0,0.0,0.0,0.0,0.0,0.0,0.0,0.0,0.0,0.0,0.3,0.0,0.3,-0.3,,,,,,,,,,,,,,,,,,,,,,,0.19406392694063923,2023-24
1642013,Malik Williams,1610612761,TOR,7,15.2,4.9,1.3,0.265,0.7,0.1,0.2,0.3,0.0,0.0,2.7,0.3,0.4,5.4,2.1,3.3,-8.0,0.2682829888712242,0.2755102040816326,1.0,4.5,1.0,0.0,0.0,0.0,0.0,0.0,0.0,0.0,0.0,0.0,0.0,0.0,4.0,0.0,4.0,-3.0,0.0,0.0,,,,,,,,,,,,,,,,,,,,,0.10983582621821592,2023-24
