PLAYER_ID,PLAYER_NAME,TEAM_ID,TEAM_ABBREVIATION,GP_REG,MIN_REG,FGA_REG,FGM_REG,FG_PCT_REG,FG3A_REG,FG3M_REG,FG3_PCT_REG,FTA_REG,FTM_REG,FT_PCT_REG,PTS_REG,AST_REG,TOV_REG,REB_REG,OREB_REG,DREB_REG,PLUS_MINUS_REG,TS_PCT_REG,EFG_PCT_REG,GP_CLU,MIN_CLU,FGA_CLU,FGM_CLU,FG_PCT_CLU,FG3A_CLU,FG3M_CLU,FG3_PCT_CLU,FTA_CLU,FTM_CLU,FT_PCT_CLU,PTS_CLU,AST_CLU,TOV_CLU,REB_CLU,OREB_CLU,DREB_CLU,PLUS_MINUS_CLU,TS_PCT_CLU,EFG_PCT_CLU,GP_PO,MIN_PO,FGA_PO,FGM_PO,FG_PCT_PO,FG3A_PO,FG3M_PO,FG3_PCT_PO,FTA_PO,FTM_PO,FT_PCT_PO,PTS_PO,AST_PO,TOV_PO,REB_PO,OREB_PO,DREB_PO,PLUS_MINUS_PO,TS_PCT_PO,EFG_PCT_PO,CLUTCH_SCORE,SEASON
2544,LeBron James,1610612747,LAL,56.0,37.2,21.8,11.4,0.524,8.0,2.9,0.359,6.0,4.5,0.756,30.3,6.2,3.5,8.2,1.1,7.1,-2.1,0.619885433715221,0.5894495412844036,31.0,4.7,2.9,1.1,0.385,1.4,0.4,0.256,1.1,0.8,0.686,3.4,0.7,0.4,0.9,0.2,0.7,-0.9,0.5023640661938534,0.4482758620689655,,,,,,,,,,,,,,,,,,,,,0.5548406076606103,2021-22
2546,Carmelo Anthony,1610612747,LAL,69.0,26.0,10.5,4.6,0.441,5.8,2.2,0.375,2.3,1.9,0.83,13.3,1.0,0.9,4.2,0.9,3.3,-1.3,0.5776580958999306,0.5428571428571428,32.0,3.8,1.1,0.4,0.412,0.7,0.3,0.435,0.3,0.2,0.778,1.4,0.0,0.1,0.5,0.1,0.4,-0.6,0.568181818181818,0.5,,,,,,,,,,,,,,,,,,,,,0.5818167678963816,2021-22
2730,Dwight Howard,1610612747,LAL,60.0,16.2,3.7,2.2,0.612,0.3,0.1,0.533,2.4,1.6,0.658,6.2,0.6,0.8,5.9,2.0,4.0,-2.1,0.6518082422203533,0.6081081081081081,5.0,1.1,0.0,0.0,0.0,0.0,0.0,0.0,0.0,0.0,0.0,0.0,0.0,0.0,0.2,0.0,0.2,-1.4,,,,,,,,,,,,,,,,,,,,,,,0.2172694140734511,2021-22
2738,Andre Iguodala,1610612744,GSW,31.0,19.4,3.9,1.5,0.38,2.4,0.5,0.23,0.6,0.5,0.75,4.0,3.7,0.9,3.2,0.7,2.5,3.7,0.48030739673390976,0.44871794871794873,11.0,2.9,0.4,0.1,0.25,0.2,0.1,0.5,0.0,0.0,0.0,0.3,0.5,0.3,0.5,0.2,0.4,0.0,0.37499999999999994,0.37500000000000006,7.0,8.8,1.3,0.6,0.444,0.4,0.1,0.333,0.4,0.3,0.667,1.6,1.7,0.6,1.0,0.4,0.6,-2.7,0.5420054200542006,0.5,0.48631035306986564,2021-22
2772,Trevor Ariza,1610612747,LAL,24.0,19.3,4.1,1.4,0.333,3.1,0.8,0.27,0.8,0.4,0.556,4.0,1.1,0.5,3.4,0.4,3.0,-2.3,0.44923629829290207,0.43902439024390244,3.0,3.7,1.0,0.7,0.667,0.7,0.3,0.5,0.7,0.3,0.5,2.0,0.3,0.0,0.7,0.0,0.7,1.0,0.764525993883792,0.85,,,,,,,,,,,,,,,,,,,,,0.6838196725833189,2021-22
101108,Chris Paul,1610612756,PHX,65.0,32.9,11.3,5.6,0.493,3.1,1.0,0.317,3.1,2.6,0.837,14.7,10.8,2.4,4.4,0.3,4.0,7.1,0.5803853442830068,0.5398230088495575,29.0,3.1,1.5,0.9,0.568,0.3,0.1,0.4,1.1,0.9,0.813,2.8,1.2,0.2,0.6,0.0,0.6,4.0,0.7056451612903225,0.6333333333333334,13.0,34.4,11.9,6.7,0.561,3.8,1.5,0.388,2.8,2.7,0.946,17.5,8.3,2.4,4.2,0.5,3.6,0.5,0.6663113006396588,0.6260504201680672,0.6783759310791159,2021-22
101150,Lou Williams,1610612737,ATL,56.0,14.3,5.7,2.2,0.391,1.8,0.7,0.363,1.4,1.2,0.859,6.3,1.9,0.8,1.6,0.3,1.3,0.3,0.4987333755541482,0.44736842105263164,5.0,0.6,0.0,0.0,0.0,0.0,0.0,0.0,0.0,0.0,0.0,0.0,0.2,0.0,0.0,0.0,0.0,1.4,,,,,,,,,,,,,,,,,,,,,,,0.1662444585180494,2021-22
200746,LaMarcus Aldridge,1610612751,BKN,47.0,22.3,9.7,5.4,0.55,1.0,0.3,0.304,2.2,1.9,0.873,12.9,0.9,0.9,5.5,1.6,3.9,0.4,0.6046119235095614,0.5721649484536083,16.0,3.5,1.3,0.6,0.45,0.0,0.0,0.0,0.8,0.7,0.846,1.8,0.2,0.0,1.1,0.6,0.6,1.9,0.5447941888619855,0.4615384615384615,,,,,,,,,,,,,,,,,,,,,0.5781354955987993,2021-22
200752,Rudy Gay,1610612762,UTA,55.0,18.9,6.9,2.9,0.414,3.7,1.3,0.345,1.4,1.1,0.785,8.1,1.0,0.9,4.4,1.0,3.4,3.3,0.538850452368281,0.5144927536231884,6.0,1.1,0.7,0.5,0.75,0.3,0.2,0.5,0.3,0.0,0.0,1.2,0.0,0.0,0.0,0.0,0.0,0.3,0.7211538461538461,0.8571428571428572,,,,,,,,,,,,,,,,,,,,,0.670530975760086,2021-22
200765,Rajon Rondo,1610612739,CLE,39.0,17.9,4.5,1.7,0.386,2.3,0.8,0.352,0.7,0.5,0.731,4.8,4.4,1.7,2.8,0.4,2.4,-2.8,0.49916805324459235,0.4666666666666667,7.0,2.5,0.6,0.1,0.25,0.4,0.1,0.333,0.1,0.1,1.0,0.6,0.1,0.1,0.3,0.0,0.3,1.1,0.4658385093167702,0.25000000000000006,,,,,,,,,,,,,,,,,,,,,0.49028169062308125,2021-22
200768,Kyle Lowry,1610612748,MIA,63.0,33.9,10.0,4.4,0.44,6.1,2.3,0.377,2.8,2.3,0.851,13.4,7.5,2.7,4.5,0.5,4.0,4.0,0.5965099715099715,0.555,26.0,3.5,1.5,0.7,0.5,0.7,0.2,0.278,0.5,0.4,0.769,2.0,0.4,0.2,0.5,0.1,0.4,0.4,0.5813953488372093,0.5333333333333333,10.0,29.5,8.6,2.5,0.291,5.4,1.3,0.241,1.9,1.5,0.789,7.8,4.7,1.9,3.6,0.3,3.3,1.6,0.4133107248834252,0.36627906976744184,0.514872140637611,2021-22
200782,P.J. Tucker,1610612748,MIA,71.0,27.9,6.0,2.9,0.484,2.7,1.1,0.415,0.9,0.6,0.738,7.6,2.1,0.9,5.5,1.4,4.0,3.2,0.5941213258286429,0.5750000000000001,26.0,3.7,0.3,0.2,0.444,0.2,0.1,0.6,0.4,0.3,0.8,0.7,0.0,0.2,0.7,0.2,0.5,-0.2,0.7352941176470588,0.8333333333333334,18.0,28.3,6.1,3.0,0.495,2.8,1.3,0.451,0.9,0.6,0.688,7.9,1.8,0.7,5.7,1.9,3.7,2.9,0.6080665024630543,0.5983606557377049,0.6531515114178206,2021-22
200794,Paul Millsap,1610612755,PHI,33.0,11.4,3.5,1.4,0.391,1.1,0.2,0.229,0.7,0.5,0.708,3.5,0.9,0.6,3.5,1.2,2.2,-0.7,0.4595588235294118,0.42857142857142855,6.0,0.7,0.0,0.0,0.0,0.0,0.0,0.0,0.0,0.0,0.0,0.0,0.0,0.0,0.0,0.0,0.0,1.7,,,1.0,5.6,0.0,0.0,0.0,0.0,0.0,0.0,0.0,0.0,0.0,0.0,1.0,0.0,1.0,0.0,1.0,-2.0,,,0.07659313725490197,2021-22
201142,Kevin Durant,1610612751,BKN,55.0,37.2,20.3,10.5,0.518,5.5,2.1,0.383,7.4,6.8,0.91,29.9,6.4,3.5,7.4,0.5,6.9,4.9,0.6346578366445915,0.5689655172413793,28.0,4.1,3.2,1.3,0.416,1.0,0.3,0.286,1.0,1.0,0.931,3.9,0.5,0.2,1.0,0.1,0.9,1.0,0.5357142857142857,0.45312499999999994,4.0,44.0,20.8,8.0,0.386,5.3,1.8,0.333,9.5,8.5,0.895,26.3,6.3,5.3,5.8,0.5,5.3,-7.8,0.5264211369095276,0.42788461538461536,0.5633218499308773,2021-22
201143,Al Horford,1610612738,BOS,69.0,29.1,8.2,3.9,0.467,3.8,1.3,0.336,1.4,1.2,0.842,10.2,3.4,0.9,7.7,1.6,6.1,5.6,0.5784936479128857,0.5548780487804879,22.0,3.1,0.7,0.3,0.375,0.3,0.1,0.429,0.0,0.0,0.0,0.7,0.2,0.0,0.6,0.0,0.5,-1.6,0.5,0.5,23.0,35.4,8.4,4.4,0.523,4.3,2.0,0.48,1.6,1.2,0.778,12.0,3.3,1.3,9.3,1.5,7.8,4.3,0.6590509666080843,0.6428571428571429,0.6011443433210024,2021-22
201144,Mike Conley,1610612762,UTA,72.0,28.6,11.0,4.8,0.435,5.8,2.3,0.408,2.3,1.8,0.796,13.7,5.3,1.7,3.0,0.7,2.4,4.8,0.5702630702630702,0.5409090909090909,34.0,3.6,1.5,0.7,0.481,0.8,0.4,0.5,0.5,0.4,0.778,2.3,0.4,0.1,0.4,0.1,0.3,0.4,0.6686046511627907,0.6,6.0,29.0,9.5,3.2,0.333,4.2,0.8,0.2,2.5,2.0,0.8,9.2,4.8,2.2,3.2,0.3,2.8,-4.3,0.43396226415094336,0.37894736842105264,0.5485295578087043,2021-22
201145,Jeff Green,1610612743,DEN,75.0,24.7,7.1,3.7,0.524,2.2,0.7,0.315,2.6,2.2,0.833,10.3,1.3,0.9,3.1,0.5,2.5,0.8,0.6246967491508977,0.5704225352112676,21.0,3.3,0.5,0.2,0.455,0.1,0.0,0.333,0.3,0.3,1.0,0.8,0.1,0.0,0.3,0.2,0.1,-0.2,0.6329113924050633,0.4,5.0,22.7,3.4,1.2,0.353,1.6,0.6,0.375,1.0,0.8,0.8,3.8,0.4,0.4,3.6,1.4,2.2,-4.8,0.4947916666666667,0.4411764705882353,0.5695246758469722,2021-22
201152,Thaddeus Young,1610612761,TOR,52.0,16.3,5.2,2.7,0.518,0.9,0.3,0.354,0.9,0.4,0.469,6.2,2.0,1.0,4.0,1.5,2.5,0.4,0.5539671193709793,0.5480769230769231,12.0,2.5,0.7,0.3,0.5,0.2,0.0,0.0,0.2,0.2,1.0,0.8,0.0,0.0,0.4,0.2,0.3,0.3,0.5076142131979696,0.4285714285714286,6.0,14.5,3.0,1.5,0.5,1.2,0.2,0.143,0.7,0.2,0.25,3.3,1.7,0.5,3.0,1.2,1.8,-1.0,0.4987908101571947,0.5333333333333333,0.5243895344987001,2021-22
201565,Derrick Rose,1610612752,NYK,26.0,24.5,10.5,4.7,0.445,3.5,1.4,0.402,1.2,1.2,0.968,12.0,4.0,1.5,3.0,0.8,2.2,3.5,0.544069640914037,0.5142857142857143,12.0,2.6,1.2,0.5,0.429,0.4,0.1,0.2,0.0,0.0,0.0,1.1,0.6,0.1,0.3,0.2,0.2,-2.3,0.45833333333333337,0.45833333333333337,,,,,,,,,,,,,,,,,,,,,0.49834067395438425,2021-22
201566,Russell Westbrook,1610612747,LAL,78.0,34.3,15.8,7.0,0.444,3.4,1.0,0.298,5.1,3.4,0.667,18.5,7.1,3.8,7.4,1.4,6.0,-2.7,0.5126357792063844,0.47468354430379744,44.0,4.1,1.8,0.8,0.43,0.3,0.1,0.2,0.6,0.4,0.64,2.0,0.7,0.4,1.0,0.3,0.6,-0.8,0.4844961240310077,0.47222222222222227,,,,,,,,,,,,,,,,,,,,,0.5052684141520366,2021-22
201567,Kevin Love,1610612739,CLE,74.0,22.5,10.3,4.4,0.43,6.4,2.5,0.392,2.7,2.2,0.838,13.6,2.2,1.3,7.2,1.2,6.1,1.3,0.5919220055710306,0.5485436893203883,16.0,1.6,0.8,0.3,0.385,0.4,0.2,0.429,0.2,0.2,1.0,1.0,0.1,0.3,0.5,0.3,0.3,-0.3,0.5630630630630631,0.5,,,,,,,,,,,,,,,,,,,,,0.580449700856227,2021-22
201568,Danilo Gallinari,1610612737,ATL,66.0,25.3,9.0,3.9,0.434,4.5,1.7,0.381,2.4,2.1,0.904,11.7,1.5,0.6,4.7,0.5,4.1,1.6,0.5817422434367541,0.5277777777777778,23.0,1.9,0.6,0.1,0.214,0.3,0.0,0.125,0.3,0.2,0.833,0.5,0.1,0.0,0.2,0.0,0.1,-0.7,0.34153005464480873,0.16666666666666669,5.0,22.3,9.0,3.6,0.4,3.0,0.8,0.267,2.2,2.2,1.0,10.2,0.8,1.0,4.2,0.4,3.8,-7.2,0.511637239165329,0.4444444444444444,0.4732856783696523,2021-22
201569,Eric Gordon,1610612745,HOU,57.0,29.3,9.9,4.7,0.475,5.3,2.2,0.412,2.4,1.8,0.778,13.4,2.7,1.9,2.0,0.3,1.7,-3.1,0.6115370573201899,0.5858585858585859,22.0,3.4,1.4,0.8,0.548,0.8,0.2,0.294,0.5,0.4,0.667,2.1,0.5,0.3,0.3,0.0,0.3,0.2,0.6481481481481483,0.6428571428571429,,,,,,,,,,,,,,,,,,,,,0.6500858653454812,2021-22
201571,D.J. Augustin,1610612747,LAL,55.0,16.1,4.0,1.7,0.423,3.0,1.2,0.415,0.8,0.7,0.884,5.3,1.9,1.0,1.2,0.2,1.0,-3.2,0.6089154411764706,0.575,5.0,1.2,0.6,0.4,0.667,0.2,0.2,1.0,0.4,0.4,1.0,1.4,0.0,0.0,0.2,0.0,0.2,3.0,0.902061855670103,0.8333333333333334,,,,,,,,,,,,,,,,,,,,,0.8193463841684755,2021-22
201572,Brook Lopez,1610612749,MIL,13.0,23.0,10.1,4.7,0.466,4.1,1.5,0.358,1.8,1.5,0.87,12.4,0.5,0.9,4.1,1.5,2.6,-0.5,0.569225119353654,0.5396039603960396,3.0,1.8,0.7,0.0,0.0,0.7,0.0,0.0,0.0,0.0,0.0,0.0,0.0,0.3,0.3,0.0,0.3,-1.7,0.0,0.0,12.0,27.7,8.5,4.2,0.49,2.3,0.5,0.214,1.9,1.8,0.913,10.6,0.7,0.9,5.9,2.3,3.7,-2.7,0.567694944301628,0.5235294117647059,0.38564901844504373,2021-22
201577,Robin Lopez,1610612753,ORL,36.0,17.0,5.5,3.1,0.553,0.2,0.1,0.333,1.5,0.9,0.593,7.1,1.5,1.2,3.5,1.9,1.6,-1.8,0.5762987012987013,0.5727272727272728,4.0,1.0,0.8,0.0,0.0,0.0,0.0,0.0,0.0,0.0,0.0,0.0,0.3,0.0,0.3,0.3,0.0,-1.0,0.0,0.0,,,,,,,,,,,,,,,,,,,,,0.20664502164237702,2021-22
201580,JaVale McGee,1610612756,PHX,74.0,15.8,6.2,3.9,0.629,0.1,0.0,0.222,2.0,1.4,0.699,9.2,0.6,1.3,6.7,2.2,4.5,1.6,0.6497175141242937,0.6290322580645161,5.0,1.6,0.8,0.6,0.75,0.0,0.0,0.0,1.0,0.8,0.8,2.0,0.2,0.0,0.2,0.2,0.0,-0.8,0.8064516129032259,0.7499999999999999,12.0,11.1,4.2,2.9,0.7,0.1,0.0,0.0,1.1,0.9,0.846,6.8,0.6,0.8,4.0,1.3,2.7,-0.6,0.7258753202391118,0.6904761904761905,0.7529443425790504,2021-22
201586,Serge Ibaka,1610612749,MIL,54.0,16.3,5.5,2.7,0.5,1.8,0.7,0.374,0.8,0.6,0.727,6.8,0.9,0.8,4.6,1.1,3.5,-1.0,0.580997949419002,0.5545454545454546,8.0,1.8,0.3,0.0,0.0,0.1,0.0,0.0,0.0,0.0,0.0,0.0,0.3,0.0,0.4,0.1,0.3,-0.5,0.0,0.0,6.0,3.7,2.7,0.7,0.25,0.5,0.0,0.0,0.3,0.2,0.5,1.5,0.0,0.3,1.7,0.3,1.3,-2.3,0.26483050847457623,0.25925925925925924,0.2347027912606755,2021-22
201587,Nicolas Batum,1610612746,LAC,59.0,24.8,6.6,3.0,0.463,4.6,1.8,0.4,0.6,0.4,0.658,8.3,1.7,0.7,4.3,0.5,3.8,-2.2,0.6046037296037297,0.5909090909090909,23.0,2.5,0.6,0.3,0.615,0.6,0.3,0.615,0.0,0.0,0.0,1.0,0.2,0.2,0.3,0.1,0.3,1.2,0.8333333333333334,0.75,,,,,,,,,,,,,,,,,,,,,0.7661810411796638,2021-22
201588,George Hill,1610612749,MIL,54.0,23.2,5.1,2.2,0.429,2.5,0.8,0.306,1.1,1.1,0.919,6.2,2.2,0.8,2.9,0.7,2.2,5.8,0.5551575931232092,0.5098039215686275,21.0,2.1,0.4,0.2,0.5,0.1,0.0,0.333,0.1,0.1,1.0,0.5,0.1,0.1,0.3,0.1,0.1,-0.3,0.5630630630630631,0.5,5.0,15.3,1.0,0.2,0.2,0.4,0.2,0.5,0.4,0.4,1.0,1.0,0.6,0.2,1.2,0.2,1.0,-6.0,0.4251700680272109,0.30000000000000004,0.5006421244751921,2021-22
201599,DeAndre Jordan,1610612755,PHI,48.0,13.0,3.0,1.9,0.643,0.0,0.0,0.0,0.8,0.5,0.55,4.3,0.4,0.8,5.5,1.7,3.8,-3.1,0.6414081145584726,0.6333333333333333,1.0,0.4,0.0,0.0,0.0,0.0,0.0,0.0,0.0,0.0,0.0,0.0,0.0,0.0,0.0,0.0,0.0,2.0,,,3.0,10.2,1.7,1.7,1.0,0.0,0.0,0.0,0.0,0.0,0.0,3.3,0.3,0.7,2.3,0.3,2.0,-10.3,0.9705882352941176,1.0,0.592195470073471,2021-22
201609,Goran Dragic,1610612751,BKN,21.0,23.7,7.2,2.7,0.377,3.0,0.8,0.254,1.6,1.3,0.818,7.5,4.1,1.6,3.1,0.6,2.5,0.3,0.4744433198380567,0.4305555555555556,12.0,2.0,0.3,0.1,0.333,0.2,0.0,0.0,0.2,0.2,1.0,0.3,0.2,0.2,0.2,0.1,0.1,0.5,0.38659793814432986,0.33333333333333337,4.0,19.8,8.0,4.5,0.563,3.0,1.0,0.333,0.5,0.5,1.0,10.5,1.5,1.3,4.5,1.5,3.0,3.0,0.6386861313868613,0.625,0.531449598380638,2021-22
201933,Blake Griffin,1610612751,BKN,56.0,17.1,5.6,2.4,0.425,2.6,0.7,0.262,1.4,1.0,0.724,6.4,1.9,0.6,4.1,1.1,3.0,-1.7,0.5148005148005149,0.4910714285714286,15.0,2.2,0.3,0.2,0.6,0.2,0.1,0.333,0.0,0.0,0.0,0.5,0.5,0.1,0.5,0.2,0.3,1.6,0.8333333333333334,0.8333333333333334,2.0,12.7,3.5,1.0,0.286,2.5,1.0,0.4,1.0,1.0,1.0,4.0,2.0,0.5,2.0,1.0,1.0,3.0,0.5076142131979695,0.42857142857142855,0.6227421130330347,2021-22
201935,James Harden,1610612755,PHI,65.0,37.2,15.3,6.3,0.41,6.9,2.3,0.33,8.2,7.2,0.877,22.0,10.3,4.4,7.7,0.8,6.8,2.7,0.5817643325576475,0.48692810457516333,33.0,3.6,1.3,0.5,0.372,0.6,0.1,0.158,1.5,1.2,0.76,2.2,0.6,0.3,0.6,0.1,0.5,1.0,0.5612244897959184,0.4230769230769231,12.0,39.9,13.2,5.3,0.405,6.3,2.3,0.368,6.3,5.6,0.893,18.6,8.6,4.2,5.7,0.9,4.8,1.4,0.5822689706987229,0.4886363636363636,0.583666769399864,2021-22
201937,Ricky Rubio,1610612754,IND,34.0,28.5,12.1,4.4,0.363,5.1,1.7,0.339,3.0,2.6,0.854,13.1,6.6,2.6,4.1,0.4,3.7,5.4,0.4880774962742176,0.43388429752066116,13.0,3.1,1.2,0.2,0.188,0.8,0.1,0.1,0.7,0.4,0.556,0.9,0.3,0.2,0.5,0.2,0.3,-1.0,0.2984084880636605,0.20833333333333334,,,,,,,,,,,,,,,,,,,,,0.3715488461715941,2021-22
201939,Stephen Curry,1610612744,GSW,64.0,34.5,19.1,8.4,0.437,11.7,4.5,0.38,4.7,4.3,0.923,25.5,6.3,3.2,5.2,0.5,4.7,8.0,0.6023242630385487,0.5575916230366492,29.0,3.4,2.6,0.9,0.36,1.3,0.2,0.179,0.7,0.6,0.9,2.7,0.6,0.2,0.6,0.0,0.6,0.1,0.46423658872077034,0.3846153846153846,22.0,34.7,20.0,9.2,0.459,10.4,4.1,0.397,5.9,4.9,0.829,27.4,5.9,2.6,5.2,0.5,4.7,5.5,0.6063020003540449,0.5625,0.5718964723680174,2021-22
201942,DeMar DeRozan,1610612741,CHI,76.0,36.1,20.2,10.2,0.504,1.9,0.7,0.352,7.8,6.8,0.877,27.9,4.9,2.4,5.2,0.7,4.4,1.0,0.5903012863913338,0.5222772277227723,38.0,3.4,2.3,1.2,0.535,0.1,0.1,0.5,1.9,1.7,0.887,4.1,0.4,0.2,0.7,0.1,0.6,1.4,0.6536989795918368,0.5434782608695653,5.0,40.7,19.0,7.8,0.411,1.8,0.0,0.0,6.0,5.2,0.867,20.8,4.8,2.2,5.4,0.2,5.2,-13.0,0.4805914972273567,0.4105263157894737,0.5679650948228107,2021-22
201949,James Johnson,1610612751,BKN,62.0,19.2,5.0,2.3,0.469,1.4,0.4,0.271,0.9,0.5,0.527,5.5,2.1,0.8,3.5,0.8,2.6,-1.0,0.5096367679762788,0.5,18.0,3.8,0.8,0.3,0.429,0.3,0.1,0.2,0.4,0.3,0.625,1.0,0.5,0.1,0.8,0.2,0.7,0.2,0.5122950819672131,0.43749999999999994,,,,,,,,,,,,,,,,,,,,,0.5274089773003683,2021-22
201950,Jrue Holiday,1610612749,MIL,67.0,32.9,14.2,7.1,0.501,4.8,2.0,0.411,2.7,2.0,0.761,18.3,6.8,2.7,4.5,1.0,3.5,6.4,0.5946191837795686,0.5704225352112676,33.0,3.1,1.5,0.7,0.5,0.5,0.2,0.353,0.5,0.3,0.688,2.0,0.4,0.2,0.8,0.2,0.6,2.0,0.5813953488372093,0.5333333333333333,12.0,38.6,19.6,7.4,0.379,6.6,2.1,0.316,2.6,2.2,0.839,19.1,6.5,2.8,5.6,1.0,4.6,1.8,0.4603740840725029,0.43112244897959184,0.5336520692261956,2021-22
201954,Darren Collison,1610612747,LAL,3.0,12.4,2.3,0.7,0.286,1.0,0.0,0.0,0.0,0.0,0.0,1.3,0.7,0.3,1.3,0.0,1.3,-4.7,0.28260869565217395,0.30434782608695654,,,,,,,,,,,,,,,,,,,,,,,,,,,,,,,,,,,,,,,,,0.28260869565217395,2021-22
201959,Taj Gibson,1610612752,NYK,52.0,18.2,3.2,1.7,0.518,0.7,0.3,0.395,1.0,0.8,0.808,4.4,0.6,0.5,4.4,1.7,2.7,0.8,0.6043956043956045,0.5781249999999999,14.0,2.0,0.2,0.1,0.667,0.0,0.0,0.0,0.0,0.0,0.0,0.3,0.1,0.1,0.2,0.1,0.1,-0.3,0.7499999999999999,0.5,,,,,,,,,,,,,,,,,,,,,0.7077152014632482,2021-22
201961,Wayne Ellington,1610612747,LAL,43.0,18.8,5.5,2.3,0.414,4.9,1.9,0.389,0.3,0.2,0.818,6.7,0.7,0.4,1.8,0.2,1.6,-1.4,0.5948153409090909,0.5909090909090909,10.0,3.0,0.6,0.2,0.333,0.6,0.2,0.333,0.0,0.0,0.0,0.6,0.3,0.0,0.3,0.1,0.2,2.3,0.5,0.5000000000000001,,,,,,,,,,,,,,,,,,,,,0.5425142045434711,2021-22
201976,Patrick Beverley,1610612750,MIN,58.0,25.4,7.5,3.1,0.406,4.2,1.4,0.343,2.3,1.7,0.722,9.2,4.6,1.3,4.1,1.1,3.1,1.9,0.5404135338345863,0.5066666666666666,25.0,2.6,0.6,0.3,0.5,0.2,0.1,0.5,0.6,0.3,0.5,1.0,0.2,0.0,0.6,0.2,0.4,1.0,0.5787037037037037,0.5833333333333334,6.0,32.3,8.2,3.5,0.429,4.3,1.5,0.346,3.7,2.5,0.682,11.0,4.8,2.0,3.2,0.7,2.5,-4.2,0.5596255596255597,0.5182926829268293,0.5707829366853788,2021-22
201980,Danny Green,1610612755,PHI,62.0,21.8,5.2,2.0,0.394,4.4,1.7,0.38,0.2,0.2,0.786,5.9,1.0,0.7,2.5,0.5,2.0,1.3,0.5578668683812406,0.5480769230769231,21.0,2.6,0.7,0.3,0.429,0.6,0.3,0.462,0.0,0.0,0.0,0.9,0.1,0.1,0.3,0.1,0.2,-0.1,0.6428571428571429,0.6428571428571428,12.0,26.6,7.4,3.0,0.404,6.3,2.6,0.408,0.1,0.0,0.0,8.6,0.8,1.1,3.1,0.8,2.3,2.5,0.5776464266523375,0.581081081081081,0.6095482774677061,2021-22
201988,Patty Mills,1610612751,BKN,81.0,29.0,9.8,4.0,0.408,7.0,2.8,0.4,0.7,0.6,0.814,11.4,2.3,0.9,1.9,0.2,1.7,1.4,0.5639097744360902,0.5510204081632653,36.0,3.1,0.8,0.4,0.481,0.5,0.2,0.389,0.1,0.1,0.75,1.0,0.1,0.1,0.4,0.1,0.3,1.1,0.5924170616113743,0.625,4.0,18.1,4.0,2.3,0.563,3.3,1.8,0.538,0.0,0.0,0.0,6.3,0.0,0.3,1.0,0.0,1.0,0.5,0.7875,0.7999999999999999,0.6933705815817626,2021-22
202066,Garrett Temple,1610612740,NOP,59.0,18.6,5.0,1.9,0.376,3.1,1.0,0.319,0.7,0.5,0.683,5.2,1.3,0.7,2.4,0.5,1.9,-5.5,0.4898266767143934,0.48,15.0,1.4,0.2,0.1,0.667,0.2,0.1,0.667,0.0,0.0,0.0,0.4,0.1,0.0,0.0,0.0,0.0,-1.5,1.0,0.7500000000000001,1.0,1.9,0.0,0.0,0.0,0.0,0.0,0.0,0.0,0.0,0.0,0.0,0.0,0.0,1.0,0.0,1.0,-2.0,,,0.4189711127849322,2021-22
202083,Wesley Matthews,1610612749,MIL,49.0,20.5,4.5,1.8,0.395,3.2,1.1,0.338,0.6,0.4,0.786,5.1,0.7,0.4,1.9,0.6,1.3,2.8,0.5352644836272039,0.5222222222222223,18.0,2.7,0.4,0.2,0.5,0.4,0.2,0.429,0.0,0.0,0.0,0.6,0.1,0.0,0.2,0.1,0.2,0.2,0.7499999999999999,0.7500000000000001,12.0,28.7,5.3,2.1,0.391,3.8,1.5,0.4,0.8,0.5,0.667,6.2,1.2,0.5,3.1,0.8,2.3,0.7,0.5484784147204529,0.5377358490566038,0.6223388435183406,2021-22
202324,Derrick Favors,1610612760,OKC,39.0,16.7,4.7,2.4,0.516,0.4,0.1,0.125,0.6,0.4,0.64,5.3,0.6,0.2,4.7,1.5,3.2,-3.7,0.5338436744560837,0.5212765957446808,7.0,1.9,0.6,0.6,1.0,0.0,0.0,0.0,0.0,0.0,0.0,1.1,0.1,0.0,0.4,0.1,0.3,3.1,0.9166666666666667,1.0,,,,,,,,,,,,,,,,,,,,,0.8018249600405647,2021-22
202326,DeMarcus Cousins,1610612743,DEN,48.0,14.9,6.8,3.1,0.46,2.5,0.8,0.303,2.6,2.0,0.76,9.0,1.5,1.8,5.6,1.5,4.1,0.8,0.5664652567975831,0.5147058823529412,2.0,0.3,0.0,0.0,0.0,0.0,0.0,0.0,0.0,0.0,0.0,0.0,0.0,0.0,0.0,0.0,0.0,1.0,,,5.0,11.4,5.8,3.8,0.655,1.2,0.8,0.667,3.0,2.2,0.733,10.6,1.2,1.4,3.4,0.6,2.8,0.6,0.7443820224719101,0.7241379310344828,0.4666018873688856,2021-22
202328,Greg Monroe,1610612750,MIN,14.0,13.9,4.1,2.3,0.561,0.0,0.0,0.0,1.6,0.9,0.522,5.4,1.6,0.9,4.6,2.1,2.4,0.4,0.5620316402997503,0.5609756097560976,2.0,1.5,0.0,0.0,0.0,0.0,0.0,0.0,0.0,0.0,0.0,0.0,0.0,0.0,0.5,0.0,0.5,-3.5,,,2.0,3.6,2.5,1.0,0.4,0.0,0.0,0.0,0.0,0.0,0.0,2.0,0.5,0.5,1.0,0.5,0.5,-1.5,0.4,0.4,0.2936719400499584,2021-22
202330,Gordon Hayward,1610612766,CHA,49.0,31.9,12.6,5.8,0.459,4.5,1.8,0.391,3.0,2.6,0.846,15.9,3.6,1.7,4.6,0.8,3.8,-0.4,0.5711206896551724,0.5317460317460317,20.0,3.7,1.3,0.3,0.24,0.3,0.2,0.6,0.4,0.4,0.875,1.1,0.5,0.2,0.3,0.1,0.2,-0.8,0.3726287262872629,0.3076923076923077,,,,,,,,,,,,,,,,,,,,,0.4491101743932075,2021-22
202331,Paul George,1610612746,LAC,31.0,34.8,20.5,8.6,0.421,8.3,2.9,0.354,4.8,4.1,0.858,24.3,5.7,4.1,6.9,0.4,6.5,3.0,0.5373253139925703,0.4902439024390243,14.0,3.1,1.9,0.9,0.481,0.8,0.3,0.364,0.6,0.6,1.0,2.8,0.7,0.1,1.0,0.1,0.9,2.3,0.6469500924214419,0.5526315789473685,,,,,,,,,,,,,,,,,,,,,0.6196767922942928,2021-22
202339,Eric Bledsoe,1610612757,POR,54.0,25.2,8.7,3.6,0.421,3.0,0.9,0.313,2.2,1.6,0.761,9.9,4.2,2.1,3.4,0.5,2.9,-0.7,0.5119983450558544,0.4655172413793104,13.0,2.6,0.9,0.3,0.333,0.2,0.1,0.333,0.5,0.3,0.667,1.0,0.2,0.0,0.1,0.0,0.1,0.2,0.4464285714285714,0.38888888888888884,,,,,,,,,,,,,,,,,,,,,0.4786299902226835,2021-22
202340,Avery Bradley,1610612747,LAL,62.0,22.7,5.6,2.4,0.423,3.4,1.3,0.39,0.3,0.3,0.889,6.4,0.8,0.6,2.2,0.5,1.7,-2.9,0.5582693649685975,0.5446428571428571,26.0,3.0,0.5,0.2,0.5,0.3,0.2,0.5,0.1,0.1,1.0,0.7,0.0,0.1,0.3,0.0,0.3,-0.8,0.6433823529411764,0.6000000000000001,,,,,,,,,,,,,,,,,,,,,0.6239399283772937,2021-22
202355,Hassan Whiteside,1610612762,UTA,65.0,17.9,5.1,3.3,0.652,0.0,0.0,0.0,2.6,1.6,0.623,8.2,0.4,0.8,7.6,2.6,5.0,3.5,0.6566303651505445,0.6470588235294118,10.0,0.5,0.3,0.2,0.667,0.0,0.0,0.0,0.0,0.0,0.0,0.4,0.0,0.1,0.1,0.1,0.0,-1.1,0.6666666666666667,0.6666666666666667,6.0,10.9,2.0,0.8,0.417,0.0,0.0,0.0,0.7,0.2,0.25,1.8,0.0,0.0,5.2,1.3,3.8,-3.3,0.38994800693240905,0.4,0.5325169728202073,2021-22
202357,Nemanja Bjelica,1610612744,GSW,71.0,16.1,4.8,2.3,0.468,2.1,0.8,0.362,1.1,0.8,0.728,6.1,2.2,1.2,4.1,0.9,3.3,1.8,0.5772142316426949,0.5625,8.0,0.7,0.4,0.1,0.333,0.4,0.1,0.333,0.0,0.0,0.0,0.4,0.0,0.0,0.3,0.0,0.3,0.3,0.5,0.37500000000000006,15.0,10.0,2.3,1.2,0.529,0.5,0.2,0.375,0.5,0.3,0.571,2.9,1.1,0.5,2.1,0.4,1.7,-1.1,0.5753968253968254,0.5652173913043479,0.5589007846371258,2021-22
202362,Lance Stephenson,1610612754,IND,46.0,17.7,7.0,3.2,0.455,2.0,0.6,0.3,1.7,1.4,0.788,8.3,3.6,1.6,2.8,0.3,2.5,-2.5,0.5356220960247806,0.5,7.0,4.1,1.6,0.3,0.182,0.9,0.3,0.333,0.1,0.1,1.0,1.0,0.6,0.0,0.6,0.1,0.4,-2.7,0.3041362530413625,0.28124999999999994,,,,,,,,,,,,,,,,,,,,,0.40415534355637944,2021-22
202397,Ish Smith,1610612764,WAS,65.0,17.3,6.6,2.8,0.43,1.0,0.4,0.373,0.4,0.2,0.625,6.3,3.8,1.2,2.2,0.4,1.8,-2.4,0.46487603305785125,0.4545454545454546,10.0,2.3,1.0,0.5,0.5,0.3,0.1,0.333,0.2,0.1,0.5,1.2,0.3,0.0,0.5,0.0,0.5,3.9,0.551470588235294,0.55,,,,,,,,,,,,,,,,,,,,,0.5377572516586991,2021-22
202681,Kyrie Irving,1610612751,BKN,29.0,37.6,21.2,10.0,0.469,8.2,3.4,0.418,4.4,4.1,0.915,27.4,5.8,2.5,4.4,0.6,3.8,4.2,0.5921507607192255,0.5518867924528301,15.0,3.5,2.1,0.7,0.355,0.8,0.2,0.25,1.1,1.0,0.882,2.7,0.5,0.1,0.4,0.1,0.3,0.3,0.5224458204334366,0.38095238095238093,4.0,42.6,15.8,7.0,0.444,5.3,2.0,0.381,5.3,5.3,1.0,21.3,5.3,2.3,5.3,1.5,3.8,-2.3,0.587359364659166,0.5063291139240506,0.576425742970824,2021-22
202683,Enes Freedom,1610612738,BOS,35.0,11.8,2.8,1.5,0.526,0.1,0.1,0.4,0.8,0.7,0.857,3.7,0.2,0.6,4.6,1.7,2.8,2.0,0.5869289340101523,0.5535714285714286,3.0,1.9,0.3,0.3,1.0,0.0,0.0,0.0,0.7,0.3,0.5,1.0,0.0,0.0,0.7,0.3,0.3,-2.0,0.8223684210526316,1.0,,,,,,,,,,,,,,,,,,,,,0.754602877748931,2021-22
202684,Tristan Thompson,1610612741,CHI,57.0,15.7,4.7,2.5,0.528,0.1,0.0,0.333,2.0,1.1,0.526,6.0,0.6,0.8,5.1,2.1,2.9,-1.1,0.5376344086021505,0.5319148936170213,7.0,2.2,0.7,0.3,0.4,0.0,0.0,0.0,0.0,0.0,0.0,0.6,0.1,0.0,0.7,0.6,0.1,-1.3,0.4285714285714286,0.4285714285714286,5.0,7.6,1.0,0.4,0.4,0.0,0.0,0.0,0.0,0.0,0.0,0.8,0.4,1.0,1.6,0.4,1.2,-6.0,0.4,0.4,0.4473564946422757,2021-22
202685,Jonas Valančiūnas,1610612740,NOP,74.0,30.3,12.7,6.9,0.544,2.1,0.8,0.361,3.9,3.2,0.82,17.8,2.6,2.4,11.4,3.1,8.3,0.9,0.6173695893451722,0.5748031496062993,28.0,3.5,1.0,0.6,0.667,0.0,0.0,1.0,0.6,0.5,0.938,1.9,0.4,0.3,1.1,0.5,0.6,0.3,0.7515822784810127,0.6,6.0,29.1,11.3,5.5,0.485,1.0,0.2,0.167,4.3,3.3,0.769,14.5,3.0,2.0,14.3,5.5,8.8,-2.5,0.5495755003032141,0.495575221238938,0.6360841236168849,2021-22
202687,Bismack Biyombo,1610612756,PHX,36.0,14.1,4.0,2.4,0.593,0.0,0.0,0.0,2.0,1.1,0.535,5.8,0.6,0.7,4.6,1.8,2.9,1.4,0.5942622950819673,0.6,10.0,1.4,0.4,0.4,1.0,0.0,0.0,0.0,0.7,0.4,0.571,1.2,0.2,0.1,0.2,0.2,0.0,1.4,0.847457627118644,1.0,9.0,9.5,1.9,1.2,0.647,0.0,0.0,0.0,0.7,0.3,0.5,2.8,0.6,0.7,2.1,0.9,1.2,1.7,0.6340579710144928,0.631578947368421,0.7085585770579557,2021-22
202688,Brandon Knight,1610612742,DAL,5.0,12.9,5.0,2.0,0.4,3.4,0.8,0.235,1.6,1.6,1.0,6.4,1.6,0.8,1.6,0.0,1.6,-1.2,0.5610098176718094,0.48,1.0,3.0,0.0,0.0,0.0,0.0,0.0,0.0,0.0,0.0,0.0,0.0,2.0,0.0,0.0,0.0,0.0,-3.0,,,,,,,,,,,,,,,,,,,,,,,0.18700327255726978,2021-22
202689,Kemba Walker,1610612752,NYK,37.0,25.6,10.0,4.0,0.403,5.4,2.0,0.367,1.9,1.6,0.845,11.6,3.5,1.3,3.0,0.4,2.6,-4.9,0.5352528608342562,0.5,11.0,2.5,1.3,0.2,0.143,0.6,0.2,0.286,0.2,0.2,1.0,0.7,0.5,0.2,0.6,0.2,0.5,-1.0,0.2521613832853026,0.23076923076923078,,,,,,,,,,,,,,,,,,,,,0.35952520913365377,2021-22
202691,Klay Thompson,1610612744,GSW,32.0,29.4,17.9,7.7,0.429,9.3,3.6,0.385,1.6,1.4,0.902,20.4,2.8,1.3,3.9,0.5,3.4,2.1,0.5482691894216297,0.5307262569832403,16.0,3.5,1.7,0.6,0.333,1.3,0.3,0.25,0.1,0.1,1.0,1.6,0.2,0.1,0.4,0.0,0.4,-0.8,0.45871559633027525,0.4411764705882353,22.0,36.0,16.7,7.2,0.429,9.1,3.5,0.385,1.4,1.2,0.867,19.0,2.3,1.3,3.9,0.3,3.6,1.9,0.5486255486255487,0.5359281437125748,0.528093378029851,2021-22
202692,Alec Burks,1610612752,NYK,81.0,28.6,9.0,3.5,0.391,4.8,1.9,0.404,3.3,2.7,0.822,11.7,3.0,1.1,4.9,0.6,4.3,1.5,0.5597014925373134,0.49444444444444446,41.0,2.8,1.0,0.3,0.302,0.5,0.2,0.35,0.2,0.2,0.8,1.0,0.4,0.1,0.3,0.0,0.3,-2.7,0.45955882352941174,0.4,,,,,,,,,,,,,,,,,,,,,0.5040508243085888,2021-22
202693,Markieff Morris,1610612748,MIA,17.0,17.5,6.7,3.2,0.474,2.3,0.8,0.333,0.5,0.5,0.889,7.6,1.4,1.2,2.6,1.0,1.6,1.1,0.5491329479768786,0.5373134328358209,1.0,0.4,1.0,0.0,0.0,1.0,0.0,0.0,0.0,0.0,0.0,0.0,0.0,0.0,0.0,0.0,0.0,0.0,0.0,0.0,1.0,3.5,1.0,0.0,0.0,0.0,0.0,0.0,0.0,0.0,0.0,0.0,0.0,1.0,1.0,0.0,1.0,2.0,0.0,0.0,0.10644753112824712,2021-22
202694,Marcus Morris Sr.,1610612746,LAC,54.0,29.0,12.8,5.6,0.434,5.1,1.9,0.367,2.7,2.4,0.872,15.4,2.1,1.3,4.4,0.5,3.9,-2.6,0.550471832999714,0.51171875,24.0,3.7,1.1,0.5,0.462,0.6,0.3,0.4,0.6,0.4,0.714,1.7,0.1,0.2,0.3,0.1,0.2,0.8,0.6231671554252198,0.5909090909090908,,,,,,,,,,,,,,,,,,,,,0.6075291312827131,2021-22
202696,Nikola Vučević,1610612741,CHI,73.0,33.1,15.8,7.5,0.473,4.5,1.4,0.314,1.7,1.3,0.76,17.6,3.2,1.9,11.0,1.9,9.1,-0.7,0.531786318588349,0.5189873417721518,36.0,3.3,1.1,0.5,0.474,0.5,0.1,0.176,0.3,0.2,0.727,1.3,0.0,0.2,0.9,0.2,0.8,1.6,0.5275974025974025,0.5,5.0,36.2,18.2,8.0,0.44,8.4,2.6,0.31,1.0,0.8,0.8,19.4,3.2,1.6,12.4,2.8,9.6,-7.8,0.5203862660944205,0.5109890109890111,0.5316520123270844,2021-22
202699,Tobias Harris,1610612755,PHI,73.0,34.8,14.0,6.8,0.482,3.8,1.4,0.367,2.8,2.3,0.842,17.2,3.5,1.6,6.8,1.1,5.7,2.3,0.5646008403361344,0.5357142857142857,38.0,4.0,1.1,0.4,0.35,0.3,0.1,0.273,0.5,0.4,0.789,1.2,0.2,0.1,0.8,0.2,0.6,-0.1,0.45454545454545453,0.40909090909090906,12.0,38.8,13.5,6.8,0.5,4.8,1.8,0.386,1.8,1.6,0.864,16.9,2.9,1.5,7.6,0.8,6.8,-0.9,0.5912398544640358,0.5703703703703704,0.5490923616597735,2021-22
202704,Reggie Jackson,1610612746,LAC,75.0,31.2,16.3,6.4,0.392,6.8,2.2,0.326,2.2,1.8,0.847,16.8,4.8,2.3,3.6,0.5,3.1,-0.9,0.4864489228630994,0.460122699386503,36.0,3.4,2.1,0.9,0.44,0.7,0.2,0.333,1.1,0.9,0.805,3.0,0.8,0.2,0.4,0.1,0.3,1.0,0.5804953560371516,0.47619047619047616,,,,,,,,,,,,,,,,,,,,,0.5620299805611658,2021-22
202709,Cory Joseph,1610612765,DET,65.0,24.6,6.2,2.7,0.445,2.4,1.0,0.414,1.7,1.5,0.885,8.0,3.6,1.3,2.7,0.4,2.2,-3.1,0.5757052389176741,0.5161290322580645,27.0,2.8,0.7,0.3,0.444,0.4,0.1,0.4,0.1,0.1,1.0,0.9,0.1,0.1,0.3,0.1,0.3,-1.4,0.6048387096774194,0.5,,,,,,,,,,,,,,,,,,,,,0.6064178753363284,2021-22
202710,Jimmy Butler III,1610612748,MIA,57.0,33.9,14.5,7.0,0.48,2.0,0.5,0.233,8.0,6.9,0.87,21.4,5.5,2.1,5.9,1.8,4.1,4.3,0.5937846836847946,0.5,23.0,4.0,2.2,0.7,0.314,0.5,0.0,0.083,0.8,0.7,0.833,2.1,0.5,0.3,0.3,0.0,0.3,0.6,0.4114420062695925,0.3181818181818181,17.0,37.0,19.3,9.8,0.506,4.0,1.4,0.338,7.8,6.5,0.841,27.4,4.6,1.5,7.4,2.4,4.9,5.6,0.6026746436741157,0.544041450777202,0.5526211849997782,2021-22
202711,Bojan Bogdanovic,1610612762,UTA,69.0,30.9,13.4,6.1,0.455,6.8,2.6,0.387,3.8,3.2,0.858,18.1,1.7,1.7,4.3,0.8,3.4,3.2,0.6004511677282378,0.5522388059701492,34.0,3.5,1.2,0.5,0.405,1.0,0.3,0.333,0.4,0.3,0.769,1.6,0.0,0.0,0.4,0.0,0.4,0.6,0.5813953488372093,0.5416666666666667,6.0,35.7,13.5,6.5,0.481,5.5,1.8,0.333,4.0,3.2,0.792,18.0,1.7,2.0,4.2,0.5,3.7,-7.5,0.5897771952817824,0.5481481481481482,0.5977174657545961,2021-22
202722,Davis Bertans,1610612742,DAL,56.0,14.4,4.9,1.8,0.36,4.1,1.4,0.335,0.7,0.6,0.9,5.6,0.6,0.3,2.1,0.2,1.9,0.5,0.5376344086021505,0.5102040816326531,5.0,1.3,0.8,0.2,0.25,0.8,0.2,0.25,0.4,0.4,1.0,1.0,0.0,0.0,0.4,0.0,0.4,4.0,0.5122950819672131,0.37500000000000006,18.0,10.7,3.1,1.2,0.4,2.8,1.1,0.373,0.7,0.6,0.833,4.1,0.3,0.2,1.4,0.2,1.2,0.7,0.6015258215962441,0.564516129032258,0.5774602034964644,2021-22
202738,Isaiah Thomas,1610612766,CHA,22.0,15.2,7.6,3.0,0.401,3.8,1.3,0.337,1.2,1.0,0.846,8.4,1.5,0.7,1.3,0.2,1.1,-0.5,0.5167322834645669,0.48026315789473684,3.0,1.7,0.7,0.0,0.0,0.3,0.0,0.0,0.0,0.0,0.0,0.0,0.3,0.0,0.0,0.0,0.0,1.7,0.0,0.0,,,,,,,,,,,,,,,,,,,,,0.18145462080276653,2021-22
202954,Brad Wanamaker,1610612764,WAS,23.0,13.9,3.3,1.2,0.364,0.7,0.2,0.235,1.1,1.0,0.92,3.6,2.4,1.0,1.7,0.3,1.4,-1.9,0.4756871035940804,0.393939393939394,1.0,0.4,0.0,0.0,0.0,0.0,0.0,0.0,0.0,0.0,0.0,0.0,0.0,0.0,0.0,0.0,0.0,-1.0,,,,,,,,,,,,,,,,,,,,,,,0.15856236786469347,2021-22
203076,Anthony Davis,1610612747,LAL,40.0,35.1,17.4,9.3,0.532,1.8,0.3,0.186,6.1,4.4,0.713,23.2,3.1,2.1,9.9,2.7,7.2,-2.3,0.5775741884086836,0.5431034482758622,23.0,5.0,2.1,1.1,0.542,0.3,0.0,0.0,1.0,0.7,0.708,3.0,0.5,0.1,1.8,0.6,1.2,0.0,0.5905511811023622,0.5238095238095238,,,,,,,,,,,,,,,,,,,,,0.5982944823876838,2021-22
203078,Bradley Beal,1610612764,WAS,40.0,36.0,19.3,8.7,0.451,5.3,1.6,0.3,5.1,4.2,0.833,23.2,6.6,3.4,4.7,1.0,3.8,-2.6,0.5384329743780171,0.49222797927461137,18.0,4.2,2.3,0.9,0.415,0.6,0.1,0.2,1.1,0.9,0.895,2.9,0.9,0.7,0.8,0.2,0.7,1.9,0.5208333333333334,0.4130434782608696,,,,,,,,,,,,,,,,,,,,,0.5386169787932062,2021-22
203081,Damian Lillard,1610612757,POR,29.0,36.4,19.0,7.7,0.402,9.8,3.2,0.324,6.2,5.5,0.878,24.0,7.3,2.9,4.1,0.4,3.7,-1.0,0.5522827687776141,0.48947368421052634,12.0,3.7,2.5,0.7,0.267,1.4,0.3,0.176,1.0,0.8,0.833,2.4,0.6,0.3,0.9,0.3,0.7,-1.3,0.40816326530612246,0.33999999999999997,,,,,,,,,,,,,,,,,,,,,0.4693609945327692,2021-22
203082,Terrence Ross,1610612753,ORL,63.0,23.0,8.8,3.5,0.397,4.2,1.2,0.292,2.1,1.8,0.862,10.0,1.8,1.2,2.6,0.3,2.2,-5.5,0.5141916906622789,0.46590909090909083,15.0,2.4,0.8,0.3,0.333,0.5,0.1,0.143,1.1,1.1,0.941,1.7,0.0,0.0,0.3,0.1,0.2,-1.2,0.661993769470405,0.43749999999999994,,,,,,,,,,,,,,,,,,,,,0.6218173189575723,2021-22
203083,Andre Drummond,1610612751,BKN,73.0,19.7,5.9,3.4,0.57,0.0,0.0,0.0,2.2,1.2,0.524,7.9,1.8,1.6,9.3,3.1,6.2,0.5,0.5751310425160163,0.5762711864406779,15.0,2.8,0.7,0.5,0.636,0.0,0.0,0.0,0.7,0.3,0.455,1.3,0.0,0.1,1.7,0.9,0.7,-0.1,0.6448412698412699,0.7142857142857143,4.0,15.0,2.8,1.5,0.545,0.0,0.0,0.0,1.3,0.8,0.6,3.8,0.8,1.5,3.0,0.8,2.3,-6.3,0.5634638196915777,0.5357142857142857,0.6043985803231983,2021-22
203084,Harrison Barnes,1610612758,SAC,77.0,33.6,10.8,5.1,0.469,4.7,1.8,0.394,5.4,4.4,0.826,16.4,2.4,1.5,5.6,1.1,4.5,-4.9,0.6223436551305402,0.5555555555555555,34.0,3.4,1.3,0.5,0.386,0.4,0.2,0.4,0.5,0.5,0.941,1.6,0.1,0.2,0.4,0.1,0.3,-0.9,0.5263157894736842,0.4615384615384615,,,,,,,,,,,,,,,,,,,,,0.570362115061892,2021-22
203085,Austin Rivers,1610612743,DEN,67.0,22.1,5.2,2.2,0.417,3.4,1.2,0.342,0.7,0.5,0.727,6.0,1.3,0.8,1.7,0.3,1.4,0.8,0.5446623093681917,0.5384615384615385,25.0,2.8,0.6,0.2,0.375,0.4,0.1,0.3,0.0,0.0,0.0,0.6,0.0,0.1,0.2,0.0,0.2,0.8,0.5,0.4166666666666667,5.0,21.7,3.6,1.6,0.444,2.4,0.8,0.333,0.2,0.2,1.0,4.2,1.2,0.8,0.6,0.0,0.6,-1.6,0.56941431670282,0.5555555555555556,0.5536893381156845,2021-22
203087,Jeremy Lamb,1610612758,SAC,56.0,16.7,6.2,2.4,0.383,3.0,1.0,0.324,1.9,1.6,0.84,7.3,1.4,0.7,2.8,0.5,2.3,0.4,0.5187606594656055,0.46774193548387094,12.0,2.0,0.8,0.3,0.3,0.3,0.1,0.25,0.6,0.3,0.429,0.8,0.0,0.1,0.6,0.1,0.5,1.5,0.37593984962406013,0.43749999999999994,,,,,,,,,,,,,,,,,,,,,0.43645001204227896,2021-22
203090,Maurice Harkless,1610612758,SAC,47.0,18.4,3.9,1.8,0.459,2.1,0.7,0.307,0.6,0.4,0.714,4.6,0.5,0.7,2.4,0.3,2.1,-1.9,0.5523535062439962,0.5512820512820513,9.0,0.7,0.0,0.0,0.0,0.0,0.0,0.0,0.0,0.0,0.0,0.0,0.0,0.0,0.0,0.0,0.0,-1.7,,,,,,,,,,,,,,,,,,,,,,,0.1841178354146654,2021-22
203095,Evan Fournier,1610612752,NYK,80.0,29.5,12.1,5.0,0.417,7.7,3.0,0.389,1.4,1.0,0.708,14.1,2.1,1.3,2.6,0.4,2.2,-1.2,0.5544196288140925,0.5371900826446281,27.0,3.4,1.6,0.6,0.349,1.1,0.4,0.355,0.2,0.1,0.8,1.7,0.3,0.2,0.4,0.0,0.4,-0.7,0.5035545023696681,0.5,,,,,,,,,,,,,,,,,,,,,0.5337326850125845,2021-22
203107,Tomas Satoransky,1610612764,WAS,55.0,16.5,3.5,1.3,0.377,1.0,0.2,0.208,1.0,0.8,0.796,3.6,3.3,0.8,2.3,0.5,1.8,-3.0,0.4568527918781726,0.4,7.0,2.1,0.3,0.1,0.5,0.0,0.0,0.0,0.4,0.4,1.0,0.7,0.7,0.0,0.1,0.1,0.0,1.4,0.7352941176470588,0.33333333333333337,,,,,,,,,,,,,,,,,,,,,0.651051770959743,2021-22
203109,Jae Crowder,1610612756,PHX,67.0,28.1,8.1,3.2,0.399,5.4,1.9,0.348,1.3,1.1,0.789,9.4,1.9,0.8,5.3,0.4,4.8,5.9,0.5419741697416974,0.5123456790123457,30.0,3.1,0.7,0.3,0.45,0.5,0.2,0.5,0.4,0.3,0.75,1.1,0.2,0.1,0.8,0.1,0.7,3.0,0.6278538812785389,0.5714285714285715,13.0,29.5,8.1,3.2,0.4,4.8,1.5,0.302,2.0,1.5,0.731,9.4,2.4,1.5,4.7,0.6,4.1,-1.9,0.5233853006681515,0.4876543209876544,0.56994828102478,2021-22
203110,Draymond Green,1610612744,GSW,46.0,28.9,5.6,2.9,0.525,1.2,0.3,0.296,2.0,1.3,0.659,7.5,7.0,3.0,7.3,1.0,6.3,4.2,0.5787037037037037,0.5446428571428571,20.0,3.3,0.6,0.4,0.667,0.1,0.1,1.0,0.4,0.3,0.857,1.2,0.6,0.3,0.8,0.3,0.5,1.3,0.7731958762886597,0.75,22.0,32.0,6.5,3.1,0.479,1.8,0.4,0.205,2.1,1.4,0.638,8.0,6.3,2.7,7.2,1.2,6.0,5.3,0.5387931034482758,0.5076923076923078,0.6342934134833476,2021-22
203114,Khris Middleton,1610612749,MIL,66.0,32.4,15.5,6.8,0.443,6.6,2.5,0.373,4.4,3.9,0.89,20.1,5.4,2.9,5.4,0.6,4.8,4.6,0.5763936682725396,0.5193548387096775,34.0,2.6,1.3,0.6,0.442,0.6,0.2,0.4,0.7,0.6,0.88,2.0,0.2,0.2,0.6,0.1,0.6,1.1,0.6218905472636815,0.5384615384615384,2.0,35.7,12.0,5.0,0.417,7.0,3.0,0.429,1.5,1.5,1.0,14.5,7.0,5.5,5.0,0.5,4.5,1.5,0.5726698262243286,0.5416666666666666,0.5980844703524671,2021-22
203115,Will Barton,1610612743,DEN,71.0,32.1,12.6,5.5,0.438,6.1,2.2,0.365,1.8,1.4,0.803,14.7,3.9,1.8,4.8,0.6,4.2,1.4,0.5488351254480287,0.5238095238095238,31.0,4.0,1.5,0.4,0.277,0.8,0.2,0.2,0.5,0.3,0.714,1.3,0.3,0.1,0.7,0.1,0.6,0.3,0.37790697674418605,0.3333333333333333,5.0,34.4,13.2,5.4,0.409,5.6,2.2,0.393,1.2,0.8,0.667,13.8,2.8,2.0,5.6,1.0,4.6,-8.0,0.5026223776223776,0.49242424242424243,0.4806574638710727,2021-22
203145,Kent Bazemore,1610612747,LAL,39.0,14.0,3.6,1.2,0.324,2.1,0.7,0.363,0.4,0.3,0.765,3.4,0.9,0.5,1.8,0.3,1.4,-3.0,0.4502118644067796,0.43055555555555547,5.0,2.7,0.4,0.2,0.5,0.2,0.2,1.0,0.0,0.0,0.0,0.6,0.0,0.0,0.2,0.0,0.2,-0.4,0.7499999999999999,0.7500000000000001,,,,,,,,,,,,,,,,,,,,,0.6611817325769511,2021-22
203200,Justin Holiday,1610612758,SAC,74.0,27.8,8.9,3.5,0.394,6.5,2.4,0.367,0.8,0.7,0.806,10.1,1.7,0.9,2.6,0.4,2.2,-2.8,0.5458279290964115,0.5280898876404494,31.0,3.5,0.7,0.2,0.318,0.5,0.1,0.2,0.3,0.3,0.889,0.8,0.2,0.1,0.4,0.1,0.3,-2.1,0.48076923076923084,0.35714285714285715,,,,,,,,,,,,,,,,,,,,,0.5103206320833998,2021-22
203210,JaMychal Green,1610612743,DEN,67.0,16.2,4.9,2.4,0.486,1.9,0.5,0.266,1.4,1.2,0.871,6.4,0.9,0.9,4.2,1.2,3.0,-1.3,0.580130529369108,0.5408163265306122,7.0,0.9,0.3,0.3,1.0,0.0,0.0,0.0,0.0,0.0,0.0,0.6,0.0,0.0,0.3,0.0,0.3,-0.6,1.0,1.0,5.0,13.7,3.2,1.2,0.375,1.0,0.2,0.2,1.4,1.4,1.0,4.0,0.4,0.4,2.4,0.6,1.8,-4.2,0.5241090146750523,0.40625,0.69819871121072,2021-22
203457,Nerlens Noel,1610612752,NYK,25.0,22.5,2.4,1.3,0.533,0.1,0.0,0.0,1.2,0.8,0.7,3.4,0.9,0.8,5.6,1.9,3.7,-2.7,0.5806010928961749,0.5416666666666667,4.0,2.6,0.0,0.0,0.0,0.0,0.0,0.0,0.0,0.0,0.0,0.0,0.3,0.0,1.3,0.3,1.0,1.0,,,,,,,,,,,,,,,,,,,,,,,0.1935336976320583,2021-22
203458,Alex Len,1610612758,SAC,39.0,15.9,4.5,2.4,0.534,0.5,0.2,0.286,1.6,1.1,0.651,6.0,1.2,1.1,4.1,1.3,2.8,-1.9,0.5764796310530361,0.5555555555555556,6.0,2.8,0.3,0.3,1.0,0.2,0.2,1.0,0.0,0.0,0.0,0.8,0.0,0.0,0.5,0.5,0.0,-0.7,1.3333333333333335,1.3333333333333335,,,,,,,,,,,,,,,,,,,,,1.0877154325717528,2021-22
203463,Ben McLemore,1610612757,POR,64.0,20.1,8.4,3.4,0.401,6.5,2.4,0.362,1.4,1.1,0.818,10.2,0.9,0.9,1.6,0.2,1.4,-5.5,0.5656610470275066,0.5476190476190476,10.0,2.3,1.0,0.2,0.2,1.0,0.2,0.2,0.6,0.4,0.667,1.0,0.0,0.0,0.3,0.0,0.3,1.8,0.39556962025316456,0.30000000000000004,,,,,,,,,,,,,,,,,,,,,0.4641715244146232,2021-22
203468,CJ McCollum,1610612740,NOP,62.0,34.6,18.8,8.6,0.46,7.6,2.9,0.388,2.7,1.9,0.682,22.1,5.1,2.0,4.3,0.9,3.5,-1.1,0.5528316990194116,0.5345744680851063,24.0,2.8,1.3,0.5,0.419,0.3,0.0,0.167,0.3,0.2,0.714,1.3,0.5,0.2,0.4,0.1,0.3,0.0,0.4539106145251397,0.3846153846153846,6.0,39.0,20.8,8.2,0.392,8.5,2.8,0.333,4.3,3.0,0.692,22.2,4.8,2.5,6.7,1.8,4.8,-1.7,0.48915917503966155,0.4615384615384615,0.49493663581476605,2021-22
203469,Cody Zeller,1610612757,POR,27.0,13.1,3.3,1.9,0.567,0.1,0.0,0.0,1.8,1.4,0.776,5.2,0.8,0.7,4.6,1.9,2.8,-1.0,0.6353861192570871,0.5757575757575758,1.0,0.0,0.0,0.0,0.0,0.0,0.0,0.0,0.0,0.0,0.0,0.0,0.0,0.0,0.0,0.0,0.0,0.0,,,,,,,,,,,,,,,,,,,,,,,0.2117953730856957,2021-22
203471,Dennis Schröder,1610612745,HOU,64.0,28.7,11.3,4.9,0.431,3.9,1.3,0.344,2.9,2.5,0.853,13.5,4.6,2.2,3.3,0.5,2.8,-0.5,0.536736641221374,0.49115044247787615,24.0,4.3,1.6,0.7,0.447,0.5,0.1,0.167,0.8,0.6,0.833,2.1,0.6,0.2,0.4,0.0,0.4,0.1,0.5379098360655737,0.46875,,,,,,,,,,,,,,,,,,,,,0.5516780631516524,2021-22
203473,Dewayne Dedmon,1610612748,MIA,67.0,15.9,4.3,2.4,0.566,0.7,0.3,0.404,1.5,1.1,0.75,6.3,0.7,1.0,5.8,1.6,4.2,0.7,0.6350806451612903,0.5930232558139534,7.0,0.8,0.0,0.0,0.0,0.0,0.0,0.0,0.3,0.0,0.0,0.0,0.0,0.0,0.3,0.0,0.3,-1.0,0.0,,14.0,9.8,3.2,1.5,0.467,0.7,0.1,0.1,0.9,0.7,0.833,3.8,0.4,0.5,3.0,1.1,1.9,-0.7,0.5283648498331479,0.484375,0.37002919911012233,2021-22
203482,Kelly Olynyk,1610612765,DET,40.0,19.1,7.2,3.2,0.448,3.0,1.0,0.336,2.2,1.7,0.775,9.1,2.8,1.5,4.4,1.4,3.1,-1.8,0.5570519098922624,0.513888888888889,11.0,0.5,0.1,0.1,1.0,0.0,0.0,0.0,0.2,0.1,0.5,0.3,0.0,0.2,0.2,0.0,0.2,1.0,0.7978723404255319,1.0,,,,,,,,,,,,,,,,,,,,,0.7189877524698047,2021-22
203484,Kentavious Caldwell-Pope,1610612764,WAS,77.0,30.2,10.8,4.7,0.435,5.3,2.1,0.39,2.0,1.8,0.89,13.2,1.9,1.3,3.4,0.5,2.9,-3.0,0.5650684931506849,0.5324074074074073,37.0,4.2,1.0,0.5,0.5,0.6,0.3,0.435,0.2,0.2,0.889,1.5,0.1,0.2,0.4,0.0,0.4,1.1,0.6893382352941176,0.65,,,,,,,,,,,,,,,,,,,,,0.6571742471713753,2021-22
203486,Mason Plumlee,1610612766,CHA,73.0,24.6,4.4,2.8,0.641,0.0,0.0,0.0,2.3,0.9,0.392,6.5,3.1,1.4,7.7,2.4,5.3,0.1,0.6005173688100517,0.6363636363636362,24.0,2.6,0.4,0.4,0.9,0.0,0.0,0.0,0.1,0.0,0.0,0.8,0.0,0.0,0.5,0.1,0.4,-1.4,0.9009009009009009,1.0,,,,,,,,,,,,,,,,,,,,,0.8098639659594609,2021-22
203488,Mike Muscala,1610612760,OKC,43.0,13.8,5.8,2.6,0.456,3.8,1.6,0.429,1.3,1.1,0.842,8.0,0.5,0.3,3.0,0.5,2.5,0.5,0.6277463904582549,0.5862068965517242,17.0,2.4,0.9,0.5,0.533,0.6,0.3,0.5,0.6,0.4,0.7,1.6,0.1,0.1,0.6,0.1,0.5,-0.8,0.6872852233676976,0.7222222222222222,,,,,,,,,,,,,,,,,,,,,0.6829561871078516,2021-22
203490,Otto Porter Jr.,1610612744,GSW,63.0,22.2,6.6,3.1,0.464,3.4,1.3,0.37,1.0,0.8,0.803,8.2,1.5,0.6,5.7,1.4,4.4,3.7,0.5823863636363635,0.5681818181818182,25.0,3.0,0.4,0.2,0.545,0.2,0.0,0.25,0.2,0.2,0.8,0.7,0.2,0.2,0.8,0.2,0.6,0.4,0.7172131147540982,0.5,19.0,19.5,4.1,2.0,0.494,2.5,1.0,0.404,0.5,0.4,0.778,5.4,1.8,0.6,3.4,0.6,2.8,5.7,0.6250000000000001,0.6097560975609757,0.6546960382504479,2021-22
203493,Reggie Bullock Jr.,1610612742,DAL,68.0,28.0,7.4,3.0,0.401,5.8,2.1,0.36,0.7,0.6,0.833,8.6,1.2,0.6,3.5,0.5,3.1,4.0,0.5578619615983393,0.5472972972972973,22.0,2.8,0.7,0.2,0.313,0.5,0.1,0.273,0.1,0.1,0.667,0.7,0.0,0.0,0.2,0.1,0.1,-0.5,0.4704301075268817,0.35714285714285715,18.0,39.3,8.4,3.4,0.404,7.3,2.9,0.397,1.0,0.9,0.889,10.6,1.7,0.4,4.6,0.4,4.1,1.9,0.5995475113122172,0.5773809523809523,0.5590202445563068,2021-22
203496,Robert Covington,1610612746,LAC,71.0,27.3,7.0,2.9,0.42,4.8,1.8,0.378,1.0,0.8,0.841,8.5,1.3,1.1,5.5,0.8,4.7,0.5,0.5712365591397849,0.5428571428571428,27.0,2.4,0.6,0.2,0.294,0.5,0.2,0.357,0.1,0.1,1.0,0.7,0.0,0.0,0.8,0.1,0.7,0.0,0.5434782608695652,0.5000000000000001,,,,,,,,,,,,,,,,,,,,,0.5613024555298426,2021-22
203497,Rudy Gobert,1610612762,UTA,66.0,32.1,7.7,5.5,0.713,0.1,0.0,0.0,6.7,4.6,0.69,15.6,1.1,1.8,14.7,3.7,11.0,6.3,0.7325319308790383,0.7142857142857143,33.0,3.8,0.8,0.5,0.72,0.1,0.0,0.0,1.4,1.0,0.711,2.1,0.1,0.2,1.6,0.6,1.0,-0.2,0.7415254237288136,0.625,6.0,32.8,5.5,3.5,0.636,0.0,0.0,0.0,7.3,5.0,0.682,12.0,0.5,1.3,13.2,3.5,9.7,-3.8,0.6887052341597797,0.6363636363636364,0.7240060238575952,2021-22
203500,Steven Adams,1610612763,MEM,76.0,26.3,5.1,2.8,0.547,0.0,0.0,0.0,2.6,1.4,0.543,6.9,3.4,1.5,10.0,4.6,5.4,4.6,0.5525304292120437,0.5490196078431373,19.0,3.1,0.2,0.2,1.0,0.0,0.0,0.0,0.2,0.2,0.75,0.5,0.3,0.2,0.7,0.4,0.4,0.7,0.8680555555555555,1.0,7.0,16.2,3.0,1.3,0.429,0.0,0.0,0.0,1.6,0.9,0.545,3.4,2.1,0.6,6.4,2.1,4.3,1.9,0.458963282937365,0.43333333333333335,0.6148434668158903,2021-22
203501,Tim Hardaway Jr.,1610612742,DAL,42.0,29.6,12.6,5.0,0.394,7.2,2.4,0.336,2.5,1.9,0.757,14.2,2.2,0.8,3.7,0.3,3.4,0.9,0.5182481751824818,0.4920634920634921,18.0,3.2,1.2,0.4,0.381,0.7,0.3,0.385,0.3,0.2,0.5,1.3,0.3,0.1,0.1,0.0,0.1,-1.6,0.48798798798798804,0.45833333333333337,,,,,,,,,,,,,,,,,,,,,0.5075985265758729,2021-22
203503,Tony Snell,1610612740,NOP,53.0,15.5,3.2,1.3,0.404,2.4,0.8,0.352,0.1,0.1,1.0,3.5,0.5,0.4,1.9,0.3,1.6,-2.2,0.5394574599260172,0.53125,4.0,2.3,0.0,0.0,0.0,0.0,0.0,0.0,0.0,0.0,0.0,0.0,0.0,0.0,0.0,0.0,0.0,-2.5,,,,,,,,,,,,,,,,,,,,,,,0.1798191533086724,2021-22
203504,Trey Burke,1610612742,DAL,42.0,10.5,5.1,2.0,0.391,2.0,0.6,0.317,0.5,0.5,0.87,5.1,1.4,0.6,0.8,0.1,0.7,-0.2,0.4793233082706767,0.45098039215686275,1.0,1.8,2.0,0.0,0.0,2.0,0.0,0.0,0.0,0.0,0.0,0.0,0.0,0.0,0.0,0.0,0.0,-6.0,0.0,0.0,10.0,3.7,2.2,1.1,0.5,1.0,0.4,0.4,0.6,0.6,1.0,3.2,0.4,0.1,0.3,0.0,0.3,-1.5,0.6493506493506492,0.5909090909090908,0.44377822898725783,2021-22
203506,Victor Oladipo,1610612748,MIA,8.0,21.6,9.1,4.4,0.479,4.5,1.9,0.417,2.4,1.8,0.737,12.4,3.5,2.0,2.9,0.4,2.5,-0.6,0.6104765655769989,0.587912087912088,1.0,2.3,1.0,1.0,1.0,1.0,1.0,1.0,2.0,1.0,0.5,4.0,0.0,0.0,0.0,0.0,0.0,9.0,1.0638297872340425,1.5,15.0,24.5,9.1,3.3,0.368,4.1,1.1,0.274,3.5,2.8,0.792,10.6,2.1,1.7,3.4,0.3,3.1,1.2,0.49812030075187963,0.4230769230769231,0.7164051847045906,2021-22
203507,Giannis Antetokounmpo,1610612749,MIL,67.0,32.9,18.6,10.3,0.553,3.6,1.1,0.293,11.4,8.3,0.722,29.9,5.8,3.3,11.6,2.0,9.6,5.9,0.6330453929539295,0.5833333333333334,33.0,2.9,1.5,0.8,0.51,0.2,0.1,0.286,1.2,0.8,0.737,2.4,0.4,0.3,1.0,0.2,0.8,1.1,0.591715976331361,0.5666666666666668,12.0,37.3,23.8,11.7,0.491,3.4,0.8,0.22,11.2,7.6,0.679,31.7,6.8,4.5,14.2,2.2,12.0,6.6,0.5517265385686438,0.5084033613445378,0.5866740096823625,2021-22
203524,Solomon Hill,1610612737,ATL,13.0,10.7,1.5,0.2,0.15,1.0,0.2,0.154,0.0,0.0,0.0,0.6,0.9,0.1,1.8,0.5,1.3,3.2,0.19999999999999998,0.20000000000000004,1.0,0.1,0.0,0.0,0.0,0.0,0.0,0.0,0.0,0.0,0.0,0.0,0.0,0.0,0.0,0.0,0.0,-2.0,,,,,,,,,,,,,,,,,,,,,,,0.06666666666666667,2021-22
203526,Raul Neto,1610612764,WAS,70.0,19.6,6.3,2.9,0.463,1.7,0.5,0.292,1.5,1.2,0.769,7.5,3.1,1.1,1.9,0.2,1.7,-1.2,0.5387931034482759,0.5,20.0,2.7,0.9,0.4,0.471,0.3,0.1,0.333,0.3,0.3,0.833,1.2,0.6,0.2,0.2,0.1,0.1,-0.9,0.5813953488372092,0.5,,,,,,,,,,,,,,,,,,,,,0.5814803146576781,2021-22
203552,Seth Curry,1610612751,BKN,64.0,33.3,11.5,5.6,0.487,5.8,2.5,0.422,1.5,1.3,0.872,15.0,3.6,1.7,3.1,0.3,2.8,3.0,0.6167763157894737,0.5956521739130435,36.0,4.0,1.0,0.6,0.611,0.5,0.3,0.5,0.2,0.1,0.833,1.6,0.4,0.1,0.4,0.0,0.4,0.9,0.7352941176470588,0.75,4.0,33.1,9.8,5.5,0.564,5.8,3.0,0.522,0.8,0.5,0.667,14.5,3.0,0.8,2.5,0.5,2.0,-2.0,0.7141449960598896,0.7142857142857142,0.7136622420503669,2021-22
203585,Rodney McGruder,1610612765,DET,51.0,14.8,4.4,1.9,0.436,2.9,1.1,0.397,0.5,0.4,0.731,5.4,0.9,0.5,2.2,0.6,1.6,-1.1,0.5844155844155844,0.5568181818181818,7.0,1.5,0.3,0.0,0.0,0.3,0.0,0.0,0.0,0.0,0.0,0.0,0.0,0.1,0.3,0.0,0.3,-0.7,0.0,0.0,,,,,,,,,,,,,,,,,,,,,0.20162337662182703,2021-22
203816,Scotty Hopson,1610612760,OKC,1.0,17.7,4.0,2.0,0.5,1.0,0.0,0.0,0.0,0.0,0.0,4.0,1.0,2.0,1.0,0.0,1.0,-6.0,0.5,0.5,,,,,,,,,,,,,,,,,,,,,,,,,,,,,,,,,,,,,,,,,0.5,2021-22
203897,Zach LaVine,1610612741,CHI,67.0,34.7,17.7,8.4,0.476,7.1,2.8,0.389,5.6,4.8,0.853,24.4,4.5,2.6,4.6,0.3,4.3,-0.4,0.6050386828010316,0.5536723163841809,31.0,3.6,1.9,0.9,0.492,0.6,0.2,0.333,1.0,0.9,0.967,3.0,0.1,0.1,0.6,0.0,0.5,0.6,0.6410256410256411,0.5263157894736842,4.0,38.1,15.8,6.8,0.429,6.0,2.3,0.375,3.8,3.5,0.933,19.3,6.0,3.0,5.3,0.0,5.3,-10.3,0.552312271062271,0.5031645569620252,0.6014055929494175,2021-22
203901,Elfrid Payton,1610612756,PHX,50.0,11.0,3.5,1.3,0.383,0.4,0.1,0.222,0.6,0.2,0.375,3.0,2.0,0.9,1.8,0.4,1.3,-0.9,0.39851222104144524,0.38571428571428573,2.0,0.3,0.0,0.0,0.0,0.0,0.0,0.0,0.0,0.0,0.0,0.0,0.0,0.0,0.0,0.0,0.0,-2.5,,,2.0,3.8,1.5,1.0,0.667,0.0,0.0,0.0,0.0,0.0,0.0,2.0,1.5,0.0,0.0,0.0,0.0,7.0,0.6666666666666666,0.6666666666666666,0.3997520368402409,2021-22
203903,Jordan Clarkson,1610612762,UTA,79.0,27.1,14.1,5.9,0.419,7.6,2.4,0.318,2.2,1.8,0.828,16.0,2.5,1.6,3.5,0.8,2.6,4.8,0.5309264666843643,0.5035460992907802,23.0,1.3,0.3,0.1,0.286,0.2,0.0,0.0,0.1,0.1,1.0,0.3,0.0,0.0,0.1,0.0,0.1,-1.1,0.436046511627907,0.33333333333333337,6.0,28.4,12.2,6.7,0.548,4.0,1.5,0.375,3.0,2.7,0.889,17.5,1.3,1.7,3.2,0.8,2.3,-0.5,0.6471893491124261,0.6106557377049181,0.5595589157872266,2021-22
203914,Gary Harris,1610612753,ORL,61.0,28.4,9.1,3.9,0.434,5.0,1.9,0.384,1.6,1.4,0.874,11.1,1.8,1.0,2.0,0.6,1.4,-3.4,0.56609547123623,0.532967032967033,23.0,2.9,0.5,0.1,0.167,0.5,0.0,0.091,0.1,0.1,1.0,0.3,0.1,0.1,0.1,0.0,0.1,-0.7,0.275735294117647,0.2,,,,,,,,,,,,,,,,,,,,,0.3780165253177431,2021-22
203915,Spencer Dinwiddie,1610612742,DAL,67.0,29.6,11.0,4.6,0.416,4.9,1.7,0.339,3.8,2.9,0.774,13.7,5.2,1.6,4.2,0.7,3.5,-0.7,0.5405618686868686,0.49545454545454537,30.0,3.6,1.3,0.6,0.487,0.6,0.3,0.529,0.4,0.3,0.692,1.9,0.7,0.1,0.4,0.1,0.2,2.5,0.6436314363143631,0.5769230769230769,18.0,27.8,10.7,4.4,0.417,5.3,2.2,0.417,3.7,3.1,0.821,14.2,3.6,1.6,2.4,0.4,2.0,0.7,0.5759247242050617,0.5140186915887851,0.6044180008055707,2021-22
203918,Rodney Hood,1610612746,LAC,52.0,13.6,3.0,1.1,0.369,1.8,0.6,0.33,0.4,0.3,0.895,3.1,0.7,0.2,1.5,0.3,1.2,0.2,0.4880352644836272,0.46666666666666673,1.0,1.8,0.0,0.0,0.0,0.0,0.0,0.0,0.0,0.0,0.0,0.0,0.0,0.0,0.0,0.0,0.0,-1.0,,,,,,,,,,,,,,,,,,,,,,,0.1626784214945424,2021-22
203920,Khem Birch,1610612761,TOR,55.0,18.0,3.6,1.8,0.485,0.3,0.0,0.0,1.3,1.0,0.746,4.5,1.0,0.5,4.3,2.2,2.1,0.4,0.5393096836049855,0.5,9.0,2.8,0.8,0.2,0.286,0.1,0.0,0.0,0.4,0.3,0.75,0.8,0.1,0.0,0.8,0.8,0.0,1.0,0.4098360655737705,0.25,6.0,10.5,2.7,1.3,0.5,0.7,0.3,0.5,0.0,0.0,0.0,3.0,0.5,0.5,1.5,0.7,0.8,0.8,0.5555555555555555,0.537037037037037,0.5264969691192483,2021-22
203924,Jerami Grant,1610612765,DET,47.0,31.9,14.9,6.3,0.426,5.4,1.9,0.358,5.5,4.6,0.838,19.2,2.4,1.8,4.1,0.6,3.5,-4.7,0.5542725173210161,0.48657718120805366,26.0,3.6,1.3,0.5,0.364,0.2,0.0,0.167,1.0,0.8,0.769,1.7,0.3,0.1,0.4,0.0,0.3,-1.5,0.4885057471264368,0.3846153846153846,,,,,,,,,,,,,,,,,,,,,0.5191528360721428,2021-22
203925,Joe Harris,1610612751,BKN,14.0,30.2,8.9,4.0,0.452,6.3,2.9,0.466,0.4,0.4,0.833,11.3,1.0,1.1,4.0,0.4,3.6,1.1,0.6225209343323049,0.6123595505617977,5.0,2.4,0.4,0.4,1.0,0.0,0.0,0.0,0.0,0.0,0.0,0.8,0.0,0.2,0.0,0.0,0.0,3.2,1.0,1.0,,,,,,,,,,,,,,,,,,,,,0.8786680267994019,2021-22
203926,Doug McDermott,1610612759,SAS,51.0,24.0,9.1,4.2,0.462,5.0,2.1,0.422,1.0,0.8,0.784,11.3,1.3,0.8,2.3,0.4,1.9,-0.7,0.5922431865828093,0.576923076923077,12.0,1.9,0.6,0.2,0.286,0.4,0.1,0.2,0.2,0.2,1.0,0.6,0.0,0.1,0.3,0.0,0.3,-2.2,0.436046511627907,0.4166666666666667,,,,,,,,,,,,,,,,,,,,,0.4947054765388898,2021-22
203932,Aaron Gordon,1610612743,DEN,75.0,31.7,11.1,5.8,0.52,3.5,1.2,0.335,3.1,2.3,0.743,15.0,2.5,1.8,5.9,1.7,4.2,4.3,0.6017329910141207,0.5765765765765766,32.0,4.0,0.8,0.4,0.56,0.3,0.1,0.444,0.5,0.4,0.8,1.4,0.2,0.1,0.8,0.3,0.5,0.9,0.6862745098039215,0.5625,5.0,32.0,10.8,4.6,0.426,3.0,0.6,0.2,5.6,4.0,0.714,13.8,2.6,1.6,7.2,3.6,3.6,-4.6,0.520205066344994,0.4537037037037036,0.5963567421493822,2021-22
203935,Marcus Smart,1610612738,BOS,71.0,32.3,10.1,4.2,0.418,5.1,1.7,0.331,2.5,2.0,0.793,12.1,5.9,2.2,3.8,0.6,3.2,6.2,0.5401785714285714,0.5,28.0,4.6,1.2,0.4,0.303,0.6,0.2,0.313,0.7,0.6,0.842,1.5,0.4,0.3,0.6,0.1,0.5,0.0,0.4973474801061008,0.4166666666666667,21.0,36.2,13.3,5.4,0.405,6.5,2.3,0.35,3.0,2.4,0.806,15.4,5.9,2.5,4.5,1.0,3.6,1.5,0.5266757865937072,0.4924812030075188,0.5310313366879512,2021-22
203937,Kyle Anderson,1610612763,MEM,69.0,21.5,6.8,3.0,0.446,1.6,0.5,0.33,1.5,1.0,0.638,7.6,2.7,1.0,5.3,1.0,4.3,0.9,0.5093833780160858,0.47794117647058826,19.0,2.4,0.5,0.1,0.222,0.1,0.0,0.0,0.1,0.1,1.0,0.3,0.3,0.0,0.9,0.5,0.5,1.3,0.275735294117647,0.2,12.0,18.4,4.3,2.4,0.569,1.0,0.3,0.25,1.5,0.9,0.611,6.0,1.8,0.8,4.3,0.8,3.5,0.6,0.6048387096774194,0.5930232558139534,0.48658129038932896,2021-22
203939,Dwight Powell,1610612742,DAL,82.0,21.9,4.9,3.3,0.671,0.5,0.2,0.351,2.6,2.0,0.783,8.7,1.2,0.8,4.9,2.1,2.8,0.9,0.7197220383851752,0.693877551020408,25.0,1.5,0.1,0.1,1.0,0.0,0.0,0.0,0.1,0.0,0.333,0.3,0.0,0.2,0.2,0.1,0.1,0.6,1.0416666666666665,1.0,18.0,13.8,1.9,1.2,0.629,0.1,0.0,0.0,1.3,0.8,0.609,3.2,0.2,0.5,2.6,0.9,1.7,0.9,0.6472491909385114,0.631578947368421,0.7928413070817878,2021-22
203944,Julius Randle,1610612752,NYK,72.0,35.3,17.3,7.1,0.411,5.4,1.7,0.308,5.6,4.2,0.756,20.1,5.1,3.4,9.9,1.7,8.2,-2.3,0.5085003035822708,0.4595375722543352,37.0,3.5,1.3,0.5,0.375,0.4,0.1,0.2,0.9,0.6,0.676,1.7,0.4,0.3,0.9,0.2,0.7,-1.4,0.5011792452830188,0.4230769230769231,,,,,,,,,,,,,,,,,,,,,0.5111340489160537,2021-22
203952,Andrew Wiggins,1610612744,GSW,73.0,31.9,14.0,6.5,0.466,5.5,2.2,0.393,3.2,2.0,0.634,17.2,2.2,1.5,4.5,1.2,3.3,3.6,0.5581516095534788,0.5428571428571428,35.0,3.6,1.2,0.5,0.405,0.4,0.1,0.231,0.1,0.1,0.6,1.1,0.2,0.1,0.4,0.1,0.3,-0.1,0.44212218649517687,0.45833333333333337,22.0,34.9,13.9,6.5,0.469,4.8,1.6,0.333,3.0,1.9,0.646,16.5,1.8,1.4,7.5,2.5,5.0,6.4,0.5420499342969777,0.5251798561151079,0.5199957261432772,2021-22
203954,Joel Embiid,1610612755,PHI,68.0,33.8,19.6,9.8,0.499,3.7,1.4,0.371,11.8,9.6,0.814,30.6,4.2,3.1,11.7,2.1,9.6,5.4,0.6171345595353339,0.5357142857142857,36.0,4.1,2.8,1.3,0.47,0.7,0.3,0.458,1.9,1.5,0.768,4.4,0.5,0.3,1.3,0.3,1.0,0.6,0.6050605060506051,0.5178571428571429,10.0,38.5,16.1,7.8,0.484,3.3,0.7,0.212,8.9,7.3,0.82,23.6,2.1,3.2,10.7,2.1,8.6,2.8,0.5895283772981614,0.5062111801242236,0.6135924982068235,2021-22
203991,Clint Capela,1610612737,ATL,74.0,27.6,8.2,5.0,0.613,0.0,0.0,0.0,2.3,1.1,0.473,11.1,1.2,0.6,11.9,3.8,8.1,1.7,0.6024750325662179,0.6097560975609757,28.0,3.1,0.5,0.4,0.846,0.0,0.0,0.0,0.2,0.0,0.167,0.8,0.0,0.0,0.7,0.3,0.4,-0.7,0.6802721088435375,0.8,2.0,20.2,3.0,1.0,0.333,0.0,0.0,0.0,0.0,0.0,0.0,2.0,0.0,0.5,7.5,2.0,5.5,-13.5,0.3333333333333333,0.3333333333333333,0.49993410268374827,2021-22
203992,Bogdan Bogdanović,1610612737,ATL,63.0,29.3,12.6,5.4,0.431,7.3,2.7,0.368,1.8,1.5,0.843,15.1,3.1,1.1,4.0,0.5,3.5,3.0,0.5637694145758662,0.5357142857142857,22.0,3.2,2.0,0.9,0.442,1.2,0.4,0.296,0.3,0.3,1.0,2.4,0.1,0.1,0.4,0.1,0.3,-0.3,0.5628517823639775,0.55,4.0,26.7,12.3,5.0,0.408,6.5,2.3,0.346,2.5,2.0,0.8,14.3,3.0,1.0,4.8,1.0,3.8,-3.0,0.5335820895522388,0.5,0.5642428905318457,2021-22
203994,Jusuf Nurkić,1610612757,POR,56.0,28.2,10.7,5.7,0.535,1.0,0.3,0.268,4.8,3.3,0.69,15.0,2.8,2.6,11.1,3.0,8.1,0.2,0.5853886980955355,0.5467289719626169,22.0,3.2,1.4,0.9,0.633,0.0,0.0,0.0,0.5,0.4,0.75,2.1,0.2,0.0,1.6,0.7,1.0,1.7,0.6481481481481483,0.6428571428571429,,,,,,,,,,,,,,,,,,,,,0.6403124436122538,2021-22
203999,Nikola Jokić,1610612743,DEN,74.0,33.5,17.7,10.3,0.583,3.9,1.3,0.337,6.3,5.1,0.81,27.1,7.9,3.8,13.8,2.8,11.0,6.0,0.6618796404845644,0.6186440677966103,36.0,3.9,2.6,1.3,0.495,0.3,0.1,0.182,1.8,1.4,0.797,4.0,0.6,0.5,1.5,0.6,0.9,0.8,0.5896226415094339,0.5192307692307693,5.0,34.2,21.2,12.2,0.575,3.6,1.0,0.278,6.6,5.6,0.848,31.0,5.8,4.8,13.2,3.4,9.8,-8.8,0.643046797212081,0.5990566037735849,0.6430668180591724,2021-22
204001,Kristaps Porziņģis,1610612764,WAS,51.0,29.0,15.0,6.9,0.459,4.9,1.5,0.31,5.6,4.9,0.867,20.2,2.3,1.6,8.1,2.0,6.1,0.6,0.5783325698579936,0.51,20.0,3.2,1.7,1.0,0.606,0.3,0.1,0.167,0.4,0.4,1.0,2.5,0.2,0.4,0.8,0.4,0.4,-0.7,0.6663113006396589,0.6176470588235294,,,,,,,,,,,,,,,,,,,,,0.6483183903783483,2021-22
204020,Tyler Johnson,1610612759,SAS,6.0,15.2,3.3,1.0,0.3,2.2,0.8,0.385,0.0,0.0,0.0,2.8,1.2,0.3,2.0,0.5,1.5,-1.0,0.42424242424242425,0.42424242424242425,1.0,0.4,0.0,0.0,0.0,0.0,0.0,0.0,0.0,0.0,0.0,0.0,0.0,0.0,0.0,0.0,0.0,0.0,,,,,,,,,,,,,,,,,,,,,,,0.1414141414141414,2021-22
204025,Tim Frazier,1610612739,CLE,12.0,17.3,3.8,1.2,0.311,1.4,0.5,0.353,0.8,0.4,0.556,3.3,2.8,1.3,1.6,0.4,1.2,-6.7,0.3973988439306358,0.3815789473684211,1.0,7.2,2.0,1.0,0.5,0.0,0.0,0.0,0.0,0.0,0.0,2.0,1.0,2.0,0.0,0.0,0.0,-12.0,0.5,0.5,,,,,,,,,,,,,,,,,,,,,0.5184311935770632,2021-22
204038,Langston Galloway,1610612749,MIL,7.0,15.2,3.7,0.9,0.231,2.3,0.3,0.125,0.0,0.0,0.0,2.0,1.7,0.9,2.6,0.4,2.1,-1.7,0.27027027027027023,0.28378378378378377,1.0,0.8,0.0,0.0,0.0,0.0,0.0,0.0,0.0,0.0,0.0,0.0,0.0,0.0,0.0,0.0,0.0,5.0,,,,,,,,,,,,,,,,,,,,,,,0.09009009009009007,2021-22
204060,Joe Ingles,1610612757,POR,45.0,24.9,6.3,2.6,0.404,5.0,1.7,0.347,0.5,0.4,0.773,7.2,3.5,1.0,2.9,0.3,2.6,4.1,0.5521472392638037,0.5476190476190477,11.0,1.9,0.4,0.1,0.25,0.3,0.0,0.0,0.0,0.0,0.0,0.2,0.2,0.0,0.0,0.0,0.0,-1.5,0.25,0.25,,,,,,,,,,,,,,,,,,,,,0.35706495276946637,2021-22
204456,T.J. McConnell,1610612754,IND,27.0,24.2,7.7,3.7,0.481,1.2,0.4,0.303,0.9,0.7,0.826,8.5,4.9,1.1,3.3,0.7,2.6,-2.7,0.5249505928853755,0.5064935064935066,11.0,3.1,1.1,0.3,0.25,0.3,0.0,0.0,0.4,0.3,0.75,0.8,0.4,0.0,0.6,0.0,0.6,-2.4,0.31347962382445144,0.2727272727272727,,,,,,,,,,,,,,,,,,,,,0.3982556611286185,2021-22
1626145,Tyus Jones,1610612763,MEM,73.0,21.2,7.6,3.4,0.451,2.8,1.1,0.39,0.9,0.7,0.818,8.7,4.4,0.6,2.4,0.2,2.2,3.5,0.5440220110055027,0.5197368421052632,15.0,2.6,0.5,0.3,0.571,0.1,0.1,1.0,0.3,0.3,1.0,0.9,0.3,0.1,0.4,0.1,0.3,1.9,0.7120253164556962,0.7,12.0,21.8,8.3,3.3,0.394,3.8,1.5,0.4,1.3,1.2,0.933,9.2,4.5,1.1,3.3,0.3,2.9,1.4,0.5184851217312895,0.4879518072289156,0.5938336155526827,2021-22
1626147,Justin Anderson,1610612754,IND,16.0,19.7,5.9,2.3,0.379,3.7,0.9,0.254,1.2,0.9,0.789,6.4,2.1,0.5,2.9,0.3,2.6,-0.9,0.4978220286247666,0.4661016949152542,3.0,2.1,0.3,0.0,0.0,0.0,0.0,0.0,0.0,0.0,0.0,0.0,0.0,0.0,0.0,0.0,0.0,-3.0,0.0,0.0,,,,,,,,,,,,,,,,,,,,,0.17102542197010556,2021-22
1626149,Montrezl Harrell,1610612766,CHA,71.0,23.1,7.8,5.0,0.645,0.2,0.1,0.235,4.2,3.0,0.716,13.1,2.0,1.0,6.1,2.1,4.0,1.2,0.6788971807628524,0.6474358974358975,23.0,3.2,1.0,0.6,0.636,0.1,0.0,0.0,0.6,0.3,0.571,1.6,0.1,0.1,1.0,0.5,0.5,-0.6,0.6329113924050633,0.6,,,,,,,,,,,,,,,,,,,,,0.6610605013431955,2021-22
1626153,Delon Wright,1610612737,ATL,77.0,18.9,3.5,1.6,0.454,1.5,0.6,0.379,0.8,0.7,0.857,4.4,2.4,0.6,2.9,0.6,2.2,0.8,0.5711318795430945,0.5428571428571429,10.0,2.6,0.1,0.0,0.0,0.1,0.0,0.0,0.1,0.1,1.0,0.1,0.2,0.0,0.4,0.1,0.3,-2.1,0.3472222222222222,0.0,5.0,27.4,5.8,3.0,0.517,2.6,1.0,0.385,1.8,1.2,0.667,8.2,2.8,1.0,4.8,2.2,2.6,3.6,0.6219660194174758,0.603448275862069,0.5247695398963209,2021-22
1626156,D'Angelo Russell,1610612750,MIN,65.0,31.9,15.0,6.2,0.411,8.0,2.7,0.34,3.7,3.0,0.825,18.1,7.1,2.5,3.3,0.4,2.9,3.2,0.5442626894394996,0.5033333333333334,28.0,3.5,2.2,1.0,0.452,1.1,0.3,0.3,1.1,1.0,0.9,3.3,0.5,0.1,0.4,0.0,0.3,0.8,0.6147540983606556,0.5227272727272726,6.0,32.7,12.0,4.0,0.333,5.2,2.0,0.387,2.7,2.0,0.75,12.0,6.7,2.8,2.5,0.0,2.5,-0.7,0.4549590536851683,0.4166666666666667,0.5377746745350749,2021-22
1626157,Karl-Anthony Towns,1610612750,MIN,74.0,33.5,16.4,8.7,0.529,4.9,2.0,0.41,6.3,5.2,0.822,24.6,3.6,3.1,9.8,2.6,7.2,3.7,0.6415606092217819,0.5914634146341463,31.0,3.0,1.4,0.6,0.452,0.6,0.2,0.389,0.2,0.2,0.714,1.6,0.1,0.2,0.8,0.2,0.6,0.9,0.5376344086021506,0.5,6.0,36.9,13.3,6.5,0.488,3.7,1.7,0.455,8.3,7.2,0.86,21.8,2.2,4.5,10.8,1.8,9.0,-1.7,0.6429919773478056,0.5526315789473684,0.6161708117769163,2021-22
1626158,Richaun Holmes,1610612758,SAC,45.0,23.9,6.7,4.4,0.66,0.1,0.0,0.4,2.0,1.6,0.778,10.4,1.1,1.2,7.0,2.1,5.0,-3.0,0.6860158311345647,0.6567164179104478,17.0,2.6,0.2,0.1,0.333,0.0,0.0,0.0,0.5,0.5,1.0,0.6,0.1,0.1,0.6,0.1,0.5,-1.4,0.7142857142857142,0.5,,,,,,,,,,,,,,,,,,,,,0.7078474945284178,2021-22
1626159,Justise Winslow,1610612757,POR,48.0,16.1,5.4,2.3,0.428,1.4,0.3,0.227,1.4,0.8,0.591,5.7,1.8,1.0,4.2,1.0,3.2,0.6,0.4737367021276596,0.4537037037037036,14.0,2.2,0.6,0.3,0.444,0.1,0.0,0.0,0.7,0.5,0.7,1.1,0.4,0.1,0.6,0.4,0.3,1.0,0.6057268722466962,0.5,,,,,,,,,,,,,,,,,,,,,0.5728412599827375,2021-22
1626162,Kelly Oubre Jr.,1610612766,CHA,76.0,26.3,12.3,5.4,0.44,7.3,2.5,0.345,2.5,1.7,0.667,15.0,1.1,0.9,4.0,1.0,2.9,-0.3,0.5597014925373134,0.540650406504065,22.0,3.3,1.3,0.5,0.414,0.7,0.3,0.438,0.1,0.0,0.5,1.5,0.0,0.0,0.3,0.0,0.3,-0.2,0.5580357142857143,0.5,,,,,,,,,,,,,,,,,,,,,0.5691600793931116,2021-22
1626163,Frank Kaminsky,1610612756,PHX,9.0,20.1,7.3,4.0,0.545,1.7,0.6,0.333,2.2,2.0,0.9,10.6,1.4,0.6,4.6,1.2,3.3,4.3,0.641025641025641,0.589041095890411,2.0,3.7,1.0,0.5,0.5,0.0,0.0,0.0,0.0,0.0,0.0,1.0,0.5,0.5,1.0,0.0,1.0,6.5,0.5,0.5,,,,,,,,,,,,,,,,,,,,,0.5607071771436567,2021-22
1626164,Devin Booker,1610612756,PHX,68.0,34.5,20.9,9.7,0.466,7.0,2.7,0.383,5.3,4.6,0.868,26.8,4.8,2.4,5.0,0.7,4.4,6.9,0.5767906336088154,0.5287081339712919,32.0,3.0,1.6,0.9,0.569,0.7,0.3,0.409,1.1,0.8,0.771,2.9,0.4,0.1,0.4,0.1,0.3,3.0,0.6957773512476008,0.65625,10.0,36.6,17.5,7.9,0.451,6.5,2.8,0.431,5.3,4.7,0.887,23.3,4.4,3.2,4.8,1.0,3.8,-2.2,0.5874344493747479,0.5314285714285715,0.6294302830966882,2021-22
1626166,Cameron Payne,1610612756,PHX,58.0,22.0,10.1,4.1,0.409,3.6,1.2,0.336,1.5,1.3,0.843,10.8,4.9,1.8,3.0,0.4,2.6,2.6,0.5018587360594796,0.4653465346534653,9.0,3.5,1.2,0.6,0.455,0.2,0.1,0.5,1.2,0.9,0.727,2.1,0.7,0.3,0.4,0.0,0.4,0.1,0.607638888888889,0.5416666666666667,13.0,13.2,5.7,1.7,0.297,2.3,0.4,0.167,0.5,0.4,0.833,4.2,2.1,1.0,1.5,0.2,1.4,-1.0,0.35472972972972977,0.3333333333333333,0.4754354719553766,2021-22
1626167,Myles Turner,1610612754,IND,42.0,29.4,9.4,4.8,0.509,4.4,1.5,0.333,2.5,1.9,0.752,12.9,1.0,1.3,7.1,1.5,5.5,-0.3,0.6142857142857143,0.5904255319148936,19.0,2.8,0.6,0.2,0.333,0.4,0.1,0.286,0.0,0.0,0.0,0.5,0.1,0.1,0.6,0.2,0.4,-3.2,0.4166666666666667,0.4166666666666667,,,,,,,,,,,,,,,,,,,,,0.4889226612624078,2021-22
1626168,Trey Lyles,1610612758,SAC,75.0,20.5,7.5,3.5,0.466,2.8,0.9,0.321,3.2,2.6,0.802,10.5,1.2,1.0,5.1,1.2,3.9,-3.0,0.5893578805568029,0.5266666666666667,16.0,3.3,0.6,0.3,0.556,0.1,0.0,0.0,0.6,0.6,1.0,1.3,0.1,0.0,0.7,0.1,0.6,-0.4,0.7523148148148149,0.5,,,,,,,,,,,,,,,,,,,,,0.7059958367277442,2021-22
1626169,Stanley Johnson,1610612747,LAL,48.0,22.8,5.2,2.4,0.466,2.2,0.7,0.314,1.5,1.1,0.716,6.7,1.7,0.7,3.2,0.7,2.5,-1.0,0.5716723549488054,0.5288461538461539,24.0,1.8,0.2,0.1,0.75,0.0,0.0,1.0,0.1,0.1,1.0,0.4,0.1,0.0,0.3,0.1,0.1,-0.8,0.819672131147541,0.5,,,,,,,,,,,,,,,,,,,,,0.74085169292671,2021-22
1626171,Bobby Portis,1610612749,MIL,72.0,28.2,12.1,5.8,0.479,4.7,1.8,0.393,1.6,1.2,0.752,14.6,1.2,1.3,9.1,2.5,6.6,4.4,0.570134333020931,0.5537190082644629,28.0,2.4,0.4,0.2,0.5,0.2,0.1,0.4,0.3,0.2,0.667,0.7,0.1,0.0,0.3,0.2,0.1,0.5,0.6578947368421052,0.625,12.0,24.8,9.6,4.0,0.417,3.9,1.2,0.298,1.8,1.4,0.773,10.6,0.8,1.3,10.0,2.1,7.9,2.3,0.5100076982294073,0.47916666666666663,0.5726302686892543,2021-22
1626172,Kevon Looney,1610612744,GSW,82.0,21.1,4.4,2.5,0.571,0.0,0.0,0.0,1.5,0.9,0.6,6.0,2.0,0.8,7.3,2.5,4.7,2.0,0.592885375494071,0.5681818181818181,27.0,2.0,0.4,0.3,0.8,0.0,0.0,0.0,0.2,0.1,0.333,0.7,0.0,0.1,0.4,0.2,0.2,-0.1,0.7172131147540982,0.7499999999999999,22.0,20.4,4.0,2.6,0.659,0.0,0.0,0.0,0.8,0.5,0.611,5.8,2.2,0.9,7.6,2.9,4.8,2.8,0.666360294117647,0.65,0.6801563236480443,2021-22
1626174,Christian Wood,1610612745,HOU,68.0,30.8,12.9,6.5,0.501,4.9,1.9,0.39,4.9,3.0,0.623,17.9,2.3,1.9,10.1,1.6,8.5,-6.0,0.5944473963868224,0.5775193798449613,23.0,3.5,1.2,0.5,0.444,0.3,0.1,0.375,0.7,0.5,0.688,1.7,0.3,0.4,0.9,0.1,0.8,-1.0,0.5636604774535808,0.45833333333333337,,,,,,,,,,,,,,,,,,,,,0.5832251093453356,2021-22
1626179,Terry Rozier,1610612766,CHA,73.0,33.7,16.0,7.1,0.444,8.1,3.0,0.374,2.4,2.1,0.852,19.3,4.5,1.3,4.3,0.8,3.5,1.0,0.5657833020637899,0.5375,29.0,4.2,2.1,0.9,0.403,1.3,0.4,0.333,0.6,0.4,0.813,2.6,0.3,0.1,0.4,0.1,0.4,0.0,0.5499153976311337,0.5238095238095238,,,,,,,,,,,,,,,,,,,,,0.5683296991078655,2021-22
1626181,Norman Powell,1610612746,LAC,45.0,32.4,13.4,6.2,0.461,5.6,2.4,0.419,5.2,4.2,0.811,19.0,2.1,1.5,3.2,0.4,2.8,-4.9,0.6055583885772565,0.5522388059701493,19.0,3.1,0.8,0.4,0.533,0.3,0.2,0.5,0.9,0.7,0.824,1.7,0.2,0.1,0.2,0.0,0.2,-1.0,0.7107023411371236,0.625,,,,,,,,,,,,,,,,,,,,,0.681624506203787,2021-22
1626192,Pat Connaughton,1610612749,MIL,65.0,26.0,7.6,3.5,0.458,5.7,2.2,0.395,0.8,0.7,0.833,9.9,1.3,0.5,4.2,0.7,3.5,-0.4,0.6224849094567405,0.6052631578947368,28.0,2.1,0.7,0.3,0.421,0.6,0.3,0.438,0.0,0.0,1.0,0.9,0.1,0.0,0.4,0.1,0.3,1.0,0.6428571428571429,0.6428571428571428,12.0,26.5,7.3,3.5,0.477,5.3,2.1,0.391,0.4,0.4,1.0,9.5,0.9,0.6,4.3,0.3,4.0,1.2,0.635366506153023,0.6232876712328766,0.6449269785862601,2021-22
1626195,Willy Hernangomez,1610612740,NOP,50.0,16.8,6.5,3.4,0.52,0.2,0.1,0.333,2.8,2.2,0.773,9.1,1.3,1.0,6.8,2.9,3.9,-0.9,0.5884635281945163,0.5307692307692308,4.0,2.5,0.5,0.0,0.0,0.0,0.0,0.0,0.0,0.0,0.0,0.0,0.0,0.0,0.5,0.0,0.5,-2.3,0.0,0.0,1.0,1.9,4.0,1.0,0.25,1.0,0.0,0.0,0.0,0.0,0.0,2.0,0.0,0.0,2.0,2.0,0.0,-2.0,0.25,0.25,0.2307695623902103,2021-22
1626196,Josh Richardson,1610612759,SAS,65.0,24.6,8.2,3.6,0.438,3.8,1.6,0.415,1.7,1.5,0.889,10.2,1.8,1.0,2.8,0.6,2.2,2.1,0.5699597675458203,0.5365853658536587,23.0,3.7,0.7,0.3,0.375,0.2,0.1,0.6,0.3,0.2,0.667,0.8,0.2,0.1,0.4,0.1,0.3,0.1,0.48076923076923084,0.5,,,,,,,,,,,,,,,,,,,,,0.5190359950595733,2021-22
1626204,Larry Nance Jr.,1610612740,NOP,46.0,22.6,5.4,2.8,0.522,1.5,0.5,0.329,1.2,0.9,0.702,7.0,1.8,0.8,5.4,1.6,3.8,-1.3,0.5904183535762483,0.5648148148148148,13.0,1.4,0.3,0.2,0.75,0.1,0.0,0.0,0.2,0.2,1.0,0.6,0.0,0.0,0.2,0.1,0.1,0.1,0.7731958762886597,0.6666666666666667,6.0,21.6,6.5,3.7,0.564,1.5,0.3,0.222,1.8,1.5,0.818,9.2,1.8,1.0,5.8,3.2,2.7,2.8,0.6308283049917718,0.5923076923076923,0.677104725742674,2021-22
1626208,Keifer Sykes,1610612754,IND,32.0,17.7,5.9,2.2,0.363,2.8,0.8,0.3,0.5,0.5,0.882,5.6,1.9,1.0,1.4,0.3,1.2,-2.2,0.45751633986928103,0.4406779661016949,5.0,2.6,0.8,0.4,0.5,0.4,0.2,0.5,0.0,0.0,0.0,1.0,0.0,0.0,0.2,0.0,0.2,-1.8,0.625,0.625,,,,,,,,,,,,,,,,,,,,,0.5827314353213605,2021-22
1626220,Royce O'Neale,1610612762,UTA,77.0,31.2,5.8,2.6,0.457,4.0,1.5,0.389,0.7,0.6,0.804,7.4,2.5,1.0,4.8,0.8,3.9,3.0,0.6057629338572365,0.5775862068965517,39.0,3.3,0.4,0.1,0.143,0.2,0.0,0.111,0.1,0.1,0.6,0.2,0.4,0.1,0.6,0.2,0.4,-0.2,0.22522522522522523,0.25,6.0,31.4,5.8,2.3,0.4,4.2,1.2,0.28,0.3,0.3,1.0,6.2,1.5,0.5,5.7,1.0,4.7,-8.8,0.5225893459204316,0.5,0.4442267887344458,2021-22
1626224,Cedi Osman,1610612739,CLE,66.0,22.1,8.7,3.7,0.432,5.4,1.9,0.357,2.0,1.3,0.664,10.7,2.0,1.0,2.2,0.4,1.8,-0.9,0.558455114822547,0.5344827586206897,18.0,2.0,0.8,0.2,0.286,0.5,0.2,0.333,0.1,0.1,0.5,0.7,0.2,0.0,0.2,0.1,0.1,-0.8,0.41469194312796204,0.37500000000000006,,,,,,,,,,,,,,,,,,,,,0.471808402657284,2021-22
1627734,Domantas Sabonis,1610612758,SAC,62.0,34.4,12.5,7.1,0.573,2.0,0.6,0.312,5.4,4.0,0.741,18.9,5.2,3.1,12.1,3.2,8.9,-0.2,0.6352514116698036,0.592,33.0,3.4,1.1,0.5,0.514,0.2,0.1,0.286,0.6,0.5,0.762,1.6,0.3,0.2,1.2,0.5,0.7,-1.0,0.5865102639296188,0.5,,,,,,,,,,,,,,,,,,,,,0.6115573131756431,2021-22
1627736,Malik Beasley,1610612750,MIN,79.0,25.0,10.8,4.2,0.391,8.1,3.0,0.377,0.8,0.6,0.817,12.1,1.5,0.5,2.9,0.3,2.5,1.0,0.5425035868005739,0.5277777777777778,22.0,2.4,0.8,0.2,0.294,0.6,0.2,0.286,0.1,0.1,1.0,0.8,0.0,0.0,0.2,0.0,0.2,-0.8,0.4739336492890995,0.37500000000000006,6.0,19.8,7.3,3.2,0.432,4.2,1.3,0.32,1.0,0.8,0.833,8.5,0.7,1.2,3.3,0.3,3.0,-7.3,0.5490956072351421,0.5273972602739726,0.5303503585874214,2021-22
1627737,Marquese Chriss,1610612742,DAL,34.0,10.2,3.9,1.8,0.463,0.7,0.2,0.32,1.0,0.6,0.667,4.5,0.5,0.5,3.0,1.0,2.1,-0.3,0.5184331797235023,0.4871794871794872,2.0,1.1,0.5,0.0,0.0,0.5,0.0,0.0,0.0,0.0,0.0,0.0,0.0,0.0,0.0,0.0,0.0,-2.0,0.0,0.0,8.0,3.8,1.0,0.5,0.5,0.3,0.1,0.5,0.8,0.6,0.833,1.8,0.0,0.1,1.1,0.5,0.6,-1.9,0.665680473372781,0.55,0.43206627945753306,2021-22
1627739,Kris Dunn,1610612757,POR,14.0,24.0,7.3,3.1,0.431,0.8,0.1,0.091,1.3,1.2,0.944,7.6,5.6,2.3,3.5,0.6,2.9,-6.6,0.48272357723577236,0.4315068493150685,6.0,1.7,0.8,0.0,0.0,0.5,0.0,0.0,0.0,0.0,0.0,0.0,0.0,0.0,0.2,0.0,0.2,-2.5,0.0,0.0,,,,,,,,,,,,,,,,,,,,,0.1718667631866786,2021-22
1627741,Buddy Hield,1610612754,IND,81.0,30.8,13.6,5.5,0.406,8.8,3.2,0.366,1.6,1.4,0.874,15.6,2.8,1.9,4.4,0.8,3.5,-2.0,0.5453020134228188,0.5220588235294118,39.0,3.3,1.3,0.4,0.269,0.8,0.2,0.25,0.7,0.7,0.964,1.6,0.2,0.1,0.5,0.1,0.5,-1.0,0.4975124378109453,0.3846153846153846,,,,,,,,,,,,,,,,,,,,,0.5230011198769454,2021-22
1627742,Brandon Ingram,1610612740,NOP,55.0,34.0,17.9,8.2,0.461,4.1,1.3,0.327,5.9,4.8,0.826,22.7,5.6,2.7,5.8,0.6,5.2,2.2,0.5537665886026542,0.49441340782122906,20.0,3.9,2.1,0.8,0.39,0.5,0.2,0.333,1.1,0.8,0.762,2.6,0.4,0.5,0.8,0.1,0.7,0.4,0.5030959752321982,0.42857142857142855,6.0,39.3,19.7,9.3,0.475,4.5,1.8,0.407,7.8,6.5,0.83,27.0,6.2,3.8,6.2,0.7,5.5,0.8,0.5836071243299327,0.517766497461929,0.5635284955842382,2021-22
1627745,Damian Jones,1610612758,SAC,56.0,18.2,4.8,3.1,0.658,0.5,0.2,0.345,2.3,1.7,0.718,8.1,1.2,1.1,4.4,1.3,3.1,-3.1,0.6968341362697867,0.6666666666666667,13.0,4.3,0.8,0.7,0.818,0.0,0.0,0.0,0.6,0.2,0.25,1.5,0.3,0.3,1.2,0.5,0.8,1.4,0.7048872180451128,0.8749999999999999,,,,,,,,,,,,,,,,,,,,,0.7188695241165319,2021-22
1627747,Caris LeVert,1610612739,CLE,58.0,30.7,14.7,6.5,0.444,4.4,1.4,0.32,3.3,2.5,0.756,17.0,4.3,1.9,3.7,0.7,2.9,-1.1,0.5262506191183755,0.489795918367347,28.0,3.7,1.8,0.7,0.373,0.6,0.1,0.235,0.5,0.3,0.6,1.8,0.3,0.3,0.6,0.3,0.4,-0.8,0.44554455445544555,0.41666666666666663,,,,,,,,,,,,,,,,,,,,,0.48469147396810625,2021-22
1627749,Dejounte Murray,1610612759,SAS,68.0,34.8,18.3,8.4,0.462,4.3,1.4,0.327,3.6,2.9,0.794,21.1,9.2,2.6,8.3,1.2,7.1,0.7,0.5305773486220077,0.49726775956284147,34.0,3.7,2.4,1.0,0.432,0.4,0.1,0.214,0.9,0.6,0.677,2.8,0.6,0.4,0.7,0.1,0.6,-1.4,0.5007153075822603,0.43750000000000006,,,,,,,,,,,,,,,,,,,,,0.5237840753598201,2021-22
1627751,Jakob Poeltl,1610612759,SAS,68.0,29.0,9.8,6.0,0.618,0.0,0.0,1.0,2.8,1.4,0.495,13.5,2.8,1.6,9.3,3.9,5.5,1.7,0.6118564176939811,0.6122448979591836,29.0,3.9,0.9,0.6,0.593,0.0,0.0,0.0,0.6,0.3,0.471,1.4,0.2,0.1,1.4,0.6,0.9,-0.7,0.6013745704467353,0.6666666666666666,,,,,,,,,,,,,,,,,,,,,0.6140521929976012,2021-22
1627752,Taurean Prince,1610612750,MIN,69.0,17.1,5.7,2.6,0.454,3.3,1.2,0.376,1.2,0.9,0.756,7.3,1.0,0.8,2.5,0.4,2.1,-0.1,0.5860629415542711,0.5614035087719298,7.0,2.2,0.1,0.1,1.0,0.0,0.0,0.0,0.3,0.3,1.0,0.6,0.1,0.1,0.3,0.0,0.3,0.3,1.2931034482758619,1.0,5.0,13.1,5.4,2.0,0.37,2.8,0.8,0.286,1.4,1.2,0.857,6.0,1.2,0.8,1.6,0.2,1.4,-6.8,0.49867021276595747,0.4444444444444444,0.7798011320319157,2021-22
1627759,Jaylen Brown,1610612738,BOS,66.0,33.6,18.4,8.7,0.473,7.0,2.5,0.358,4.8,3.7,0.758,23.6,3.5,2.7,6.1,0.8,5.3,6.9,0.5752730109204368,0.5407608695652174,27.0,4.7,2.6,1.1,0.414,0.8,0.3,0.381,0.5,0.4,0.714,2.8,0.6,0.3,0.8,0.0,0.8,-0.9,0.4964539007092198,0.4807692307692307,24.0,38.3,17.5,8.2,0.47,6.7,2.5,0.373,5.5,4.2,0.763,23.1,3.5,3.1,6.9,1.4,5.5,3.0,0.5798192771084337,0.5399999999999999,0.5654035420592037,2021-22
1627761,DeAndre' Bembry,1610612749,MIL,56.0,18.3,3.9,2.2,0.561,0.6,0.3,0.417,0.6,0.4,0.6,5.1,1.2,0.6,2.9,0.8,2.2,-0.5,0.6123919308357348,0.6025641025641026,9.0,2.1,0.6,0.2,0.4,0.0,0.0,0.0,0.1,0.1,1.0,0.6,0.0,0.0,0.1,0.0,0.1,-1.7,0.4658385093167702,0.33333333333333337,,,,,,,,,,,,,,,,,,,,,0.5300742652037623,2021-22
1627763,Malcolm Brogdon,1610612754,IND,36.0,33.5,15.1,6.8,0.448,5.2,1.6,0.312,4.6,4.0,0.856,19.1,5.9,2.1,5.1,0.9,4.2,0.0,0.5576967998131278,0.5033112582781457,17.0,4.9,2.9,1.2,0.42,0.9,0.3,0.313,0.8,0.8,0.929,3.5,0.6,0.4,0.9,0.2,0.7,-0.6,0.5381303813038131,0.46551724137931033,,,,,,,,,,,,,,,,,,,,,0.5638578188188912,2021-22
1627767,Cheick Diallo,1610612765,DET,3.0,10.2,2.7,1.0,0.375,0.0,0.0,0.0,2.0,1.7,0.833,3.7,0.0,0.3,4.0,1.3,2.7,-11.0,0.5167597765363129,0.37037037037037035,,,,,,,,,,,,,,,,,,,,,,,,,,,,,,,,,,,,,,,,,0.5167597765363129,2021-22
1627777,Georges Niang,1610612755,PHI,76.0,22.8,7.4,3.2,0.437,5.1,2.1,0.403,0.8,0.7,0.881,9.2,1.3,0.8,2.7,0.3,2.3,0.9,0.5933952528379772,0.5743243243243243,31.0,2.3,0.5,0.2,0.294,0.4,0.1,0.308,0.1,0.0,0.5,0.5,0.1,0.0,0.3,0.1,0.2,1.4,0.45955882352941174,0.5,12.0,16.5,4.0,1.7,0.417,3.6,1.3,0.372,0.2,0.2,1.0,4.8,0.9,0.6,1.5,0.3,1.2,2.0,0.5870841487279843,0.5875,0.5523843144359692,2021-22
1627780,Gary Payton II,1610612744,GSW,71.0,17.6,4.8,3.0,0.616,1.7,0.6,0.358,0.8,0.5,0.603,7.1,0.9,0.6,3.5,1.0,2.5,2.5,0.6890527950310559,0.6875,25.0,1.4,0.2,0.2,0.833,0.1,0.0,0.5,0.0,0.0,0.0,0.4,0.0,0.0,0.3,0.0,0.2,-0.6,1.0,1.0,12.0,16.9,3.7,2.4,0.659,1.3,0.7,0.533,1.5,1.0,0.667,6.5,1.3,0.5,3.1,1.1,2.0,4.1,0.7454128440366972,0.7432432432432432,0.8250485545226565,2021-22
1627783,Pascal Siakam,1610612761,TOR,68.0,37.9,17.8,8.8,0.494,3.2,1.1,0.344,5.6,4.2,0.749,22.8,5.3,2.7,8.5,1.9,6.6,3.8,0.5625740228977497,0.5252808988764045,38.0,4.1,1.4,0.6,0.4,0.1,0.0,0.2,0.7,0.5,0.667,1.7,0.5,0.1,1.1,0.3,0.8,1.0,0.49765807962529274,0.4285714285714286,6.0,43.4,17.8,8.5,0.477,2.8,0.7,0.235,6.0,5.2,0.861,22.8,5.8,2.2,7.2,1.3,5.8,-6.8,0.5577299412915852,0.497191011235955,0.5463785028760657,2021-22
1627788,Furkan Korkmaz,1610612755,PHI,67.0,21.1,7.0,2.7,0.387,4.0,1.1,0.289,1.3,1.0,0.81,7.6,1.9,0.7,2.6,0.3,2.3,0.5,0.5018489170628632,0.4642857142857143,14.0,2.1,0.6,0.2,0.375,0.4,0.1,0.4,0.0,0.0,0.0,0.6,0.1,0.1,0.2,0.0,0.2,0.9,0.5,0.4166666666666667,9.0,6.8,2.6,1.2,0.478,1.1,0.4,0.4,0.2,0.2,1.0,3.1,0.4,0.2,1.3,0.1,1.2,-0.2,0.5766369047619048,0.5384615384615384,0.547198033794967,2021-22
1627789,Timothe Luwawu-Cabarrot,1610612737,ATL,52.0,13.2,3.6,1.4,0.398,2.3,0.8,0.361,0.8,0.7,0.854,4.4,0.8,0.4,1.6,0.3,1.3,-1.0,0.5566801619433199,0.49999999999999994,8.0,2.4,0.5,0.0,0.0,0.3,0.0,0.0,0.0,0.0,0.0,0.0,0.0,0.0,0.3,0.3,0.0,-2.5,0.0,0.0,4.0,5.5,1.0,0.5,0.5,0.8,0.3,0.333,0.0,0.0,0.0,1.3,0.5,0.3,0.8,0.0,0.8,0.3,0.65,0.65,0.43166891587558426,2021-22
1627814,Damion Lee,1610612744,GSW,63.0,19.9,6.1,2.7,0.441,3.0,1.0,0.337,1.2,1.0,0.88,7.4,1.0,0.6,3.2,0.4,2.8,1.5,0.5582377791188896,0.5245901639344263,20.0,2.0,0.6,0.3,0.417,0.5,0.2,0.444,0.2,0.2,1.0,0.9,0.2,0.1,0.4,0.1,0.3,0.7,0.6540697674418605,0.6666666666666667,16.0,7.8,2.1,0.8,0.382,1.0,0.3,0.25,0.2,0.1,0.667,2.0,0.4,0.4,1.6,0.3,1.3,-2.0,0.45703839122486284,0.4523809523809524,0.5494181468516912,2021-22
1627820,Tyrone Wallace,1610612740,NOP,6.0,12.5,3.3,1.2,0.35,1.3,0.3,0.25,0.8,0.2,0.2,2.8,0.2,0.3,1.3,0.0,1.3,-3.0,0.3833515881708653,0.40909090909090906,1.0,0.3,0.0,0.0,0.0,0.0,0.0,0.0,0.0,0.0,0.0,0.0,0.0,0.0,0.0,0.0,0.0,-2.0,,,,,,,,,,,,,,,,,,,,,,,0.12778386272362177,2021-22
1627823,Juancho Hernangomez,1610612762,UTA,40.0,11.1,2.7,1.1,0.415,1.7,0.6,0.348,0.9,0.5,0.559,3.3,0.5,0.4,2.5,0.7,1.8,-0.1,0.5329457364341085,0.5185185185185185,1.0,0.0,0.0,0.0,0.0,0.0,0.0,0.0,0.0,0.0,0.0,0.0,0.0,0.0,0.0,0.0,0.0,0.0,,,6.0,9.3,3.0,0.8,0.278,2.0,0.7,0.333,0.0,0.0,0.0,2.3,0.8,0.3,2.0,0.3,1.7,1.8,0.3833333333333333,0.3833333333333333,0.2804909560723514,2021-22
1627826,Ivica Zubac,1610612746,LAC,76.0,24.4,6.5,4.1,0.626,0.0,0.0,0.0,3.0,2.2,0.727,10.3,1.6,1.5,8.5,2.9,5.6,-1.7,0.6585677749360614,0.6307692307692307,25.0,2.9,0.8,0.6,0.7,0.0,0.0,0.0,0.8,0.6,0.7,1.7,0.1,0.0,1.1,0.5,0.6,0.4,0.7378472222222221,0.7499999999999999,,,,,,,,,,,,,,,,,,,,,0.7237284320993007,2021-22
1627827,Dorian Finney-Smith,1610612742,DAL,80.0,33.0,8.7,4.1,0.471,5.4,2.2,0.395,1.0,0.7,0.675,11.0,1.9,1.0,4.7,1.5,3.2,3.0,0.601750547045952,0.5977011494252873,36.0,3.2,0.7,0.4,0.52,0.3,0.1,0.417,0.2,0.1,0.667,1.0,0.1,0.1,0.6,0.2,0.4,0.0,0.6345177664974619,0.6428571428571429,18.0,38.2,8.7,4.1,0.471,6.0,2.6,0.426,1.3,0.9,0.708,11.7,1.9,1.0,5.5,1.8,3.7,2.6,0.6309318377911993,0.6206896551724138,0.6353095759129818,2021-22
1627832,Fred VanVleet,1610612761,TOR,65.0,37.9,16.9,6.8,0.403,9.9,3.7,0.377,3.4,3.0,0.874,20.3,6.7,2.6,4.4,0.7,3.8,3.3,0.5517503805175039,0.5118343195266273,33.0,4.4,2.3,0.8,0.338,1.4,0.6,0.404,0.6,0.5,0.75,2.6,0.7,0.2,0.5,0.1,0.4,0.9,0.5070202808112324,0.47826086956521746,4.0,35.0,13.5,4.8,0.352,9.0,3.0,0.333,1.5,1.3,0.833,13.8,6.3,1.0,3.0,0.5,2.5,-10.0,0.4872881355932204,0.4666666666666667,0.5182186922747544,2021-22
1627846,Abdel Nader,1610612756,PHX,14.0,10.4,2.5,0.9,0.343,1.0,0.3,0.286,0.7,0.4,0.6,2.4,0.5,0.8,1.9,0.3,1.6,-0.1,0.4273504273504274,0.42000000000000004,1.0,0.0,0.0,0.0,0.0,0.0,0.0,0.0,0.0,0.0,0.0,0.0,0.0,0.0,0.0,0.0,0.0,-2.0,,,,,,,,,,,,,,,,,,,,,,,0.14245014245014245,2021-22
1627854,Bryn Forbes,1610612743,DEN,75.0,17.1,7.2,3.1,0.429,3.9,1.6,0.414,1.2,1.1,0.908,8.8,1.0,0.7,1.2,0.1,1.1,0.3,0.5693581780538303,0.5416666666666667,13.0,2.2,1.0,0.5,0.538,0.5,0.3,0.667,0.3,0.3,1.0,1.7,0.0,0.2,0.2,0.0,0.2,-0.1,0.7508833922261483,0.65,5.0,15.3,3.0,1.2,0.4,2.2,0.8,0.364,1.0,0.8,0.8,4.0,1.4,0.4,0.6,0.2,0.4,0.6,0.5813953488372093,0.5333333333333333,0.6497740570565856,2021-22
1627863,Danuel House Jr.,1610612762,UTA,42.0,17.3,4.7,1.9,0.404,2.8,1.0,0.376,1.4,1.0,0.759,5.9,1.0,0.8,2.6,0.4,2.2,1.5,0.5549285176824681,0.5106382978723404,10.0,2.3,0.7,0.4,0.571,0.6,0.4,0.667,0.0,0.0,0.0,1.2,0.0,0.0,0.4,0.1,0.3,-1.3,0.8571428571428572,0.8571428571428573,6.0,18.6,3.7,1.5,0.409,1.7,0.3,0.2,1.3,1.0,0.75,4.3,0.7,1.0,2.8,0.3,2.5,1.8,0.5032771535580524,0.4459459459459459,0.644734565791831,2021-22
1627884,Derrick Jones Jr.,1610612741,CHI,51.0,17.6,3.8,2.1,0.538,1.2,0.4,0.328,1.4,1.1,0.8,5.6,0.6,0.6,3.3,1.2,2.1,0.8,0.6340579710144928,0.605263157894737,15.0,2.2,0.3,0.2,0.75,0.0,0.0,0.0,0.1,0.1,1.0,0.5,0.1,0.0,0.3,0.1,0.2,0.6,0.7267441860465117,0.6666666666666667,5.0,11.8,3.4,1.4,0.412,2.2,0.6,0.273,0.6,0.4,0.667,3.8,0.4,0.6,1.4,0.6,0.8,-4.4,0.5185589519650655,0.5,0.6150986033404798,2021-22
1627885,Shaquille Harrison,1610612751,BKN,2.0,11.3,3.0,1.0,0.333,1.0,0.0,0.0,0.0,0.0,0.0,2.0,1.5,1.0,2.0,0.5,1.5,-2.0,0.3333333333333333,0.3333333333333333,,,,,,,,,,,,,,,,,,,,,,,,,,,,,,,,,,,,,,,,,0.3333333333333333,2021-22
1627936,Alex Caruso,1610612741,CHI,41.0,28.0,6.2,2.5,0.398,3.1,1.0,0.333,1.8,1.4,0.795,7.4,4.0,1.4,3.6,0.8,2.8,2.7,0.5291762013729977,0.48387096774193544,19.0,3.1,0.3,0.0,0.0,0.2,0.0,0.0,0.2,0.2,0.75,0.2,0.4,0.1,0.6,0.2,0.4,0.7,0.2577319587628866,0.0,4.0,28.4,5.8,2.3,0.391,4.5,1.8,0.389,0.0,0.0,0.0,6.3,4.3,0.3,2.8,0.5,2.3,-5.5,0.5431034482758621,0.5517241379310345,0.45049712029769845,2021-22
1628021,David Nwaba,1610612745,HOU,46.0,13.2,3.8,1.8,0.483,1.1,0.3,0.306,1.5,1.0,0.716,5.1,0.8,0.5,3.3,0.9,2.4,-2.5,0.5717488789237668,0.5131578947368421,6.0,1.2,0.0,0.0,0.0,0.0,0.0,0.0,0.0,0.0,0.0,0.0,0.2,0.0,0.2,0.0,0.2,-2.5,,,,,,,,,,,,,,,,,,,,,,,0.1905829596412556,2021-22
1628035,Alfonzo McKinnie,1610612741,CHI,17.0,12.1,3.6,1.4,0.393,1.6,0.5,0.333,0.5,0.1,0.25,3.5,0.3,0.4,1.9,0.8,1.2,-3.2,0.45811518324607325,0.4583333333333333,3.0,0.7,0.3,0.0,0.0,0.3,0.0,0.0,0.0,0.0,0.0,0.0,0.0,0.0,0.0,0.0,0.0,1.3,0.0,0.0,,,,,,,,,,,,,,,,,,,,,0.16103839441304293,2021-22
1628221,Gabe York,1610612754,IND,2.0,10.7,3.5,1.0,0.286,3.0,0.5,0.167,2.5,1.5,0.6,4.0,2.0,0.5,1.0,0.0,1.0,-2.0,0.4347826086956522,0.35714285714285715,,,,,,,,,,,,,,,,,,,,,,,,,,,,,,,,,,,,,,,,,0.4347826086956522,2021-22
1628365,Markelle Fultz,1610612753,ORL,18.0,20.0,9.7,4.6,0.474,0.9,0.2,0.235,1.7,1.4,0.806,10.8,5.5,2.2,2.7,0.2,2.5,-2.1,0.5168453292496172,0.48453608247422675,,,,,,,,,,,,,,,,,,,,,,,,,,,,,,,,,,,,,,,,,0.5168453292496172,2021-22
1628366,Lonzo Ball,1610612741,CHI,35.0,34.6,10.9,4.6,0.423,7.4,3.1,0.423,0.8,0.6,0.75,13.0,5.1,2.3,5.4,1.0,4.4,2.3,0.5776750799857803,0.5642201834862385,16.0,3.2,0.7,0.1,0.182,0.5,0.1,0.125,0.1,0.1,1.0,0.4,0.1,0.3,0.9,0.4,0.5,1.6,0.2688172043010753,0.21428571428571433,,,,,,,,,,,,,,,,,,,,,0.378191847877345,2021-22
1628367,Josh Jackson,1610612758,SAC,51.0,16.3,5.9,2.4,0.4,2.5,0.6,0.254,1.5,1.1,0.714,6.4,1.1,0.9,2.8,0.4,2.4,-3.1,0.4878048780487805,0.45762711864406774,5.0,1.5,0.2,0.0,0.0,0.0,0.0,0.0,0.0,0.0,0.0,0.0,0.0,0.0,0.6,0.0,0.6,2.0,0.0,0.0,,,,,,,,,,,,,,,,,,,,,0.1659914565241602,2021-22
1628368,De'Aaron Fox,1610612758,SAC,59.0,35.3,18.5,8.7,0.473,4.2,1.3,0.297,5.9,4.4,0.75,23.2,5.6,2.8,3.9,0.4,3.5,-3.3,0.5498672734167614,0.5054054054054054,30.0,3.7,2.1,0.9,0.422,0.4,0.0,0.083,1.1,0.8,0.781,2.7,0.6,0.4,0.5,0.0,0.5,-0.7,0.5224458204334366,0.42857142857142855,,,,,,,,,,,,,,,,,,,,,0.5429376561119493,2021-22
1628369,Jayson Tatum,1610612738,BOS,76.0,35.9,20.6,9.3,0.453,8.6,3.0,0.353,6.2,5.3,0.853,26.9,4.4,2.9,8.0,1.1,6.9,8.8,0.5765603566529491,0.5242718446601942,30.0,4.7,2.6,1.0,0.372,0.8,0.1,0.08,1.3,1.2,0.949,3.2,0.2,0.4,1.1,0.3,0.8,-0.6,0.5044136191677175,0.40384615384615385,24.0,41.0,19.7,8.4,0.426,8.2,3.2,0.393,7.1,5.7,0.8,25.6,6.2,4.2,6.7,1.0,5.7,4.5,0.5608131791097092,0.5076142131979695,0.5572592146089402,2021-22
1628370,Malik Monk,1610612747,LAL,76.0,28.1,10.9,5.1,0.473,5.8,2.3,0.391,1.5,1.2,0.795,13.8,2.9,1.6,3.4,0.5,2.9,0.7,0.596885813148789,0.573394495412844,38.0,3.6,1.0,0.5,0.487,0.6,0.2,0.429,0.6,0.3,0.571,1.6,0.1,0.2,0.4,0.1,0.4,-0.1,0.6329113924050633,0.6,,,,,,,,,,,,,,,,,,,,,0.6300771779120691,2021-22
1628372,Dennis Smith Jr.,1610612757,POR,37.0,17.3,5.1,2.1,0.418,0.7,0.2,0.222,1.7,1.1,0.656,5.6,3.6,1.4,2.4,0.5,1.8,-3.7,0.4787961696306429,0.4313725490196079,8.0,1.2,0.4,0.1,0.333,0.0,0.0,0.0,0.1,0.1,1.0,0.4,0.4,0.1,0.1,0.0,0.1,0.0,0.45045045045045046,0.25,,,,,,,,,,,,,,,,,,,,,0.46774216076387876,2021-22
1628373,Frank Ntilikina,1610612742,DAL,58.0,11.8,3.8,1.5,0.399,1.9,0.7,0.342,0.4,0.4,0.96,4.1,1.2,0.5,1.4,0.2,1.2,1.1,0.5155935613682092,0.48684210526315796,5.0,1.9,0.2,0.0,0.0,0.0,0.0,0.0,0.4,0.4,1.0,0.4,0.0,0.0,0.2,0.0,0.2,-2.6,0.5319148936170213,0.0,12.0,10.4,2.0,0.7,0.333,1.7,0.5,0.3,0.1,0.1,1.0,1.9,0.8,0.5,1.0,0.2,0.8,-1.3,0.4647749510763209,0.475,0.5008878581985542,2021-22
1628374,Lauri Markkanen,1610612739,CLE,61.0,30.8,11.5,5.1,0.445,6.2,2.2,0.358,2.6,2.3,0.868,14.8,1.3,0.9,5.7,1.0,4.7,2.8,0.585257829800696,0.5391304347826086,30.0,3.1,1.1,0.6,0.5,0.8,0.4,0.44,0.5,0.4,0.813,1.9,0.1,0.0,0.7,0.1,0.5,1.4,0.7196969696969696,0.7272727272727273,,,,,,,,,,,,,,,,,,,,,0.6844491404553509,2021-22
1628378,Donovan Mitchell,1610612762,UTA,67.0,33.8,20.5,9.2,0.448,9.8,3.5,0.355,4.7,4.0,0.853,25.9,5.3,3.0,4.2,0.8,3.4,4.1,0.5738213399503721,0.5341463414634146,33.0,3.6,2.8,0.9,0.33,1.0,0.2,0.188,0.6,0.4,0.619,2.4,0.6,0.4,0.4,0.1,0.3,-0.2,0.39164490861618795,0.35714285714285715,6.0,38.2,22.2,8.8,0.398,8.0,1.7,0.208,7.0,6.2,0.881,25.5,5.7,2.7,4.3,1.0,3.3,-6.5,0.5043512658227848,0.43468468468468474,0.49201936235988325,2021-22
1628379,Luke Kennard,1610612746,LAC,70.0,27.4,9.1,4.1,0.449,6.0,2.7,0.449,1.1,1.0,0.896,11.9,2.1,0.9,3.3,0.3,3.0,2.6,0.6208263772954925,0.5989010989010989,35.0,2.8,0.5,0.3,0.611,0.4,0.3,0.667,0.2,0.2,0.857,1.1,0.2,0.1,0.2,0.0,0.2,0.7,0.9353741496598641,0.8999999999999999,,,,,,,,,,,,,,,,,,,,,0.8360193976989753,2021-22
1628380,Zach Collins,1610612759,SAS,28.0,17.9,5.5,2.7,0.49,1.5,0.5,0.341,2.3,1.9,0.8,7.8,2.2,1.6,5.5,1.6,3.8,1.4,0.5988943488943489,0.5363636363636364,7.0,0.4,0.0,0.0,0.0,0.0,0.0,0.0,0.0,0.0,0.0,0.0,0.0,0.0,0.1,0.0,0.1,0.3,,,,,,,,,,,,,,,,,,,,,,,0.19963144963144963,2021-22
1628381,John Collins,1610612737,ATL,54.0,30.8,11.9,6.3,0.526,3.3,1.2,0.364,3.1,2.5,0.793,16.2,1.8,1.1,7.8,1.7,6.1,0.7,0.6106755126658624,0.5798319327731092,21.0,3.2,0.8,0.3,0.375,0.2,0.0,0.0,0.3,0.1,0.5,0.7,0.2,0.0,1.2,0.2,1.0,-2.2,0.37553648068669526,0.37499999999999994,5.0,24.3,7.8,3.8,0.487,2.2,0.8,0.364,2.0,1.0,0.5,9.4,1.2,1.0,4.6,0.4,4.2,-13.2,0.5414746543778802,0.5384615384615385,0.5044180952705475,2021-22
1628384,OG Anunoby,1610612761,TOR,48.0,36.0,14.5,6.4,0.443,6.6,2.4,0.363,2.5,1.9,0.754,17.1,2.6,1.7,5.5,1.5,4.0,2.8,0.5480769230769231,0.5241379310344828,25.0,4.2,2.0,0.9,0.44,1.0,0.3,0.333,0.3,0.3,1.0,2.4,0.2,0.1,1.2,0.5,0.7,0.8,0.5628517823639775,0.525,6.0,36.1,13.7,6.5,0.476,6.8,2.3,0.341,2.7,2.0,0.75,17.3,2.5,1.7,4.0,1.2,2.8,-5.2,0.5810048361096185,0.5583941605839416,0.5832589361362802,2021-22
1628386,Jarrett Allen,1610612739,CLE,56.0,32.3,9.7,6.6,0.677,0.2,0.0,0.1,4.2,2.9,0.708,16.1,1.6,1.7,10.8,3.4,7.3,2.4,0.697090405264981,0.6804123711340206,30.0,3.0,0.8,0.6,0.826,0.0,0.0,1.0,0.5,0.4,0.733,1.7,0.2,0.2,1.0,0.3,0.7,0.3,0.8333333333333333,0.7499999999999999,,,,,,,,,,,,,,,,,,,,,0.7961664466567779,2021-22
1628389,Bam Adebayo,1610612748,MIA,56.0,32.6,13.0,7.3,0.557,0.1,0.0,0.0,6.1,4.6,0.753,19.1,3.4,2.6,10.1,2.4,7.6,5.4,0.6089007906146392,0.5615384615384615,28.0,3.8,0.6,0.3,0.529,0.0,0.0,0.0,0.9,0.7,0.8,1.4,0.3,0.3,0.9,0.2,0.6,0.1,0.7028112449799196,0.5,18.0,34.1,9.7,5.8,0.594,0.1,0.0,0.0,4.2,3.2,0.763,14.8,2.7,2.1,8.0,2.1,5.9,4.3,0.6408036023553862,0.5979381443298969,0.6607710658884691,2021-22
1628391,D.J. Wilson,1610612761,TOR,4.0,13.5,3.8,2.8,0.733,0.5,0.0,0.0,2.5,2.0,0.8,7.5,1.3,0.5,4.0,0.3,3.8,-4.0,0.7653061224489796,0.7368421052631579,1.0,4.3,0.0,0.0,0.0,0.0,0.0,0.0,5.0,4.0,0.8,4.0,0.0,0.0,1.0,0.0,1.0,-2.0,0.9090909090909091,,,,,,,,,,,,,,,,,,,,,,0.8611626468769326,2021-22
1628392,Isaiah Hartenstein,1610612746,LAC,68.0,17.9,5.4,3.4,0.626,0.4,0.2,0.467,1.9,1.3,0.689,8.3,2.4,1.2,4.9,1.7,3.2,2.5,0.6654906991661321,0.6481481481481481,16.0,1.1,0.4,0.4,0.857,0.0,0.0,0.0,0.2,0.1,0.333,0.8,0.2,0.1,0.3,0.0,0.3,0.4,0.819672131147541,1.0,,,,,,,,,,,,,,,,,,,,,0.7756857278931071,2021-22
1628396,Tony Bradley,1610612741,CHI,55.0,10.0,2.2,1.3,0.585,0.0,0.0,0.0,0.5,0.3,0.655,3.0,0.5,0.6,3.4,1.2,2.2,1.3,0.6198347107438016,0.5909090909090908,4.0,0.2,0.0,0.0,0.0,0.0,0.0,0.0,0.0,0.0,0.0,0.0,0.0,0.0,0.0,0.0,0.0,0.0,,,2.0,3.9,2.5,2.5,1.0,0.0,0.0,0.0,0.0,0.0,0.0,5.0,0.5,0.0,2.0,0.0,2.0,5.0,1.0,1.0,0.6033057851239669,2021-22
1628398,Kyle Kuzma,1610612764,WAS,66.0,33.4,14.2,6.4,0.452,5.7,1.9,0.341,3.3,2.4,0.712,17.1,3.5,2.6,8.5,1.1,7.4,-4.3,0.5462560695118835,0.517605633802817,36.0,3.9,1.9,0.8,0.406,1.2,0.5,0.395,0.7,0.6,0.808,2.6,0.3,0.2,0.9,0.1,0.8,1.1,0.588768115942029,0.5526315789473685,,,,,,,,,,,,,,,,,,,,,0.5879777154878457,2021-22
1628400,Semi Ojeleye,1610612746,LAC,30.0,13.5,3.3,1.0,0.303,1.7,0.5,0.3,1.0,0.8,0.793,3.3,0.3,0.3,2.5,0.9,1.6,-4.8,0.4411764705882353,0.3787878787878788,2.0,2.6,0.5,0.0,0.0,0.0,0.0,0.0,0.0,0.0,0.0,0.0,0.0,0.0,0.0,0.0,0.0,-4.5,0.0,0.0,,,,,,,,,,,,,,,,,,,,,0.16221033867633555,2021-22
1628401,Derrick White,1610612738,BOS,75.0,29.3,10.7,4.5,0.421,4.9,1.5,0.312,3.1,2.7,0.864,13.2,4.9,1.6,3.5,0.5,3.0,2.7,0.5470822281167108,0.4906542056074767,25.0,3.5,1.2,0.4,0.345,0.6,0.1,0.133,0.4,0.3,0.727,1.2,0.3,0.2,0.3,0.1,0.2,-0.8,0.436046511627907,0.375,23.0,25.4,7.7,2.8,0.364,3.6,1.1,0.313,2.2,1.8,0.824,8.5,2.7,1.3,3.0,0.3,2.7,0.4,0.49030918320258415,0.435064935064935,0.4928987534333595,2021-22
1628402,Frank Jackson,1610612765,DET,53.0,22.0,9.1,3.7,0.402,5.3,1.6,0.308,2.0,1.6,0.827,10.6,1.0,0.7,1.6,0.4,1.3,-3.5,0.531062124248497,0.4945054945054945,13.0,2.3,0.7,0.2,0.222,0.5,0.2,0.286,0.0,0.0,0.0,0.5,0.0,0.1,0.2,0.0,0.2,-2.1,0.35714285714285715,0.42857142857142866,,,,,,,,,,,,,,,,,,,,,0.4228082538695328,2021-22
1628404,Josh Hart,1610612757,POR,54.0,33.2,10.5,5.3,0.504,3.9,1.4,0.343,3.9,3.0,0.758,14.9,4.1,2.1,7.2,1.1,6.0,-3.7,0.6098559266535691,0.5714285714285714,20.0,4.0,1.0,0.5,0.45,0.3,0.1,0.4,0.8,0.8,0.938,1.8,0.4,0.2,1.1,0.4,0.8,-1.2,0.665680473372781,0.55,,,,,,,,,,,,,,,,,,,,,0.6565961006559462,2021-22
1628408,PJ Dozier,1610612743,DEN,18.0,18.9,5.5,2.0,0.364,2.7,0.8,0.313,0.7,0.6,0.769,5.4,1.6,0.7,3.5,0.8,2.7,-5.0,0.4648760330578513,0.43636363636363634,4.0,2.7,0.3,0.0,0.0,0.3,0.0,0.0,0.0,0.0,0.0,0.0,0.3,0.3,0.5,0.0,0.5,-1.0,0.0,0.0,,,,,,,,,,,,,,,,,,,,,0.16041322313950415,2021-22
1628411,Wes Iwundu,1610612737,ATL,3.0,27.4,6.0,2.7,0.444,1.7,1.0,0.6,1.3,1.0,0.75,7.3,0.0,0.3,4.3,1.0,3.3,0.0,0.5553864881314668,0.5333333333333333,2.0,3.2,0.5,0.0,0.0,0.0,0.0,0.0,0.0,0.0,0.0,0.0,0.0,0.0,0.5,0.0,0.5,5.5,0.0,0.0,,,,,,,,,,,,,,,,,,,,,0.19346216270910005,2021-22
1628415,Dillon Brooks,1610612763,MEM,32.0,27.7,16.4,7.1,0.432,4.7,1.4,0.309,3.3,2.8,0.849,18.4,2.8,1.6,3.2,0.9,2.3,6.4,0.5153484203450595,0.475609756097561,7.0,2.9,2.1,0.6,0.267,0.9,0.0,0.0,0.9,0.7,0.833,1.9,0.1,0.1,0.3,0.3,0.0,-1.0,0.38060897435897434,0.2857142857142857,11.0,30.5,15.6,5.5,0.349,6.5,2.3,0.347,2.3,1.5,0.64,14.6,2.7,2.0,2.7,0.7,2.0,4.2,0.43944136768601016,0.4262820512820513,0.4452866234015061,2021-22
1628418,Thomas Bryant,1610612764,WAS,27.0,16.3,5.5,2.9,0.52,1.6,0.4,0.286,1.5,1.3,0.875,7.4,0.9,0.7,4.0,1.0,3.0,-2.8,0.6006493506493507,0.5636363636363636,3.0,1.2,0.7,0.3,0.5,0.3,0.0,0.0,0.0,0.0,0.0,0.7,0.0,0.3,0.7,0.0,0.7,-0.3,0.5,0.4285714285714286,,,,,,,,,,,,,,,,,,,,,0.5462770562747422,2021-22
1628419,Cameron Oliver,1610612737,ATL,2.0,21.7,7.5,5.0,0.667,1.5,0.5,0.333,1.5,1.0,0.667,11.5,1.5,0.0,3.0,1.0,2.0,-1.0,0.704656862745098,0.7,1.0,1.8,1.0,0.0,0.0,0.0,0.0,0.0,0.0,0.0,0.0,0.0,1.0,0.0,0.0,0.0,0.0,5.0,0.0,0.0,,,,,,,,,,,,,,,,,,,,,0.2482189542465882,2021-22
1628420,Monté Morris,1610612743,DEN,75.0,29.9,10.3,5.0,0.484,4.2,1.7,0.395,1.1,1.0,0.869,12.6,4.4,1.0,3.0,0.4,2.7,3.8,0.5841988130563798,0.5679611650485437,35.0,3.6,1.1,0.5,0.514,0.4,0.1,0.333,0.3,0.3,1.0,1.5,0.5,0.1,0.4,0.1,0.3,1.1,0.6087662337662336,0.5,5.0,31.1,10.2,5.0,0.49,5.2,2.2,0.423,2.4,1.8,0.75,14.0,5.4,1.6,2.2,0.2,2.0,-9.0,0.6218905472636815,0.5980392156862745,0.6219134320460972,2021-22
1628422,Damyean Dotson,1610612752,NYK,2.0,10.3,2.0,1.0,0.5,0.5,0.0,0.0,0.0,0.0,0.0,2.0,0.5,0.0,1.0,0.0,1.0,1.5,0.5,0.5,1.0,1.8,0.0,0.0,0.0,0.0,0.0,0.0,0.0,0.0,0.0,0.0,0.0,0.0,0.0,0.0,0.0,-3.0,,,,,,,,,,,,,,,,,,,,,,,0.16666666666666666,2021-22
1628425,Sterling Brown,1610612742,DAL,49.0,12.8,3.2,1.2,0.381,1.9,0.6,0.304,0.3,0.3,0.933,3.3,0.7,0.5,3.0,0.5,2.5,0.7,0.4951980792316926,0.46875,7.0,1.2,0.3,0.0,0.0,0.3,0.0,0.0,0.0,0.0,0.0,0.0,0.0,0.0,0.1,0.0,0.1,-2.3,0.0,0.0,9.0,2.8,1.1,0.3,0.3,0.4,0.0,0.0,0.8,0.6,0.714,1.2,0.3,0.3,0.9,0.1,0.8,-1.2,0.4132231404958677,0.2727272727272727,0.2985195834502863,2021-22
1628427,Vlatko Čančar,1610612743,DEN,15.0,11.8,2.7,1.5,0.561,0.8,0.5,0.583,0.9,0.6,0.643,4.1,1.1,0.6,2.1,0.5,1.5,0.3,0.6621447028423771,0.6481481481481481,1.0,6.3,0.0,0.0,0.0,0.0,0.0,0.0,2.0,0.0,0.0,0.0,0.0,0.0,1.0,0.0,1.0,-8.0,0.0,,2.0,4.3,1.5,1.0,0.667,1.0,0.5,0.5,0.0,0.0,0.0,2.5,0.5,1.0,1.0,0.0,1.0,3.5,0.8333333333333334,0.8333333333333334,0.5270241171403962,2021-22
1628432,Davon Reed,1610612743,DEN,48.0,13.9,3.4,1.7,0.503,1.8,0.8,0.43,0.3,0.2,0.667,4.4,1.1,0.3,2.3,0.3,2.0,-0.5,0.622876557191393,0.6176470588235294,7.0,2.8,0.7,0.0,0.0,0.4,0.0,0.0,0.3,0.0,0.0,0.0,0.0,0.1,0.6,0.0,0.6,-1.9,0.0,0.0,,,,,,,,,,,,,,,,,,,,,0.22821375435185995,2021-22
1628449,Chris Boucher,1610612761,TOR,80.0,21.1,7.2,3.4,0.464,2.9,0.9,0.297,2.4,1.9,0.777,9.4,0.3,0.5,6.2,2.2,3.9,2.4,0.5692829457364341,0.5347222222222222,23.0,2.6,0.5,0.2,0.417,0.2,0.0,0.0,0.2,0.1,0.75,0.6,0.0,0.0,0.7,0.1,0.6,0.1,0.5102040816326531,0.4,6.0,21.6,7.0,4.3,0.619,2.5,1.0,0.4,1.7,1.5,0.9,11.2,0.2,0.3,5.8,2.0,3.8,0.8,0.7227671657201857,0.6857142857142857,0.6332765454705296,2021-22
1628464,Daniel Theis,1610612738,BOS,47.0,20.8,6.2,3.2,0.519,2.3,0.7,0.308,1.5,1.0,0.681,8.2,0.9,1.0,4.9,1.3,3.6,-1.9,0.597667638483965,0.5725806451612904,6.0,4.5,1.0,0.7,0.667,0.2,0.2,1.0,0.3,0.2,0.5,1.7,0.0,0.2,0.8,0.2,0.7,-1.3,0.7508833922261483,0.7999999999999999,16.0,12.5,3.2,1.9,0.588,0.9,0.2,0.214,0.5,0.4,0.75,4.3,0.7,0.7,3.3,0.8,2.4,-2.6,0.6286549707602338,0.625,0.6803622547916235,2021-22
1628467,Maxi Kleber,1610612742,DAL,59.0,24.6,6.0,2.4,0.398,4.3,1.4,0.325,1.1,0.8,0.708,7.0,1.2,0.8,5.9,1.2,4.7,2.0,0.5397902529302899,0.5166666666666666,22.0,2.9,0.5,0.2,0.417,0.5,0.2,0.417,0.4,0.3,0.75,1.0,0.1,0.1,0.6,0.2,0.5,-0.5,0.7396449704142012,0.6000000000000001,18.0,25.4,5.9,3.0,0.509,4.3,1.9,0.436,1.2,0.8,0.714,8.7,1.1,0.6,4.6,0.8,3.7,-0.7,0.676726820161792,0.6694915254237288,0.6832101090392891,2021-22
1628470,Torrey Craig,1610612756,PHX,78.0,20.5,5.7,2.6,0.454,3.0,1.0,0.329,0.7,0.5,0.75,6.6,1.2,0.9,4.0,1.1,2.9,-2.4,0.5492676431424767,0.543859649122807,23.0,3.1,0.7,0.2,0.294,0.2,0.0,0.0,0.1,0.1,1.0,0.5,0.0,0.1,0.7,0.3,0.4,-2.7,0.33602150537634407,0.28571428571428575,9.0,7.6,2.4,0.9,0.364,1.1,0.3,0.3,0.2,0.1,0.5,2.2,0.6,0.4,1.7,0.6,1.1,-2.8,0.44212218649517687,0.43750000000000006,0.436893570649014,2021-22
1628476,Derrick Walton Jr.,1610612765,DET,3.0,36.1,8.7,2.0,0.231,4.3,1.0,0.231,1.3,1.3,1.0,6.3,7.0,3.7,3.3,0.7,2.7,-1.0,0.33973252804141507,0.2873563218390805,2.0,5.1,2.0,0.0,0.0,1.5,0.0,0.0,1.0,1.0,1.0,1.0,1.0,1.0,0.5,0.0,0.5,-3.0,0.20491803278688525,0.0,,,,,,,,,,,,,,,,,,,,,0.2728447036162126,2021-22
1628539,Mychal Mulder,1610612748,MIA,17.0,14.1,4.5,1.4,0.312,3.2,1.0,0.315,0.2,0.2,1.0,4.1,0.3,0.5,1.4,0.1,1.3,-3.2,0.4468177855274629,0.4222222222222222,1.0,0.0,0.0,0.0,0.0,0.0,0.0,0.0,0.0,0.0,0.0,0.0,0.0,0.0,0.0,0.0,0.0,-1.0,,,,,,,,,,,,,,,,,,,,,,,0.14893926184248762,2021-22
1628778,Paul Watson,1610612760,OKC,9.0,17.4,3.9,1.3,0.343,2.9,0.7,0.231,0.2,0.1,0.5,3.4,0.9,0.4,3.0,0.3,2.7,-6.2,0.4262788365095286,0.4230769230769231,,,,,,,,,,,,,,,,,,,,,,,,,,,,,,,,,,,,,,,,,0.4262788365095286,2021-22
1628960,Grayson Allen,1610612749,MIL,66.0,27.3,8.6,3.9,0.448,5.9,2.4,0.409,1.1,1.0,0.865,11.1,1.5,0.7,3.4,0.5,2.9,3.5,0.6109643328929987,0.5930232558139534,21.0,2.0,0.4,0.1,0.25,0.3,0.1,0.286,0.1,0.1,0.667,0.4,0.1,0.0,0.1,0.0,0.1,1.3,0.45045045045045046,0.37500000000000006,12.0,25.4,6.8,3.1,0.451,4.0,1.6,0.396,0.9,0.6,0.636,8.3,1.3,0.8,2.9,0.4,2.5,-1.0,0.5767092829349639,0.573529411764706,0.5449833432232888,2021-22
1628962,Udoka Azubuike,1610612762,UTA,17.0,11.5,2.9,2.2,0.755,0.0,0.0,0.0,0.6,0.4,0.545,4.7,0.0,0.7,4.2,1.1,3.1,0.2,0.7427307206068269,0.7586206896551725,1.0,3.9,1.0,1.0,1.0,0.0,0.0,0.0,0.0,0.0,0.0,2.0,0.0,0.0,4.0,0.0,4.0,6.0,1.0,1.0,,,,,,,,,,,,,,,,,,,,,0.948726332144408,2021-22
1628963,Marvin Bagley III,1610612765,DET,48.0,23.9,9.3,4.7,0.504,2.0,0.5,0.237,2.1,1.4,0.663,11.3,0.8,0.8,7.0,2.2,4.9,-2.8,0.5526212832550861,0.532258064516129,16.0,4.1,1.0,0.6,0.625,0.2,0.1,0.333,0.1,0.1,1.0,1.4,0.2,0.1,0.8,0.1,0.7,-0.9,0.6704980842911876,0.65,,,,,,,,,,,,,,,,,,,,,0.6419585054500406,2021-22
1628964,Mo Bamba,1610612753,ORL,71.0,25.7,8.7,4.2,0.48,4.0,1.5,0.381,1.0,0.8,0.781,10.6,1.2,1.1,8.1,2.1,6.0,-5.3,0.5798687089715536,0.5689655172413793,20.0,3.7,0.9,0.4,0.471,0.4,0.2,0.375,0.1,0.1,1.0,1.0,0.0,0.2,1.4,0.5,1.0,0.5,0.5296610169491525,0.5555555555555556,,,,,,,,,,,,,,,,,,,,,0.5567417418749707,2021-22
1628966,Keita Bates-Diop,1610612759,SAS,59.0,16.2,4.5,2.3,0.517,0.9,0.3,0.309,1.0,0.8,0.754,5.7,0.7,0.8,3.9,1.1,2.9,0.1,0.5769230769230769,0.5444444444444444,11.0,2.9,0.4,0.3,0.75,0.1,0.1,1.0,0.0,0.0,0.0,0.6,0.0,0.3,0.5,0.0,0.5,-2.5,0.7499999999999999,0.8749999999999999,,,,,,,,,,,,,,,,,,,,,0.7011965811946057,2021-22
1628969,Mikal Bridges,1610612756,PHX,82.0,34.8,10.5,5.6,0.534,3.8,1.4,0.369,1.9,1.6,0.834,14.2,2.3,0.8,4.2,0.9,3.3,7.0,0.6263232180663373,0.6,39.0,3.0,0.8,0.5,0.656,0.1,0.1,0.4,0.3,0.2,0.727,1.3,0.2,0.1,0.5,0.2,0.3,2.7,0.6974248927038627,0.6875,13.0,38.5,10.6,5.1,0.478,2.5,1.0,0.394,2.3,2.2,0.933,13.3,2.8,0.8,4.7,0.9,3.8,-0.4,0.572683430933517,0.5283018867924528,0.6308229303307576,2021-22
1628970,Miles Bridges,1610612766,CHA,80.0,35.5,15.2,7.5,0.491,5.8,1.9,0.331,4.2,3.3,0.802,20.2,3.8,1.9,7.0,1.1,5.9,1.8,0.5924448615673393,0.5559210526315789,34.0,4.4,1.8,0.8,0.435,0.9,0.2,0.241,0.8,0.7,0.857,2.5,0.4,0.2,1.0,0.2,0.9,-0.5,0.5808550185873605,0.5,,,,,,,,,,,,,,,,,,,,,0.5965604048430657,2021-22
1628971,Bruce Brown,1610612751,BKN,72.0,24.6,7.0,3.6,0.506,1.3,0.5,0.404,1.8,1.3,0.758,9.0,2.1,0.8,4.8,1.4,3.4,-0.6,0.5775154004106776,0.55,24.0,2.4,0.5,0.2,0.417,0.1,0.1,0.667,0.1,0.1,0.667,0.6,0.0,0.1,0.5,0.2,0.3,-0.3,0.551470588235294,0.5,4.0,34.7,9.3,5.3,0.568,3.5,1.5,0.429,2.5,2.0,0.8,14.0,2.8,2.3,4.8,1.5,3.3,-6.8,0.673076923076923,0.6505376344086021,0.6237574148271758,2021-22
1628972,Troy Brown Jr.,1610612741,CHI,66.0,16.0,3.9,1.6,0.419,2.0,0.7,0.353,0.4,0.3,0.769,4.3,1.0,0.4,3.1,0.6,2.5,-0.7,0.52747791952895,0.5000000000000001,7.0,1.4,0.1,0.0,0.0,0.0,0.0,0.0,0.0,0.0,0.0,0.0,0.3,0.0,0.4,0.1,0.3,2.6,0.0,0.0,3.0,12.2,5.7,1.7,0.294,3.7,0.7,0.182,0.0,0.0,0.0,4.0,1.0,1.0,2.7,0.3,2.3,-0.3,0.3508771929824561,0.3596491228070175,0.26591568564283147,2021-22
1628973,Jalen Brunson,1610612742,DAL,79.0,31.9,12.8,6.4,0.502,3.2,1.2,0.373,2.7,2.3,0.84,16.3,4.8,1.6,3.9,0.5,3.4,2.9,0.5826422647983986,0.546875,35.0,3.1,1.1,0.4,0.378,0.3,0.0,0.1,0.4,0.3,0.786,1.1,0.3,0.1,0.4,0.1,0.3,-0.1,0.4310344827586207,0.36363636363636365,18.0,35.0,17.3,8.1,0.466,4.2,1.4,0.347,5.0,4.0,0.8,21.6,3.7,1.1,4.6,0.8,3.8,0.6,0.5538461538461539,0.5086705202312138,0.5263020319750122,2021-22
1628975,Jevon Carter,1610612749,MIL,66.0,13.7,3.8,1.5,0.387,2.6,1.0,0.388,0.3,0.2,0.833,4.2,1.5,0.5,1.7,0.2,1.5,-0.8,0.5340793489318413,0.5263157894736842,8.0,1.3,0.1,0.1,1.0,0.0,0.0,0.0,0.3,0.3,1.0,0.5,0.1,0.0,0.6,0.1,0.5,-0.5,1.0775862068965516,1.0,11.0,11.4,1.7,0.8,0.474,0.6,0.3,0.429,0.2,0.2,1.0,2.1,0.9,0.5,1.5,0.3,1.2,5.9,0.587248322147651,0.5588235294117647,0.7444643671413255,2021-22
1628976,Wendell Carter Jr.,1610612753,ORL,62.0,29.9,11.0,5.8,0.525,3.5,1.1,0.327,3.3,2.3,0.691,15.0,2.8,1.9,10.5,2.2,8.2,-2.2,0.602312881464825,0.5772727272727273,24.0,3.9,0.9,0.2,0.238,0.3,0.0,0.0,0.8,0.5,0.667,0.9,0.2,0.1,1.4,0.1,1.3,0.4,0.35942492012779553,0.22222222222222224,,,,,,,,,,,,,,,,,,,,,0.4485693920878797,2021-22
1628977,Hamidou Diallo,1610612765,DET,58.0,21.9,9.1,4.5,0.496,1.6,0.4,0.247,2.4,1.6,0.65,11.0,1.3,1.0,4.8,1.2,3.6,-3.6,0.541551792044112,0.5164835164835165,9.0,3.6,1.3,0.6,0.417,0.1,0.0,0.0,0.0,0.0,0.0,1.1,0.0,0.1,0.6,0.2,0.3,0.4,0.4230769230769231,0.4615384615384615,,,,,,,,,,,,,,,,,,,,,0.47685426035013045,2021-22
1628978,Donte DiVincenzo,1610612758,SAC,42.0,23.9,8.0,2.8,0.351,5.2,1.8,0.339,2.0,1.7,0.843,9.0,2.8,1.7,4.0,1.0,3.1,-1.8,0.5067567567567567,0.46249999999999997,14.0,2.9,0.9,0.4,0.462,0.6,0.2,0.333,0.9,0.5,0.583,1.6,0.4,0.1,0.7,0.3,0.4,2.9,0.6172839506172839,0.5555555555555556,,,,,,,,,,,,,,,,,,,,,0.5916915526623686,2021-22
1628982,Melvin Frazier Jr.,1610612760,OKC,3.0,39.9,16.0,4.3,0.271,7.0,0.3,0.048,2.3,1.7,0.714,10.7,0.3,1.0,4.3,1.7,2.7,-30.7,0.3144838937220785,0.278125,,,,,,,,,,,,,,,,,,,,,,,,,,,,,,,,,,,,,,,,,0.3144838937220785,2021-22
1628983,Shai Gilgeous-Alexander,1610612760,OKC,56.0,34.7,18.8,8.5,0.453,5.3,1.6,0.3,7.2,5.9,0.81,24.5,5.9,2.8,5.0,0.7,4.3,-4.7,0.5576292789512017,0.4946808510638298,25.0,3.5,2.4,1.1,0.443,0.8,0.2,0.211,1.0,0.7,0.72,3.0,0.6,0.3,0.7,0.1,0.6,-0.2,0.5281690140845071,0.5000000000000001,,,,,,,,,,,,,,,,,,,,,0.5507550598195349,2021-22
1628984,Devonte' Graham,1610612740,NOP,76.0,28.4,10.7,3.9,0.363,7.4,2.5,0.341,1.8,1.6,0.843,11.9,4.2,1.4,2.3,0.5,1.8,0.5,0.5177514792899409,0.4813084112149533,26.0,3.1,1.4,0.5,0.351,1.1,0.4,0.345,0.7,0.6,0.882,2.0,0.5,0.1,0.2,0.0,0.2,-0.6,0.585480093676815,0.5,6.0,10.0,3.0,1.0,0.333,2.3,0.8,0.357,1.3,1.2,0.875,4.0,0.7,0.7,1.5,0.3,1.2,0.0,0.5599104143337066,0.4666666666666666,0.5744912637557583,2021-22
1628988,Aaron Holiday,1610612756,PHX,63.0,16.2,5.4,2.4,0.447,1.6,0.6,0.379,1.1,0.9,0.868,6.3,2.4,1.1,1.9,0.4,1.6,-0.6,0.535350101971448,0.49999999999999994,8.0,1.0,0.3,0.1,0.5,0.3,0.1,0.5,0.0,0.0,0.0,0.4,0.3,0.1,0.3,0.0,0.3,0.8,0.6666666666666667,0.5000000000000001,6.0,3.3,2.3,1.3,0.571,1.2,0.8,0.714,0.2,0.0,0.0,3.5,1.5,0.0,0.5,0.5,0.0,5.0,0.7328308207705193,0.7391304347826089,0.68341820515725,2021-22
1628989,Kevin Huerter,1610612737,ATL,74.0,29.6,10.3,4.7,0.454,5.6,2.2,0.389,0.7,0.6,0.808,12.1,2.7,1.2,3.4,0.4,3.0,2.3,0.5703242835595776,0.5631067961165049,27.0,3.3,0.6,0.3,0.467,0.3,0.1,0.375,0.1,0.1,0.75,0.7,0.3,0.1,0.8,0.1,0.7,-0.7,0.5434782608695652,0.5833333333333334,5.0,30.7,9.4,3.4,0.362,6.2,1.8,0.29,0.8,0.6,0.75,9.2,3.8,2.2,3.0,0.2,2.8,-12.4,0.4716981132075471,0.45744680851063824,0.5178877668714393,2021-22
1628991,Jaren Jackson Jr.,1610612763,MEM,78.0,27.3,13.3,5.5,0.415,5.1,1.6,0.319,4.4,3.6,0.823,16.3,1.1,1.7,5.8,1.5,4.3,4.6,0.5349173011289052,0.47368421052631576,29.0,3.3,1.2,0.4,0.314,0.6,0.2,0.389,0.5,0.4,0.786,1.4,0.1,0.2,0.7,0.2,0.5,1.5,0.49295774647887325,0.4166666666666667,12.0,27.7,13.0,4.9,0.378,6.0,2.3,0.375,4.4,3.3,0.755,15.4,0.9,1.4,6.8,2.2,4.6,3.3,0.515532940546331,0.46538461538461545,0.5202611590112398,2021-22
1628997,Caleb Martin,1610612748,MIA,60.0,22.9,6.8,3.5,0.507,2.6,1.1,0.413,1.6,1.2,0.763,9.2,1.1,0.9,3.8,1.2,2.7,2.6,0.6130063965884861,0.5955882352941176,20.0,1.4,0.1,0.1,1.0,0.0,0.0,0.0,0.1,0.1,1.0,0.2,0.1,0.1,0.3,0.1,0.2,0.6,0.6944444444444444,1.0,17.0,12.3,4.7,1.9,0.4,1.9,0.6,0.303,0.4,0.1,0.333,4.5,0.3,0.6,2.2,0.7,1.5,-2.5,0.46144380639868743,0.4680851063829786,0.5658417056806507,2021-22
1628998,Cody Martin,1610612766,CHA,71.0,26.3,6.0,2.9,0.482,2.2,0.9,0.384,1.5,1.1,0.701,7.7,2.5,0.9,4.0,1.2,2.9,-0.4,0.5780780780780781,0.5583333333333333,26.0,2.3,0.3,0.2,0.571,0.2,0.1,0.5,0.3,0.3,0.875,0.7,0.2,0.0,0.2,0.0,0.2,0.4,0.8101851851851851,0.8333333333333334,,,,,,,,,,,,,,,,,,,,,0.7378161494819827,2021-22
1629001,De'Anthony Melton,1610612763,MEM,73.0,22.7,9.5,3.8,0.404,5.1,1.9,0.374,1.6,1.2,0.75,10.8,2.7,1.5,4.5,0.9,3.6,3.0,0.529204233633869,0.5,20.0,2.6,0.7,0.3,0.429,0.3,0.1,0.167,0.2,0.2,0.75,0.8,0.1,0.1,0.4,0.1,0.3,0.3,0.5076142131979696,0.5,10.0,17.0,6.5,2.1,0.323,4.4,1.1,0.25,0.4,0.3,0.75,5.6,1.6,1.4,3.1,0.9,2.2,0.6,0.41941282204913116,0.40769230769230774,0.47448027541472293,2021-22
1629002,Chimezie Metu,1610612758,SAC,60.0,21.3,7.5,3.4,0.452,3.1,1.0,0.306,1.5,1.2,0.78,8.9,1.0,1.0,5.6,0.6,5.0,-2.6,0.545343137254902,0.52,14.0,1.3,0.4,0.2,0.6,0.3,0.1,0.5,0.1,0.1,1.0,0.6,0.0,0.2,0.3,0.0,0.3,0.7,0.6756756756756757,0.625,,,,,,,,,,,,,,,,,,,,,0.6375648295347066,2021-22
1629003,Shake Milton,1610612755,PHI,55.0,21.4,7.3,3.1,0.429,2.4,0.8,0.323,1.3,1.1,0.836,8.2,2.5,0.8,2.6,0.5,2.0,-0.5,0.5208333333333333,0.4794520547945206,7.0,3.6,0.7,0.3,0.4,0.3,0.0,0.0,0.3,0.3,1.0,0.9,0.1,0.1,0.6,0.0,0.6,-0.9,0.5408653846153847,0.4285714285714286,12.0,13.2,3.2,1.5,0.474,1.3,0.7,0.533,1.7,1.3,0.8,5.0,0.9,0.4,1.6,0.3,1.3,0.7,0.6332320162107395,0.578125,0.5932990662939637,2021-22
1629004,Svi Mykhailiuk,1610612761,TOR,56.0,12.8,4.2,1.6,0.389,2.4,0.7,0.306,0.7,0.6,0.865,4.6,0.8,0.6,1.6,0.4,1.3,-1.4,0.5102040816326531,0.4642857142857143,3.0,2.6,0.3,0.0,0.0,0.3,0.0,0.0,0.0,0.0,0.0,0.0,0.3,0.0,0.3,0.3,0.0,-2.7,0.0,0.0,3.0,1.6,0.7,0.0,0.0,0.7,0.0,0.0,0.3,0.3,1.0,0.3,0.0,0.0,0.3,0.0,0.3,-3.7,0.18028846153846154,0.0,0.18232110151582936,2021-22
1629006,Josh Okogie,1610612750,MIN,49.0,10.5,2.1,0.9,0.404,1.0,0.3,0.298,1.0,0.7,0.686,2.7,0.5,0.5,1.4,0.6,0.8,0.8,0.531496062992126,0.5,5.0,2.6,0.4,0.2,0.5,0.2,0.0,0.0,0.0,0.0,0.0,0.4,0.0,0.0,0.2,0.2,0.0,-3.0,0.5,0.5,1.0,2.2,0.0,0.0,0.0,0.0,0.0,0.0,0.0,0.0,0.0,0.0,0.0,0.0,0.0,0.0,0.0,2.0,,,0.2742969628705697,2021-22
1629008,Michael Porter Jr.,1610612743,DEN,9.0,29.4,11.4,4.1,0.359,5.3,1.1,0.208,1.0,0.6,0.556,9.9,1.9,1.3,6.6,1.0,5.6,6.4,0.41807432432432434,0.4078947368421052,3.0,3.6,1.0,0.0,0.0,0.7,0.0,0.0,0.0,0.0,0.0,0.0,0.3,0.0,1.3,0.0,1.3,3.7,0.0,0.0,,,,,,,,,,,,,,,,,,,,,0.14813003793190005,2021-22
1629011,Mitchell Robinson,1610612752,NYK,72.0,25.7,4.8,3.6,0.761,0.0,0.0,0.0,2.5,1.2,0.486,8.5,0.5,0.8,8.6,4.1,4.5,-1.1,0.7203389830508474,0.75,26.0,3.2,0.5,0.3,0.667,0.0,0.0,0.0,0.2,0.1,0.5,0.7,0.0,0.0,1.2,0.6,0.6,-1.7,0.5952380952380952,0.6,,,,,,,,,,,,,,,,,,,,,0.6473550578401758,2021-22
1629012,Collin Sexton,1610612739,CLE,11.0,28.8,13.7,6.2,0.45,4.1,1.0,0.244,3.5,2.6,0.744,16.0,2.1,2.8,3.3,1.2,2.1,-2.7,0.5249343832020998,0.48905109489051096,5.0,1.8,1.2,0.4,0.333,0.6,0.2,0.333,0.0,0.0,0.0,1.0,0.0,0.0,0.0,0.0,0.0,-0.4,0.4166666666666667,0.4166666666666667,,,,,,,,,,,,,,,,,,,,,0.461515029598763,2021-22
1629013,Landry Shamet,1610612756,PHX,69.0,20.8,7.0,2.8,0.394,4.8,1.8,0.368,1.2,1.0,0.84,8.3,1.6,0.6,1.8,0.2,1.6,2.0,0.5512752391073327,0.5285714285714286,12.0,2.1,0.7,0.2,0.25,0.5,0.1,0.167,0.4,0.3,0.8,0.8,0.1,0.2,0.0,0.0,0.0,0.6,0.4566210045662101,0.35714285714285715,12.0,16.0,4.0,1.6,0.396,2.2,0.8,0.346,0.6,0.4,0.714,4.3,1.3,0.6,1.7,0.3,1.4,-2.2,0.5042213883677298,0.5,0.5061969022223951,2021-22
1629014,Anfernee Simons,1610612757,POR,57.0,29.5,14.0,6.2,0.443,7.8,3.1,0.405,2.0,1.8,0.888,17.3,3.9,2.0,2.6,0.5,2.2,-1.5,0.5813172043010753,0.5535714285714286,19.0,2.8,1.5,0.6,0.393,0.7,0.3,0.357,0.5,0.5,1.0,1.9,0.3,0.3,0.1,0.1,0.1,1.3,0.5523255813953488,0.5,,,,,,,,,,,,,,,,,,,,,0.5727037414107781,2021-22
1629018,Gary Trent Jr.,1610612761,TOR,70.0,35.0,15.5,6.4,0.414,7.8,3.0,0.383,2.9,2.5,0.853,18.3,2.0,1.0,2.7,0.4,2.4,2.4,0.5454220314735336,0.5096774193548387,37.0,4.1,1.7,0.7,0.429,0.9,0.4,0.424,0.9,0.8,0.875,2.6,0.2,0.1,0.5,0.1,0.4,1.4,0.6202290076335878,0.5294117647058824,6.0,33.2,13.7,5.2,0.378,6.5,2.2,0.333,3.2,2.8,0.895,15.3,1.3,0.5,1.7,0.2,1.5,-7.7,0.5063542494042892,0.4598540145985402,0.5617915410937057,2021-22
1629020,Jarred Vanderbilt,1610612750,MIN,74.0,25.4,4.9,2.9,0.587,0.2,0.0,0.143,1.8,1.2,0.656,6.9,1.3,1.0,8.4,2.9,5.5,2.2,0.6061138439915671,0.5918367346938775,25.0,2.8,0.3,0.1,0.286,0.0,0.0,0.0,0.2,0.0,0.25,0.2,0.1,0.2,0.6,0.2,0.4,0.2,0.2577319587628866,0.33333333333333337,6.0,21.5,4.5,2.2,0.481,0.0,0.0,0.0,1.7,1.2,0.7,5.5,0.7,0.8,7.2,2.0,5.2,-4.2,0.5240091463414633,0.48888888888888893,0.4550566490686308,2021-22
1629021,Moritz Wagner,1610612753,ORL,63.0,15.2,6.3,3.1,0.497,3.2,1.0,0.328,2.0,1.7,0.806,9.0,1.4,0.9,3.7,0.7,3.0,-2.4,0.6267409470752089,0.5714285714285715,5.0,0.9,0.4,0.0,0.0,0.4,0.0,0.0,0.0,0.0,0.0,0.0,0.0,0.2,0.2,0.0,0.2,-3.2,0.0,0.0,,,,,,,,,,,,,,,,,,,,,0.21526285537326817,2021-22
1629022,Lonnie Walker IV,1610612759,SAS,70.0,23.0,10.9,4.4,0.407,5.0,1.6,0.314,2.1,1.7,0.784,12.1,2.2,1.0,2.6,0.3,2.3,-1.1,0.5116711772665764,0.47706422018348627,20.0,3.4,1.1,0.5,0.409,0.6,0.2,0.364,0.8,0.5,0.667,1.6,0.3,0.1,0.3,0.2,0.2,-1.3,0.5509641873278237,0.5454545454545454,,,,,,,,,,,,,,,,,,,,,0.547958260425748,2021-22
1629023,P.J. Washington,1610612766,CHA,65.0,27.2,8.2,3.8,0.47,4.6,1.7,0.365,1.2,0.9,0.716,10.3,2.3,1.3,5.2,1.3,3.9,2.2,0.5900549954170486,0.5670731707317073,22.0,4.6,1.5,0.8,0.545,0.7,0.3,0.4,0.2,0.1,0.75,2.0,0.5,0.1,0.7,0.3,0.4,0.5,0.6297229219143576,0.6333333333333334,,,,,,,,,,,,,,,,,,,,,0.6347929626731864,2021-22
1629026,Kenrich Williams,1610612760,OKC,49.0,21.9,6.5,3.0,0.461,2.5,0.8,0.339,1.1,0.6,0.545,7.4,2.2,0.9,4.5,1.5,3.0,0.5,0.5297823596792669,0.5230769230769231,22.0,2.5,0.5,0.4,0.727,0.1,0.1,1.0,0.0,0.0,0.0,0.8,0.2,0.0,0.4,0.2,0.2,1.4,0.8,0.9,,,,,,,,,,,,,,,,,,,,,0.7176197609175465,2021-22
1629027,Trae Young,1610612737,ATL,76.0,34.9,20.3,9.4,0.46,8.0,3.1,0.382,7.3,6.6,0.904,28.4,9.7,4.0,3.7,0.7,3.1,2.1,0.6039469207213337,0.539408866995074,35.0,3.3,2.3,1.0,0.427,0.8,0.3,0.345,1.5,1.3,0.882,3.6,0.6,0.3,0.3,0.1,0.2,-0.5,0.6081081081081081,0.5,5.0,37.3,13.8,4.4,0.319,7.6,1.4,0.184,6.6,5.2,0.788,15.4,6.0,6.2,5.0,1.0,4.0,-11.6,0.46096743295019155,0.3695652173913044,0.5451742885585463,2021-22
1629028,Deandre Ayton,1610612756,PHX,58.0,29.5,12.0,7.6,0.634,0.3,0.1,0.368,2.4,1.8,0.746,17.2,1.4,1.6,10.2,2.6,7.7,5.9,0.6587009803921567,0.6375,28.0,3.2,0.8,0.6,0.818,0.0,0.0,0.0,0.2,0.1,0.8,1.4,0.0,0.2,0.9,0.1,0.8,2.6,0.7882882882882882,0.7499999999999999,13.0,30.5,12.6,8.1,0.64,0.3,0.2,0.5,2.5,1.6,0.636,17.9,1.7,1.5,8.9,2.5,6.4,-0.1,0.6532846715328468,0.6507936507936507,0.7058552619273234,2021-22
1629029,Luka Dončić,1610612742,DAL,65.0,35.4,21.6,9.9,0.457,8.8,3.1,0.353,7.5,5.6,0.744,28.4,8.7,4.5,9.1,0.9,8.3,2.2,0.5702811244979918,0.5300925925925926,29.0,3.2,2.1,1.0,0.484,0.9,0.2,0.231,0.5,0.4,0.857,2.7,0.5,0.2,0.6,0.0,0.6,0.9,0.5818965517241379,0.5238095238095238,15.0,36.8,23.5,10.7,0.455,9.9,3.4,0.345,9.0,6.9,0.77,31.7,6.4,3.9,9.8,0.7,9.1,2.1,0.5772032046613256,0.5276595744680851,0.5873361958768128,2021-22
1629035,Carsen Edwards,1610612765,DET,4.0,19.8,7.5,2.3,0.3,4.0,1.0,0.25,0.3,0.3,1.0,5.8,3.5,1.3,1.5,0.5,1.0,-3.0,0.379979035639413,0.3733333333333333,1.0,1.4,0.0,0.0,0.0,0.0,0.0,0.0,0.0,0.0,0.0,0.0,0.0,0.0,0.0,0.0,0.0,0.0,,,,,,,,,,,,,,,,,,,,,,,0.126659678546471,2021-22
1629048,Goga Bitadze,1610612754,IND,50.0,14.6,5.0,2.6,0.52,1.6,0.5,0.288,1.9,1.3,0.681,7.0,1.1,0.9,3.5,1.6,2.0,-0.6,0.5997258396161754,0.5700000000000001,11.0,1.2,0.3,0.2,0.667,0.1,0.0,0.0,0.5,0.1,0.2,0.5,0.0,0.0,0.3,0.1,0.2,-1.8,0.4807692307692307,0.6666666666666667,,,,,,,,,,,,,,,,,,,,,0.5264214337170122,2021-22
1629052,Oshae Brissett,1610612754,IND,67.0,23.3,7.6,3.1,0.411,3.5,1.2,0.35,2.4,1.7,0.695,9.1,1.1,0.8,5.3,1.6,3.7,-3.3,0.5256469500924215,0.48684210526315796,26.0,3.0,0.6,0.2,0.313,0.3,0.0,0.143,0.6,0.3,0.533,0.7,0.1,0.1,0.8,0.3,0.5,-1.4,0.40509259259259256,0.33333333333333337,,,,,,,,,,,,,,,,,,,,,0.45317211526693535,2021-22
1629056,Terence Davis,1610612758,SAC,30.0,17.9,8.9,3.8,0.423,5.0,1.6,0.329,1.5,1.2,0.818,10.4,1.3,1.1,3.1,0.4,2.8,2.0,0.5439330543933054,0.5168539325842696,7.0,3.1,1.7,0.9,0.5,0.9,0.1,0.167,0.3,0.3,1.0,2.1,0.0,0.1,1.0,0.1,0.9,-1.3,0.5731441048034935,0.5588235294117647,,,,,,,,,,,,,,,,,,,,,0.582508211593457,2021-22
1629057,Robert Williams III,1610612738,BOS,61.0,29.6,6.0,4.4,0.736,0.0,0.0,0.0,1.5,1.1,0.722,10.0,2.0,1.0,9.6,3.9,5.7,6.1,0.7507507507507507,0.7333333333333334,21.0,4.1,0.6,0.4,0.692,0.0,0.0,0.0,0.6,0.6,1.0,1.4,0.0,0.1,1.2,0.4,0.8,0.3,0.8101851851851851,0.6666666666666667,17.0,23.2,4.6,3.1,0.679,0.1,0.0,0.0,1.6,1.5,0.893,7.7,1.0,0.6,6.2,2.5,3.6,3.8,0.7258672699849171,0.673913043478261,0.7681204885109787,2021-22
1629060,Rui Hachimura,1610612764,WAS,42.0,22.5,9.1,4.5,0.491,2.9,1.3,0.447,1.6,1.1,0.697,11.3,1.1,0.8,3.8,0.6,3.2,-3.0,0.5762953896368829,0.565934065934066,9.0,1.1,0.1,0.0,0.0,0.0,0.0,0.0,0.0,0.0,0.0,0.0,0.0,0.0,0.2,0.0,0.2,-1.1,0.0,0.0,,,,,,,,,,,,,,,,,,,,,0.19319736431107462,2021-22
1629076,Tyler Cook,1610612741,CHI,20.0,10.0,1.9,1.2,0.605,0.0,0.0,0.0,1.6,1.1,0.656,3.4,0.2,0.4,2.7,0.8,1.9,-1.4,0.6528417818740399,0.631578947368421,,,,,,,,,,,,,,,,,,,,,,,,,,,,,,,,,,,,,,,,,0.6528417818740399,2021-22
1629103,Kelan Martin,1610612738,BOS,30.0,15.0,5.7,2.3,0.409,2.5,0.7,0.293,0.4,0.3,0.692,5.7,0.7,0.5,1.8,0.6,1.3,-1.8,0.4850238257317903,0.46491228070175433,8.0,1.8,0.8,0.1,0.167,0.6,0.0,0.0,0.0,0.0,0.0,0.3,0.0,0.0,0.1,0.1,0.0,-2.6,0.18749999999999997,0.125,,,,,,,,,,,,,,,,,,,,,0.3007096962940993,2021-22
1629109,Gary Clark,1610612740,NOP,38.0,10.0,2.3,0.9,0.375,1.8,0.7,0.4,0.3,0.2,0.7,2.7,0.5,0.3,2.4,0.6,1.8,-0.5,0.5550986842105263,0.5434782608695653,5.0,0.3,0.0,0.0,0.0,0.0,0.0,0.0,0.0,0.0,0.0,0.0,0.0,0.0,0.0,0.0,0.0,-2.0,,,,,,,,,,,,,,,,,,,,,,,0.18503289473684212,2021-22
1629111,Jock Landale,1610612759,SAS,54.0,10.9,3.8,1.9,0.495,1.6,0.5,0.326,0.8,0.6,0.829,4.9,0.8,0.6,2.6,1.2,1.4,-0.3,0.5900770712909441,0.5657894736842105,9.0,1.0,0.2,0.0,0.0,0.1,0.0,0.0,0.0,0.0,0.0,0.0,0.0,0.1,0.3,0.1,0.2,-1.0,0.0,0.0,,,,,,,,,,,,,,,,,,,,,0.20195551499033318,2021-22
1629117,Wenyen Gabriel,1610612747,LAL,26.0,13.8,4.2,2.1,0.491,1.1,0.3,0.286,1.6,1.0,0.595,5.4,0.5,0.6,3.7,1.5,2.2,1.7,0.5505709624796086,0.5357142857142857,5.0,2.4,0.2,0.0,0.0,0.0,0.0,0.0,0.0,0.0,0.0,0.0,0.2,0.0,0.6,0.2,0.4,3.2,0.0,0.0,,,,,,,,,,,,,,,,,,,,,0.1882855589206405,2021-22
1629130,Duncan Robinson,1610612748,MIA,79.0,25.9,9.2,3.7,0.399,7.9,2.9,0.372,0.8,0.6,0.836,10.9,1.6,0.8,2.6,0.3,2.3,1.3,0.5705611390284757,0.5597826086956522,12.0,3.5,0.9,0.3,0.364,0.9,0.3,0.364,0.4,0.3,0.6,1.3,0.1,0.1,0.6,0.0,0.6,0.2,0.604089219330855,0.49999999999999994,13.0,12.3,4.4,1.9,0.439,3.6,1.4,0.383,0.5,0.4,0.833,5.6,0.4,0.2,1.8,0.2,1.6,0.5,0.606060606060606,0.5909090909090908,0.6092695080065894,2021-22
1629139,Yuta Watanabe,1610612761,TOR,38.0,11.7,3.6,1.5,0.406,2.1,0.7,0.342,1.1,0.6,0.6,4.3,0.6,0.5,2.4,0.5,1.9,-1.4,0.5264446620959843,0.513888888888889,6.0,1.3,0.3,0.0,0.0,0.2,0.0,0.0,0.0,0.0,0.0,0.0,0.0,0.0,0.2,0.0,0.2,-1.3,0.0,0.0,4.0,2.6,1.5,0.5,0.333,0.3,0.0,0.0,0.0,0.0,0.0,1.0,0.0,0.3,0.0,0.0,0.0,-2.3,0.3333333333333333,0.3333333333333333,0.2627407770136826,2021-22
1629162,Jordan McLaughlin,1610612750,MIN,62.0,14.5,3.2,1.4,0.44,1.4,0.4,0.318,0.6,0.5,0.75,3.8,2.9,0.6,1.5,0.4,1.2,0.6,0.5484988452655888,0.49999999999999994,6.0,0.6,0.2,0.0,0.0,0.2,0.0,0.0,0.3,0.2,0.5,0.2,0.0,0.0,0.0,0.0,0.0,1.0,0.30120481927710846,0.0,5.0,16.6,3.4,2.4,0.706,1.4,0.8,0.571,0.8,0.6,0.75,6.2,3.4,0.4,2.4,0.0,2.4,-0.8,0.8262260127931771,0.8235294117647058,0.6111810870312697,2021-22
1629164,Brandon Goodwin,1610612739,CLE,36.0,13.9,4.3,1.8,0.416,1.5,0.5,0.345,1.1,0.7,0.632,4.8,2.5,1.0,1.9,0.4,1.5,-1.5,0.5016722408026756,0.4767441860465116,10.0,2.8,1.1,0.2,0.182,0.5,0.1,0.2,0.4,0.2,0.5,0.7,0.3,0.3,1.0,0.4,0.6,0.8,0.274294670846395,0.22727272727272727,,,,,,,,,,,,,,,,,,,,,0.3756685895080432,2021-22
1629168,BJ Johnson,1610612753,ORL,4.0,16.1,6.3,2.8,0.44,2.5,1.0,0.4,0.0,0.0,0.0,6.5,0.0,0.0,3.8,1.5,2.3,-3.0,0.5158730158730159,0.5238095238095238,,,,,,,,,,,,,,,,,,,,,,,,,,,,,,,,,,,,,,,,,0.5158730158730159,2021-22
1629185,Chris Chiozza,1610612744,GSW,34.0,10.9,2.4,0.7,0.296,1.6,0.5,0.321,0.1,0.1,0.667,2.0,1.9,0.9,1.1,0.3,0.8,-1.4,0.40916530278232405,0.3958333333333333,3.0,2.7,0.7,0.0,0.0,0.3,0.0,0.0,0.0,0.0,0.0,0.0,0.3,0.0,0.0,0.0,0.0,2.0,0.0,0.0,,,,,,,,,,,,,,,,,,,,,0.16555510091528858,2021-22
1629216,Gabe Vincent,1610612748,MIA,68.0,23.4,7.5,3.1,0.417,4.8,1.8,0.368,0.8,0.6,0.815,8.7,3.1,1.4,1.9,0.3,1.5,1.5,0.553998981151299,0.5333333333333333,18.0,2.4,0.7,0.3,0.417,0.4,0.2,0.5,0.2,0.2,1.0,1.0,0.3,0.2,0.2,0.1,0.1,0.2,0.6345177664974619,0.5714285714285715,18.0,23.5,7.3,2.8,0.382,4.5,1.4,0.309,1.1,1.1,0.95,8.0,3.2,1.4,1.9,0.2,1.8,4.2,0.513874614594039,0.4794520547945206,0.5701097263201454,2021-22
1629234,Drew Eubanks,1610612757,POR,71.0,17.5,5.2,3.1,0.596,0.3,0.1,0.217,1.8,1.4,0.762,7.7,1.2,1.1,5.4,1.8,3.5,-4.6,0.6425233644859814,0.6057692307692307,4.0,3.6,1.3,1.3,1.0,0.0,0.0,0.0,0.0,0.0,0.0,2.5,0.0,0.0,1.3,1.0,0.3,-5.8,0.9615384615384615,1.0,,,,,,,,,,,,,,,,,,,,,0.8802000958494937,2021-22
1629308,Juan Toscano-Anderson,1610612744,GSW,73.0,13.6,3.2,1.6,0.489,1.2,0.4,0.322,1.0,0.5,0.571,4.1,1.7,0.9,2.4,0.4,2.0,0.6,0.5631868131868131,0.5625,13.0,2.3,0.7,0.4,0.556,0.2,0.1,0.333,0.2,0.2,0.667,1.0,0.2,0.1,0.6,0.2,0.5,0.3,0.6345177664974619,0.6428571428571429,14.0,3.5,0.7,0.3,0.4,0.4,0.1,0.4,0.2,0.1,0.333,0.8,0.6,0.6,0.7,0.0,0.7,-2.0,0.5076142131979696,0.5,0.5810524976224384,2021-22
1629309,Trayvon Palmer,1610612765,DET,1.0,16.8,1.0,0.0,0.0,0.0,0.0,0.0,0.0,0.0,0.0,0.0,0.0,1.0,2.0,0.0,2.0,-12.0,0.0,0.0,1.0,0.5,0.0,0.0,0.0,0.0,0.0,0.0,0.0,0.0,0.0,0.0,0.0,0.0,0.0,0.0,0.0,-3.0,,,,,,,,,,,,,,,,,,,,,,,0.0,2021-22
1629599,Amir Coffey,1610612746,LAC,69.0,22.7,6.8,3.1,0.453,3.7,1.4,0.378,1.7,1.5,0.863,9.0,1.8,0.7,2.9,0.4,2.5,-0.7,0.5961844197138315,0.5588235294117647,23.0,2.7,0.7,0.2,0.333,0.3,0.1,0.286,0.4,0.3,0.8,0.9,0.0,0.0,0.4,0.0,0.4,0.6,0.5136986301369864,0.35714285714285715,,,,,,,,,,,,,,,,,,,,,0.551488010974813,2021-22
1629603,Mamadi Diakite,1610612760,OKC,13.0,14.4,3.6,1.9,0.532,0.4,0.0,0.0,0.8,0.5,0.545,4.3,0.2,0.5,4.5,1.3,3.2,-1.1,0.5440283400809717,0.5277777777777778,1.0,1.8,0.0,0.0,0.0,0.0,0.0,0.0,2.0,2.0,1.0,2.0,0.0,0.0,1.0,0.0,1.0,-2.0,1.1363636363636365,,,,,,,,,,,,,,,,,,,,,,0.9389185376027482,2021-22
1629604,CJ Elleby,1610612757,POR,58.0,20.2,5.3,2.1,0.393,2.2,0.6,0.294,1.4,1.0,0.714,5.8,1.5,1.0,3.9,1.1,2.8,-6.0,0.4901960784313726,0.4528301886792453,6.0,4.0,0.5,0.2,0.333,0.2,0.2,1.0,0.0,0.0,0.0,0.5,0.3,0.3,0.7,0.2,0.5,-1.5,0.5,0.6000000000000001,,,,,,,,,,,,,,,,,,,,,0.5061659884061618,2021-22
1629611,Terance Mann,1610612746,LAC,81.0,28.6,8.5,4.1,0.484,2.6,0.9,0.365,2.0,1.6,0.78,10.8,2.6,1.0,5.2,1.3,4.0,0.8,0.5756929637526652,0.5352941176470588,36.0,2.6,0.7,0.4,0.52,0.3,0.2,0.667,0.1,0.1,0.8,1.0,0.1,0.1,0.4,0.1,0.3,0.6,0.6720430107526881,0.7142857142857143,,,,,,,,,,,,,,,,,,,,,0.6481616225360254,2021-22
1629617,Reggie Perry,1610612757,POR,10.0,18.7,7.9,4.0,0.506,1.6,0.3,0.188,1.5,0.9,0.6,9.2,1.2,1.1,4.7,1.5,3.2,-7.8,0.5373831775700934,0.5253164556962026,1.0,0.3,0.0,0.0,0.0,0.0,0.0,0.0,0.0,0.0,0.0,0.0,0.0,0.0,0.0,0.0,0.0,-2.0,,,,,,,,,,,,,,,,,,,,,,,0.17912772585669778,2021-22
1629620,Justin Robinson,1610612765,DET,25.0,12.1,3.7,1.1,0.301,2.4,0.7,0.295,0.3,0.2,0.5,3.1,1.3,0.7,0.8,0.2,0.7,-4.9,0.4044885177453027,0.39189189189189194,3.0,1.9,0.3,0.0,0.0,0.3,0.0,0.0,0.0,0.0,0.0,0.0,0.0,0.0,0.3,0.0,0.3,0.0,0.0,0.0,,,,,,,,,,,,,,,,,,,,,0.14293761402101762,2021-22
1629622,Max Strus,1610612748,MIA,68.0,23.3,8.3,3.7,0.441,6.5,2.7,0.41,0.8,0.6,0.792,10.6,1.4,0.8,3.0,0.4,2.6,2.5,0.6125751271382338,0.608433734939759,19.0,2.7,0.6,0.3,0.417,0.5,0.3,0.5,0.2,0.2,1.0,0.9,0.1,0.1,0.5,0.1,0.4,1.6,0.6540697674418605,0.75,18.0,29.0,10.1,3.8,0.374,7.9,2.6,0.331,1.0,0.7,0.722,10.9,2.1,1.1,4.1,0.8,3.2,4.9,0.5170777988614801,0.504950495049505,0.5858869254295122,2021-22
1629623,Lindell Wigginton,1610612749,MIL,19.0,10.5,3.2,1.4,0.426,1.4,0.5,0.346,1.8,1.0,0.543,4.2,1.2,0.6,1.3,0.2,1.2,-2.5,0.5260521042084169,0.5156249999999999,2.0,0.4,0.0,0.0,0.0,0.0,0.0,0.0,0.0,0.0,0.0,0.0,0.0,0.0,0.0,0.0,0.0,-0.5,,,,,,,,,,,,,,,,,,,,,,,0.17535070140280562,2021-22
1629628,RJ Barrett,1610612752,NYK,70.0,34.5,17.1,7.0,0.408,5.8,2.0,0.342,5.8,4.1,0.714,20.0,3.0,2.2,5.8,0.9,4.9,-2.1,0.508854060655404,0.4678362573099415,31.0,3.3,1.7,0.7,0.434,0.5,0.3,0.471,0.6,0.5,0.789,2.2,0.2,0.2,0.5,0.0,0.4,-0.9,0.560081466395112,0.5,,,,,,,,,,,,,,,,,,,,,0.5529471849491309,2021-22
1629629,Cam Reddish,1610612752,NYK,49.0,20.7,8.3,3.4,0.404,3.8,1.3,0.359,2.3,2.1,0.902,10.1,1.0,1.2,2.1,0.5,1.6,-4.4,0.5423109965635738,0.4879518072289156,9.0,1.8,0.6,0.2,0.4,0.2,0.1,0.5,0.2,0.1,0.5,0.7,0.1,0.0,0.3,0.2,0.1,-2.0,0.5087209302325582,0.4166666666666667,,,,,,,,,,,,,,,,,,,,,0.5271465346713431,2021-22
1629630,Ja Morant,1610612763,MEM,57.0,33.1,20.6,10.2,0.493,4.5,1.5,0.344,7.3,5.5,0.761,27.4,6.7,3.4,5.7,1.4,4.4,3.3,0.5753401646228792,0.5315533980582523,26.0,4.1,3.1,1.3,0.42,0.5,0.2,0.286,2.2,1.8,0.825,4.6,0.4,0.3,0.7,0.1,0.6,1.7,0.5653883972468042,0.4516129032258065,9.0,37.5,20.4,9.0,0.44,5.6,1.9,0.34,9.7,7.2,0.747,27.1,9.8,3.6,8.0,1.4,6.6,4.0,0.5492946327225556,0.4877450980392157,0.5740486865692823,2021-22
1629631,De'Andre Hunter,1610612737,ATL,53.0,29.8,10.8,4.8,0.442,3.7,1.4,0.379,3.1,2.4,0.765,13.4,1.3,1.3,3.3,0.5,2.8,0.5,0.5508056560341992,0.5092592592592592,27.0,3.0,1.0,0.4,0.37,0.4,0.1,0.2,0.4,0.2,0.6,1.0,0.0,0.0,0.4,0.1,0.3,0.3,0.4251700680272109,0.45,5.0,34.9,14.0,7.8,0.557,5.2,2.4,0.462,4.0,3.2,0.8,21.2,0.6,2.2,3.8,0.4,3.4,-15.4,0.6725888324873096,0.6428571428571429,0.5790779741834935,2021-22
1629632,Coby White,1610612741,CHI,61.0,27.5,10.6,4.6,0.433,5.8,2.2,0.385,1.5,1.3,0.857,12.7,2.9,1.1,3.0,0.3,2.7,-0.6,0.563943161634103,0.5377358490566038,24.0,2.0,0.3,0.1,0.286,0.3,0.1,0.333,0.1,0.0,0.5,0.3,0.2,0.0,0.3,0.1,0.2,1.4,0.436046511627907,0.5000000000000001,5.0,19.6,9.0,3.0,0.333,5.8,1.6,0.276,1.0,0.8,0.8,8.4,1.8,1.2,3.4,0.0,3.4,-10.6,0.44491525423728817,0.4222222222222222,0.4646271799459418,2021-22
1629634,Brandon Clarke,1610612763,MEM,64.0,19.5,7.0,4.5,0.644,0.3,0.1,0.227,2.0,1.3,0.654,10.4,1.3,0.5,5.3,2.1,3.2,2.8,0.6598984771573604,0.65,17.0,2.2,0.6,0.5,0.727,0.0,0.0,0.0,0.3,0.2,0.6,1.1,0.2,0.1,0.9,0.6,0.3,1.4,0.7513661202185793,0.8333333333333334,12.0,24.7,7.6,4.7,0.615,0.1,0.0,0.0,4.5,3.0,0.667,12.3,2.0,1.0,6.9,3.1,3.8,0.5,0.6419624217118999,0.618421052631579,0.6899910923585738,2021-22
1629636,Darius Garland,1610612739,CLE,68.0,35.7,17.3,8.0,0.462,6.7,2.6,0.383,3.5,3.2,0.892,21.7,8.6,3.6,3.3,0.6,2.7,5.5,0.5759023354564756,0.5375722543352601,34.0,3.5,1.9,0.7,0.369,0.7,0.2,0.24,1.0,0.9,0.857,2.5,0.7,0.2,0.4,0.1,0.2,0.6,0.5341880341880342,0.42105263157894735,,,,,,,,,,,,,,,,,,,,,0.5590754602364174,2021-22
1629637,Jaxson Hayes,1610612740,NOP,70.0,20.0,5.7,3.5,0.616,0.8,0.3,0.351,2.7,2.1,0.766,9.3,0.6,0.8,4.5,1.6,2.9,0.3,0.6750871080139373,0.6403508771929824,8.0,3.2,0.3,0.3,1.0,0.0,0.0,0.0,0.3,0.3,1.0,0.8,0.1,0.0,0.4,0.0,0.4,0.6,0.925925925925926,1.0,6.0,13.8,4.2,2.3,0.56,0.5,0.0,0.0,1.8,1.2,0.636,5.8,0.2,0.7,2.5,0.7,1.8,-4.7,0.5809294871794871,0.5476190476190476,0.7168843947945219,2021-22
1629638,Nickeil Alexander-Walker,1610612762,UTA,65.0,22.6,10.5,3.9,0.372,5.2,1.6,0.311,1.7,1.2,0.743,10.6,2.4,1.4,2.9,0.6,2.3,-1.7,0.47119487908961594,0.44761904761904764,13.0,1.9,0.5,0.2,0.286,0.3,0.1,0.25,0.2,0.2,1.0,0.5,0.1,0.1,0.2,0.1,0.2,-1.3,0.4251700680272109,0.5,1.0,4.7,2.0,2.0,1.0,0.0,0.0,0.0,1.0,1.0,1.0,5.0,1.0,0.0,1.0,0.0,1.0,4.0,1.0245901639344261,1.0,0.737312822586004,2021-22
1629639,Tyler Herro,1610612748,MIA,66.0,32.6,17.0,7.6,0.447,6.7,2.7,0.399,3.3,2.9,0.868,20.7,4.0,2.6,5.0,0.5,4.5,3.6,0.5609148059830913,0.526470588235294,25.0,3.8,2.0,0.7,0.36,1.0,0.4,0.385,0.6,0.5,0.75,2.3,0.2,0.2,0.6,0.1,0.5,0.4,0.5079505300353356,0.44999999999999996,15.0,25.4,12.1,4.9,0.409,4.7,1.1,0.229,1.8,1.7,0.926,12.6,2.8,1.8,3.9,0.5,3.4,-3.3,0.48867514737821904,0.4504132231404959,0.5189049239130642,2021-22
1629640,Keldon Johnson,1610612759,SAS,75.0,31.9,13.5,6.3,0.466,5.3,2.1,0.398,3.1,2.4,0.756,17.0,2.1,1.2,6.1,1.1,5.0,1.0,0.5718514531754575,0.5444444444444444,33.0,3.3,1.3,0.4,0.273,0.6,0.1,0.158,0.4,0.3,0.692,1.1,0.1,0.0,0.5,0.1,0.4,-0.6,0.3726287262872629,0.34615384615384615,,,,,,,,,,,,,,,,,,,,,0.4486659315455774,2021-22
1629641,Romeo Langford,1610612759,SAS,48.0,16.1,4.0,1.7,0.435,1.8,0.6,0.341,0.9,0.5,0.548,4.5,0.4,0.3,2.3,0.6,1.6,0.1,0.5118289353958144,0.5,5.0,2.3,0.0,0.0,0.0,0.0,0.0,0.0,0.0,0.0,0.0,0.0,0.0,0.0,0.2,0.0,0.2,-3.4,,,,,,,,,,,,,,,,,,,,,,,0.17060964513193813,2021-22
1629642,Nassir Little,1610612757,POR,42.0,25.9,7.5,3.5,0.46,3.7,1.2,0.331,2.2,1.6,0.734,9.8,1.3,1.0,5.6,1.4,4.2,-0.5,0.5786490316485593,0.5466666666666666,12.0,2.2,0.3,0.1,0.333,0.2,0.0,0.0,0.3,0.3,1.0,0.5,0.0,0.0,0.3,0.0,0.3,2.4,0.5787037037037037,0.33333333333333337,,,,,,,,,,,,,,,,,,,,,0.5826854796847889,2021-22
1629643,Chuma Okeke,1610612753,ORL,70.0,25.0,8.2,3.1,0.376,5.3,1.7,0.318,0.9,0.8,0.846,8.6,1.7,0.8,5.0,0.7,4.3,-4.5,0.5002326663564448,0.48170731707317077,14.0,2.5,0.7,0.5,0.7,0.4,0.3,0.667,0.4,0.3,0.8,1.6,0.2,0.1,0.5,0.1,0.4,0.1,0.9132420091324202,0.9285714285714287,,,,,,,,,,,,,,,,,,,,,0.7841088135719076,2021-22
1629644,KZ Okpala,1610612748,MIA,21.0,11.6,3.3,1.4,0.435,1.2,0.4,0.346,0.5,0.4,0.727,3.7,0.7,0.2,2.0,0.5,1.4,0.3,0.5255681818181819,0.48484848484848486,1.0,2.3,1.0,1.0,1.0,1.0,1.0,1.0,0.0,0.0,0.0,3.0,0.0,0.0,0.0,0.0,0.0,6.0,1.5,1.5,,,,,,,,,,,,,,,,,,,,,1.2054924242332414,2021-22
1629645,Kevin Porter Jr.,1610612745,HOU,61.0,31.3,13.2,5.5,0.415,6.8,2.5,0.375,3.2,2.0,0.642,15.6,6.2,3.1,4.4,0.7,3.7,-4.6,0.5339539978094195,0.5113636363636364,22.0,3.9,1.5,0.5,0.313,0.6,0.2,0.286,0.6,0.5,0.769,1.5,0.5,0.4,0.5,0.1,0.4,-0.7,0.42517006802721086,0.39999999999999997,,,,,,,,,,,,,,,,,,,,,0.47279501431738924,2021-22
1629647,Darius Bazley,1610612760,OKC,69.0,27.9,9.4,4.0,0.422,3.9,1.2,0.297,2.5,1.7,0.688,10.8,1.4,1.3,6.3,1.0,5.3,-6.8,0.5142857142857143,0.4893617021276595,28.0,3.9,0.9,0.4,0.385,0.5,0.1,0.267,0.3,0.2,0.625,1.0,0.1,0.1,0.8,0.1,0.7,-1.2,0.4844961240310077,0.5,,,,,,,,,,,,,,,,,,,,,0.5040004555333311,2021-22
1629649,Ignas Brazdeikis,1610612753,ORL,42.0,12.8,4.5,1.9,0.431,2.1,0.6,0.31,0.8,0.5,0.656,5.0,0.9,0.4,1.7,0.5,1.2,-4.1,0.5152514427040396,0.4888888888888888,3.0,1.9,1.0,0.3,0.333,0.3,0.0,0.0,0.7,0.0,0.0,0.7,0.0,0.3,0.3,0.3,0.0,-4.0,0.2675840978593272,0.3,,,,,,,,,,,,,,,,,,,,,0.3723621016915153,2021-22
1629651,Nic Claxton,1610612751,BKN,47.0,20.7,5.6,3.8,0.674,0.0,0.0,0.0,2.0,1.1,0.581,8.7,0.9,0.8,5.6,1.9,3.7,-0.6,0.6712962962962963,0.6785714285714286,15.0,3.0,0.7,0.4,0.6,0.0,0.0,0.0,0.3,0.1,0.4,0.9,0.1,0.0,0.9,0.5,0.4,-0.9,0.5408653846153847,0.5714285714285715,4.0,24.5,6.0,4.8,0.792,0.0,0.0,0.0,5.5,1.0,0.182,10.5,1.5,0.5,6.3,1.8,4.5,-2.3,0.6235154394299287,0.7999999999999999,0.6164288973005765,2021-22
1629652,Luguentz Dort,1610612760,OKC,51.0,32.7,14.2,5.7,0.404,7.7,2.5,0.332,3.7,3.2,0.843,17.2,1.7,1.7,4.2,0.7,3.4,-5.8,0.5433409148344706,0.4894366197183099,25.0,3.5,1.8,0.8,0.432,0.8,0.2,0.316,0.9,0.8,0.913,2.6,0.0,0.1,0.3,0.1,0.2,-0.4,0.5919854280510018,0.5,,,,,,,,,,,,,,,,,,,,,0.5884466466492936,2021-22
1629655,Daniel Gafford,1610612764,WAS,72.0,20.1,5.7,4.0,0.693,0.0,0.0,0.0,2.1,1.5,0.699,9.4,0.9,0.9,5.7,2.2,3.5,-2.9,0.7095410628019323,0.7017543859649122,19.0,2.7,0.5,0.3,0.5,0.0,0.0,0.0,0.4,0.4,1.0,0.9,0.1,0.1,0.8,0.4,0.5,0.9,0.665680473372781,0.6,,,,,,,,,,,,,,,,,,,,,0.6890725996721873,2021-22
1629656,Quentin Grimes,1610612752,NYK,46.0,17.1,5.1,2.1,0.404,4.1,1.6,0.381,0.4,0.3,0.684,6.0,1.0,0.6,2.0,0.5,1.5,-1.2,0.5686125852918879,0.5686274509803922,9.0,3.4,0.9,0.3,0.375,0.7,0.2,0.333,0.0,0.0,0.0,0.9,0.0,0.0,0.6,0.2,0.3,-3.1,0.5,0.4444444444444445,,,,,,,,,,,,,,,,,,,,,0.5405179205840318,2021-22
1629658,Jaylen Hoard,1610612760,OKC,7.0,34.2,12.9,6.3,0.489,3.6,1.3,0.36,2.0,0.9,0.429,14.7,2.4,1.1,12.0,4.3,7.7,-12.4,0.5333817126269956,0.5387596899224806,1.0,3.2,1.0,0.0,0.0,1.0,0.0,0.0,0.0,0.0,0.0,0.0,0.0,0.0,4.0,0.0,4.0,10.0,0.0,0.0,,,,,,,,,,,,,,,,,,,,,0.18554584219289375,2021-22
1629659,Talen Horton-Tucker,1610612747,LAL,60.0,25.2,9.0,3.7,0.416,3.0,0.8,0.269,2.1,1.7,0.8,10.0,2.7,1.4,3.2,0.6,2.6,-1.5,0.5038291011688836,0.4555555555555556,23.0,2.2,0.4,0.1,0.3,0.1,0.0,0.0,0.1,0.0,0.333,0.3,0.1,0.1,0.1,0.0,0.1,0.0,0.33783783783783783,0.25,,,,,,,,,,,,,,,,,,,,,0.397612703392137,2021-22
1629660,Ty Jerome,1610612760,OKC,48.0,16.7,6.8,2.6,0.378,3.9,1.1,0.29,1.0,0.8,0.809,7.1,2.3,0.8,1.6,0.4,1.2,-0.1,0.4903314917127071,0.46323529411764713,11.0,0.5,0.1,0.1,1.0,0.1,0.1,1.0,0.2,0.0,0.0,0.3,0.0,0.0,0.0,0.0,0.0,0.7,0.7978723404255319,1.5000000000000002,,,,,,,,,,,,,,,,,,,,,0.6968293124230015,2021-22
1629661,Cameron Johnson,1610612756,PHX,66.0,26.2,9.2,4.2,0.46,5.9,2.5,0.425,1.7,1.5,0.86,12.5,1.5,0.7,4.1,0.6,3.5,3.3,0.6282669883393648,0.5923913043478262,25.0,1.7,0.5,0.3,0.583,0.4,0.3,0.636,0.1,0.1,0.667,0.9,0.1,0.0,0.3,0.0,0.3,1.6,0.8272058823529411,0.8999999999999999,13.0,24.6,7.6,3.5,0.465,4.5,1.7,0.373,2.5,2.0,0.813,10.8,1.5,0.9,3.5,0.7,2.8,-1.6,0.6206896551724139,0.5723684210526315,0.6962260690351865,2021-22
1629663,Louis King,1610612758,SAC,10.0,10.4,4.7,1.5,0.319,2.7,0.8,0.296,1.0,0.7,0.7,4.5,0.9,0.0,1.2,0.0,1.2,-2.9,0.43774319066147854,0.40425531914893614,,,,,,,,,,,,,,,,,,,,,,,,,,,,,,,,,,,,,,,,,0.43774319066147854,2021-22
1629667,Jalen McDaniels,1610612766,CHA,55.0,16.3,4.6,2.2,0.484,2.0,0.7,0.38,1.3,1.0,0.736,6.2,1.1,0.7,3.1,0.7,2.4,0.8,0.5993812838360403,0.5543478260869567,6.0,1.5,0.5,0.2,0.333,0.2,0.0,0.0,0.0,0.0,0.0,0.3,0.0,0.2,0.5,0.0,0.5,0.5,0.3,0.4,,,,,,,,,,,,,,,,,,,,,0.41066332649370846,2021-22
1629669,Jaylen Nowell,1610612750,MIN,62.0,15.7,6.7,3.2,0.475,2.6,1.0,0.394,1.5,1.2,0.783,8.5,2.1,0.6,2.0,0.4,1.6,1.1,0.577445652173913,0.5522388059701493,6.0,2.0,0.7,0.5,0.75,0.0,0.0,0.0,0.7,0.5,0.75,1.5,0.0,0.0,0.2,0.0,0.2,1.8,0.7440476190476191,0.7142857142857143,1.0,11.9,10.0,3.0,0.3,5.0,0.0,0.0,0.0,0.0,0.0,6.0,1.0,0.0,0.0,0.0,0.0,7.0,0.3,0.3,0.504704576237329,2021-22
1629670,Jordan Nwora,1610612749,MIL,62.0,19.1,7.5,3.0,0.403,3.7,1.3,0.348,0.7,0.6,0.837,7.9,1.0,0.9,3.6,0.6,3.0,-1.2,0.505891393442623,0.48666666666666664,11.0,2.3,0.5,0.3,0.5,0.2,0.1,0.5,0.0,0.0,0.0,0.6,0.0,0.1,0.4,0.2,0.2,0.9,0.6,0.7,8.0,2.5,1.1,0.3,0.222,0.5,0.0,0.0,0.3,0.0,0.0,0.5,0.3,0.0,0.4,0.0,0.4,-1.5,0.2029220779220779,0.2727272727272727,0.39244293786725387,2021-22
1629672,Eric Paschall,1610612762,UTA,58.0,12.7,4.1,2.0,0.485,1.9,0.7,0.37,1.5,1.1,0.767,5.8,0.6,0.5,1.8,0.5,1.3,-0.5,0.6092436974789917,0.5731707317073171,2.0,1.5,0.0,0.0,0.0,0.0,0.0,0.0,0.0,0.0,0.0,0.0,0.0,0.0,0.5,0.0,0.5,-1.0,,,4.0,6.1,1.5,0.8,0.5,0.5,0.3,0.5,0.3,0.3,1.0,2.0,0.0,0.0,1.3,0.3,1.0,2.3,0.6127450980392156,0.6333333333333334,0.4079131652661064,2021-22
1629673,Jordan Poole,1610612744,GSW,76.0,30.0,13.9,6.2,0.448,7.6,2.8,0.364,3.5,3.2,0.925,18.5,4.0,2.5,3.4,0.4,3.0,4.3,0.5990932642487046,0.5467625899280575,33.0,2.3,1.1,0.4,0.333,0.6,0.1,0.2,0.7,0.6,0.955,1.5,0.1,0.1,0.3,0.0,0.2,1.0,0.5326704545454545,0.40909090909090906,22.0,27.5,11.5,5.9,0.508,5.8,2.3,0.391,3.2,3.0,0.915,17.0,3.8,2.4,2.8,0.5,2.4,2.3,0.6585063526495197,0.6130434782608696,0.614572540945541,2021-22
1629675,Naz Reid,1610612750,MIN,77.0,15.8,6.2,3.0,0.489,2.2,0.7,0.343,1.9,1.5,0.765,8.3,0.9,1.1,3.9,1.3,2.6,-1.2,0.5898237635019897,0.5403225806451613,15.0,1.6,0.5,0.2,0.429,0.2,0.1,0.333,0.1,0.1,0.5,0.5,0.1,0.1,0.5,0.1,0.3,-0.5,0.45955882352941174,0.5,5.0,10.8,3.4,1.4,0.412,1.4,0.6,0.429,1.4,1.4,1.0,4.8,0.0,1.0,2.8,0.4,2.4,-4.4,0.5976095617529881,0.5,0.5583595320976944,2021-22
1629676,Isaiah Roby,1610612760,OKC,45.0,21.1,7.2,3.7,0.514,2.2,1.0,0.444,2.6,1.7,0.672,10.1,1.6,1.0,4.8,1.7,3.2,-4.1,0.6052253116011505,0.5833333333333334,11.0,2.9,0.7,0.5,0.75,0.3,0.3,1.0,0.7,0.5,0.625,1.8,0.3,0.1,0.7,0.2,0.5,-0.3,0.8928571428571429,0.9285714285714287,,,,,,,,,,,,,,,,,,,,,0.806702087992684,2021-22
1629678,Admiral Schofield,1610612753,ORL,38.0,12.3,3.4,1.4,0.419,2.1,0.7,0.329,0.4,0.3,0.8,3.8,0.7,0.6,2.3,0.4,1.9,-3.4,0.5313199105145413,0.5147058823529412,2.0,1.8,0.0,0.0,0.0,0.0,0.0,0.0,0.0,0.0,0.0,0.0,0.0,0.0,0.0,0.0,0.0,-7.5,,,,,,,,,,,,,,,,,,,,,,,0.17710663683818043,2021-22
1629680,Matisse Thybulle,1610612755,PHI,66.0,25.5,4.5,2.3,0.5,2.2,0.7,0.313,0.7,0.5,0.791,5.7,1.1,0.6,2.3,0.6,1.7,1.3,0.5927620632279534,0.5888888888888889,27.0,2.8,0.4,0.2,0.6,0.1,0.0,0.25,0.1,0.1,0.5,0.6,0.1,0.0,0.3,0.1,0.1,-0.9,0.6756756756756757,0.5,9.0,15.2,2.7,1.2,0.458,1.6,0.4,0.286,0.3,0.1,0.333,3.0,0.4,0.2,1.0,0.2,0.8,-5.4,0.5296610169491525,0.5185185185185185,0.5977382997913739,2021-22
1629681,Killian Tillie,1610612763,MEM,36.0,12.8,3.5,1.2,0.339,2.4,0.8,0.314,0.2,0.1,0.625,3.3,0.6,0.4,1.7,0.6,1.1,0.8,0.4598662207357859,0.4571428571428572,2.0,0.8,0.0,0.0,0.0,0.0,0.0,0.0,0.0,0.0,0.0,0.0,0.0,0.0,0.0,0.0,0.0,3.0,,,,,,,,,,,,,,,,,,,,,,,0.15328874024526198,2021-22
1629682,Tremont Waters,1610612764,WAS,3.0,16.8,4.7,1.3,0.286,3.0,0.7,0.222,0.0,0.0,0.0,3.3,2.3,1.3,1.3,0.0,1.3,-6.3,0.351063829787234,0.351063829787234,,,,,,,,,,,,,,,,,,,,,,,,,,,,,,,,,,,,,,,,,0.351063829787234,2021-22
1629684,Grant Williams,1610612738,BOS,77.0,24.4,5.6,2.7,0.475,3.4,1.4,0.411,1.2,1.1,0.905,7.8,1.0,0.8,3.6,0.8,2.7,1.9,0.6364229765013054,0.6071428571428572,15.0,2.5,0.5,0.1,0.143,0.3,0.1,0.2,0.3,0.2,0.75,0.4,0.0,0.1,0.3,0.1,0.2,-0.1,0.31645569620253167,0.30000000000000004,24.0,27.2,6.3,2.7,0.433,3.7,1.5,0.393,2.2,1.8,0.808,8.6,0.8,0.8,3.8,1.0,2.8,0.1,0.5916345624656026,0.5476190476190477,0.5163015808108398,2021-22
1629712,Didi Louzada,1610612757,POR,9.0,14.4,3.7,1.3,0.364,2.6,1.0,0.391,0.2,0.2,1.0,3.9,0.6,0.6,1.9,0.6,1.3,-9.0,0.5147835269271382,0.48648648648648646,,,,,,,,,,,,,,,,,,,,,,,,,,,,,,,,,,,,,,,,,0.5147835269271382,2021-22
1629717,Armoni Brooks,1610612761,TOR,54.0,15.6,5.4,1.8,0.339,4.6,1.4,0.297,0.4,0.3,0.857,5.3,1.1,0.5,1.9,0.4,1.5,-1.5,0.4752510760401721,0.4629629629629629,5.0,1.5,0.2,0.2,1.0,0.2,0.2,1.0,0.0,0.0,0.0,0.6,0.0,0.0,0.4,0.0,0.4,-0.4,1.4999999999999998,1.5000000000000002,4.0,1.9,1.0,0.0,0.0,1.0,0.0,0.0,0.0,0.0,0.0,0.0,0.0,0.0,0.5,0.0,0.5,-2.3,0.0,0.0,0.5829122163763798,2021-22
1629723,John Konchar,1610612763,MEM,72.0,17.9,3.6,1.9,0.515,1.8,0.7,0.413,0.7,0.4,0.551,4.8,1.5,0.4,4.6,1.2,3.4,1.3,0.6141248720573184,0.625,8.0,1.7,0.1,0.1,1.0,0.1,0.1,1.0,0.0,0.0,0.0,0.4,0.0,0.0,0.1,0.0,0.1,1.5,2.0,1.5000000000000002,8.0,6.9,1.4,0.4,0.273,0.8,0.1,0.167,0.3,0.3,1.0,1.1,0.6,0.1,2.4,0.4,2.0,-4.9,0.35900783289817234,0.32142857142857145,0.9513025062356454,2021-22
1629726,Garrison Mathews,1610612745,HOU,65.0,26.3,7.1,2.8,0.399,5.9,2.1,0.36,2.8,2.2,0.794,10.0,1.0,0.6,2.9,0.5,2.4,-3.4,0.600096015362458,0.5422535211267605,20.0,2.5,0.7,0.4,0.538,0.6,0.3,0.5,0.9,0.7,0.824,1.7,0.0,0.1,0.4,0.1,0.3,0.1,0.7755474452554744,0.7857142857142858,,,,,,,,,,,,,,,,,,,,,0.7269227902193245,2021-22
1629730,Rayjon Tucker,1610612749,MIL,5.0,14.2,1.8,1.2,0.667,1.0,0.8,0.8,1.4,1.0,0.714,4.2,2.0,0.2,1.6,0.6,1.0,-0.4,0.8692052980132451,0.888888888888889,,,,,,,,,,,,,,,,,,,,,8.0,2.4,0.4,0.1,0.333,0.1,0.0,0.0,0.0,0.0,0.0,0.3,0.0,0.0,0.4,0.1,0.3,-1.0,0.37499999999999994,0.25,0.4985513245033112,2021-22
1629731,Dean Wade,1610612739,CLE,51.0,19.2,4.3,1.9,0.456,2.8,1.0,0.359,0.6,0.4,0.667,5.3,1.0,0.3,2.9,0.6,2.3,0.7,0.5806310254163015,0.5581395348837209,11.0,2.7,0.5,0.1,0.2,0.4,0.1,0.25,0.0,0.0,0.0,0.3,0.3,0.0,0.0,0.0,0.0,-1.2,0.3,0.30000000000000004,,,,,,,,,,,,,,,,,,,,,0.4051715821128072,2021-22
1629744,Matt Thomas,1610612741,CHI,40.0,11.5,3.4,1.4,0.41,2.3,0.9,0.385,0.5,0.4,0.8,4.0,0.5,0.2,1.3,0.1,1.2,0.8,0.5524861878453039,0.5441176470588235,5.0,0.4,0.0,0.0,0.0,0.0,0.0,0.0,0.2,0.2,1.0,0.2,0.0,0.0,0.0,0.0,0.0,1.4,1.1363636363636362,,,,,,,,,,,,,,,,,,,,,,0.9417378201908587,2021-22
1629750,Javonte Green,1610612741,CHI,65.0,23.4,5.0,2.7,0.542,1.6,0.6,0.356,1.5,1.2,0.833,7.2,0.9,0.5,4.2,1.4,2.8,0.3,0.6360424028268551,0.6,22.0,2.1,0.2,0.2,0.8,0.0,0.0,0.0,0.2,0.1,0.75,0.5,0.0,0.0,0.4,0.2,0.2,0.5,0.8680555555555555,1.0,5.0,14.3,3.4,0.6,0.176,1.2,0.0,0.0,0.4,0.2,0.5,1.4,0.4,0.8,3.0,1.6,1.4,0.8,0.19574944071588365,0.17647058823529413,0.4972336393468028,2021-22
1629752,Juwan Morgan,1610612738,BOS,2.0,15.5,1.5,1.0,0.667,1.0,0.5,0.5,0.0,0.0,0.0,2.5,0.5,0.0,2.0,1.0,1.0,-8.5,0.8333333333333334,0.8333333333333334,,,,,,,,,,,,,,,,,,,,,9.0,1.6,0.1,0.0,0.0,0.1,0.0,0.0,0.2,0.1,0.5,0.1,0.0,0.0,0.3,0.2,0.1,-0.4,0.26595744680851063,0.0,0.4078014184397163,2021-22
1629755,Hassani Gravett,1610612753,ORL,8.0,21.4,4.8,2.3,0.474,3.3,1.4,0.423,0.5,0.4,0.75,6.3,2.5,1.1,2.6,0.1,2.5,-0.3,0.6274900398406374,0.625,3.0,2.1,0.0,0.0,0.0,0.0,0.0,0.0,0.0,0.0,0.0,0.0,0.0,0.3,0.7,0.3,0.3,-2.0,,,,,,,,,,,,,,,,,,,,,,,0.20916334661354583,2021-22
1629833,Keljin Blevins,1610612757,POR,31.0,11.3,3.6,1.1,0.306,2.3,0.7,0.292,0.4,0.2,0.545,3.1,0.6,0.5,1.5,0.5,0.9,-6.7,0.4104872881355932,0.4027777777777778,2.0,0.9,0.5,0.0,0.0,0.5,0.0,0.0,0.0,0.0,0.0,0.0,0.0,0.0,0.5,0.0,0.5,-1.5,0.0,0.0,,,,,,,,,,,,,,,,,,,,,0.15071798493022862,2021-22
1629875,Xavier Moon,1610612746,LAC,10.0,13.7,5.1,2.5,0.49,1.4,0.5,0.357,0.5,0.3,0.6,5.8,2.4,0.6,1.4,0.2,1.2,0.2,0.5451127819548872,0.5392156862745099,1.0,0.1,0.0,0.0,0.0,0.0,0.0,0.0,0.0,0.0,0.0,0.0,0.0,0.0,0.0,0.0,0.0,2.0,,,,,,,,,,,,,,,,,,,,,,,0.18170426065162906,2021-22
1629962,Devin Cannady,1610612753,ORL,5.0,28.9,8.8,3.0,0.341,7.4,3.0,0.405,1.4,1.0,0.714,10.0,2.0,1.0,1.2,0.2,1.0,-2.2,0.5310110450297366,0.5113636363636364,1.0,2.8,0.0,0.0,0.0,0.0,0.0,0.0,2.0,1.0,0.5,1.0,0.0,0.0,1.0,0.0,1.0,4.0,0.5681818181818182,,,,,,,,,,,,,,,,,,,,,,0.5557915604644577,2021-22
1630162,Anthony Edwards,1610612750,MIN,72.0,34.2,17.3,7.6,0.441,8.4,3.0,0.357,3.9,3.1,0.786,21.3,3.8,2.6,4.8,0.9,3.9,2.6,0.5600546907867059,0.5260115606936415,33.0,3.3,1.2,0.4,0.316,0.6,0.2,0.25,0.6,0.5,0.895,1.4,0.2,0.2,0.5,0.1,0.4,-0.1,0.4781420765027322,0.4166666666666667,6.0,37.8,18.3,8.3,0.455,9.5,3.8,0.404,5.7,4.7,0.824,25.2,3.0,2.5,4.2,0.7,3.5,-3.7,0.6055363321799307,0.5573770491803279,0.562427722906564,2021-22
1630163,LaMelo Ball,1610612766,CHA,75.0,32.3,16.7,7.2,0.429,7.5,2.9,0.389,3.2,2.8,0.872,20.1,7.6,3.3,6.7,1.4,5.2,1.3,0.5550033134526177,0.5179640718562875,31.0,4.0,1.6,0.4,0.265,0.8,0.1,0.16,0.7,0.6,0.864,1.6,0.9,0.2,0.6,0.1,0.5,-0.1,0.4192872117400419,0.28125,,,,,,,,,,,,,,,,,,,,,0.47410675063368013,2021-22
1630165,Killian Hayes,1610612765,DET,66.0,25.0,7.0,2.7,0.383,2.5,0.7,0.263,1.1,0.9,0.77,6.9,4.2,1.7,3.2,0.5,2.6,-5.6,0.4609834313201497,0.4357142857142858,23.0,2.6,0.3,0.1,0.286,0.2,0.0,0.0,0.2,0.1,0.5,0.3,0.3,0.1,0.4,0.2,0.3,-1.5,0.38659793814432986,0.33333333333333337,,,,,,,,,,,,,,,,,,,,,0.41567881682137187,2021-22
1630166,Deni Avdija,1610612764,WAS,82.0,24.2,7.1,3.0,0.432,3.2,1.0,0.317,1.7,1.3,0.757,8.4,2.0,1.1,5.2,0.6,4.5,-0.8,0.5351681957186545,0.49295774647887325,25.0,2.9,0.9,0.3,0.304,0.4,0.1,0.273,0.2,0.2,0.667,0.8,0.2,0.0,0.9,0.1,0.8,1.8,0.40485829959514175,0.38888888888888884,,,,,,,,,,,,,,,,,,,,,0.4609709879725555,2021-22
1630167,Obi Toppin,1610612752,NYK,72.0,17.1,6.6,3.5,0.531,2.3,0.7,0.308,1.7,1.3,0.758,9.0,1.1,0.8,3.7,1.0,2.8,2.3,0.6124115405552532,0.5833333333333334,14.0,1.4,0.6,0.1,0.25,0.2,0.0,0.0,0.0,0.0,0.0,0.3,0.0,0.0,0.5,0.1,0.4,-1.9,0.25,0.16666666666666669,,,,,,,,,,,,,,,,,,,,,0.3798947559412828,2021-22
1630168,Onyeka Okongwu,1610612737,ATL,48.0,20.7,4.7,3.3,0.69,0.0,0.0,0.0,2.3,1.7,0.727,8.2,1.1,0.9,5.9,2.4,3.5,2.3,0.7177871148459384,0.702127659574468,8.0,3.0,0.6,0.6,1.0,0.0,0.0,0.0,0.0,0.0,0.0,1.3,0.1,0.0,0.1,0.0,0.1,1.9,1.0833333333333335,1.0,5.0,21.6,3.2,1.8,0.563,0.0,0.0,0.0,2.0,1.6,0.8,5.2,0.4,0.8,5.4,2.2,3.2,-0.4,0.6372549019607843,0.5625,0.812135705343252,2021-22
1630169,Tyrese Haliburton,1610612754,IND,77.0,35.0,11.8,5.6,0.473,5.1,2.1,0.414,2.5,2.1,0.842,15.3,8.2,2.6,4.0,0.8,3.2,-4.2,0.5930232558139535,0.5635593220338982,36.0,3.7,1.2,0.4,0.381,0.7,0.2,0.333,0.3,0.3,0.818,1.4,0.4,0.1,0.3,0.1,0.2,-0.9,0.5255255255255256,0.4166666666666667,,,,,,,,,,,,,,,,,,,,,0.5581942604795636,2021-22
1630170,Devin Vassell,1610612759,SAS,71.0,27.3,10.8,4.6,0.427,5.4,1.9,0.361,1.4,1.2,0.838,12.3,1.9,0.8,4.3,0.6,3.7,0.5,0.5387175893482832,0.5138888888888888,26.0,3.5,0.8,0.1,0.091,0.5,0.0,0.0,0.2,0.1,0.5,0.2,0.3,0.1,0.7,0.2,0.5,-2.3,0.11261261261261261,0.125,,,,,,,,,,,,,,,,,,,,,0.2620550122645577,2021-22
1630171,Isaac Okoro,1610612739,CLE,67.0,29.6,6.4,3.1,0.48,2.3,0.8,0.35,2.3,1.8,0.768,8.8,1.8,0.9,3.0,1.1,1.9,1.5,0.5936319481921208,0.546875,34.0,3.1,0.4,0.2,0.467,0.2,0.1,0.5,0.3,0.2,0.636,0.7,0.1,0.0,0.2,0.1,0.1,0.4,0.6578947368421052,0.625,,,,,,,,,,,,,,,,,,,,,0.6427238072911339,2021-22
1630172,Patrick Williams,1610612741,CHI,17.0,24.8,6.0,3.2,0.529,1.7,0.9,0.517,2.4,1.8,0.732,9.0,0.9,0.9,4.1,1.0,3.1,-3.3,0.6377551020408163,0.6083333333333334,4.0,2.9,1.0,0.8,0.75,0.3,0.3,1.0,0.8,0.8,1.0,2.5,0.3,0.3,0.8,0.0,0.8,3.5,0.9245562130177514,0.9500000000000001,5.0,30.6,9.4,4.4,0.468,4.2,1.4,0.333,2.2,1.6,0.727,11.8,0.8,1.4,5.4,1.2,4.2,-15.6,0.5690586419753086,0.5425531914893618,0.7156739089975963,2021-22
1630173,Precious Achiuwa,1610612761,TOR,73.0,23.6,8.3,3.6,0.439,2.1,0.8,0.359,1.8,1.1,0.595,9.1,1.1,1.2,6.5,2.0,4.5,1.0,0.5004399472063352,0.48192771084337344,17.0,2.5,0.6,0.2,0.273,0.2,0.0,0.0,0.8,0.3,0.385,0.6,0.0,0.1,0.5,0.3,0.2,2.2,0.31512605042016806,0.33333333333333337,6.0,27.8,8.7,4.2,0.481,2.7,0.8,0.313,1.7,1.0,0.6,10.2,1.0,1.5,4.8,1.3,3.5,-5.2,0.539796782387807,0.5287356321839082,0.4655759815301284,2021-22
1630174,Aaron Nesmith,1610612738,BOS,52.0,11.0,3.5,1.4,0.396,2.2,0.6,0.27,0.5,0.4,0.808,3.8,0.4,0.6,1.7,0.3,1.4,0.4,0.510752688172043,0.4857142857142857,3.0,3.1,0.3,0.3,1.0,0.3,0.3,1.0,0.0,0.0,0.0,1.0,0.0,0.0,0.0,0.0,0.0,-1.7,1.6666666666666667,1.5,15.0,3.5,1.1,0.3,0.235,0.7,0.1,0.091,0.3,0.2,0.75,0.8,0.2,0.1,1.0,0.3,0.7,-0.2,0.3246753246753246,0.3181818181818181,0.8115900944908713,2021-22
1630175,Cole Anthony,1610612753,ORL,65.0,31.7,14.0,5.5,0.391,6.0,2.0,0.338,3.9,3.3,0.854,16.3,5.7,2.6,5.4,0.5,4.9,-3.6,0.518579791295495,0.4642857142857143,25.0,4.1,2.2,1.0,0.429,0.9,0.2,0.227,1.2,1.1,0.966,3.2,0.4,0.2,1.0,0.0,0.9,0.8,0.5865102639296188,0.5,,,,,,,,,,,,,,,,,,,,,0.5795810587647408,2021-22
1630177,Theo Maledon,1610612760,OKC,51.0,17.8,6.2,2.3,0.375,2.9,0.9,0.293,2.0,1.5,0.79,7.1,2.2,1.3,2.6,0.4,2.2,-3.9,0.501412429378531,0.4435483870967742,7.0,2.0,0.7,0.4,0.6,0.3,0.1,0.5,0.3,0.3,1.0,1.3,0.3,0.0,0.3,0.1,0.1,-1.6,0.7812500000000001,0.6428571428571429,,,,,,,,,,,,,,,,,,,,,0.6992611323716679,2021-22
1630178,Tyrese Maxey,1610612755,PHI,75.0,35.3,13.3,6.4,0.485,4.1,1.8,0.427,3.3,2.8,0.866,17.5,4.3,1.2,3.2,0.3,2.9,2.6,0.5931399132321041,0.5488721804511278,41.0,3.8,1.2,0.4,0.367,0.3,0.1,0.333,0.5,0.4,0.818,1.4,0.3,0.1,0.3,0.0,0.2,0.2,0.49295774647887325,0.375,12.0,40.4,15.2,7.3,0.484,5.8,2.2,0.377,4.2,3.9,0.94,20.8,3.9,1.8,3.5,0.5,3.0,0.0,0.610042233693102,0.5526315789473685,0.5772195742684918,2021-22
1630180,Saddiq Bey,1610612765,DET,82.0,33.0,13.9,5.5,0.396,7.4,2.6,0.346,3.1,2.6,0.827,16.1,2.8,1.2,5.4,1.3,4.1,-6.1,0.5273846960167715,0.48920863309352514,41.0,2.9,1.1,0.5,0.457,0.6,0.3,0.423,0.3,0.3,0.929,1.6,0.1,0.1,0.7,0.2,0.5,-1.4,0.6493506493506492,0.5909090909090908,,,,,,,,,,,,,,,,,,,,,0.616609000636869,2021-22
1630181,R.J. Hampton,1610612753,ORL,64.0,21.9,7.1,2.7,0.383,2.9,1.0,0.35,1.8,1.2,0.641,7.6,2.5,1.4,3.0,0.4,2.7,-6.5,0.481500253421186,0.45070422535211274,9.0,4.2,0.8,0.4,0.571,0.3,0.1,0.333,0.3,0.3,1.0,1.3,0.6,0.1,0.4,0.0,0.4,0.8,0.6974248927038627,0.5625,,,,,,,,,,,,,,,,,,,,,0.6367176185751863,2021-22
1630182,Josh Green,1610612742,DAL,67.0,15.5,3.8,1.9,0.508,1.2,0.4,0.359,0.7,0.5,0.689,4.8,1.2,0.7,2.4,0.8,1.6,1.0,0.584225900681597,0.5526315789473685,5.0,1.5,0.2,0.2,1.0,0.0,0.0,0.0,0.4,0.0,0.0,0.4,0.0,0.0,0.2,0.2,0.0,-1.6,0.5319148936170213,1.0,16.0,7.6,1.8,0.5,0.286,1.4,0.3,0.227,0.5,0.1,0.25,1.4,0.4,0.0,0.8,0.1,0.7,-1.3,0.3465346534653465,0.3611111111111111,0.45320643261196497,2021-22
1630183,Jaden McDaniels,1610612750,MIN,70.0,25.8,7.9,3.6,0.46,3.6,1.1,0.317,1.0,0.8,0.803,9.2,1.1,1.1,4.2,1.1,3.1,0.0,0.5515587529976019,0.5253164556962026,25.0,2.2,0.4,0.2,0.444,0.2,0.0,0.25,0.2,0.2,0.8,0.5,0.1,0.0,0.2,0.1,0.1,-0.3,0.5122950819672131,0.5,6.0,21.6,5.7,3.0,0.529,3.3,1.7,0.5,2.0,1.7,0.833,9.3,0.7,1.0,2.8,0.8,2.0,3.2,0.7066869300911854,0.6754385964912281,0.6210982423395304,2021-22
1630184,Kira Lewis Jr.,1610612740,NOP,24.0,14.2,6.1,2.5,0.404,2.4,0.5,0.224,0.5,0.4,0.833,5.9,2.0,1.1,1.6,0.4,1.3,-4.5,0.4667721518987342,0.45081967213114754,,,,,,,,,,,,,,,,,,,,,,,,,,,,,,,,,,,,,,,,,0.4667721518987342,2021-22
1630188,Jalen Smith,1610612754,IND,51.0,18.1,6.9,3.5,0.503,2.4,0.8,0.328,2.0,1.5,0.765,9.2,0.5,0.8,6.0,2.0,4.0,0.6,0.5912596401028277,0.5652173913043478,14.0,2.7,0.8,0.4,0.455,0.3,0.1,0.25,0.0,0.0,0.0,0.8,0.1,0.2,0.4,0.2,0.1,-1.5,0.5,0.5625,,,,,,,,,,,,,,,,,,,,,0.5420140829311463,2021-22
1630190,Elijah Hughes,1610612757,POR,36.0,12.1,4.0,1.3,0.326,2.6,0.7,0.263,0.3,0.2,0.778,3.5,0.6,0.5,1.6,0.2,1.4,-6.4,0.4235237173281704,0.4125,1.0,1.4,1.0,0.0,0.0,0.0,0.0,0.0,0.0,0.0,0.0,0.0,0.0,0.0,0.0,0.0,0.0,2.0,0.0,0.0,,,,,,,,,,,,,,,,,,,,,0.16617457243647346,2021-22
1630191,Isaiah Stewart,1610612765,DET,71.0,25.6,6.9,3.5,0.51,0.6,0.2,0.326,1.5,1.0,0.718,8.3,1.2,1.2,8.7,3.2,5.5,-5.2,0.548941798941799,0.5217391304347826,28.0,3.0,0.5,0.3,0.533,0.0,0.0,0.0,0.1,0.0,0.5,0.6,0.0,0.1,0.6,0.4,0.3,-1.8,0.551470588235294,0.6,,,,,,,,,,,,,,,,,,,,,0.5578740352813396,2021-22
1630192,Zeke Nnaji,1610612743,DEN,41.0,17.0,4.5,2.3,0.516,2.0,0.9,0.463,1.6,1.0,0.631,6.6,0.4,0.6,3.6,1.4,2.2,-1.1,0.6341275941583397,0.6111111111111112,6.0,3.8,0.5,0.0,0.0,0.3,0.0,0.0,0.0,0.0,0.0,0.0,0.0,0.2,0.3,0.0,0.3,-3.8,0.0,0.0,2.0,4.3,0.5,0.5,1.0,0.5,0.5,1.0,0.0,0.0,0.0,1.5,0.0,0.0,0.0,0.0,0.0,3.5,1.5,1.5,0.8667990434683652,2021-22
1630193,Immanuel Quickley,1610612752,NYK,78.0,23.1,9.3,3.6,0.392,5.1,1.8,0.346,2.6,2.3,0.881,11.3,3.5,1.3,3.2,0.4,2.8,3.4,0.5409804672539257,0.48387096774193544,30.0,2.7,0.8,0.2,0.217,0.4,0.1,0.154,0.2,0.2,1.0,0.6,0.2,0.0,0.3,0.1,0.2,-1.2,0.33783783783783783,0.3125,,,,,,,,,,,,,,,,,,,,,0.4141541981799099,2021-22
1630197,Aleksej Pokusevski,1610612760,OKC,61.0,20.2,7.5,3.0,0.408,3.2,0.9,0.289,0.8,0.6,0.7,7.6,2.1,1.5,5.2,1.2,4.0,-0.7,0.48395313295975545,0.46,7.0,3.0,0.9,0.3,0.333,0.6,0.0,0.0,0.4,0.4,1.0,1.0,0.7,0.3,0.3,0.0,0.3,-1.1,0.4646840148698885,0.3333333333333333,,,,,,,,,,,,,,,,,,,,,0.48310705423157746,2021-22
1630198,Isaiah Joe,1610612755,PHI,55.0,11.1,3.2,1.1,0.35,2.5,0.8,0.333,0.6,0.5,0.935,3.6,0.6,0.3,1.0,0.1,0.9,0.4,0.5196304849884527,0.46875,4.0,0.9,0.0,0.0,0.0,0.0,0.0,0.0,0.0,0.0,0.0,0.0,0.0,0.0,0.0,0.0,0.0,1.8,,,7.0,2.1,0.7,0.3,0.4,0.4,0.1,0.333,0.0,0.0,0.0,0.7,0.0,0.4,0.3,0.0,0.3,2.0,0.5,0.5,0.3366050808314088,2021-22
1630199,Cassius Stanley,1610612765,DET,9.0,17.2,5.1,2.1,0.413,1.9,0.4,0.235,1.1,1.1,1.0,5.8,0.4,0.7,2.1,0.6,1.6,-1.7,0.5193409742120344,0.4509803921568628,1.0,5.4,0.0,0.0,0.0,0.0,0.0,0.0,2.0,2.0,1.0,2.0,0.0,0.0,1.0,1.0,0.0,0.0,1.1363636363636365,,,,,,,,,,,,,,,,,,,,,,0.9306894156464357,2021-22
1630200,Tre Jones,1610612759,SAS,69.0,16.6,4.9,2.4,0.49,0.7,0.1,0.196,1.3,1.0,0.78,6.0,3.4,0.7,2.2,0.4,1.8,-0.2,0.5482456140350876,0.4999999999999999,12.0,1.9,0.7,0.3,0.375,0.0,0.0,0.0,0.0,0.0,0.0,0.5,0.3,0.0,0.2,0.0,0.2,-1.9,0.35714285714285715,0.4285714285714286,,,,,,,,,,,,,,,,,,,,,0.4351294903897328,2021-22
1630201,Malachi Flynn,1610612761,TOR,44.0,12.2,4.2,1.6,0.393,2.0,0.7,0.333,0.5,0.3,0.625,4.3,1.6,0.3,1.4,0.2,1.2,-0.6,0.48642533936651583,0.4642857142857143,3.0,2.0,0.3,0.0,0.0,0.0,0.0,0.0,0.0,0.0,0.0,0.0,0.0,0.0,0.3,0.0,0.3,-1.7,0.0,0.0,6.0,6.1,1.2,0.0,0.0,0.5,0.0,0.0,0.0,0.0,0.0,0.0,0.5,0.2,0.5,0.3,0.2,0.3,0.0,0.0,0.08821374703557577,2021-22
1630202,Payton Pritchard,1610612738,BOS,71.0,14.1,5.3,2.3,0.429,3.5,1.4,0.412,0.3,0.3,1.0,6.2,2.0,0.6,1.9,0.5,1.4,0.9,0.5706921944035347,0.5660377358490566,9.0,1.7,0.0,0.0,0.0,0.0,0.0,0.0,0.0,0.0,0.0,0.0,0.2,0.0,0.1,0.1,0.0,-1.9,,,24.0,12.9,4.3,1.8,0.422,3.0,1.0,0.333,0.3,0.2,0.667,4.8,1.6,0.4,1.9,0.4,1.5,2.3,0.5415162454873647,0.5348837209302325,0.36587348847760476,2021-22
1630205,Lamar Stevens,1610612739,CLE,63.0,16.1,5.1,2.5,0.489,1.0,0.3,0.277,1.2,0.8,0.707,6.1,0.7,0.7,2.6,0.7,1.9,-0.6,0.5419331911869225,0.5196078431372549,14.0,1.5,0.3,0.1,0.25,0.1,0.0,0.0,0.4,0.2,0.6,0.4,0.1,0.0,0.4,0.0,0.4,0.7,0.4201680672268908,0.33333333333333337,,,,,,,,,,,,,,,,,,,,,0.46663879482025783,2021-22
1630209,Omer Yurtseven,1610612748,MIA,56.0,12.6,4.4,2.3,0.526,0.2,0.0,0.091,1.1,0.7,0.623,5.3,0.9,0.7,5.3,1.5,3.7,1.1,0.5425880425880425,0.5227272727272726,6.0,1.2,0.5,0.2,0.333,0.0,0.0,0.0,0.0,0.0,0.0,0.3,0.0,0.0,0.5,0.3,0.2,0.0,0.3,0.4,9.0,4.2,2.0,1.3,0.667,0.2,0.0,0.0,0.3,0.1,0.333,2.8,0.3,0.0,0.8,0.1,0.7,0.7,0.6566604127579737,0.65,0.530125183171381,2021-22
1630214,Xavier Tillman,1610612763,MEM,53.0,13.2,4.1,1.8,0.454,0.9,0.2,0.204,1.3,0.9,0.648,4.8,1.2,0.6,3.0,1.2,1.8,-0.5,0.5136986301369864,0.46341463414634154,3.0,1.3,0.0,0.0,0.0,0.0,0.0,0.0,0.0,0.0,0.0,0.0,0.0,0.0,0.0,0.0,0.0,-1.7,,,9.0,15.5,2.8,2.0,0.72,0.2,0.1,0.5,0.7,0.3,0.5,4.4,0.7,1.1,3.3,1.4,1.9,-4.8,0.707850707850708,0.7321428571428571,0.4395417922815184,2021-22
1630217,Desmond Bane,1610612763,MEM,76.0,29.8,14.5,6.7,0.461,6.9,3.0,0.436,2.0,1.8,0.903,18.2,2.7,1.5,4.4,0.6,3.8,4.8,0.5916775032509752,0.5655172413793103,29.0,4.1,1.7,0.8,0.449,0.9,0.4,0.407,0.3,0.2,0.667,2.1,0.1,0.2,0.4,0.1,0.3,1.2,0.5731441048034935,0.5882352941176471,12.0,35.6,13.3,6.3,0.478,7.3,3.6,0.489,2.9,2.5,0.857,18.8,2.2,1.3,3.8,0.4,3.3,9.5,0.6448957189901208,0.6090225563909774,0.6238329495682801,2021-22
1630222,Mason Jones,1610612747,LAL,4.0,12.6,3.8,1.8,0.467,1.0,0.3,0.25,3.8,3.0,0.8,6.8,1.0,0.3,2.5,0.3,2.3,5.8,0.6213450292397661,0.5131578947368421,1.0,5.9,1.0,0.0,0.0,0.0,0.0,0.0,2.0,2.0,1.0,2.0,1.0,0.0,4.0,0.0,4.0,10.0,0.5319148936170213,0.0,,,,,,,,,,,,,,,,,,,,,0.5880407282913619,2021-22
1630224,Jalen Green,1610612745,HOU,67.0,31.9,14.2,6.1,0.426,6.8,2.3,0.343,3.5,2.8,0.797,17.3,2.6,2.0,3.4,0.5,2.9,-7.7,0.5495552731893266,0.5105633802816901,23.0,3.5,1.3,0.6,0.419,0.7,0.3,0.4,0.4,0.4,0.9,1.8,0.1,0.1,0.6,0.3,0.3,-1.8,0.6097560975609756,0.5769230769230769,,,,,,,,,,,,,,,,,,,,,0.5988440856805793,2021-22
1630227,Daishen Nix,1610612745,HOU,24.0,10.9,2.8,1.1,0.403,1.1,0.3,0.269,1.3,0.7,0.533,3.2,1.7,1.1,1.4,0.3,1.1,-1.9,0.4744958481613286,0.44642857142857145,1.0,1.5,0.0,0.0,0.0,0.0,0.0,0.0,0.0,0.0,0.0,0.0,0.0,0.0,0.0,0.0,0.0,-4.0,,,,,,,,,,,,,,,,,,,,,,,0.15816528272044286,2021-22
1630228,Jonathan Kuminga,1610612744,GSW,70.0,16.9,6.6,3.4,0.513,2.1,0.7,0.336,2.7,1.9,0.684,9.3,0.9,1.1,3.3,0.8,2.6,0.5,0.5970724191063175,0.5681818181818182,9.0,2.5,0.8,0.4,0.571,0.0,0.0,0.0,0.2,0.2,1.0,1.1,0.1,0.2,0.6,0.3,0.2,0.1,0.6193693693693694,0.5,16.0,8.6,3.8,1.9,0.5,0.8,0.2,0.231,1.6,1.3,0.769,5.2,0.5,0.7,1.7,0.3,1.4,-2.2,0.5772646536412079,0.5263157894736842,0.606722065247489,2021-22
1630230,Naji Marshall,1610612740,NOP,55.0,13.4,4.9,2.0,0.405,1.9,0.4,0.2,1.7,1.3,0.796,5.7,1.1,0.8,2.6,0.7,1.9,-0.9,0.5046033994334277,0.4489795918367347,7.0,1.3,0.3,0.0,0.0,0.1,0.0,0.0,0.3,0.3,1.0,0.3,0.0,0.0,0.1,0.1,0.0,-2.0,0.3472222222222222,0.0,6.0,9.4,1.7,1.2,0.7,0.0,0.0,0.0,0.7,0.7,1.0,3.0,0.8,0.5,1.0,0.5,0.5,0.0,0.7470119521912351,0.7058823529411765,0.5794697323869387,2021-22
1630231,KJ Martin,1610612745,HOU,79.0,21.0,6.6,3.5,0.533,2.1,0.8,0.357,1.6,1.0,0.634,8.8,1.3,0.8,3.8,1.0,2.7,-3.0,0.6024096385542169,0.5909090909090909,11.0,3.0,0.5,0.1,0.2,0.4,0.0,0.0,0.0,0.0,0.0,0.2,0.0,0.0,0.5,0.0,0.5,-1.0,0.2,0.2,,,,,,,,,,,,,,,,,,,,,0.3417123037593487,2021-22
1630235,Trent Forrest,1610612762,UTA,60.0,12.8,2.6,1.3,0.49,0.5,0.1,0.185,0.8,0.6,0.792,3.3,1.8,0.8,1.7,0.4,1.3,1.3,0.5589430894308943,0.5192307692307693,2.0,2.1,0.0,0.0,0.0,0.0,0.0,0.0,1.0,0.5,0.5,0.5,0.5,0.0,0.0,0.0,0.0,-0.5,0.5681818181818182,,,,,,,,,,,,,,,,,,,,,,0.5651022419315103,2021-22
1630240,Saben Lee,1610612765,DET,37.0,16.3,4.8,1.9,0.39,1.6,0.4,0.233,1.9,1.5,0.789,5.6,2.9,1.0,2.4,0.5,1.9,-2.2,0.4968062455642299,0.43750000000000006,,,,,,,,,,,,,,,,,,,,,,,,,,,,,,,,,,,,,,,,,0.4968062455642299,2021-22
1630245,Ayo Dosunmu,1610612741,CHI,77.0,27.4,6.9,3.6,0.52,2.4,0.9,0.376,1.0,0.7,0.679,8.8,3.3,1.4,2.8,0.4,2.4,-2.6,0.5994550408719346,0.5869565217391304,24.0,2.8,0.8,0.4,0.5,0.2,0.1,0.5,0.2,0.1,0.5,0.9,0.2,0.1,0.3,0.1,0.2,1.0,0.5067567567567568,0.5625,5.0,17.1,5.2,1.6,0.308,2.6,0.6,0.231,0.2,0.2,1.0,4.0,2.2,0.6,2.6,0.8,1.8,-5.6,0.37821482602118,0.3653846153846154,0.4695297083050351,2021-22
1630249,Vít Krejčí,1610612760,OKC,30.0,23.0,5.6,2.3,0.407,3.3,1.1,0.327,0.7,0.6,0.864,6.2,1.9,1.0,3.4,0.6,2.8,-6.0,0.5247122545700745,0.5089285714285714,6.0,2.0,0.3,0.2,0.5,0.2,0.2,1.0,0.0,0.0,0.0,0.5,0.2,0.0,0.3,0.0,0.3,-0.3,0.8333333333333334,1.0000000000000002,,,,,,,,,,,,,,,,,,,,,0.7358167832684334,2021-22
1630256,Jae'Sean Tate,1610612745,HOU,78.0,26.4,9.3,4.7,0.498,2.6,0.8,0.312,2.4,1.7,0.707,11.8,2.8,1.8,5.4,1.7,3.7,-5.2,0.5697180378524527,0.5483870967741936,28.0,3.0,0.9,0.4,0.458,0.1,0.0,0.333,0.5,0.4,0.8,1.3,0.2,0.2,0.6,0.3,0.4,-0.9,0.5803571428571428,0.4444444444444445,,,,,,,,,,,,,,,,,,,,,0.5864881938760442,2021-22
1630264,Anthony Gill,1610612764,WAS,44.0,10.5,2.5,1.4,0.569,0.6,0.3,0.538,1.2,1.0,0.808,4.1,0.6,0.4,1.9,0.8,1.2,1.4,0.6770145310435931,0.6199999999999999,9.0,1.6,0.3,0.1,0.333,0.2,0.1,0.5,0.2,0.2,1.0,0.6,0.0,0.1,0.4,0.1,0.3,0.6,0.7731958762886597,0.5000000000000001,,,,,,,,,,,,,,,,,,,,,0.7531354278688374,2021-22
1630267,Facundo Campazzo,1610612743,DEN,65.0,18.2,4.6,1.6,0.361,3.0,0.9,0.301,1.2,0.9,0.769,5.1,3.4,1.0,1.8,0.4,1.4,-3.3,0.4972698907956318,0.44565217391304357,9.0,2.8,0.3,0.0,0.0,0.3,0.0,0.0,0.4,0.3,0.75,0.3,0.3,0.0,0.3,0.0,0.3,-4.1,0.31512605042016806,0.0,4.0,3.3,0.5,0.0,0.0,0.5,0.0,0.0,0.0,0.0,0.0,0.0,0.5,0.5,0.8,0.0,0.8,-2.8,0.0,0.0,0.194442071068345,2021-22
1630273,Freddie Gillespie,1610612753,ORL,9.0,13.2,2.4,1.0,0.409,0.1,0.0,0.0,0.8,0.3,0.429,2.3,0.6,0.6,4.0,1.4,2.6,-3.2,0.4178779069767442,0.4166666666666667,1.0,0.0,0.0,0.0,0.0,0.0,0.0,0.0,0.0,0.0,0.0,0.0,0.0,0.0,0.0,0.0,0.0,0.0,,,,,,,,,,,,,,,,,,,,,,,0.13929263565891473,2021-22
1630285,Zavier Simpson,1610612760,OKC,4.0,43.5,13.0,4.8,0.365,2.0,0.3,0.125,1.3,1.3,1.0,11.0,7.5,2.5,5.3,0.5,4.8,-23.8,0.40524609490126734,0.3807692307692308,1.0,3.2,1.0,1.0,1.0,0.0,0.0,0.0,0.0,0.0,0.0,2.0,1.0,0.0,0.0,0.0,0.0,10.0,1.0,1.0,,,,,,,,,,,,,,,,,,,,,0.8094410059921384,2021-22
1630288,Jeff Dowtin Jr.,1610612753,ORL,9.0,12.0,2.9,0.9,0.308,1.0,0.1,0.111,0.2,0.2,1.0,2.1,1.1,0.6,2.0,0.9,1.1,-2.9,0.3514056224899599,0.32758620689655177,1.0,2.9,1.0,0.0,0.0,1.0,0.0,0.0,0.0,0.0,0.0,0.0,0.0,1.0,1.0,1.0,0.0,-15.0,0.0,0.0,,,,,,,,,,,,,,,,,,,,,0.15161796610545233,2021-22
1630296,Braxton Key,1610612765,DET,11.0,17.9,6.5,3.0,0.458,1.9,0.5,0.286,1.2,0.6,0.538,7.2,1.0,1.0,4.5,1.2,3.4,2.5,0.5122367672168469,0.5,2.0,1.6,0.5,0.0,0.0,0.0,0.0,0.0,1.0,0.5,0.5,0.5,0.0,0.0,0.0,0.0,0.0,-6.0,0.26595744680851063,0.0,,,,,,,,,,,,,,,,,,,,,0.35574286130241367,2021-22
1630314,Brandon Williams,1610612757,POR,24.0,26.7,11.8,4.4,0.372,4.4,1.3,0.292,4.0,2.8,0.701,12.9,3.9,2.4,3.1,0.8,2.3,-11.3,0.4756637168141593,0.4279661016949153,4.0,4.7,3.8,0.8,0.2,1.0,0.0,0.0,1.5,1.5,1.0,3.0,0.8,0.3,0.5,0.3,0.3,0.3,0.336322869955157,0.2105263157894737,,,,,,,,,,,,,,,,,,,,,0.41497320873593707,2021-22
1630322,Lindy Waters III,1610612760,OKC,25.0,18.6,7.0,2.8,0.406,5.8,2.1,0.363,0.2,0.2,0.8,8.0,1.0,0.4,2.9,0.2,2.7,-1.6,0.5643340857787811,0.5499999999999999,2.0,2.6,1.0,0.5,0.5,0.5,0.0,0.0,0.0,0.0,0.0,1.0,0.5,0.0,0.0,0.0,0.0,-0.5,0.5,0.5,,,,,,,,,,,,,,,,,,,,,0.5357304095432671,2021-22
1630526,Jeremiah Robinson-Earl,1610612760,OKC,49.0,22.2,6.6,2.7,0.414,3.4,1.2,0.352,1.1,0.8,0.741,7.5,1.0,0.8,5.6,1.5,4.1,-4.9,0.5293619424054207,0.5000000000000001,18.0,2.4,0.5,0.2,0.333,0.3,0.1,0.333,0.2,0.2,1.0,0.7,0.1,0.1,0.3,0.1,0.2,-1.6,0.5952380952380952,0.5,,,,,,,,,,,,,,,,,,,,,0.5808551352018134,2021-22
1630527,Brandon Boston,1610612746,LAC,51.0,14.9,6.4,2.5,0.385,2.2,0.7,0.306,1.4,1.2,0.819,6.7,1.0,0.6,2.2,0.3,1.8,-0.7,0.4774800456100342,0.4453125,5.0,2.4,1.0,0.4,0.4,0.4,0.2,0.5,0.0,0.0,0.0,1.0,0.2,0.0,0.6,0.0,0.6,-0.8,0.5,0.5,,,,,,,,,,,,,,,,,,,,,0.5081183485342367,2021-22
1630528,Josh Christopher,1610612745,HOU,74.0,18.0,6.8,3.0,0.448,2.6,0.8,0.296,1.5,1.1,0.735,7.9,2.0,1.5,2.5,0.7,1.8,-3.7,0.5294906166219839,0.5,13.0,1.4,0.5,0.2,0.333,0.3,0.1,0.25,0.1,0.1,1.0,0.5,0.2,0.2,0.3,0.0,0.3,-0.2,0.45955882352941174,0.5,,,,,,,,,,,,,,,,,,,,,0.4902223624023251,2021-22
1630529,Herbert Jones,1610612740,NOP,78.0,29.9,7.4,3.5,0.476,2.2,0.7,0.337,2.1,1.8,0.84,9.5,2.1,1.3,3.8,1.3,2.5,0.9,0.5706391158097068,0.5202702702702703,28.0,3.4,0.9,0.5,0.577,0.1,0.0,0.333,0.7,0.5,0.789,1.6,0.1,0.1,0.4,0.1,0.3,0.3,0.6622516556291391,0.5555555555555556,6.0,37.7,7.3,3.5,0.477,2.0,0.8,0.417,3.7,2.8,0.773,10.7,1.8,1.3,3.3,1.3,2.0,-2.2,0.5992383512544802,0.5342465753424658,0.6276384089657562,2021-22
1630530,Trey Murphy III,1610612740,NOP,62.0,13.9,4.5,1.8,0.394,3.0,1.1,0.382,0.8,0.7,0.882,5.4,0.6,0.3,2.4,0.8,1.6,0.0,0.5564715581203628,0.5222222222222223,11.0,1.9,0.4,0.0,0.0,0.3,0.0,0.0,0.0,0.0,0.0,0.0,0.1,0.0,0.3,0.1,0.2,0.5,0.0,0.0,6.0,20.0,3.7,1.5,0.409,3.2,1.5,0.474,0.8,0.7,0.8,5.2,0.5,0.2,2.5,0.5,2.0,5.3,0.6416584402764066,0.6081081081081081,0.422463368711844,2021-22
1630532,Franz Wagner,1610612753,ORL,79.0,30.7,12.3,5.8,0.468,3.4,1.2,0.354,2.8,2.4,0.863,15.2,2.9,1.5,4.5,1.1,3.4,-3.1,0.5616316878510198,0.5203252032520325,29.0,4.1,1.6,0.6,0.4,0.3,0.1,0.2,0.8,0.6,0.783,1.9,0.2,0.1,0.6,0.1,0.5,-0.1,0.4866803278688524,0.40625,,,,,,,,,,,,,,,,,,,,,0.5246722446098181,2021-22
1630533,Ziaire Williams,1610612763,MEM,62.0,21.7,6.8,3.1,0.45,3.9,1.2,0.314,0.9,0.7,0.782,8.1,1.0,0.7,2.1,0.4,1.7,2.0,0.5628126737076153,0.5441176470588236,14.0,2.1,0.6,0.1,0.125,0.4,0.0,0.0,0.1,0.1,1.0,0.3,0.0,0.0,0.4,0.1,0.3,-0.4,0.2329192546583851,0.16666666666666669,10.0,16.8,5.2,2.3,0.442,3.6,1.1,0.306,1.3,1.2,0.923,6.9,0.5,0.2,1.6,0.4,1.2,-3.7,0.5977130977130978,0.548076923076923,0.47912194210441356,2021-22
1630535,Greg Brown III,1610612757,POR,48.0,13.3,4.0,1.7,0.426,1.3,0.4,0.311,1.4,0.9,0.677,4.7,0.7,0.8,2.8,0.8,2.0,-5.0,0.5090987868284229,0.475,1.0,0.3,0.0,0.0,0.0,0.0,0.0,0.0,0.0,0.0,0.0,0.0,0.0,0.0,0.0,0.0,0.0,-2.0,,,,,,,,,,,,,,,,,,,,,,,0.1696995956094743,2021-22
1630537,Chris Duarte,1610612754,IND,55.0,28.0,11.3,4.9,0.432,4.6,1.7,0.369,2.0,1.6,0.804,13.1,2.1,1.6,4.1,0.7,3.4,-1.0,0.5377668308702791,0.5088495575221239,19.0,3.5,1.6,0.5,0.29,0.9,0.3,0.294,0.1,0.1,1.0,1.3,0.2,0.2,0.3,0.0,0.3,-1.1,0.39537712895377125,0.40625,,,,,,,,,,,,,,,,,,,,,0.4569996549600857,2021-22
1630538,Bones Hyland,1610612743,DEN,69.0,19.0,8.3,3.3,0.403,5.2,1.9,0.366,1.8,1.6,0.856,10.1,2.8,1.2,2.7,0.2,2.5,0.6,0.5554333479982402,0.5120481927710843,7.0,3.2,1.1,0.4,0.375,1.0,0.3,0.286,0.4,0.3,0.667,1.4,0.4,0.0,0.1,0.0,0.1,0.6,0.54858934169279,0.5,5.0,17.3,7.2,2.6,0.361,4.6,1.6,0.348,2.8,2.4,0.857,9.2,3.2,1.2,2.0,0.2,1.8,-0.8,0.5455407969639468,0.47222222222222227,0.5614587490925393,2021-22
1630541,Moses Moody,1610612744,GSW,52.0,11.7,3.5,1.5,0.437,2.1,0.8,0.364,0.7,0.5,0.778,4.4,0.4,0.3,1.5,0.3,1.2,-0.8,0.5777310924369748,0.5428571428571428,5.0,2.7,0.6,0.2,0.333,0.0,0.0,0.0,0.4,0.2,0.5,0.6,0.0,0.0,0.8,0.4,0.4,-2.6,0.38659793814432986,0.33333333333333337,13.0,8.0,2.2,1.2,0.536,1.0,0.5,0.538,0.5,0.3,0.667,3.2,0.3,0.2,0.6,0.2,0.5,-0.3,0.6611570247933883,0.6590909090909091,0.5728758643222591,2021-22
1630543,Isaiah Jackson,1610612754,IND,36.0,15.0,5.7,3.2,0.563,0.4,0.1,0.313,2.4,1.7,0.682,8.3,0.3,1.1,4.1,1.7,2.5,-1.1,0.6142687981053878,0.5701754385964912,7.0,3.1,0.7,0.4,0.6,0.0,0.0,0.0,0.9,0.4,0.5,1.3,0.1,0.4,0.9,0.4,0.4,0.7,0.593065693430657,0.5714285714285715,,,,,,,,,,,,,,,,,,,,,0.6124140967411321,2021-22
1630544,Tre Mann,1610612760,OKC,60.0,22.8,9.8,3.9,0.393,4.5,1.6,0.36,1.4,1.1,0.793,10.4,1.5,1.2,2.9,0.4,2.4,-4.6,0.49923195084485406,0.47959183673469385,18.0,3.3,1.2,0.3,0.273,0.4,0.1,0.25,0.7,0.6,0.917,1.4,0.2,0.0,0.3,0.0,0.3,0.2,0.4641909814323607,0.2916666666666667,,,,,,,,,,,,,,,,,,,,,0.48811620252779275,2021-22
1630549,Day'Ron Sharpe,1610612751,BKN,32.0,12.2,4.7,2.7,0.577,0.2,0.1,0.286,1.3,0.8,0.585,6.2,0.5,0.9,5.0,2.5,2.5,1.8,0.5880121396054628,0.5851063829787234,5.0,1.1,0.2,0.2,1.0,0.0,0.0,0.0,0.0,0.0,0.0,0.4,0.0,0.0,0.2,0.0,0.2,-1.0,1.0,1.0,1.0,0.4,0.0,0.0,0.0,0.0,0.0,0.0,0.0,0.0,0.0,0.0,0.0,0.0,0.0,0.0,0.0,2.0,,,0.4355906757489412,2021-22
1630553,Keon Johnson,1610612757,POR,37.0,18.8,7.4,2.6,0.353,2.7,0.9,0.34,1.4,1.1,0.804,7.2,2.1,1.2,2.2,0.6,1.5,-7.8,0.4491017964071856,0.41216216216216217,5.0,3.0,0.8,0.4,0.5,0.6,0.2,0.333,0.2,0.0,0.0,1.0,0.0,0.4,0.4,0.2,0.2,-4.4,0.5630630630630631,0.625,,,,,,,,,,,,,,,,,,,,,0.5358867849871205,2021-22
1630556,Kessler Edwards,1610612751,BKN,48.0,20.6,5.6,2.3,0.412,2.8,1.0,0.353,0.4,0.3,0.842,5.9,0.6,0.9,3.6,0.9,2.7,-1.3,0.5107340720221607,0.5,11.0,3.2,0.6,0.1,0.143,0.5,0.0,0.0,0.2,0.1,0.5,0.3,0.0,0.0,0.5,0.1,0.5,-1.1,0.2180232558139535,0.16666666666666669,2.0,3.6,0.0,0.0,0.0,0.0,0.0,0.0,0.0,0.0,0.0,0.0,0.5,0.5,0.0,0.0,0.0,-2.5,,,0.1685110496540504,2021-22
1630557,Corey Kispert,1610612764,WAS,77.0,23.4,6.7,3.0,0.455,4.2,1.5,0.35,0.8,0.7,0.871,8.2,1.1,0.6,2.7,0.7,2.0,0.5,0.5813953488372092,0.5597014925373134,21.0,1.7,0.3,0.2,0.667,0.2,0.1,0.5,0.1,0.1,1.0,0.6,0.0,0.0,0.1,0.1,0.0,0.4,0.872093023255814,0.8333333333333334,,,,,,,,,,,,,,,,,,,,,0.7796714103892426,2021-22
1630558,Davion Mitchell,1610612758,SAC,75.0,27.7,11.2,4.7,0.418,4.3,1.3,0.316,1.1,0.7,0.659,11.5,4.2,1.5,2.2,0.4,1.8,-3.7,0.4921259842519685,0.4776785714285715,32.0,2.5,0.9,0.4,0.4,0.2,0.0,0.2,0.4,0.3,0.692,1.1,0.2,0.2,0.2,0.1,0.1,0.3,0.5111524163568774,0.4444444444444445,,,,,,,,,,,,,,,,,,,,,0.5128459866069046,2021-22
1630559,Austin Reaves,1610612747,LAL,61.0,23.2,5.2,2.4,0.459,2.7,0.9,0.317,1.9,1.6,0.839,7.3,1.8,0.7,3.2,0.7,2.4,0.9,0.604705102717031,0.5480769230769231,25.0,3.2,1.0,0.5,0.462,0.6,0.2,0.357,0.2,0.2,1.0,1.4,0.1,0.0,0.6,0.2,0.4,-1.0,0.6433823529411764,0.6,,,,,,,,,,,,,,,,,,,,,0.6497207054268656,2021-22
1630560,Cam Thomas,1610612751,BKN,67.0,17.6,7.5,3.3,0.433,2.6,0.7,0.27,1.6,1.3,0.829,8.5,1.2,0.8,2.4,0.2,2.2,-2.1,0.5180399804973184,0.48666666666666664,10.0,2.3,1.4,0.5,0.357,0.7,0.2,0.286,0.4,0.3,0.75,1.5,0.2,0.2,0.5,0.0,0.5,0.1,0.4758883248730965,0.4285714285714286,1.0,0.4,0.0,0.0,0.0,0.0,0.0,0.0,0.0,0.0,0.0,0.0,0.0,0.0,0.0,0.0,0.0,2.0,,,0.26363610503809637,2021-22
1630561,David Duke Jr.,1610612751,BKN,22.0,15.5,4.9,1.8,0.361,1.7,0.4,0.243,1.0,0.8,0.81,4.7,0.8,0.4,3.0,1.4,1.7,-0.5,0.44007490636704116,0.4081632653061224,6.0,2.7,1.0,0.2,0.167,0.7,0.2,0.25,0.3,0.3,1.0,0.8,0.2,0.0,1.2,0.7,0.5,0.5,0.3533568904593639,0.30000000000000004,,,,,,,,,,,,,,,,,,,,,0.4026710590230642,2021-22
1630563,Joshua Primo,1610612759,SAS,50.0,19.3,5.4,2.0,0.374,2.7,0.8,0.307,1.2,0.9,0.746,5.8,1.6,1.1,2.3,0.6,1.6,-1.6,0.4892037786774628,0.4444444444444444,11.0,2.8,1.0,0.2,0.182,0.5,0.2,0.333,0.3,0.2,0.667,0.7,0.1,0.1,0.5,0.5,0.0,-1.8,0.3091872791519434,0.30000000000000004,,,,,,,,,,,,,,,,,,,,,0.3877112975088724,2021-22
1630567,Scottie Barnes,1610612761,TOR,74.0,35.4,12.6,6.2,0.492,2.6,0.8,0.301,2.9,2.1,0.735,15.3,3.5,1.8,7.5,2.6,4.9,0.9,0.5513116171807437,0.5238095238095238,39.0,3.8,1.1,0.6,0.535,0.2,0.0,0.167,0.4,0.3,0.733,1.5,0.2,0.2,1.1,0.4,0.7,0.6,0.5877742946708464,0.5454545454545454,4.0,33.2,10.5,4.5,0.429,3.0,0.5,0.167,4.0,3.3,0.813,12.8,4.3,1.3,9.0,1.8,7.3,-6.8,0.5220228384991844,0.4523809523809524,0.557551612399464,2021-22
1630568,Luka Garza,1610612765,DET,32.0,12.2,4.6,2.1,0.449,1.5,0.5,0.327,1.9,1.2,0.623,5.8,0.6,0.6,3.1,1.8,1.3,-2.0,0.5334805003679176,0.5108695652173914,3.0,3.8,0.7,0.3,0.5,0.0,0.0,0.0,0.7,0.7,1.0,1.3,0.0,0.7,1.3,1.3,0.0,-1.7,0.6448412698412699,0.4285714285714286,,,,,,,,,,,,,,,,,,,,,0.6229384046511921,2021-22
1630570,Trendon Watford,1610612757,POR,48.0,18.1,5.6,3.0,0.532,0.8,0.2,0.237,2.0,1.5,0.755,7.6,1.7,0.9,4.1,1.2,3.0,-7.3,0.5864197530864198,0.5535714285714286,6.0,2.0,0.8,0.2,0.2,0.0,0.0,0.0,0.3,0.2,0.5,0.5,0.0,0.0,1.0,0.7,0.3,0.0,0.26824034334763946,0.25,,,,,,,,,,,,,,,,,,,,,0.3885858608770628,2021-22
1630578,Alperen Sengun,1610612745,HOU,72.0,20.7,7.3,3.5,0.474,1.6,0.4,0.248,3.2,2.3,0.711,9.6,2.6,2.0,5.5,1.9,3.5,-4.3,0.5512172714745062,0.5068493150684932,8.0,2.8,0.8,0.1,0.167,0.1,0.0,0.0,0.0,0.0,0.0,0.3,0.3,0.1,0.6,0.3,0.4,1.3,0.18749999999999997,0.125,,,,,,,,,,,,,,,,,,,,,0.3196979945995898,2021-22
1630579,Jericho Sims,1610612752,NYK,41.0,13.5,1.3,1.0,0.722,0.0,0.0,0.0,0.7,0.3,0.414,2.2,0.5,0.5,4.1,1.5,2.6,1.9,0.6840796019900498,0.7692307692307692,4.0,3.0,0.0,0.0,0.0,0.0,0.0,0.0,0.0,0.0,0.0,0.0,0.0,0.3,1.3,0.5,0.8,0.3,,,,,,,,,,,,,,,,,,,,,,,0.22802653399668327,2021-22
1630581,Josh Giddey,1610612760,OKC,54.0,31.5,12.4,5.2,0.419,3.9,1.0,0.263,1.5,1.0,0.709,12.5,6.4,3.2,7.8,1.8,6.0,-5.5,0.4785604900459418,0.4596774193548387,29.0,2.9,1.0,0.3,0.276,0.3,0.0,0.111,0.4,0.2,0.583,0.8,0.7,0.3,0.6,0.1,0.5,-0.6,0.34013605442176875,0.3,,,,,,,,,,,,,,,,,,,,,0.39434204909154164,2021-22
1630583,Santi Aldama,1610612763,MEM,32.0,11.2,4.1,1.7,0.402,1.5,0.2,0.125,1.0,0.6,0.625,4.1,0.7,0.5,2.7,1.0,1.7,0.5,0.4515418502202643,0.4390243902439025,1.0,1.5,0.0,0.0,0.0,0.0,0.0,0.0,0.0,0.0,0.0,0.0,0.0,0.0,0.0,0.0,0.0,3.0,,,,,,,,,,,,,,,,,,,,,,,0.15051395007342142,2021-22
1630585,Marcus Garrett,1610612748,MIA,12.0,10.7,1.8,0.4,0.238,0.3,0.1,0.25,0.4,0.2,0.4,1.1,0.6,0.2,1.9,0.8,1.2,1.4,0.27834008097165996,0.25,,,,,,,,,,,,,,,,,,,,,,,,,,,,,,,,,,,,,,,,,0.27834008097165996,2021-22
1630586,Usman Garuba,1610612745,HOU,24.0,10.0,1.8,0.8,0.432,0.8,0.2,0.25,0.3,0.2,0.714,2.0,0.7,0.3,3.5,0.9,2.6,1.4,0.5175983436853002,0.5,2.0,3.2,0.5,0.5,1.0,0.0,0.0,0.0,0.0,0.0,0.0,1.0,0.0,0.0,0.0,0.0,0.0,-4.5,1.0,1.0,,,,,,,,,,,,,,,,,,,,,0.8669772256574457,2021-22
1630587,Isaiah Livers,1610612765,DET,19.0,20.2,4.7,2.2,0.456,3.4,1.4,0.422,0.7,0.6,0.857,6.4,1.1,0.8,3.0,0.8,2.2,-0.5,0.6389776357827477,0.6170212765957447,6.0,3.1,1.2,0.2,0.143,1.0,0.2,0.167,0.0,0.0,0.0,0.5,0.0,0.2,0.3,0.2,0.2,-1.7,0.20833333333333334,0.25000000000000006,,,,,,,,,,,,,,,,,,,,,0.3774133490379895,2021-22
1630591,Jalen Suggs,1610612753,ORL,48.0,27.2,11.4,4.1,0.361,4.1,0.9,0.214,3.4,2.6,0.773,11.8,4.4,3.0,3.6,0.5,3.0,-4.3,0.4575062034739454,0.3991228070175438,10.0,3.0,0.8,0.4,0.5,0.1,0.1,1.0,0.3,0.2,0.667,1.1,0.2,0.4,0.5,0.0,0.5,-0.3,0.5901287553648069,0.5625,,,,,,,,,,,,,,,,,,,,,0.5529387819268866,2021-22
1630595,Cade Cunningham,1610612765,DET,64.0,32.6,16.1,6.7,0.416,5.7,1.8,0.314,2.6,2.2,0.845,17.4,5.6,3.7,5.5,0.9,4.6,-4.3,0.5045233124565066,0.4720496894409938,34.0,3.3,1.9,0.7,0.385,0.4,0.1,0.214,0.5,0.4,0.875,2.0,0.4,0.4,0.9,0.1,0.8,-1.2,0.4716981132075471,0.39473684210526316,,,,,,,,,,,,,,,,,,,,,0.49444108852582547,2021-22
1630596,Evan Mobley,1610612739,CLE,69.0,33.8,12.0,6.1,0.508,1.3,0.3,0.25,3.7,2.4,0.663,15.0,2.5,1.9,8.3,2.1,6.2,1.4,0.5503375403580862,0.5208333333333334,38.0,3.1,1.1,0.5,0.5,0.2,0.0,0.0,0.6,0.4,0.696,1.5,0.3,0.2,0.7,0.2,0.5,0.7,0.5498533724340176,0.45454545454545453,,,,,,,,,,,,,,,,,,,,,0.5591814284079433,2021-22
1630598,Aaron Wiggins,1610612760,OKC,50.0,24.2,6.7,3.1,0.463,2.8,0.8,0.304,1.7,1.2,0.729,8.3,1.4,1.1,3.6,1.0,2.5,-4.7,0.5571965628356605,0.5223880597014925,20.0,2.0,0.5,0.3,0.556,0.2,0.1,0.333,0.4,0.2,0.571,0.8,0.1,0.0,0.5,0.2,0.3,-0.7,0.591715976331361,0.7,,,,,,,,,,,,,,,,,,,,,0.5876721917321778,2021-22
1630602,Chaundee Brown Jr.,1610612737,ATL,5.0,20.7,6.4,2.0,0.313,3.6,1.2,0.333,1.2,1.0,0.833,6.2,0.8,0.2,3.2,0.2,3.0,-4.0,0.44745958429561195,0.40625,,,,,,,,,,,,,,,,,,,,,,,,,,,,,,,,,,,,,,,,,0.44745958429561195,2021-22
1630606,Javonte Smart,1610612748,MIA,17.0,11.8,3.5,1.1,0.317,1.6,0.5,0.296,0.4,0.3,0.833,3.0,0.9,0.6,1.4,0.3,1.1,-2.5,0.4080522306855277,0.38571428571428573,,,,,,,,,,,,,,,,,,,,,,,,,,,,,,,,,,,,,,,,,0.4080522306855277,2021-22
1630613,Duane Washington Jr.,1610612754,IND,48.0,20.2,8.9,3.6,0.405,4.5,1.7,0.377,1.3,1.0,0.754,9.9,1.8,1.2,1.7,0.1,1.6,-2.6,0.5225929054054054,0.5,18.0,1.2,0.4,0.1,0.143,0.3,0.1,0.167,0.1,0.1,1.0,0.3,0.0,0.0,0.1,0.0,0.1,-1.9,0.33783783783783783,0.37500000000000006,,,,,,,,,,,,,,,,,,,,,0.40391724238232735,2021-22
1630625,Dalano Banton,1610612761,TOR,64.0,10.9,3.2,1.3,0.411,0.8,0.2,0.255,0.7,0.4,0.591,3.2,1.5,0.8,1.9,0.6,1.3,0.5,0.45610034207525657,0.4375,4.0,0.9,0.0,0.0,0.0,0.0,0.0,0.0,0.5,0.0,0.0,0.0,0.0,0.0,0.3,0.3,0.0,-1.3,0.0,,4.0,1.9,0.5,0.5,1.0,0.0,0.0,0.0,1.5,0.8,0.5,1.8,0.3,0.3,0.5,0.5,0.0,-2.8,0.7758620689655171,1.0,0.46394775816196804,2021-22
1630631,Jose Alvarado,1610612740,NOP,54.0,15.4,5.4,2.4,0.446,2.0,0.6,0.291,1.0,0.7,0.679,6.1,2.8,0.7,1.9,0.5,1.4,2.6,0.5222602739726027,0.49999999999999994,5.0,2.5,0.8,0.4,0.5,0.2,0.0,0.0,0.4,0.4,1.0,1.2,0.4,0.0,0.8,0.0,0.8,-1.0,0.6147540983606556,0.5,6.0,19.5,5.5,2.7,0.485,2.7,1.0,0.375,2.2,1.7,0.769,8.0,1.5,1.2,1.3,0.3,1.0,-4.8,0.6184291898577613,0.5818181818181819,0.615990821523271,2021-22
1630644,Mac McClung,1610612747,LAL,2.0,12.2,3.0,1.5,0.5,1.5,0.5,0.333,0.5,0.5,1.0,4.0,0.5,1.5,1.5,0.0,1.5,3.5,0.6211180124223602,0.5833333333333334,1.0,5.9,1.0,1.0,1.0,0.0,0.0,0.0,0.0,0.0,0.0,2.0,0.0,2.0,0.0,0.0,0.0,10.0,1.0,1.0,,,,,,,,,,,,,,,,,,,,,0.9070393374630089,2021-22
1630678,Terry Taylor,1610612754,IND,33.0,21.6,6.7,4.1,0.614,1.2,0.4,0.316,1.5,1.1,0.706,9.6,1.2,0.7,5.2,2.9,2.3,-3.5,0.6521739130434782,0.6417910447761194,8.0,2.0,0.6,0.5,0.8,0.0,0.0,0.0,0.4,0.3,0.667,1.3,0.1,0.1,0.8,0.4,0.4,-1.6,0.8376288659793815,0.8333333333333334,,,,,,,,,,,,,,,,,,,,,0.7847657722133408,2021-22
1630686,Georgios Kalaitzakis,1610612760,OKC,13.0,16.4,5.2,2.4,0.463,2.0,0.8,0.385,2.3,1.1,0.467,6.6,0.9,1.5,1.6,0.5,1.2,-10.3,0.5312298776561494,0.5384615384615384,1.0,1.5,1.0,0.0,0.0,0.0,0.0,0.0,0.0,0.0,0.0,0.0,0.0,0.0,0.0,0.0,0.0,7.0,0.0,0.0,,,,,,,,,,,,,,,,,,,,,0.19630739511245412,2021-22
1630691,Jamorko Pickett,1610612765,DET,13.0,13.6,3.8,1.4,0.36,3.0,1.0,0.333,0.2,0.1,0.5,3.8,0.5,0.4,2.5,0.5,2.0,0.0,0.48868312757201643,0.5,,,,,,,,,,,,,,,,,,,,,,,,,,,,,,,,,,,,,,,,,0.48868312757201643,2021-22
1630695,Micah Potter,1610612765,DET,3.0,10.3,3.7,1.7,0.455,0.7,0.0,0.0,0.7,0.7,1.0,4.0,0.0,0.3,3.0,1.3,1.7,-13.3,0.499001996007984,0.45945945945945943,1.0,0.0,0.0,0.0,0.0,0.0,0.0,0.0,0.0,0.0,0.0,0.0,0.0,0.0,0.0,0.0,0.0,0.0,,,,,,,,,,,,,,,,,,,,,,,0.166333998669328,2021-22
1630758,Aleem Ford,1610612753,ORL,5.0,14.7,4.0,1.2,0.3,3.0,0.4,0.133,0.0,0.0,0.0,2.8,0.4,0.8,3.0,0.4,2.6,-7.0,0.35,0.35,,,,,,,,,,,,,,,,,,,,,,,,,,,,,,,,,,,,,,,,,0.35,2021-22
1630787,Cameron McGriff,1610612757,POR,3.0,15.3,4.7,1.7,0.357,2.0,0.7,0.333,0.7,0.7,1.0,4.7,1.0,0.0,5.0,2.0,3.0,2.7,0.4692492012779553,0.4361702127659574,,,,,,,,,,,,,,,,,,,,,,,,,,,,,,,,,,,,,,,,,0.4692492012779553,2021-22
1630792,Malcolm Hill,1610612741,CHI,19.0,11.2,2.7,1.3,0.462,1.9,0.7,0.361,0.7,0.6,0.786,3.8,0.4,0.2,1.8,0.6,1.3,-1.6,0.6316489361702128,0.611111111111111,2.0,1.3,1.0,0.5,0.5,0.0,0.0,0.0,0.0,0.0,0.0,1.0,0.0,0.0,0.5,0.0,0.5,1.0,0.5,0.5,,,,,,,,,,,,,,,,,,,,,0.5809200157467238,2021-22
1630846,Olivier Sarr,1610612760,OKC,22.0,19.1,4.6,2.6,0.574,1.3,0.6,0.448,1.3,1.1,0.828,7.0,0.9,1.0,4.2,1.5,2.7,-1.3,0.6767208043310132,0.6304347826086957,4.0,3.6,0.3,0.3,1.0,0.0,0.0,0.0,0.0,0.0,0.0,0.5,0.0,0.0,0.8,0.3,0.5,2.3,0.8333333333333334,1.0,,,,,,,,,,,,,,,,,,,,,0.7876508961282436,2021-22
1630994,Gabriel Lundberg,1610612756,PHX,4.0,11.1,4.8,1.3,0.263,2.0,0.8,0.375,0.0,0.0,0.0,3.3,2.8,0.8,1.8,0.5,1.3,4.8,0.34375,0.35416666666666674,2.0,0.4,0.0,0.0,0.0,0.0,0.0,0.0,0.0,0.0,0.0,0.0,0.0,0.0,0.0,0.0,0.0,-3.5,,,,,,,,,,,,,,,,,,,,,,,0.11458333333333333,2021-22
