PLAYER_ID,PLAYER_NAME,TEAM_ID,TEAM_ABBREVIATION,GP_REG,MIN_REG,FGA_REG,FGM_REG,FG_PCT_REG,FG3A_REG,FG3M_REG,FG3_PCT_REG,FTA_REG,FTM_REG,FT_PCT_REG,PTS_REG,AST_REG,TOV_REG,REB_REG,OREB_REG,DREB_REG,PLUS_MINUS_REG,TS_PCT_REG,EFG_PCT_REG,GP_CLU,MIN_CLU,FGA_CLU,FGM_CLU,FG_PCT_CLU,FG3A_CLU,FG3M_CLU,FG3_PCT_CLU,FTA_CLU,FTM_CLU,FT_PCT_CLU,PTS_CLU,AST_CLU,TOV_CLU,REB_CLU,OREB_CLU,DREB_CLU,PLUS_MINUS_CLU,TS_PCT_CLU,EFG_PCT_CLU,GP_PO,MIN_PO,FGA_PO,FGM_PO,FG_PCT_PO,FG3A_PO,FG3M_PO,FG3_PCT_PO,FTA_PO,FTM_PO,FT_PCT_PO,PTS_PO,AST_PO,TOV_PO,REB_PO,OREB_PO,DREB_PO,PLUS_MINUS_PO,TS_PCT_PO,EFG_PCT_PO,CLUTCH_SCORE,CLUTCH_SCORE_STD,SEASON
2544,LeBron James,1610612747,LAL,55.0,35.5,22.2,11.1,0.5,6.9,2.2,0.321,5.9,4.6,0.768,28.9,6.8,3.2,8.3,1.2,7.1,3.9,0.5827552831101791,0.5495495495495495,29.0,4.5,3.1,1.4,0.461,1.2,0.3,0.265,1.0,0.8,0.793,3.9,0.8,0.2,0.8,0.1,0.6,-0.2,0.5508474576271186,0.49999999999999994,16.0,38.7,18.4,9.2,0.498,6.6,1.8,0.264,5.8,4.4,0.761,24.5,6.5,2.5,9.9,1.6,8.3,0.8,0.5846697212676595,0.5489130434782609,0.5870405243245674,-0.8968958665382605,2022-23
2617,Udonis Haslem,1610612748,MIA,7.0,10.3,4.1,1.4,0.345,1.3,0.4,0.333,0.7,0.6,0.8,3.9,0.0,0.1,1.6,0.6,1.0,-3.6,0.442377495462795,0.3902439024390244,,,,,,,,,,,,,,,,,,,,,2.0,1.5,1.5,0.0,0.0,0.5,0.0,0.0,0.0,0.0,0.0,0.0,0.0,0.0,0.5,0.0,0.5,-2.5,0.0,0.0,0.11059437386569874,-9.34486152027406,2022-23
2738,Andre Iguodala,1610612744,GSW,8.0,14.1,1.9,0.9,0.467,1.1,0.1,0.111,0.4,0.3,0.667,2.1,2.4,1.1,2.1,0.4,1.8,4.4,0.5057803468208093,0.5000000000000001,1.0,0.9,0.0,0.0,0.0,0.0,0.0,0.0,0.0,0.0,0.0,0.0,0.0,0.0,0.0,0.0,0.0,-4.0,,,,,,,,,,,,,,,,,,,,,,,0.16859344894026976,-8.316467873465239,2022-23
101108,Chris Paul,1610612756,PHX,59.0,32.0,11.3,5.0,0.44,4.4,1.7,0.375,2.7,2.3,0.831,13.9,8.9,1.9,4.3,0.5,3.8,1.4,0.5565342729019859,0.5176991150442477,25.0,3.9,1.5,0.6,0.421,0.6,0.2,0.357,0.7,0.4,0.647,1.9,0.8,0.1,0.5,0.1,0.4,-0.8,0.5254424778761062,0.4666666666666666,7.0,35.8,13.0,5.4,0.418,4.0,1.3,0.321,0.6,0.3,0.5,12.4,7.4,1.0,5.0,0.7,4.3,5.6,0.46743063932448736,0.46538461538461545,0.5148928607199545,-2.1761610752969816,2022-23
200752,Rudy Gay,1610612762,UTA,56.0,14.6,5.1,1.9,0.38,2.3,0.6,0.254,0.9,0.8,0.857,5.2,1.0,0.7,2.9,0.6,2.3,1.0,0.4730713245997089,0.4313725490196078,3.0,0.5,0.3,0.0,0.0,0.0,0.0,0.0,0.0,0.0,0.0,0.0,0.0,0.0,0.0,0.0,0.0,0.3,0.0,0.0,,,,,,,,,,,,,,,,,,,,,0.16357279447325937,-8.405490140631695,2022-23
200768,Kyle Lowry,1610612748,MIA,55.0,31.2,8.8,3.6,0.404,5.6,1.9,0.345,2.5,2.1,0.859,11.2,5.1,1.9,4.1,0.8,3.3,1.0,0.5656565656565656,0.5170454545454545,32.0,3.9,1.1,0.5,0.471,0.5,0.2,0.333,0.2,0.2,1.0,1.3,0.5,0.2,0.4,0.1,0.3,0.4,0.547138047138047,0.5454545454545454,23.0,26.1,7.6,3.2,0.425,3.8,1.4,0.375,1.4,1.3,0.939,9.2,4.4,1.7,3.5,0.5,3.0,0.7,0.5598831548198637,0.5131578947368421,0.5690970207306213,-1.2150558557067068,2022-23
200782,P.J. Tucker,1610612755,PHI,75.0,25.6,3.0,1.3,0.427,1.9,0.7,0.393,0.3,0.3,0.826,3.5,0.8,0.6,3.9,1.3,2.7,1.8,0.5587484035759898,0.5499999999999999,28.0,3.4,0.3,0.2,0.556,0.3,0.1,0.571,0.2,0.1,0.6,0.6,0.1,0.1,0.7,0.1,0.5,0.5,0.7731958762886597,0.8333333333333334,11.0,26.7,4.6,1.7,0.373,3.6,1.3,0.35,0.3,0.2,0.667,4.9,1.5,0.5,4.5,1.6,2.9,-0.9,0.5177514792899409,0.5108695652173914,0.6197324323338554,-0.3172288553732745,2022-23
201142,Kevin Durant,1610612756,PHX,47.0,35.6,18.3,10.3,0.56,4.9,2.0,0.404,7.1,6.5,0.919,29.1,5.0,3.3,6.7,0.4,6.3,5.5,0.6791448842419717,0.6174863387978142,21.0,3.3,2.0,0.9,0.463,0.8,0.3,0.438,1.0,0.8,0.8,2.9,0.3,0.2,0.5,0.0,0.5,2.8,0.5942622950819673,0.525,11.0,42.3,20.4,9.7,0.478,4.6,1.5,0.333,8.7,8.0,0.917,29.0,5.5,3.5,8.7,0.6,8.1,-0.5,0.5984810962522702,0.5122549019607843,0.6214477556084895,-0.2868141021105899,2022-23
201143,Al Horford,1610612738,BOS,63.0,30.5,7.6,3.6,0.476,5.2,2.3,0.446,0.3,0.2,0.714,9.8,3.0,0.6,6.2,1.2,5.0,4.9,0.6337299534402484,0.625,27.0,4.3,0.9,0.3,0.32,0.9,0.3,0.348,0.0,0.0,0.0,0.9,0.2,0.0,0.6,0.1,0.4,0.6,0.5,0.49999999999999994,20.0,30.8,6.6,2.6,0.386,4.7,1.4,0.298,0.2,0.2,0.75,6.7,3.0,0.6,7.2,1.5,5.7,3.0,0.5008971291866029,0.5,0.5345789954282758,-1.827102131887445,2022-23
201144,Mike Conley,1610612750,MIN,67.0,30.3,9.1,3.9,0.428,5.2,2.0,0.385,2.5,2.1,0.834,11.9,6.7,1.5,2.7,0.5,2.2,0.9,0.5833333333333334,0.5384615384615385,44.0,3.9,0.8,0.3,0.343,0.5,0.2,0.35,0.8,0.6,0.8,1.3,0.6,0.1,0.5,0.2,0.3,0.5,0.564236111111111,0.5,5.0,36.6,8.4,4.0,0.476,4.4,2.0,0.455,2.2,2.0,0.909,12.0,6.4,1.4,2.6,0.4,2.2,-3.4,0.6404782237403928,0.5952380952380952,0.6143312465863651,-0.412998401711933,2022-23
201145,Jeff Green,1610612743,DEN,56.0,19.5,5.9,2.9,0.488,1.9,0.5,0.288,2.1,1.6,0.744,7.8,1.2,0.8,2.6,0.7,1.9,-3.4,0.5715123094958967,0.5338983050847457,6.0,1.1,0.5,0.2,0.333,0.3,0.0,0.0,0.3,0.3,1.0,0.7,0.0,0.2,0.2,0.0,0.2,-2.0,0.5537974683544303,0.4,20.0,17.2,3.1,1.4,0.452,1.4,0.5,0.321,1.0,0.9,0.895,4.1,0.7,0.5,1.6,0.3,1.3,-0.6,0.57909604519774,0.532258064516129,0.5778738065694131,-1.059432843022277,2022-23
201152,Thaddeus Young,1610612761,TOR,54.0,14.7,3.7,2.0,0.545,0.6,0.1,0.176,0.5,0.3,0.692,4.4,1.4,0.8,3.1,1.3,1.8,-1.7,0.5612244897959183,0.554054054054054,13.0,3.2,0.5,0.3,0.667,0.1,0.0,0.0,0.2,0.2,1.0,0.8,0.2,0.1,0.8,0.5,0.4,1.7,0.6802721088435375,0.6,,,,,,,,,,,,,,,,,,,,,0.6541030826708589,0.2922042846865587,2022-23
201565,Derrick Rose,1610612752,NYK,27.0,12.5,5.9,2.3,0.384,2.3,0.7,0.302,0.4,0.4,0.917,5.6,1.7,0.8,1.5,0.3,1.2,-1.1,0.46082949308755755,0.4491525423728813,1.0,0.1,0.0,0.0,0.0,0.0,0.0,0.0,0.0,0.0,0.0,0.0,0.0,0.0,0.0,0.0,0.0,3.0,,,1.0,2.5,4.0,0.0,0.0,1.0,0.0,0.0,0.0,0.0,0.0,0.0,1.0,0.0,0.0,0.0,0.0,-7.0,0.0,0.0,0.07680491551459293,-9.943989424515824,2022-23
201566,Russell Westbrook,1610612746,LAC,73.0,29.1,13.6,5.9,0.436,3.9,1.2,0.311,4.3,2.8,0.656,15.9,7.5,3.5,5.8,1.2,4.6,-0.3,0.5131680867544539,0.47794117647058826,32.0,3.9,1.8,0.7,0.386,0.4,0.1,0.333,0.8,0.4,0.583,1.9,0.7,0.2,0.8,0.3,0.5,-0.2,0.441449814126394,0.41666666666666663,5.0,38.5,21.0,8.6,0.41,5.6,2.0,0.357,5.0,4.4,0.88,23.6,7.4,4.0,7.6,1.8,5.8,-5.4,0.5086206896551725,0.45714285714285713,0.500223591445467,-2.436264935674318,2022-23
201567,Kevin Love,1610612748,MIA,62.0,20.0,6.8,2.7,0.389,4.8,1.6,0.334,1.5,1.3,0.879,8.2,1.9,1.1,6.4,1.0,5.5,1.8,0.549597855227882,0.5147058823529412,17.0,1.3,0.2,0.0,0.0,0.2,0.0,0.0,0.1,0.1,0.5,0.1,0.0,0.2,0.6,0.1,0.5,1.3,0.20491803278688525,0.0,20.0,17.9,6.0,2.3,0.378,4.4,1.7,0.375,0.8,0.7,0.875,6.9,1.2,0.5,5.6,0.7,4.9,-1.3,0.5431360201511335,0.525,0.4344148400126645,-3.6031335760948826,2022-23
201569,Eric Gordon,1610612746,LAC,69.0,28.5,9.5,4.2,0.446,5.2,1.9,0.371,2.5,2.1,0.821,12.4,2.7,1.5,1.9,0.2,1.7,-3.0,0.5849056603773585,0.5421052631578948,33.0,2.5,0.5,0.2,0.389,0.2,0.1,0.375,0.2,0.2,0.857,0.7,0.3,0.1,0.2,0.1,0.1,-0.5,0.5952380952380952,0.5,5.0,29.8,8.8,3.6,0.409,5.8,2.0,0.345,1.2,1.0,0.833,10.2,2.6,0.8,1.4,0.2,1.2,-6.8,0.5467409948542022,0.5227272727272726,0.5745306304635421,-1.1187113929477768,2022-23
201572,Brook Lopez,1610612749,MIL,78.0,30.4,11.5,6.1,0.531,4.7,1.7,0.374,2.4,1.9,0.784,15.9,1.3,1.4,6.7,2.0,4.7,5.1,0.6331634278432622,0.6043478260869565,32.0,3.3,1.3,0.7,0.55,0.5,0.2,0.313,0.4,0.3,0.643,1.8,0.1,0.1,0.9,0.3,0.7,0.5,0.6097560975609756,0.6153846153846153,5.0,36.3,13.4,7.8,0.582,3.4,1.4,0.412,2.6,2.0,0.769,19.0,1.2,2.2,6.4,2.8,3.6,-5.8,0.6531903190319032,0.6343283582089552,0.6466787778352577,0.1605623935859235,2022-23
201586,Serge Ibaka,1610612749,MIL,16.0,11.6,3.4,1.6,0.481,1.1,0.4,0.333,0.8,0.5,0.615,4.1,0.3,0.7,2.8,0.9,1.8,-1.6,0.5463752665245203,0.5294117647058824,1.0,0.0,0.0,0.0,0.0,0.0,0.0,0.0,0.0,0.0,0.0,0.0,0.0,0.0,0.0,0.0,0.0,0.0,,,,,,,,,,,,,,,,,,,,,,,0.18212508884150677,-8.076535555795605,2022-23
201587,Nicolas Batum,1610612746,LAC,78.0,21.9,4.9,2.1,0.42,4.1,1.6,0.391,0.6,0.4,0.708,6.1,1.6,0.6,3.8,0.8,3.0,2.1,0.5906274206041827,0.5918367346938775,29.0,2.8,0.9,0.4,0.462,0.8,0.3,0.409,0.2,0.1,0.6,1.2,0.1,0.1,0.5,0.2,0.3,0.7,0.6072874493927125,0.6111111111111112,5.0,18.3,3.8,1.6,0.421,3.4,1.2,0.353,0.0,0.0,0.0,4.4,1.2,0.4,2.2,0.2,2.0,-5.6,0.5789473684210527,0.5789473684210527,0.6087080843771546,-0.5127038587988313,2022-23
201588,George Hill,1610612754,IND,46.0,18.1,3.6,1.7,0.47,2.1,0.7,0.358,1.2,0.9,0.764,5.0,2.4,0.7,1.8,0.3,1.5,0.9,0.6056201550387597,0.5694444444444444,10.0,2.3,0.1,0.1,1.0,0.1,0.1,1.0,0.2,0.1,0.5,0.4,0.3,0.1,0.3,0.0,0.3,0.4,1.0638297872340425,1.5000000000000002,,,,,,,,,,,,,,,,,,,,,0.9138710209459544,4.898203553179377,2022-23
201599,DeAndre Jordan,1610612743,DEN,39.0,15.0,2.9,2.3,0.765,0.0,0.0,1.0,1.2,0.6,0.458,5.1,0.9,1.2,5.2,1.3,3.8,-3.1,0.7438739789964994,0.793103448275862,2.0,4.0,0.0,0.0,0.0,0.0,0.0,0.0,0.0,0.0,0.0,0.0,0.0,0.0,2.0,0.0,2.0,-4.5,,,4.0,3.4,0.8,0.5,0.667,0.0,0.0,0.0,0.5,0.3,0.5,1.3,0.3,0.5,1.0,0.0,1.0,1.8,0.6372549019607843,0.625,0.44260644747980865,-3.4578864826622455,2022-23
201609,Goran Dragic,1610612749,MIL,58.0,15.0,5.8,2.4,0.421,2.5,0.9,0.359,0.8,0.5,0.689,6.3,2.6,1.1,1.4,0.3,1.1,0.1,0.5120286085825747,0.4913793103448276,7.0,2.2,0.3,0.1,0.5,0.0,0.0,0.0,0.0,0.0,0.0,0.3,0.3,0.1,0.4,0.3,0.1,-0.6,0.5,0.33333333333333337,2.0,3.6,1.0,0.0,0.0,0.5,0.0,0.0,2.0,2.0,1.0,2.0,0.5,0.0,0.0,0.0,0.0,-2.5,0.5319148936170213,0.0,0.5231346286978181,-2.0300245754302217,2022-23
201933,Blake Griffin,1610612738,BOS,41.0,13.9,3.2,1.5,0.485,1.6,0.6,0.348,0.8,0.5,0.656,4.1,1.5,0.5,3.8,1.1,2.6,2.6,0.5771396396396395,0.5625,4.0,0.6,0.3,0.3,1.0,0.0,0.0,0.0,0.3,0.3,1.0,0.8,0.0,0.0,0.3,0.3,0.0,0.0,0.925925925925926,1.0,1.0,5.9,1.0,0.0,0.0,0.0,0.0,0.0,0.0,0.0,0.0,0.0,0.0,0.0,2.0,1.0,1.0,0.0,0.0,0.0,0.4142069152456523,-3.9614444874131474,2022-23
201935,James Harden,1610612755,PHI,58.0,36.8,14.5,6.4,0.441,7.2,2.8,0.385,6.2,5.4,0.867,21.0,10.7,3.4,6.1,0.7,5.4,4.8,0.6094729510099837,0.5379310344827587,33.0,4.1,1.5,0.5,0.353,0.8,0.2,0.32,0.8,0.7,0.889,2.1,1.0,0.5,0.7,0.0,0.7,2.3,0.5669546436285097,0.39999999999999997,11.0,38.8,16.6,6.5,0.393,7.5,2.8,0.378,5.0,4.4,0.873,20.3,8.3,3.2,6.2,0.5,5.6,-3.6,0.5398936170212766,0.4759036144578313,0.5708553424739656,-1.1838786876643503,2022-23
201937,Ricky Rubio,1610612739,CLE,33.0,17.2,5.4,1.8,0.343,2.5,0.6,0.256,1.1,0.8,0.8,5.2,3.5,0.9,2.1,0.3,1.8,1.4,0.4418762746430999,0.3888888888888889,3.0,1.4,0.0,0.0,0.0,0.0,0.0,0.0,0.0,0.0,0.0,0.0,0.7,0.0,0.0,0.0,0.0,-1.0,,,3.0,5.7,0.3,0.0,0.0,0.0,0.0,0.0,0.0,0.0,0.0,0.0,1.0,1.7,2.0,0.7,1.3,-2.3,0.0,0.0,0.07364604577384999,-10.0,2022-23
201939,Stephen Curry,1610612744,GSW,56.0,34.7,20.2,10.0,0.493,11.4,4.9,0.427,5.0,4.6,0.915,29.4,6.3,3.2,6.1,0.7,5.4,4.8,0.65625,0.6163366336633663,27.0,4.1,2.9,1.3,0.43,1.6,0.4,0.286,0.8,0.7,0.909,3.7,0.6,0.4,0.9,0.1,0.9,-0.4,0.5688806888068881,0.5172413793103449,13.0,37.9,23.9,11.2,0.466,12.1,4.4,0.363,4.5,3.8,0.845,30.5,6.1,3.2,5.2,0.7,4.5,3.6,0.5892581143740341,0.5606694560669456,0.6079873890988333,-0.5254826564703095,2022-23
201942,DeMar DeRozan,1610612741,CHI,74.0,36.2,17.6,8.9,0.504,1.9,0.6,0.324,7.1,6.2,0.872,24.5,5.1,2.1,4.6,0.5,4.2,0.9,0.5911021038409573,0.5227272727272727,34.0,4.7,3.1,1.4,0.471,0.3,0.1,0.273,1.9,1.7,0.892,4.7,0.5,0.3,0.9,0.2,0.7,0.2,0.5970528455284553,0.46774193548387094,,,,,,,,,,,,,,,,,,,,,0.6126829013285915,-0.44222555384603623,2022-23
201950,Jrue Holiday,1610612749,MIL,67.0,32.6,15.3,7.3,0.479,6.1,2.4,0.384,2.6,2.3,0.859,19.3,7.4,2.9,5.1,1.2,3.9,7.2,0.5868401848698612,0.5555555555555556,30.0,3.5,1.6,0.8,0.5,0.8,0.4,0.478,0.8,0.7,0.88,2.7,0.6,0.3,0.4,0.1,0.3,1.6,0.6915983606557377,0.625,5.0,38.1,17.0,6.8,0.4,8.4,2.4,0.286,2.6,1.8,0.692,17.8,8.0,2.4,6.6,0.8,5.8,0.8,0.49052028218694893,0.47058823529411764,0.5840571417962163,-0.949794841810057,2022-23
201976,Patrick Beverley,1610612741,CHI,67.0,27.1,5.4,2.1,0.4,3.6,1.2,0.335,1.0,0.7,0.723,6.2,2.9,0.9,3.7,0.7,3.0,-1.2,0.5308219178082191,0.5,26.0,4.1,0.4,0.1,0.273,0.3,0.1,0.25,0.3,0.1,0.286,0.4,0.2,0.1,0.5,0.2,0.4,-0.8,0.37593984962406013,0.37500000000000006,,,,,,,,,,,,,,,,,,,,,0.4349746130914821,-3.5932081233670505,2022-23
201980,Danny Green,1610612739,CLE,11.0,12.6,4.5,2.0,0.449,3.4,1.5,0.432,0.1,0.1,1.0,5.5,0.5,0.9,1.3,0.3,1.0,-1.5,0.605193661971831,0.6111111111111112,1.0,0.1,0.0,0.0,0.0,0.0,0.0,0.0,0.0,0.0,0.0,0.0,0.0,0.0,0.0,0.0,0.0,0.0,,,4.0,9.9,1.3,0.3,0.2,1.0,0.3,0.25,0.0,0.0,0.0,0.8,0.3,0.5,1.8,0.5,1.3,-3.3,0.3076923076923077,0.3461538461538461,0.25471176417479235,-6.789486138891132,2022-23
201988,Patty Mills,1610612751,BKN,40.0,14.2,5.2,2.2,0.411,3.4,1.2,0.366,0.8,0.6,0.833,6.2,1.4,0.8,1.1,0.2,0.9,-1.7,0.55835734870317,0.5384615384615385,5.0,2.5,0.8,0.6,0.75,0.4,0.2,0.5,0.4,0.2,0.5,1.6,0.0,0.0,0.6,0.0,0.6,0.6,0.819672131147541,0.8749999999999999,1.0,5.3,2.0,0.0,0.0,2.0,0.0,0.0,0.0,0.0,0.0,0.0,0.0,0.0,0.0,0.0,0.0,-1.0,0.0,0.0,0.3816682172146988,-4.538394900629901,2022-23
202083,Wesley Matthews,1610612749,MIL,52.0,15.8,3.1,1.1,0.363,2.4,0.8,0.315,0.5,0.5,0.857,3.4,0.7,0.3,2.2,0.7,1.5,1.0,0.5120481927710843,0.48387096774193544,13.0,2.6,0.4,0.1,0.2,0.2,0.1,0.333,0.1,0.1,1.0,0.3,0.0,0.0,0.7,0.3,0.4,-0.4,0.33783783783783783,0.37500000000000006,2.0,20.6,4.5,2.0,0.444,3.5,2.0,0.571,0.0,0.0,0.0,6.0,0.5,0.0,1.5,0.5,1.0,-16.0,0.6666666666666666,0.6666666666666666,0.5441905372100826,-1.656677888194956,2022-23
202322,John Wall,1610612746,LAC,34.0,22.2,10.0,4.1,0.407,3.2,1.0,0.303,3.3,2.3,0.681,11.4,5.2,2.4,2.7,0.4,2.3,-3.1,0.49772965420887183,0.45999999999999996,8.0,2.3,0.4,0.1,0.333,0.1,0.0,0.0,0.0,0.0,0.0,0.3,0.4,0.3,0.3,0.0,0.3,-0.4,0.37499999999999994,0.25,,,,,,,,,,,,,,,,,,,,,0.4199098847358905,-3.860323950850023,2022-23
202330,Gordon Hayward,1610612766,CHA,50.0,31.5,11.6,5.5,0.475,3.2,1.0,0.325,3.2,2.6,0.811,14.7,4.1,2.0,4.3,0.7,3.6,-2.2,0.5650369003690037,0.5172413793103449,22.0,4.0,1.3,0.6,0.5,0.3,0.1,0.5,0.5,0.4,0.9,1.8,0.4,0.2,0.7,0.2,0.5,1.3,0.5921052631578947,0.5,,,,,,,,,,,,,,,,,,,,,0.5942893721123557,-0.768365040795592,2022-23
202331,Paul George,1610612746,LAC,56.0,34.6,17.9,8.2,0.457,7.6,2.8,0.371,5.3,4.6,0.871,23.8,5.1,3.1,6.1,0.8,5.3,2.8,0.588177145116647,0.5363128491620112,36.0,2.9,1.5,0.8,0.519,0.7,0.2,0.292,0.9,0.8,0.844,2.5,0.4,0.4,0.6,0.1,0.6,0.3,0.6592827004219409,0.6,,,,,,,,,,,,,,,,,,,,,0.6439607369211979,0.11236824558974057,2022-23
202681,Kyrie Irving,1610612742,DAL,60.0,37.3,20.1,9.9,0.494,8.3,3.1,0.379,4.6,4.1,0.905,27.1,5.5,2.1,5.1,1.0,4.1,3.7,0.612457060206111,0.5696517412935324,37.0,3.6,2.2,1.0,0.457,1.2,0.4,0.326,1.0,1.0,0.974,3.4,0.4,0.2,0.6,0.1,0.5,0.2,0.6439393939393939,0.5454545454545454,,,,,,,,,,,,,,,,,,,,,0.6443905563262625,0.11998946273631184,2022-23
202685,Jonas Valančiūnas,1610612740,NOP,79.0,24.9,10.3,5.6,0.547,1.4,0.5,0.349,2.8,2.3,0.826,14.1,1.8,2.0,10.2,2.8,7.3,-0.1,0.6113423517169615,0.5679611650485437,22.0,1.4,0.3,0.2,0.667,0.0,0.0,0.0,0.1,0.1,1.0,0.5,0.0,0.0,0.6,0.1,0.5,0.2,0.7267441860465117,0.6666666666666667,,,,,,,,,,,,,,,,,,,,,0.6911895292956022,0.9497917728070746,2022-23
202687,Bismack Biyombo,1610612756,PHX,61.0,14.3,3.4,2.0,0.578,0.0,0.0,0.0,1.1,0.4,0.357,4.3,0.9,0.8,4.3,1.5,2.8,0.8,0.5535530381050463,0.5882352941176471,4.0,1.8,0.3,0.3,1.0,0.0,0.0,0.0,0.5,0.0,0.0,0.5,0.3,0.0,1.0,0.0,1.0,2.3,0.4807692307692307,1.0,8.0,9.8,2.0,1.1,0.563,0.0,0.0,0.0,2.3,1.1,0.5,3.4,0.8,0.8,3.4,1.3,2.1,-2.6,0.5644090305444887,0.55,0.5435432946219985,-1.668154280959392,2022-23
202689,Kemba Walker,1610612742,DAL,9.0,16.0,6.3,2.7,0.421,3.1,0.8,0.25,2.3,1.9,0.81,8.0,2.1,0.4,1.8,0.3,1.4,-0.1,0.5470459518599563,0.4920634920634921,1.0,10.0,6.0,2.0,0.333,3.0,1.0,0.333,2.0,1.0,0.5,6.0,1.0,0.0,0.0,0.0,0.0,-3.0,0.436046511627907,0.4166666666666667,,,,,,,,,,,,,,,,,,,,,0.5682844202615681,-1.229464243404161,2022-23
202691,Klay Thompson,1610612744,GSW,69.0,33.0,18.1,7.9,0.436,10.6,4.4,0.412,1.9,1.7,0.879,21.9,2.4,1.8,4.1,0.6,3.6,2.4,0.5782636248415716,0.5580110497237569,36.0,4.2,2.1,0.6,0.303,1.5,0.4,0.302,0.3,0.2,0.778,1.9,0.3,0.2,0.7,0.2,0.5,-0.1,0.4256272401433691,0.38095238095238093,13.0,36.0,16.8,6.5,0.388,10.5,3.8,0.368,1.8,1.6,0.875,18.5,2.2,2.0,4.2,0.1,4.1,1.5,0.525807185084129,0.5,0.5127588200075599,-2.214000194418043,2022-23
202692,Alec Burks,1610612765,DET,51.0,22.0,9.0,3.9,0.436,4.7,1.9,0.414,3.7,3.0,0.814,12.8,2.2,1.1,3.1,0.4,2.7,-0.1,0.602182913059842,0.5388888888888889,22.0,2.4,1.0,0.4,0.391,0.5,0.3,0.545,0.7,0.5,0.8,1.6,0.0,0.1,0.4,0.1,0.3,-1.3,0.6116207951070336,0.55,,,,,,,,,,,,,,,,,,,,,0.6195859455345128,-0.31982624323836717,2022-23
202693,Markieff Morris,1610612742,DAL,35.0,10.1,3.3,1.3,0.409,2.0,0.8,0.394,0.3,0.3,1.0,3.8,0.9,0.5,2.0,0.4,1.7,0.3,0.5536130536130536,0.5151515151515152,3.0,1.8,0.0,0.0,0.0,0.0,0.0,0.0,0.0,0.0,0.0,0.0,0.0,0.3,0.0,0.0,0.0,2.7,,,,,,,,,,,,,,,,,,,,,,,0.18453768453768452,-8.033757320399998,2022-23
202694,Marcus Morris Sr.,1610612746,LAC,65.0,28.1,9.9,4.2,0.426,4.7,1.7,0.365,1.3,1.0,0.782,11.2,1.8,0.9,4.0,0.4,3.5,-0.2,0.53475935828877,0.51010101010101,24.0,3.4,0.9,0.4,0.429,0.5,0.1,0.167,0.3,0.3,0.857,1.1,0.2,0.0,0.5,0.0,0.5,-0.3,0.5329457364341086,0.5,3.0,22.8,9.7,3.3,0.345,4.0,0.7,0.167,1.3,1.3,1.0,8.7,0.0,0.3,4.0,0.3,3.7,-13.7,0.423481308411215,0.37628865979381443,0.48760670182176286,-2.6599776261753814,2022-23
202695,Kawhi Leonard,1610612746,LAC,52.0,33.6,16.8,8.6,0.512,4.8,2.0,0.416,5.4,4.7,0.871,23.8,3.9,1.7,6.5,1.1,5.4,4.2,0.6205673758865248,0.5714285714285714,28.0,3.5,2.3,1.0,0.46,0.4,0.1,0.3,0.8,0.7,0.909,2.9,0.5,0.1,0.6,0.0,0.5,0.5,0.5467571644042233,0.4565217391304348,2.0,40.2,22.0,12.0,0.545,5.0,3.0,0.6,8.5,7.5,0.882,34.5,6.0,3.0,6.5,1.5,5.0,-3.5,0.6701631701631701,0.6136363636363636,0.6344523453870748,-0.05622701963631016,2022-23
202696,Nikola Vučević,1610612741,CHI,82.0,33.5,14.0,7.3,0.52,4.2,1.5,0.349,1.9,1.6,0.835,17.6,3.2,1.7,11.0,1.9,9.1,-0.2,0.5931517929361014,0.5750000000000001,37.0,4.6,1.2,0.5,0.435,0.6,0.2,0.391,0.2,0.2,0.667,1.5,0.2,0.1,1.1,0.2,0.9,0.2,0.5822981366459627,0.5,,,,,,,,,,,,,,,,,,,,,0.5944874506468253,-0.7648528691591334,2022-23
202699,Tobias Harris,1610612755,PHI,74.0,32.9,11.4,5.7,0.501,4.4,1.7,0.389,1.7,1.5,0.876,14.7,2.5,1.2,5.7,0.9,4.8,4.0,0.6050378663154429,0.5745614035087719,36.0,3.8,0.9,0.4,0.438,0.4,0.2,0.4,0.2,0.2,1.0,1.2,0.1,0.1,0.8,0.2,0.6,1.2,0.6072874493927125,0.5555555555555556,11.0,35.6,12.2,6.4,0.522,3.7,1.4,0.366,1.4,1.2,0.867,15.3,1.6,0.7,7.3,1.5,5.7,-0.8,0.5969101123595506,0.5819672131147542,0.609618587204666,-0.4965595440488073,2022-23
202704,Reggie Jackson,1610612743,DEN,68.0,24.4,9.4,3.9,0.411,4.2,1.4,0.333,1.1,1.0,0.91,10.2,3.4,1.7,2.1,0.4,1.8,-1.2,0.5159854309995953,0.4893617021276595,23.0,2.3,0.6,0.1,0.154,0.1,0.0,0.0,0.3,0.3,1.0,0.5,0.3,0.0,0.3,0.1,0.2,0.0,0.34153005464480873,0.16666666666666669,6.0,3.0,0.3,0.2,0.5,0.3,0.2,0.5,0.0,0.0,0.0,0.5,0.3,0.2,0.3,0.0,0.3,-0.7,0.8333333333333334,1.0000000000000002,0.6228905687709273,-0.26123128224880077,2022-23
202709,Cory Joseph,1610612765,DET,62.0,19.8,5.7,2.4,0.427,2.9,1.1,0.389,1.2,0.9,0.792,6.9,3.5,0.9,1.7,0.3,1.4,-1.8,0.5539499036608864,0.5175438596491229,13.0,3.0,0.8,0.4,0.5,0.6,0.2,0.375,0.0,0.0,0.0,1.0,0.2,0.1,0.4,0.0,0.4,-2.5,0.625,0.625,,,,,,,,,,,,,,,,,,,,,0.6153517222704648,-0.3949041353998979,2022-23
202710,Jimmy Butler III,1610612748,MIA,64.0,33.4,13.9,7.5,0.539,1.6,0.6,0.35,8.7,7.4,0.85,22.9,5.3,1.6,5.9,2.2,3.7,0.7,0.6458709386281587,0.5611510791366906,43.0,3.7,2.2,1.1,0.505,0.2,0.0,0.222,1.6,1.2,0.791,3.5,0.4,0.2,0.7,0.2,0.5,0.9,0.6026170798898071,0.5,22.0,39.7,20.1,9.4,0.468,3.5,1.3,0.359,8.5,6.8,0.806,26.9,5.9,1.9,6.5,2.1,4.3,-0.5,0.5641778523489932,0.5,0.6064337807041499,-0.553030009607701,2022-23
202711,Bojan Bogdanovic,1610612765,DET,59.0,32.1,14.9,7.3,0.488,6.0,2.5,0.411,5.1,4.5,0.884,21.6,2.6,2.3,3.8,0.6,3.2,-5.6,0.6299580027998134,0.5738255033557047,29.0,3.9,1.7,0.6,0.367,0.9,0.2,0.269,0.9,0.8,0.889,2.3,0.3,0.2,0.5,0.1,0.4,-1.2,0.5486641221374046,0.4117647058823529,,,,,,,,,,,,,,,,,,,,,0.5871714783305961,-0.8945738938576451,2022-23
202722,Davis Bertans,1610612742,DAL,45.0,10.9,3.6,1.5,0.431,3.1,1.2,0.39,0.3,0.3,0.867,4.6,0.5,0.2,1.2,0.2,1.0,-0.8,0.6162915326902464,0.5833333333333334,4.0,1.8,0.5,0.3,0.5,0.5,0.3,0.5,0.0,0.0,0.0,0.8,0.3,0.0,0.3,0.0,0.3,-2.0,0.8,0.8999999999999999,,,,,,,,,,,,,,,,,,,,,0.752652733115113,2.0396086059071177,2022-23
203076,Anthony Davis,1610612747,LAL,56.0,34.0,17.2,9.7,0.563,1.3,0.3,0.257,7.9,6.2,0.784,25.9,2.6,2.2,12.5,3.5,9.1,3.7,0.626330044496034,0.5726744186046512,27.0,4.1,1.9,0.7,0.38,0.3,0.1,0.25,1.1,0.7,0.645,2.2,0.3,0.1,1.6,0.4,1.3,0.2,0.46140939597315445,0.39473684210526316,16.0,38.0,15.9,8.3,0.52,0.9,0.3,0.333,6.8,5.8,0.852,22.6,2.6,2.1,14.1,2.4,11.7,3.4,0.5981367774719458,0.5314465408805032,0.5683063731036282,-1.229074993001893,2022-23
203078,Bradley Beal,1610612764,WAS,50.0,33.5,17.6,8.9,0.506,4.4,1.6,0.365,4.6,3.8,0.842,23.2,5.4,2.9,3.9,0.8,3.1,0.8,0.5911129229514879,0.5511363636363636,27.0,3.9,2.5,1.5,0.597,0.3,0.1,0.444,1.3,1.1,0.806,4.2,0.3,0.5,0.4,0.2,0.3,0.1,0.68359375,0.62,,,,,,,,,,,,,,,,,,,,,0.6669713531042344,0.5203742605367978,2022-23
203081,Damian Lillard,1610612757,POR,58.0,36.3,20.7,9.6,0.463,11.3,4.2,0.371,9.6,8.8,0.914,32.2,7.3,3.3,4.8,0.8,4.0,1.8,0.6459637297384048,0.5652173913043478,26.0,3.9,2.3,0.9,0.383,1.1,0.3,0.286,1.3,1.2,0.941,3.3,0.6,0.3,0.8,0.2,0.6,-0.3,0.5745125348189415,0.4565217391304348,,,,,,,,,,,,,,,,,,,,,0.6094407109026704,-0.49971350570517714,2022-23
203082,Terrence Ross,1610612756,PHX,63.0,21.1,7.4,3.2,0.43,4.1,1.5,0.368,0.5,0.4,0.794,8.3,1.5,0.7,2.4,0.3,2.1,-1.2,0.5446194225721785,0.5337837837837838,17.0,1.4,0.3,0.0,0.0,0.2,0.0,0.0,0.1,0.1,1.0,0.1,0.0,0.0,0.1,0.0,0.1,-2.3,0.14534883720930233,0.0,6.0,11.5,4.5,1.3,0.296,3.7,1.0,0.273,0.0,0.0,0.0,3.7,0.2,0.2,1.3,0.0,1.3,-1.0,0.41111111111111115,0.4,0.34882912577419234,-5.120671651784463,2022-23
203083,Andre Drummond,1610612741,CHI,67.0,12.7,4.1,2.5,0.606,0.0,0.0,0.0,1.9,1.0,0.536,6.0,0.5,1.1,6.6,2.1,4.6,0.4,0.6077795786061588,0.6097560975609757,5.0,0.6,0.0,0.0,0.0,0.0,0.0,0.0,0.0,0.0,0.0,0.0,0.0,0.0,0.0,0.0,0.0,-0.8,,,,,,,,,,,,,,,,,,,,,,,0.2025931928687196,-7.713611351974354,2022-23
203084,Harrison Barnes,1610612758,SAC,82.0,32.5,9.6,4.6,0.473,4.3,1.6,0.374,5.0,4.3,0.847,15.0,1.6,1.0,4.5,1.1,3.4,3.1,0.635593220338983,0.5625,41.0,4.0,0.7,0.3,0.367,0.3,0.0,0.091,0.8,0.6,0.774,1.1,0.0,0.0,0.6,0.2,0.4,1.9,0.5228136882129277,0.4285714285714286,7.0,28.1,8.6,3.6,0.417,3.6,0.9,0.24,3.7,2.7,0.731,10.7,0.7,0.4,3.4,1.4,2.0,-8.9,0.5230739147438405,0.47093023255813954,0.5490320568319671,-1.570831898174518,2022-23
203085,Austin Rivers,1610612750,MIN,52.0,19.5,4.0,1.8,0.435,2.4,0.8,0.35,0.8,0.6,0.769,4.9,1.4,0.4,1.6,0.1,1.5,-2.7,0.5629595588235294,0.55,20.0,1.5,0.3,0.2,0.5,0.2,0.1,0.5,0.0,0.0,0.0,0.4,0.1,0.0,0.1,0.0,0.1,0.2,0.6666666666666667,0.8333333333333334,4.0,11.6,2.0,1.0,0.5,1.5,0.5,0.333,0.0,0.0,0.0,2.5,0.3,0.3,1.3,0.3,1.0,-5.0,0.625,0.625,0.6360488153576022,-0.027919678995093733,2022-23
203086,Meyers Leonard,1610612749,MIL,9.0,12.6,3.2,1.6,0.483,2.0,0.8,0.389,1.0,0.9,0.889,4.8,0.1,0.7,3.8,1.3,2.4,-3.0,0.6593406593406593,0.625,,,,,,,,,,,,,,,,,,,,,2.0,2.6,0.5,0.0,0.0,0.0,0.0,0.0,0.0,0.0,0.0,0.0,0.0,0.0,0.5,0.0,0.5,0.0,0.0,0.0,0.16483516483516483,-8.383106789544904,2022-23
203095,Evan Fournier,1610612752,NYK,27.0,17.0,6.1,2.1,0.337,4.2,1.3,0.307,0.8,0.7,0.857,6.1,1.3,0.8,1.8,0.1,1.7,-2.0,0.47272163670179784,0.45081967213114754,8.0,1.4,0.4,0.1,0.333,0.4,0.1,0.333,0.3,0.1,0.5,0.5,0.1,0.0,0.0,0.0,0.0,-0.5,0.4699248120300752,0.37500000000000006,,,,,,,,,,,,,,,,,,,,,0.47741446396875475,-2.8406983125194554,2022-23
203109,Jae Crowder,1610612749,MIL,18.0,18.9,5.2,2.5,0.479,3.1,1.3,0.436,0.7,0.6,0.833,6.9,1.5,0.4,3.8,0.9,2.9,0.0,0.6263616557734205,0.6057692307692307,1.0,4.3,1.0,1.0,1.0,1.0,1.0,1.0,0.0,0.0,0.0,3.0,0.0,0.0,0.0,0.0,0.0,4.0,1.5,1.5,4.0,10.2,3.3,0.8,0.231,1.5,0.0,0.0,0.5,0.3,0.5,1.8,0.8,0.3,1.0,0.3,0.8,-4.5,0.2556818181818182,0.24242424242424246,0.7514652876135502,2.0185537630812824,2022-23
203110,Draymond Green,1610612744,GSW,73.0,31.5,6.5,3.4,0.527,1.8,0.5,0.305,1.5,1.1,0.713,8.5,6.8,2.8,7.2,0.9,6.3,4.7,0.5935754189944134,0.5615384615384615,34.0,4.3,0.7,0.4,0.542,0.2,0.1,0.375,0.4,0.2,0.583,1.1,0.4,0.3,0.9,0.2,0.7,-0.3,0.6278538812785389,0.6428571428571429,12.0,30.6,7.6,3.5,0.462,1.7,0.4,0.25,2.8,2.0,0.727,9.4,6.8,2.3,6.9,1.6,5.3,-1.0,0.5321557971014493,0.48684210526315796,0.5850609929102139,-0.9319953492034969,2022-23
203114,Khris Middleton,1610612749,MIL,33.0,24.3,12.3,5.4,0.436,4.9,1.5,0.315,3.1,2.8,0.902,15.1,4.9,2.2,4.2,0.8,3.4,4.0,0.5525468384074941,0.5,11.0,2.9,1.0,0.3,0.273,0.5,0.1,0.2,0.0,0.0,0.0,0.6,0.5,0.3,0.5,0.3,0.3,1.5,0.3,0.35,5.0,34.6,17.2,8.0,0.465,6.4,2.6,0.406,6.0,5.2,0.867,23.8,6.2,3.4,6.4,1.4,5.0,2.6,0.5997983870967742,0.5406976744186047,0.5001204145831215,-2.4380943860508513,2022-23
203115,Will Barton,1610612761,TOR,56.0,17.7,6.5,2.5,0.379,3.2,1.2,0.367,0.8,0.7,0.787,6.8,2.0,0.9,2.4,0.3,2.2,-3.0,0.49620548744892,0.47692307692307695,4.0,2.8,1.0,0.3,0.25,0.5,0.0,0.0,0.8,0.8,1.0,1.3,0.0,0.0,0.8,0.0,0.8,-3.8,0.4807692307692307,0.3,,,,,,,,,,,,,,,,,,,,,0.501299265044709,-2.4171919436640454,2022-23
203200,Justin Holiday,1610612742,DAL,46.0,15.4,4.4,1.7,0.377,3.1,1.0,0.322,0.2,0.1,0.625,4.5,0.9,0.5,1.2,0.1,1.1,-2.8,0.5013368983957219,0.5,15.0,1.1,0.3,0.1,0.5,0.3,0.1,0.5,0.0,0.0,0.0,0.4,0.2,0.0,0.3,0.0,0.3,0.0,0.6666666666666667,0.5000000000000001,,,,,,,,,,,,,,,,,,,,,0.6183749257263174,-0.3412990869915937,2022-23
203210,JaMychal Green,1610612744,GSW,57.0,14.0,4.4,2.4,0.54,1.9,0.7,0.378,1.2,0.9,0.776,6.4,0.9,0.9,3.6,1.3,2.3,-2.7,0.6493506493506492,0.625,4.0,1.1,0.0,0.0,0.0,0.0,0.0,0.0,0.0,0.0,0.0,0.0,0.0,0.0,0.0,0.0,0.0,-4.3,,,7.0,7.0,3.3,1.3,0.391,2.6,0.7,0.278,0.0,0.0,0.0,3.3,0.4,0.3,0.7,0.0,0.7,-3.0,0.5,0.5,0.3582251082251082,-4.954069535360617,2022-23
203457,Nerlens Noel,1610612751,BKN,17.0,11.5,2.1,0.8,0.361,0.1,0.1,0.5,0.7,0.5,0.667,2.1,0.6,0.8,2.7,0.6,2.1,-4.4,0.43604651162790703,0.40476190476190477,,,,,,,,,,,,,,,,,,,,,,,,,,,,,,,,,,,,,,,,,0.43604651162790703,-3.5742020677796855,2022-23
203468,CJ McCollum,1610612740,NOP,75.0,35.3,17.9,7.8,0.437,7.2,2.8,0.389,3.2,2.4,0.769,20.9,5.7,2.4,4.4,0.7,3.6,0.8,0.5412264346384917,0.5139664804469274,35.0,4.1,1.8,0.7,0.406,0.7,0.3,0.44,0.3,0.2,0.667,2.0,0.6,0.3,0.6,0.1,0.5,1.1,0.5175983436853002,0.4722222222222222,,,,,,,,,,,,,,,,,,,,,0.5355302399242567,-1.8102354181515636,2022-23
203469,Cody Zeller,1610612748,MIA,15.0,14.4,3.9,2.5,0.627,0.1,0.0,0.0,2.3,1.6,0.686,6.5,0.7,0.9,4.3,1.7,2.6,-3.2,0.6616449511400652,0.6410256410256411,2.0,0.4,0.0,0.0,0.0,0.0,0.0,0.0,0.0,0.0,0.0,0.0,0.0,0.0,0.0,0.0,0.0,-0.5,,,21.0,8.3,1.7,1.0,0.571,0.0,0.0,0.0,0.7,0.3,0.4,2.2,0.3,0.6,2.3,0.5,1.8,-0.1,0.5478087649402391,0.5882352941176471,0.38417854099346377,-4.493883828303389,2022-23
203471,Dennis Schröder,1610612747,LAL,66.0,30.1,9.8,4.1,0.415,3.4,1.1,0.329,3.8,3.3,0.857,12.6,4.5,1.7,2.5,0.3,2.2,1.9,0.5491631799163179,0.47448979591836726,32.0,3.6,1.2,0.6,0.526,0.4,0.1,0.214,0.8,0.8,1.0,2.1,0.3,0.1,0.3,0.1,0.3,1.8,0.6765463917525774,0.5416666666666667,16.0,26.1,6.4,2.6,0.398,2.4,0.8,0.333,1.8,1.4,0.821,7.4,2.9,1.3,1.9,0.2,1.8,2.8,0.514460511679644,0.46875,0.5865178143680015,-0.9061641453472742,2022-23
203473,Dewayne Dedmon,1610612755,PHI,38.0,11.2,4.0,2.0,0.51,1.0,0.3,0.308,1.3,0.9,0.673,5.2,0.7,0.7,3.5,0.9,2.6,-3.3,0.5686789151356081,0.5375,4.0,0.0,0.0,0.0,0.0,0.0,0.0,0.0,0.0,0.0,0.0,0.0,0.0,0.0,0.0,0.0,0.0,0.0,,,1.0,5.0,1.0,0.0,0.0,1.0,0.0,0.0,0.0,0.0,0.0,0.0,0.0,1.0,1.0,0.0,1.0,-4.0,0.0,0.0,0.09477981918926802,-9.625272673994038,2022-23
203476,Gorgui Dieng,1610612759,SAS,31.0,11.6,3.8,1.5,0.385,2.4,0.7,0.28,0.4,0.3,0.769,3.9,1.7,1.0,3.5,0.9,2.6,-4.9,0.49044265593561365,0.48684210526315796,2.0,2.5,1.0,0.0,0.0,0.5,0.0,0.0,0.0,0.0,0.0,0.0,0.5,0.0,1.0,0.0,1.0,-3.0,0.0,0.0,,,,,,,,,,,,,,,,,,,,,0.18979667477863021,-7.940509072122513,2022-23
203482,Kelly Olynyk,1610612762,UTA,68.0,28.6,8.2,4.1,0.499,3.5,1.4,0.394,3.4,2.9,0.853,12.5,3.7,2.5,6.2,1.2,5.0,0.2,0.6445957095709571,0.5853658536585367,38.0,3.6,0.9,0.4,0.444,0.4,0.2,0.643,0.4,0.3,0.75,1.4,0.4,0.1,0.8,0.2,0.6,-0.4,0.6505576208178437,0.5555555555555556,,,,,,,,,,,,,,,,,,,,,0.6595459268236407,0.38871248486207044,2022-23
203484,Kentavious Caldwell-Pope,1610612743,DEN,76.0,31.3,8.3,3.8,0.462,4.2,1.8,0.423,1.6,1.4,0.824,10.8,2.4,1.1,2.7,0.5,2.3,6.5,0.5997334517992003,0.5662650602409638,32.0,3.9,0.8,0.3,0.333,0.4,0.1,0.286,0.1,0.1,0.667,0.7,0.1,0.1,0.5,0.1,0.4,2.0,0.41469194312796204,0.43749999999999994,20.0,33.5,8.1,3.7,0.457,4.6,1.8,0.38,1.8,1.5,0.829,10.6,1.6,0.8,3.3,0.7,2.6,4.1,0.5960413855150697,0.5679012345679013,0.5458454699824286,-1.6273339314717141,2022-23
203486,Mason Plumlee,1610612746,LAC,79.0,26.0,6.1,4.2,0.68,0.0,0.0,0.0,4.0,2.5,0.636,10.8,3.1,1.5,8.9,2.9,6.0,-3.4,0.6870229007633589,0.6885245901639345,34.0,3.5,0.6,0.4,0.65,0.0,0.0,0.0,0.7,0.2,0.32,1.0,0.3,0.3,1.2,0.6,0.6,-1.4,0.5506607929515419,0.6666666666666667,5.0,18.1,3.2,2.8,0.875,0.0,0.0,0.0,2.8,2.6,0.929,8.2,1.8,0.6,6.8,3.2,3.6,2.6,0.925090252707581,0.8749999999999999,0.7704386063703557,2.3549736187995016,2022-23
203487,Michael Carter-Williams,1610612753,ORL,4.0,11.1,3.5,1.5,0.429,0.8,0.3,0.333,1.8,1.0,0.571,4.3,1.8,1.0,1.3,0.3,1.0,-6.5,0.5009319664492078,0.4714285714285714,,,,,,,,,,,,,,,,,,,,,,,,,,,,,,,,,,,,,,,,,0.5009319664492078,-2.4237045913504023,2022-23
203488,Mike Muscala,1610612738,BOS,63.0,15.0,4.6,2.1,0.449,3.3,1.3,0.391,0.8,0.6,0.769,6.1,0.8,0.4,3.2,0.6,2.6,3.2,0.6159127625201938,0.5978260869565218,14.0,2.5,0.6,0.1,0.125,0.4,0.1,0.167,0.1,0.1,1.0,0.3,0.1,0.1,0.5,0.0,0.5,-1.6,0.2329192546583851,0.25000000000000006,6.0,3.5,0.7,0.3,0.5,0.7,0.3,0.5,0.7,0.5,0.75,1.5,0.2,0.2,0.7,0.5,0.2,1.8,0.7440476190476191,0.6428571428571428,0.5653591664213374,-1.2813325268333102,2022-23
203490,Otto Porter Jr.,1610612761,TOR,8.0,18.3,3.8,1.9,0.5,2.1,0.8,0.353,1.0,1.0,1.0,5.5,1.0,0.5,2.4,0.8,1.6,-2.6,0.6485849056603773,0.6052631578947368,4.0,1.4,0.0,0.0,0.0,0.0,0.0,0.0,0.0,0.0,0.0,0.0,0.0,0.8,0.3,0.0,0.3,-0.3,,,,,,,,,,,,,,,,,,,,,,,0.2161949685534591,-7.472435442159929,2022-23
203493,Reggie Bullock Jr.,1610612742,DAL,78.0,30.3,6.0,2.5,0.409,5.1,1.9,0.38,0.5,0.3,0.703,7.2,1.4,0.5,3.6,0.4,3.2,-1.1,0.5787781350482315,0.5750000000000001,48.0,3.4,0.7,0.2,0.314,0.6,0.2,0.3,0.3,0.2,0.615,0.8,0.1,0.1,0.4,0.1,0.3,-0.3,0.48076923076923084,0.42857142857142866,,,,,,,,,,,,,,,,,,,,,0.52510553219362,-1.9950780761808815,2022-23
203496,Robert Covington,1610612746,LAC,48.0,16.2,4.8,2.1,0.445,2.8,1.1,0.397,0.8,0.6,0.75,6.0,1.2,0.7,3.5,0.6,2.8,-0.1,0.5822981366459627,0.5520833333333335,8.0,1.5,0.1,0.0,0.0,0.0,0.0,0.0,0.3,0.3,1.0,0.3,0.3,0.1,0.1,0.0,0.1,-0.5,0.6465517241379309,0.0,2.0,6.0,1.5,0.0,0.0,1.0,0.0,0.0,0.0,0.0,0.0,0.0,1.0,0.0,1.0,0.0,1.0,-3.0,0.0,0.0,0.3146502641532034,-5.726704146285287,2022-23
203497,Rudy Gobert,1610612750,MIN,70.0,30.7,7.8,5.1,0.659,0.0,0.0,0.0,4.9,3.1,0.644,13.4,1.2,1.7,11.6,3.3,8.3,-0.1,0.6729610285255123,0.6538461538461539,37.0,3.4,0.9,0.5,0.606,0.0,0.0,0.0,0.8,0.4,0.516,1.5,0.1,0.2,1.1,0.5,0.6,0.3,0.5990415335463258,0.5555555555555556,5.0,35.4,9.2,5.8,0.63,0.0,0.0,0.0,5.4,3.4,0.63,15.0,2.0,1.6,12.2,3.6,8.6,-3.6,0.6478921907394609,0.6304347826086957,0.6473252395097401,0.17202493980908784,2022-23
203500,Steven Adams,1610612763,MEM,42.0,27.0,6.3,3.7,0.597,0.0,0.0,0.0,3.1,1.1,0.364,8.6,2.3,1.9,11.5,5.1,6.5,5.8,0.5610647181628392,0.5873015873015873,17.0,2.4,0.4,0.4,0.857,0.0,0.0,0.0,0.4,0.2,0.667,0.9,0.1,0.1,1.1,0.6,0.5,1.2,0.7812499999999999,1.0,,,,,,,,,,,,,,,,,,,,,0.7142041124024783,1.3578681261046803,2022-23
203501,Tim Hardaway Jr.,1610612742,DAL,71.0,30.3,11.9,4.8,0.401,7.7,3.0,0.385,2.3,1.8,0.77,14.4,1.8,0.8,3.5,0.3,3.2,2.3,0.5576208178438662,0.5294117647058824,37.0,3.5,0.9,0.3,0.286,0.6,0.1,0.13,0.4,0.2,0.533,0.8,0.2,0.1,0.4,0.1,0.3,0.8,0.37174721189591076,0.38888888888888884,,,,,,,,,,,,,,,,,,,,,0.4412681057546777,-3.4816168977699737,2022-23
203506,Victor Oladipo,1610612748,MIA,42.0,26.3,9.6,3.8,0.397,5.0,1.7,0.33,1.9,1.4,0.747,10.7,3.5,2.1,3.0,0.4,2.7,-0.8,0.5126485243388271,0.48437499999999994,19.0,2.6,0.7,0.3,0.357,0.4,0.1,0.25,0.6,0.3,0.545,0.9,0.1,0.1,0.3,0.0,0.3,-0.7,0.46680497925311204,0.5,2.0,22.7,9.5,5.0,0.526,2.5,1.0,0.4,1.5,0.5,0.333,11.5,1.0,1.0,3.5,0.5,3.0,0.0,0.5659448818897638,0.5789473684210527,0.5313071880849641,-1.8851152274604015,2022-23
203507,Giannis Antetokounmpo,1610612749,MIL,63.0,32.1,20.3,11.2,0.553,2.7,0.7,0.275,12.3,7.9,0.645,31.1,5.7,3.9,11.8,2.2,9.6,5.4,0.6047759800871189,0.5689655172413792,28.0,3.2,2.0,0.8,0.375,0.2,0.0,0.167,1.3,0.9,0.722,2.5,0.7,0.4,1.3,0.3,1.0,0.6,0.4860031104199067,0.4,3.0,30.5,17.7,9.3,0.528,1.0,0.0,0.0,10.3,4.7,0.452,23.3,5.3,4.7,11.0,2.7,8.3,-5.3,0.5240194314501619,0.5254237288135594,0.5346589659611862,-1.8256841577581806,2022-23
203526,Raul Neto,1610612739,CLE,48.0,10.5,2.3,1.2,0.518,0.9,0.3,0.286,0.7,0.6,0.912,3.3,1.6,0.5,1.0,0.2,0.8,0.2,0.6326687116564418,0.5869565217391304,2.0,0.7,0.0,0.0,0.0,0.0,0.0,0.0,0.0,0.0,0.0,0.0,0.0,0.0,0.0,0.0,0.0,2.5,,,2.0,3.5,0.5,0.0,0.0,0.5,0.0,0.0,1.0,0.5,0.5,0.5,0.5,1.0,0.0,0.0,0.0,-2.0,0.26595744680851063,0.0,0.23842350868032894,-7.07829658020538,2022-23
203552,Seth Curry,1610612751,BKN,61.0,19.8,7.4,3.4,0.463,3.8,1.5,0.405,0.9,0.8,0.927,9.2,1.6,0.8,1.6,0.2,1.4,-1.1,0.5900461775269368,0.5608108108108109,17.0,2.1,0.8,0.4,0.538,0.5,0.2,0.5,0.3,0.2,0.6,1.2,0.1,0.0,0.1,0.0,0.1,1.0,0.6437768240343347,0.625,3.0,19.4,6.3,3.3,0.526,3.0,1.0,0.333,1.0,0.7,0.667,8.3,2.0,0.3,1.0,0.0,1.0,-4.7,0.615727002967359,0.6031746031746031,0.6316076165589638,-0.106667497350168,2022-23
203585,Rodney McGruder,1610612765,DET,32.0,16.4,4.8,1.9,0.408,3.0,1.3,0.423,0.7,0.6,0.818,5.7,0.9,0.3,2.3,0.6,1.7,-1.4,0.557948316366484,0.53125,3.0,2.8,0.0,0.0,0.0,0.0,0.0,0.0,0.0,0.0,0.0,0.0,0.0,0.0,0.0,0.0,0.0,-3.7,,,,,,,,,,,,,,,,,,,,,,,0.18598277212216133,-8.008134172288628,2022-23
203897,Zach LaVine,1610612741,CHI,77.0,35.9,18.0,8.7,0.485,7.1,2.6,0.375,5.6,4.7,0.848,24.8,4.2,2.5,4.5,0.5,3.9,0.2,0.6059421422986709,0.5555555555555556,34.0,4.7,2.4,1.0,0.415,1.0,0.2,0.182,0.9,0.8,0.867,2.9,0.3,0.4,0.5,0.1,0.5,0.4,0.5185979971387696,0.45833333333333337,,,,,,,,,,,,,,,,,,,,,0.5610460455246626,-1.3578093693063273,2022-23
203903,Jordan Clarkson,1610612762,UTA,61.0,32.6,16.9,7.5,0.444,7.5,2.5,0.338,4.0,3.3,0.816,20.8,4.4,3.0,4.0,1.2,2.9,0.6,0.557341907824223,0.5177514792899409,38.0,3.7,2.3,1.1,0.46,1.2,0.4,0.364,0.8,0.6,0.828,3.2,0.5,0.3,0.5,0.1,0.4,-0.4,0.603318250377074,0.5652173913043479,,,,,,,,,,,,,,,,,,,,,0.601602270314273,-0.6386985238564495,2022-23
203914,Gary Harris,1610612753,ORL,48.0,24.7,6.4,2.9,0.45,4.5,2.0,0.431,0.6,0.6,0.9,8.3,1.2,0.6,2.0,0.4,1.6,-1.8,0.6227490996398559,0.609375,19.0,2.7,0.4,0.1,0.143,0.3,0.1,0.167,0.0,0.0,0.0,0.2,0.2,0.1,0.1,0.1,0.1,0.5,0.25,0.37500000000000006,,,,,,,,,,,,,,,,,,,,,0.3804996998789754,-4.559114124215774,2022-23
203915,Spencer Dinwiddie,1610612751,BKN,79.0,34.5,13.3,5.8,0.438,6.2,2.3,0.369,4.2,3.4,0.812,17.3,6.5,1.8,3.4,0.4,3.1,-0.1,0.5710324795352522,0.5225563909774436,40.0,3.4,1.4,0.6,0.455,0.6,0.2,0.28,0.4,0.3,0.588,1.7,0.4,0.2,0.2,0.0,0.2,0.3,0.5393401015228427,0.5,4.0,39.8,12.8,5.5,0.431,4.5,1.8,0.389,5.5,3.8,0.682,16.5,6.5,3.0,3.3,0.3,3.0,-7.5,0.5420499342969777,0.5,0.5565033967006607,-1.438356019132737,2022-23
203924,Jerami Grant,1610612757,POR,63.0,35.6,14.5,6.9,0.475,5.7,2.3,0.401,5.4,4.4,0.813,20.5,2.4,1.8,4.5,0.8,3.7,-0.6,0.6073714150272576,0.5551724137931034,31.0,4.0,1.2,0.5,0.395,0.5,0.2,0.294,0.9,0.7,0.821,1.9,0.3,0.2,0.5,0.1,0.4,-0.5,0.5952380952380952,0.5,,,,,,,,,,,,,,,,,,,,,0.6075583972362109,-0.5330892002899539,2022-23
203925,Joe Harris,1610612751,BKN,74.0,20.6,5.9,2.7,0.457,4.5,1.9,0.426,0.4,0.2,0.643,7.6,1.4,0.6,2.2,0.3,1.9,-0.3,0.6254114549045424,0.6186440677966102,17.0,2.6,0.3,0.2,0.6,0.2,0.1,0.5,0.0,0.0,0.0,0.5,0.2,0.1,0.3,0.1,0.2,1.8,0.8333333333333334,0.8333333333333334,4.0,10.9,3.3,0.5,0.154,3.0,0.3,0.083,0.5,0.5,1.0,1.8,0.0,0.8,1.3,0.0,1.3,3.8,0.2556818181818182,0.196969696969697,0.5149386751146273,-2.1753487307491888,2022-23
203926,Doug McDermott,1610612759,SAS,64.0,20.5,8.2,3.7,0.457,4.7,1.9,0.413,1.1,0.8,0.757,10.2,1.4,0.9,2.2,0.4,1.8,-3.7,0.5872869645324735,0.5670731707317074,12.0,1.9,0.7,0.3,0.5,0.1,0.1,1.0,0.3,0.3,1.0,1.0,0.0,0.0,0.2,0.1,0.1,2.9,0.6009615384615384,0.5,,,,,,,,,,,,,,,,,,,,,0.6049399325166627,-0.5795177420988402,2022-23
203932,Aaron Gordon,1610612743,DEN,68.0,30.2,11.2,6.3,0.564,2.5,0.9,0.347,4.6,2.8,0.608,16.3,3.0,1.4,6.6,2.4,4.1,7.6,0.6163036902601331,0.6026785714285715,28.0,3.7,1.0,0.6,0.621,0.2,0.1,0.6,0.7,0.4,0.55,1.8,0.1,0.2,0.8,0.4,0.4,1.1,0.6880733944954128,0.65,20.0,35.6,9.8,5.1,0.518,2.3,0.9,0.391,3.5,2.3,0.652,13.3,2.6,1.0,6.0,2.5,3.6,9.4,0.5864197530864198,0.5663265306122448,0.6342135278461439,-0.060461543058004,2022-23
203933,T.J. Warren,1610612756,PHX,42.0,16.4,6.4,3.1,0.489,1.6,0.5,0.328,0.8,0.7,0.8,7.5,1.0,0.5,2.9,0.6,2.3,1.3,0.5553909952606635,0.5234375,6.0,1.0,0.0,0.0,0.0,0.0,0.0,0.0,0.0,0.0,0.0,0.0,0.0,0.0,0.2,0.0,0.2,-0.3,,,6.0,13.4,3.2,1.0,0.316,1.2,0.2,0.143,0.7,0.5,0.75,2.7,0.5,0.2,1.2,0.3,0.8,1.5,0.3848346636259977,0.34375,0.28498249768977607,-6.252749475573189,2022-23
203935,Marcus Smart,1610612738,BOS,61.0,32.1,9.9,4.1,0.415,5.6,1.9,0.336,1.9,1.4,0.746,11.5,6.3,2.3,3.1,0.8,2.4,3.9,0.5355812220566318,0.51010101010101,24.0,4.7,1.5,0.7,0.459,0.7,0.2,0.235,0.5,0.4,0.833,2.0,0.7,0.2,0.5,0.1,0.4,0.8,0.5813953488372093,0.5333333333333333,20.0,34.0,11.2,5.1,0.453,6.1,2.2,0.361,3.3,2.6,0.8,14.9,5.1,2.3,4.0,1.1,3.0,2.5,0.5888397091368954,0.5535714285714285,0.5926333563402741,-0.7977282004120898,2022-23
203937,Kyle Anderson,1610612750,MIN,69.0,28.4,7.2,3.7,0.509,1.5,0.6,0.41,2.0,1.4,0.735,9.4,4.9,1.5,5.3,1.0,4.4,1.3,0.5816831683168316,0.5555555555555556,41.0,3.4,0.6,0.3,0.458,0.0,0.0,0.5,0.0,0.0,1.0,0.6,0.6,0.1,0.6,0.1,0.5,0.8,0.5,0.5,4.0,25.9,7.5,3.8,0.5,1.5,0.5,0.333,0.5,0.5,1.0,8.5,4.5,1.5,4.0,0.8,3.3,-6.5,0.550518134715026,0.5399999999999999,0.5472062620758275,-1.603205444221187,2022-23
203939,Dwight Powell,1610612742,DAL,76.0,19.2,3.5,2.6,0.732,0.1,0.0,0.0,2.2,1.5,0.667,6.7,0.9,0.9,4.1,2.0,2.2,2.2,0.7497761862130707,0.7428571428571429,33.0,2.0,0.4,0.3,0.75,0.0,0.0,0.0,0.4,0.3,0.714,0.8,0.1,0.0,0.5,0.3,0.2,0.8,0.6944444444444444,0.7499999999999999,,,,,,,,,,,,,,,,,,,,,0.724316929792626,1.5371805917257984,2022-23
203944,Julius Randle,1610612752,NYK,77.0,35.5,18.6,8.5,0.459,8.3,2.8,0.343,6.9,5.2,0.757,25.1,4.1,2.8,10.0,1.8,8.1,2.2,0.580051765575892,0.532258064516129,42.0,4.4,1.8,0.6,0.338,0.7,0.2,0.276,1.3,1.0,0.8,2.4,0.4,0.5,1.3,0.3,1.0,-1.4,0.5059021922428331,0.38888888888888884,10.0,33.0,14.7,5.5,0.374,6.6,1.7,0.258,5.5,3.9,0.709,16.6,3.6,3.5,8.3,1.7,6.6,1.5,0.48481308411214963,0.43197278911564624,0.5173933197539863,-2.131824916808286,2022-23
203952,Andrew Wiggins,1610612744,GSW,37.0,32.2,14.3,6.8,0.473,6.1,2.4,0.396,1.9,1.2,0.611,17.1,2.3,1.3,5.0,1.6,3.4,3.2,0.5648784355179705,0.5594405594405594,18.0,3.9,0.7,0.3,0.462,0.3,0.1,0.4,0.0,0.0,0.0,0.8,0.2,0.2,0.6,0.2,0.3,-1.6,0.5714285714285715,0.5,13.0,34.0,13.9,6.4,0.459,4.9,1.5,0.297,3.6,2.5,0.681,16.7,1.9,1.3,5.6,1.8,3.8,3.1,0.5392663394471713,0.5143884892086331,0.5591508710142005,-1.391413102187368,2022-23
203954,Joel Embiid,1610612755,PHI,66.0,34.6,20.1,11.0,0.548,3.0,1.0,0.33,11.7,10.0,0.857,33.1,4.2,3.4,10.2,1.7,8.4,6.4,0.6554974651457541,0.572139303482587,36.0,3.8,2.1,1.0,0.487,0.4,0.1,0.308,1.7,1.5,0.869,3.6,0.4,0.4,0.9,0.2,0.8,2.8,0.6320224719101124,0.5,9.0,37.4,17.0,7.3,0.431,3.1,0.6,0.179,9.3,8.4,0.905,23.7,2.7,3.9,9.8,1.8,8.0,-0.7,0.5618243883937037,0.44705882352941173,0.6112836902180251,-0.4670352566697584,2022-23
203967,Dario Šarić,1610612760,OKC,57.0,14.1,4.9,2.2,0.458,2.0,0.8,0.391,1.3,1.1,0.829,6.4,1.3,1.0,3.6,0.9,2.7,0.6,0.5847953216374269,0.5306122448979592,3.0,0.5,0.0,0.0,0.0,0.0,0.0,0.0,0.7,0.7,1.0,0.7,0.0,0.0,0.0,0.0,0.0,1.3,1.1363636363636362,,,,,,,,,,,,,,,,,,,,,,0.9525075314548997,5.58327554598573,2022-23
203991,Clint Capela,1610612737,ATL,65.0,26.6,8.2,5.4,0.653,0.0,0.0,0.0,2.0,1.2,0.603,12.0,0.9,0.8,11.0,4.0,7.1,-0.5,0.6607929515418502,0.6585365853658538,30.0,4.1,0.9,0.5,0.538,0.0,0.0,0.0,0.3,0.2,0.5,1.1,0.1,0.1,1.3,0.4,0.8,-1.7,0.5329457364341086,0.5555555555555556,6.0,25.2,6.3,3.8,0.605,0.0,0.0,0.0,1.0,0.7,0.667,8.3,0.5,0.7,8.3,2.5,5.8,-4.7,0.615727002967359,0.6031746031746031,0.6066198486401165,-0.5497308003879517,2022-23
203992,Bogdan Bogdanović,1610612737,ATL,54.0,27.9,11.3,5.1,0.447,6.7,2.7,0.406,1.4,1.2,0.831,14.0,2.8,1.2,3.1,0.4,2.6,1.2,0.5874454514937898,0.570796460176991,24.0,2.7,1.0,0.3,0.32,0.7,0.1,0.188,0.1,0.0,0.333,0.8,0.2,0.0,0.3,0.0,0.3,-0.7,0.3831417624521073,0.35,6.0,26.1,9.0,5.0,0.556,5.5,2.5,0.455,1.2,0.8,0.714,13.3,2.5,0.5,3.0,0.3,2.7,2.7,0.6979429051217464,0.6944444444444444,0.5834425061485481,-0.9606930741413731,2022-23
203994,Jusuf Nurkić,1610612757,POR,52.0,26.8,9.7,5.0,0.519,2.3,0.8,0.361,3.7,2.4,0.661,13.3,2.9,2.3,9.1,2.2,6.9,0.2,0.5870409604519775,0.5567010309278352,18.0,3.8,1.1,0.7,0.632,0.2,0.1,0.333,0.7,0.4,0.538,1.8,0.2,0.2,1.1,0.5,0.6,-0.5,0.6392045454545454,0.6818181818181818,,,,,,,,,,,,,,,,,,,,,0.6331568899714207,-0.07919700868303003,2022-23
203999,Nikola Jokić,1610612743,DEN,69.0,33.7,14.8,9.4,0.632,2.2,0.8,0.383,6.0,4.9,0.822,24.5,9.8,3.6,11.8,2.4,9.4,9.3,0.7024082568807339,0.6621621621621622,29.0,4.0,1.9,1.0,0.509,0.4,0.1,0.364,1.7,1.4,0.8,3.4,0.9,0.3,1.2,0.3,0.9,2.7,0.6419939577039275,0.5526315789473685,20.0,39.4,20.7,11.4,0.548,3.8,1.8,0.461,7.0,5.6,0.799,30.0,9.5,3.5,13.5,3.5,10.0,8.5,0.6307821698906644,0.5942028985507247,0.6592949514970675,0.38426238921793043,2022-23
204001,Kristaps Porziņģis,1610612764,WAS,65.0,32.6,15.7,7.8,0.498,5.5,2.1,0.385,6.4,5.4,0.851,23.2,2.7,2.1,8.4,1.8,6.6,1.2,0.6264852019874704,0.5636942675159236,32.0,3.5,1.0,0.3,0.333,0.4,0.1,0.308,1.0,0.8,0.844,1.7,0.2,0.1,0.6,0.2,0.4,-1.6,0.5902777777777778,0.35,,,,,,,,,,,,,,,,,,,,,0.6087163459321953,-0.5125573714504448,2022-23
204060,Joe Ingles,1610612749,MIL,46.0,22.7,5.4,2.3,0.435,4.4,1.8,0.409,0.5,0.4,0.857,6.9,3.3,1.2,2.8,0.3,2.5,1.7,0.6138790035587188,0.5925925925925926,14.0,2.9,0.6,0.2,0.375,0.6,0.2,0.375,0.1,0.1,0.5,0.7,0.4,0.2,0.1,0.1,0.1,2.7,0.5434782608695652,0.5000000000000001,5.0,17.8,4.6,2.4,0.522,4.0,2.0,0.5,0.0,0.0,0.0,6.8,2.0,1.2,1.2,0.2,1.0,-1.8,0.7391304347826088,0.7391304347826088,0.6641489160499994,0.47032904289563504,2022-23
204456,T.J. McConnell,1610612754,IND,75.0,20.4,6.9,3.8,0.543,0.8,0.3,0.441,0.9,0.8,0.853,8.7,5.3,1.9,3.1,0.6,2.5,-0.8,0.5962171052631579,0.5724637681159419,20.0,1.2,0.5,0.2,0.3,0.0,0.0,0.0,0.2,0.2,1.0,0.5,0.2,0.1,0.4,0.1,0.4,-1.7,0.4251700680272109,0.4,,,,,,,,,,,,,,,,,,,,,0.4894321239164039,-2.627610687867147,2022-23
1626145,Tyus Jones,1610612763,MEM,80.0,24.2,8.9,3.9,0.438,4.1,1.5,0.371,1.2,1.0,0.806,10.3,5.2,0.9,2.5,0.4,2.2,1.2,0.5462452269834536,0.5224719101123596,28.0,1.8,0.2,0.1,0.6,0.0,0.0,1.0,0.6,0.5,0.813,0.7,0.6,0.1,0.3,0.0,0.3,0.3,0.7543103448275861,0.5,6.0,20.0,6.0,1.8,0.306,3.2,0.5,0.158,0.5,0.3,0.667,4.5,3.7,1.3,3.0,0.5,2.5,-3.2,0.3617363344051447,0.3416666666666666,0.5255930109866601,-1.9864344884500085,2022-23
1626149,Montrezl Harrell,1610612755,PHI,57.0,11.9,3.7,2.2,0.598,0.1,0.0,0.0,1.8,1.2,0.693,5.6,0.6,0.6,2.8,1.2,1.6,0.3,0.6233303650934995,0.5945945945945946,6.0,3.0,0.8,0.5,0.6,0.2,0.0,0.0,1.0,0.5,0.5,1.5,0.0,0.0,0.7,0.7,0.0,-1.3,0.6048387096774194,0.625,2.0,3.5,1.5,0.0,0.0,0.0,0.0,0.0,0.0,0.0,0.0,0.0,0.0,0.0,0.5,0.0,0.5,-1.5,0.0,0.0,0.32712291902383434,-5.505548912149154,2022-23
1626153,Delon Wright,1610612764,WAS,50.0,24.4,5.8,2.8,0.474,2.4,0.8,0.345,1.2,1.0,0.867,7.4,3.9,0.9,3.6,1.2,2.4,1.4,0.5847029077117574,0.5517241379310345,18.0,3.5,0.6,0.3,0.455,0.2,0.1,0.25,0.0,0.0,0.0,0.6,0.3,0.1,0.6,0.3,0.2,-0.6,0.5,0.5833333333333334,,,,,,,,,,,,,,,,,,,,,0.5385791301550091,-1.7561749122022547,2022-23
1626156,D'Angelo Russell,1610612747,LAL,71.0,32.5,13.4,6.3,0.469,6.9,2.7,0.396,3.0,2.5,0.829,17.8,6.2,2.6,3.0,0.5,2.5,1.2,0.6046195652173914,0.5708955223880597,32.0,3.0,1.4,0.6,0.432,0.8,0.3,0.308,0.2,0.2,0.857,1.6,0.2,0.2,0.2,0.1,0.2,0.3,0.5376344086021506,0.5357142857142857,16.0,29.5,12.2,5.2,0.426,5.4,1.7,0.31,1.6,1.3,0.769,13.3,4.6,1.8,2.9,0.6,2.3,0.5,0.5153440793552387,0.4959016393442623,0.5481011979411516,-1.5873371505110292,2022-23
1626157,Karl-Anthony Towns,1610612750,MIN,29.0,33.0,14.8,7.3,0.495,5.7,2.1,0.366,4.7,4.1,0.874,20.8,4.8,3.0,8.1,1.7,6.5,1.3,0.6165520512212472,0.5641891891891891,13.0,3.4,1.8,0.7,0.391,0.6,0.2,0.25,0.6,0.5,0.875,2.1,0.2,0.2,0.7,0.2,0.5,1.1,0.5087209302325582,0.4444444444444444,5.0,36.0,14.0,6.4,0.457,4.8,1.2,0.25,5.6,4.2,0.75,18.2,2.0,3.6,10.2,1.2,9.0,-9.2,0.5527210884353742,0.5,0.5608550249934213,-1.361196394021567,2022-23
1626159,Justise Winslow,1610612757,POR,29.0,26.8,6.8,2.8,0.409,1.6,0.5,0.311,1.0,0.7,0.714,6.8,3.4,1.5,5.0,1.7,3.3,-1.3,0.46961325966850825,0.44852941176470584,11.0,3.8,0.5,0.1,0.167,0.1,0.0,0.0,0.2,0.1,0.5,0.3,0.4,0.1,1.0,0.3,0.7,0.7,0.25510204081632654,0.2,,,,,,,,,,,,,,,,,,,,,0.33395872160910967,-5.384341876683537,2022-23
1626162,Kelly Oubre Jr.,1610612766,CHA,48.0,32.2,17.1,7.4,0.431,7.1,2.3,0.319,4.3,3.3,0.76,20.3,1.1,1.3,5.2,1.4,3.8,-5.8,0.534435551811289,0.5,23.0,4.4,1.4,0.6,0.394,0.9,0.4,0.45,0.3,0.2,0.833,1.7,0.2,0.1,0.4,0.0,0.4,-0.9,0.5548302872062663,0.5714285714285715,,,,,,,,,,,,,,,,,,,,,0.5562191765770523,-1.4433955851782017,2022-23
1626164,Devin Booker,1610612756,PHX,53.0,34.6,20.1,9.9,0.494,6.0,2.1,0.351,6.8,5.8,0.855,27.8,5.5,2.7,4.5,0.9,3.7,4.7,0.6019400658236619,0.5447761194029851,23.0,3.9,2.6,1.0,0.373,0.9,0.2,0.19,1.1,0.7,0.64,2.8,0.4,0.3,0.4,0.2,0.3,0.6,0.4539559014267185,0.4230769230769231,11.0,41.7,21.9,12.8,0.585,5.5,2.8,0.508,6.1,5.3,0.866,33.7,7.2,2.9,4.8,1.1,3.7,-3.4,0.6854051415554833,0.6484018264840183,0.6072798722730326,-0.5380277842629209,2022-23
1626166,Cameron Payne,1610612756,PHX,48.0,20.2,9.4,3.9,0.415,3.9,1.4,0.368,1.3,1.0,0.766,10.3,4.5,1.7,2.2,0.3,2.0,1.6,0.5164460489370236,0.4893617021276595,8.0,4.2,2.1,0.9,0.412,1.0,0.5,0.5,0.3,0.1,0.5,2.4,0.8,0.4,0.4,0.3,0.1,0.0,0.5376344086021505,0.5476190476190476,7.0,21.8,6.9,3.3,0.479,3.9,1.6,0.407,0.4,0.0,0.0,8.1,2.9,1.3,2.0,0.0,2.0,-4.4,0.5723572639909553,0.5942028985507245,0.57380486854857,-1.1315800282060717,2022-23
1626167,Myles Turner,1610612754,IND,62.0,29.4,11.8,6.5,0.548,4.0,1.5,0.373,4.5,3.5,0.783,18.0,1.4,1.7,7.5,1.4,6.1,-0.8,0.6531204644412191,0.6144067796610169,38.0,3.4,0.9,0.5,0.588,0.3,0.1,0.385,0.5,0.4,0.8,1.6,0.2,0.2,0.7,0.2,0.5,-0.1,0.7142857142857143,0.6111111111111112,,,,,,,,,,,,,,,,,,,,,0.701524416314304,1.133041801136919,2022-23
1626168,Trey Lyles,1610612758,SAC,74.0,16.9,5.5,2.5,0.458,3.2,1.2,0.363,1.7,1.4,0.815,7.6,0.9,0.9,4.1,0.9,3.1,1.4,0.6081946222791292,0.5636363636363636,23.0,1.7,0.4,0.2,0.5,0.2,0.0,0.2,0.4,0.4,1.0,0.9,0.1,0.1,0.3,0.1,0.2,0.4,0.7812499999999999,0.5,7.0,16.8,5.7,2.4,0.425,3.9,1.3,0.333,0.7,0.4,0.6,6.6,0.7,0.4,5.7,1.3,4.4,2.9,0.5492676431424767,0.5350877192982456,0.6436889858891648,0.10754977159688295,2022-23
1626169,Stanley Johnson,1610612762,UTA,30.0,15.6,4.1,2.2,0.533,1.3,0.6,0.45,1.3,0.9,0.667,5.8,2.2,1.1,3.2,0.7,2.4,-3.1,0.6207191780821918,0.6097560975609757,4.0,6.3,2.0,0.5,0.25,0.8,0.0,0.0,0.0,0.0,0.0,1.0,0.0,0.0,2.0,0.5,1.5,-3.5,0.25,0.25,,,,,,,,,,,,,,,,,,,,,0.42235354715371104,-3.8169948649602734,2022-23
1626171,Bobby Portis,1610612749,MIL,70.0,26.0,11.5,5.7,0.496,3.7,1.4,0.37,1.8,1.4,0.768,14.1,1.5,1.2,9.6,2.2,7.4,0.2,0.5735437683045883,0.5565217391304348,21.0,2.1,0.7,0.3,0.429,0.2,0.0,0.25,0.0,0.0,1.0,0.7,0.0,0.1,0.6,0.0,0.6,0.0,0.5,0.4285714285714286,5.0,21.5,8.2,4.0,0.488,3.6,1.0,0.278,0.6,0.6,1.0,9.6,1.2,0.8,8.2,2.0,6.2,0.2,0.5671077504725899,0.5487804878048781,0.5518981264749362,-1.52001302203983,2022-23
1626172,Kevon Looney,1610612744,GSW,82.0,23.9,4.7,3.0,0.63,0.0,0.0,0.0,1.9,1.1,0.606,7.0,2.5,0.5,9.3,3.3,5.9,1.9,0.6322254335260115,0.6382978723404255,31.0,2.5,0.4,0.1,0.25,0.0,0.0,0.0,0.5,0.3,0.714,0.5,0.2,0.0,1.0,0.5,0.5,0.5,0.40322580645161293,0.25,13.0,25.0,4.9,2.8,0.578,0.0,0.0,0.0,1.4,0.8,0.556,6.5,3.3,1.0,13.1,4.7,8.4,3.8,0.5891950688905003,0.5714285714285714,0.542887680479518,-1.6797791114936391,2022-23
1626174,Christian Wood,1610612742,DAL,67.0,25.9,11.5,5.9,0.515,4.2,1.6,0.376,4.2,3.2,0.772,16.6,1.8,1.8,7.3,1.3,6.0,-0.7,0.6218160023973629,0.5826086956521739,31.0,3.3,1.0,0.4,0.433,0.5,0.2,0.333,0.6,0.5,0.778,1.5,0.2,0.2,0.9,0.2,0.7,0.3,0.5933544303797468,0.5,,,,,,,,,,,,,,,,,,,,,0.6115372732254424,-0.4625389236949413,2022-23
1626179,Terry Rozier,1610612766,CHA,63.0,35.3,18.9,7.8,0.415,8.0,2.6,0.327,3.5,2.8,0.809,21.1,5.1,2.1,4.1,0.8,3.3,-4.6,0.5161448140900197,0.4814814814814815,33.0,3.7,2.3,0.7,0.289,1.0,0.2,0.242,0.7,0.6,0.913,2.2,0.5,0.1,0.2,0.1,0.1,-0.5,0.42177914110429454,0.34782608695652173,,,,,,,,,,,,,,,,,,,,,0.4654036776015379,-3.053664060289446,2022-23
1626181,Norman Powell,1610612746,LAC,60.0,26.1,11.8,5.7,0.479,4.8,1.9,0.397,4.6,3.8,0.812,17.0,1.8,1.7,2.9,0.4,2.5,-2.1,0.6148726851851851,0.5635593220338982,26.0,2.6,0.6,0.3,0.438,0.3,0.1,0.429,0.7,0.5,0.824,1.2,0.0,0.1,0.1,0.0,0.0,0.4,0.6607929515418502,0.5833333333333334,5.0,33.5,15.2,7.2,0.474,6.4,2.6,0.406,6.2,4.8,0.774,21.8,2.2,1.6,3.0,0.8,2.2,-2.6,0.607987505577867,0.5592105263157895,0.6318215965960287,-0.10287337286838216,2022-23
1626192,Pat Connaughton,1610612749,MIL,61.0,23.7,6.9,2.7,0.392,5.3,1.8,0.339,0.7,0.4,0.659,7.6,1.3,0.5,4.6,0.8,3.8,2.2,0.5271920088790233,0.5217391304347826,21.0,2.0,0.2,0.0,0.25,0.2,0.0,0.25,0.0,0.0,0.0,0.1,0.1,0.0,0.4,0.0,0.4,1.4,0.25,0.0,4.0,22.1,7.5,4.3,0.567,5.8,2.8,0.478,1.0,0.8,0.75,12.0,1.8,0.5,5.0,1.0,4.0,-5.3,0.7556675062972292,0.7599999999999999,0.551930972019336,-1.5194306308699126,2022-23
1626195,Willy Hernangomez,1610612740,NOP,38.0,12.0,4.4,2.3,0.527,0.3,0.1,0.273,2.7,2.1,0.779,6.9,0.9,1.0,4.7,1.5,3.2,0.5,0.617394416607015,0.534090909090909,2.0,1.8,0.0,0.0,0.0,0.0,0.0,0.0,1.0,1.0,1.0,1.0,0.0,0.0,1.0,0.0,1.0,2.0,1.1363636363636365,,,,,,,,,,,,,,,,,,,,,,0.9633738964447627,5.775949320612531,2022-23
1626196,Josh Richardson,1610612740,NOP,65.0,23.5,8.5,3.7,0.431,4.5,1.6,0.365,1.2,1.1,0.852,10.1,2.7,1.3,2.7,0.6,2.1,-2.5,0.5593708462560921,0.5294117647058824,22.0,1.7,0.3,0.1,0.429,0.2,0.0,0.2,0.1,0.1,1.0,0.4,0.1,0.2,0.1,0.0,0.1,-1.7,0.5813953488372093,0.33333333333333337,,,,,,,,,,,,,,,,,,,,,0.5775832597411276,-1.0645845891824557,2022-23
1626204,Larry Nance Jr.,1610612740,NOP,65.0,21.2,4.7,2.9,0.61,0.6,0.2,0.333,1.2,0.8,0.696,6.8,1.8,0.6,5.4,1.6,3.8,2.8,0.650344299923489,0.6382978723404255,23.0,3.9,1.0,0.5,0.522,0.1,0.0,0.0,0.3,0.2,0.571,1.2,0.3,0.0,1.0,0.3,0.7,1.8,0.5300353356890458,0.5,,,,,,,,,,,,,,,,,,,,,0.5914149195073475,-0.8193325569713732,2022-23
1626220,Royce O'Neale,1610612751,BKN,76.0,31.7,7.8,3.0,0.386,5.5,2.1,0.389,0.9,0.7,0.725,8.8,3.7,1.5,5.1,0.7,4.3,1.0,0.5368472425573451,0.5192307692307693,37.0,3.0,0.5,0.3,0.5,0.4,0.2,0.5,0.0,0.0,0.0,0.8,0.3,0.1,0.5,0.2,0.3,0.8,0.8,0.8,4.0,29.5,7.3,1.8,0.241,5.5,1.0,0.182,0.5,0.5,1.0,5.0,3.5,1.0,4.3,1.0,3.3,-10.0,0.3324468085106383,0.3150684931506849,0.5287748677576446,-1.9300163251581122,2022-23
1626224,Cedi Osman,1610612739,CLE,77.0,20.1,6.9,3.1,0.451,4.1,1.5,0.372,1.4,1.0,0.694,8.7,1.5,0.7,2.3,0.3,2.0,3.0,0.5787653006918573,0.5579710144927537,15.0,2.2,0.5,0.2,0.429,0.3,0.1,0.2,0.3,0.3,1.0,0.7,0.0,0.1,0.2,0.0,0.2,0.5,0.5537974683544303,0.5,5.0,18.6,5.0,1.8,0.36,4.0,1.2,0.3,1.8,1.2,0.667,6.0,1.0,1.0,3.0,0.2,2.8,-5.2,0.5179558011049724,0.48,0.5472843169298165,-1.6018214373927737,2022-23
1627732,Ben Simmons,1610612751,BKN,42.0,26.3,5.6,3.2,0.566,0.0,0.0,0.0,1.4,0.6,0.439,6.9,6.1,2.3,6.3,1.0,5.3,1.0,0.5550193050193051,0.5714285714285715,11.0,2.8,0.2,0.1,0.5,0.0,0.0,0.0,0.5,0.3,0.5,0.5,0.4,0.0,0.8,0.2,0.6,-0.5,0.5952380952380952,0.5,,,,,,,,,,,,,,,,,,,,,0.5854032604026227,-0.925926533205141,2022-23
1627734,Domantas Sabonis,1610612758,SAC,79.0,34.6,11.9,7.3,0.615,1.1,0.4,0.373,5.5,4.1,0.742,19.1,7.3,2.9,12.3,3.2,9.1,2.7,0.6668994413407822,0.6302521008403361,39.0,3.9,1.0,0.5,0.553,0.0,0.0,0.0,0.8,0.6,0.8,1.7,0.4,0.2,1.1,0.4,0.6,1.4,0.6286982248520709,0.5,7.0,34.7,14.1,7.0,0.495,0.7,0.1,0.2,4.0,2.3,0.571,16.4,4.7,3.7,11.0,4.4,6.6,-7.0,0.5170239596469104,0.5,0.5876313230081075,-0.8864202923689408,2022-23
1627736,Malik Beasley,1610612747,LAL,81.0,25.8,11.6,4.6,0.395,8.1,2.9,0.357,0.8,0.6,0.769,12.7,1.5,1.1,3.5,0.4,3.1,-1.1,0.5312918340026773,0.521551724137931,41.0,2.0,0.6,0.1,0.231,0.5,0.1,0.227,0.1,0.1,1.0,0.6,0.0,0.0,0.2,0.0,0.2,0.6,0.4658385093167702,0.25000000000000006,11.0,8.3,3.1,0.9,0.294,2.4,0.6,0.269,0.5,0.5,1.0,3.0,0.2,0.2,0.7,0.3,0.5,-0.9,0.4518072289156626,0.3870967741935484,0.47490417035652516,-2.8852088499568627,2022-23
1627739,Kris Dunn,1610612762,UTA,22.0,25.8,9.8,5.3,0.537,1.6,0.8,0.472,2.4,1.9,0.774,13.2,5.6,1.6,4.5,0.4,4.1,-2.8,0.6079587324981576,0.5816326530612245,8.0,4.3,0.9,0.6,0.714,0.1,0.1,1.0,0.5,0.4,0.75,1.8,0.6,0.0,0.8,0.0,0.8,1.8,0.8035714285714285,0.7222222222222222,,,,,,,,,,,,,,,,,,,,,0.7475508700154554,1.9491464116078046,2022-23
1627741,Buddy Hield,1610612754,IND,80.0,31.0,13.0,5.9,0.458,8.5,3.6,0.425,1.6,1.3,0.822,16.8,2.8,1.7,5.0,0.8,4.2,-1.1,0.6129597197898424,0.5923076923076923,45.0,3.3,1.2,0.5,0.434,0.7,0.3,0.394,0.2,0.2,0.909,1.5,0.1,0.1,0.6,0.2,0.4,-0.2,0.5822981366459627,0.5416666666666667,,,,,,,,,,,,,,,,,,,,,0.6017494335906485,-0.6360891412365799,2022-23
1627742,Brandon Ingram,1610612740,NOP,45.0,34.2,18.6,9.0,0.484,3.6,1.4,0.39,6.0,5.3,0.882,24.7,5.8,3.3,5.5,0.5,5.0,2.1,0.5814500941619585,0.5215053763440859,19.0,3.2,2.2,1.3,0.571,0.1,0.1,0.5,1.2,1.2,1.0,3.7,0.6,0.4,0.2,0.0,0.2,0.5,0.6781524926686217,0.6136363636363636,,,,,,,,,,,,,,,,,,,,,0.6577463168216786,0.35680322613041326,2022-23
1627745,Damian Jones,1610612762,UTA,41.0,11.6,2.1,1.3,0.64,0.4,0.2,0.588,0.7,0.5,0.759,3.5,0.4,0.6,3.0,1.0,2.0,-2.0,0.7267441860465117,0.6666666666666667,3.0,2.2,0.0,0.0,0.0,0.0,0.0,0.0,0.7,0.7,1.0,0.7,0.0,0.0,0.7,0.0,0.7,-0.3,1.1363636363636362,,,,,,,,,,,,,,,,,,,,,,0.9998238195912613,6.422250478731579,2022-23
1627747,Caris LeVert,1610612739,CLE,74.0,30.2,10.0,4.3,0.431,4.4,1.7,0.392,2.4,1.8,0.722,12.1,3.9,1.6,3.8,0.7,3.1,2.6,0.5472141823444283,0.5149999999999999,38.0,3.5,1.0,0.4,0.368,0.4,0.2,0.5,0.3,0.2,0.9,1.2,0.3,0.1,0.4,0.1,0.3,0.8,0.5300353356890458,0.5,5.0,33.9,12.6,5.4,0.429,7.2,2.6,0.361,2.6,1.6,0.615,15.0,2.6,1.0,4.6,0.8,3.8,-6.2,0.5456926658905704,0.5317460317460317,0.5507271418980386,-1.5407759927914206,2022-23
1627749,Dejounte Murray,1610612737,ATL,74.0,36.4,17.8,8.3,0.464,5.2,1.8,0.344,2.6,2.1,0.832,20.5,6.1,2.2,5.3,0.7,4.5,-0.8,0.5410684121621621,0.5168539325842697,40.0,4.0,2.3,1.0,0.446,0.5,0.2,0.316,0.8,0.7,0.813,2.9,0.2,0.1,0.7,0.1,0.6,-1.5,0.5467571644042233,0.47826086956521746,5.0,38.1,20.6,9.2,0.447,7.4,2.8,0.378,1.8,1.8,1.0,23.0,6.8,2.0,7.2,1.8,5.4,-6.8,0.5375841436050859,0.5145631067961165,0.5541438769448584,-1.480193154005443,2022-23
1627750,Jamal Murray,1610612743,DEN,65.0,32.8,16.0,7.3,0.454,6.6,2.6,0.398,3.3,2.8,0.833,20.0,6.2,2.2,4.0,0.7,3.2,4.6,0.5730002292000917,0.5375,26.0,4.0,2.0,0.7,0.353,1.1,0.4,0.379,1.0,0.8,0.808,2.6,0.8,0.3,0.5,0.1,0.5,2.0,0.5327868852459017,0.44999999999999996,20.0,39.9,20.5,9.7,0.473,7.5,3.0,0.396,4.1,3.8,0.926,26.1,7.1,2.5,5.7,0.8,4.9,9.1,0.5850968436154951,0.5463414634146341,0.5781440884222822,-1.0546404193503331,2022-23
1627751,Jakob Poeltl,1610612761,TOR,72.0,26.5,8.6,5.4,0.629,0.0,0.0,0.0,2.8,1.7,0.592,12.5,2.7,1.7,9.1,3.3,5.8,-2.0,0.635679414157852,0.6279069767441862,20.0,3.4,0.6,0.5,0.75,0.0,0.0,0.0,0.5,0.2,0.4,1.1,0.4,0.3,0.9,0.4,0.5,-1.8,0.6707317073170732,0.8333333333333334,,,,,,,,,,,,,,,,,,,,,0.6660243537825681,0.5035828188684324,2022-23
1627752,Taurean Prince,1610612750,MIN,54.0,22.1,7.0,3.3,0.467,3.6,1.4,0.381,1.4,1.2,0.844,9.1,1.6,1.3,2.4,0.3,2.2,0.0,0.5974264705882353,0.5714285714285714,20.0,2.0,0.4,0.2,0.5,0.2,0.1,0.667,0.3,0.3,1.0,0.8,0.1,0.2,0.3,0.1,0.3,1.7,0.7518796992481203,0.625,5.0,20.0,6.6,2.4,0.364,4.2,1.6,0.381,1.8,1.4,0.778,7.8,0.8,1.0,1.4,0.6,0.8,-7.0,0.5275974025974026,0.4848484848484849,0.6197106318595833,-0.31761540411064715,2022-23
1627759,Jaylen Brown,1610612738,BOS,67.0,35.9,20.6,10.1,0.491,7.3,2.4,0.335,5.1,3.9,0.765,26.6,3.5,2.9,6.9,1.2,5.7,3.8,0.5822097706181054,0.5485436893203882,30.0,4.9,2.3,1.0,0.426,0.8,0.2,0.25,1.2,0.8,0.714,3.0,0.4,0.1,1.1,0.3,0.8,1.4,0.5304101838755304,0.47826086956521746,20.0,37.6,18.3,9.1,0.496,5.7,2.0,0.354,3.7,2.6,0.689,22.7,3.4,3.3,5.6,1.3,4.4,2.1,0.5695503813729426,0.5519125683060109,0.5697785956244797,-1.202970709697615,2022-23
1627763,Malcolm Brogdon,1610612738,BOS,67.0,26.0,10.9,5.3,0.484,4.4,2.0,0.444,2.7,2.4,0.87,14.9,3.7,1.5,4.2,0.6,3.6,2.7,0.6163136995367307,0.5779816513761468,24.0,3.7,0.7,0.4,0.588,0.3,0.2,0.5,0.8,0.8,0.9,1.8,0.3,0.2,0.4,0.0,0.3,0.4,0.8555133079847909,0.7142857142857143,19.0,24.9,10.3,4.3,0.418,4.6,1.7,0.379,1.8,1.5,0.829,11.9,2.9,1.0,3.5,0.7,2.8,3.0,0.5364226469527588,0.4999999999999999,0.6625233944087994,0.44150658104756246,2022-23
1627777,Georges Niang,1610612755,PHI,78.0,19.4,6.4,2.8,0.442,4.9,2.0,0.401,0.6,0.5,0.867,8.2,1.0,0.7,2.4,0.2,2.1,1.0,0.6152460984393756,0.5937499999999999,20.0,2.1,0.6,0.4,0.583,0.5,0.3,0.556,0.1,0.1,1.0,1.0,0.1,0.0,0.1,0.0,0.1,2.0,0.7763975155279503,0.9166666666666667,11.0,14.3,3.3,1.6,0.5,2.4,1.1,0.462,0.0,0.0,0.0,4.4,0.2,0.5,0.4,0.0,0.4,-1.3,0.6666666666666667,0.6515151515151516,0.7040485215810812,1.1777972358898516,2022-23
1627780,Gary Payton II,1610612744,GSW,22.0,16.7,3.1,1.9,0.594,1.2,0.6,0.5,0.3,0.3,0.857,4.6,1.4,0.7,3.1,1.1,2.0,1.8,0.7116336633663365,0.7096774193548386,7.0,1.1,0.0,0.0,0.0,0.0,0.0,0.0,0.3,0.3,1.0,0.3,0.0,0.0,0.1,0.0,0.1,0.6,1.1363636363636362,,12.0,16.0,4.5,3.0,0.667,1.3,0.3,0.267,0.8,0.5,0.667,6.8,0.8,0.9,3.7,1.8,1.8,-3.8,0.7007419620774937,0.7,0.8477644703876818,3.7260545746109184,2022-23
1627783,Pascal Siakam,1610612761,TOR,71.0,37.4,18.5,8.9,0.48,4.0,1.3,0.324,6.7,5.2,0.774,24.2,5.8,2.4,7.8,1.8,6.0,1.7,0.5641551659828422,0.5162162162162163,36.0,3.6,1.6,0.6,0.362,0.3,0.0,0.1,0.8,0.6,0.741,1.8,0.5,0.2,0.6,0.2,0.4,-0.2,0.4610655737704918,0.37499999999999994,,,,,,,,,,,,,,,,,,,,,0.5040774198227898,-2.3679319042589952,2022-23
1627814,Damion Lee,1610612756,PHX,74.0,20.4,6.1,2.7,0.442,3.3,1.5,0.445,1.4,1.3,0.904,8.2,1.3,1.1,3.0,0.5,2.5,1.1,0.6104824300178678,0.5655737704918034,23.0,2.2,0.7,0.3,0.5,0.5,0.3,0.545,0.2,0.2,0.8,1.1,0.0,0.1,0.3,0.2,0.1,1.0,0.6979695431472083,0.6428571428571428,8.0,11.1,2.5,0.8,0.3,1.9,0.4,0.2,0.3,0.3,1.0,2.1,0.6,0.1,1.4,0.5,0.9,0.0,0.39893617021276595,0.4,0.5453470809926148,-1.6361709701676759,2022-23
1627823,Juancho Hernangomez,1610612761,TOR,42.0,14.6,2.7,1.1,0.421,1.6,0.4,0.254,0.4,0.2,0.563,2.9,0.6,0.4,2.9,0.6,2.3,0.3,0.5041724617524339,0.48148148148148145,3.0,4.3,0.3,0.3,1.0,0.0,0.0,0.0,0.0,0.0,0.0,0.7,0.0,0.3,0.7,0.0,0.7,2.0,1.1666666666666667,1.0,,,,,,,,,,,,,,,,,,,,,0.956946376135585,5.661981622986415,2022-23
1627826,Ivica Zubac,1610612746,LAC,76.0,28.5,6.8,4.3,0.634,0.0,0.0,0.0,3.1,2.2,0.697,10.8,1.0,1.5,9.9,3.1,6.8,-0.4,0.6614404703576678,0.6323529411764706,28.0,2.0,0.5,0.5,0.933,0.0,0.0,0.0,0.2,0.1,0.4,1.1,0.0,0.0,0.5,0.1,0.3,-0.3,0.9353741496598641,1.0,5.0,26.0,6.0,3.4,0.567,0.0,0.0,0.0,3.2,2.4,0.75,9.2,0.6,2.2,9.6,3.2,6.4,-9.2,0.620950323974082,0.5666666666666667,0.7398595647753298,1.8127702808773947,2022-23
1627827,Dorian Finney-Smith,1610612751,BKN,66.0,30.4,7.6,3.0,0.391,5.1,1.7,0.337,0.9,0.7,0.763,8.3,1.5,0.9,4.8,1.7,3.1,-0.1,0.5190095047523763,0.5065789473684211,34.0,3.5,0.8,0.3,0.407,0.6,0.3,0.474,0.4,0.2,0.583,1.1,0.1,0.1,0.4,0.2,0.2,-1.2,0.5635245901639344,0.5624999999999999,4.0,25.1,5.8,2.3,0.391,4.3,1.8,0.412,0.0,0.0,0.0,6.3,0.8,1.3,4.5,1.5,3.0,-4.0,0.5431034482758621,0.5517241379310345,0.5564211541060605,-1.4398142796597408,2022-23
1627832,Fred VanVleet,1610612761,TOR,69.0,36.7,16.1,6.3,0.393,8.8,3.0,0.342,4.1,3.7,0.898,19.3,7.2,2.0,4.1,0.4,3.6,2.8,0.5389857015192137,0.48447204968944096,37.0,3.7,1.8,0.5,0.299,1.1,0.3,0.25,0.4,0.4,0.929,1.7,0.6,0.2,0.4,0.1,0.3,-0.4,0.43016194331983804,0.3611111111111111,,,,,,,,,,,,,,,,,,,,,0.4776166536092047,-2.8371132460089648,2022-23
1627854,Bryn Forbes,1610612750,MIN,25.0,10.7,3.3,1.2,0.361,1.8,0.6,0.304,0.6,0.6,1.0,3.6,0.7,0.5,0.6,0.2,0.4,-1.9,0.5050505050505051,0.4545454545454546,,,,,,,,,,,,,,,,,,,,,,,,,,,,,,,,,,,,,,,,,0.5050505050505051,-2.350677927972317,2022-23
1627863,Danuel House Jr.,1610612755,PHI,56.0,14.4,3.5,1.7,0.472,2.0,0.7,0.336,1.1,0.8,0.75,4.8,0.8,0.5,1.7,0.2,1.5,-0.3,0.6024096385542168,0.5857142857142856,9.0,1.1,0.3,0.2,0.667,0.1,0.0,0.0,0.2,0.1,0.5,0.6,0.0,0.1,0.3,0.0,0.3,-0.6,0.7731958762886597,0.6666666666666667,7.0,6.0,3.0,1.3,0.429,1.4,0.1,0.1,0.1,0.1,1.0,2.9,0.1,0.1,1.7,0.0,1.7,-3.6,0.47634691195795004,0.45,0.604878449736544,-0.5806079060433653,2022-23
1627884,Derrick Jones Jr.,1610612741,CHI,64.0,14.0,3.6,1.8,0.5,1.3,0.4,0.338,1.3,1.0,0.738,5.0,0.5,0.4,2.4,0.9,1.5,1.9,0.5992329817833173,0.5555555555555556,7.0,1.8,0.1,0.1,1.0,0.0,0.0,0.0,0.6,0.1,0.25,0.4,0.1,0.1,0.6,0.1,0.4,-2.3,0.5494505494505495,1.0,,,,,,,,,,,,,,,,,,,,,0.5688224713384783,-1.2199239480039044,2022-23
1627885,Shaquille Harrison,1610612747,LAL,5.0,24.0,7.2,3.0,0.417,2.0,0.6,0.3,3.0,2.2,0.733,8.8,6.0,1.2,4.4,0.2,4.2,-0.2,0.5164319248826291,0.4583333333333333,,,,,,,,,,,,,,,,,,,,,8.0,3.5,0.9,0.5,0.571,0.1,0.1,1.0,0.3,0.1,0.5,1.3,1.1,0.0,0.4,0.0,0.4,0.3,0.6298449612403101,0.6111111111111112,0.6014917021508899,-0.6406590309268871,2022-23
1627936,Alex Caruso,1610612741,CHI,67.0,23.5,4.3,1.9,0.455,2.3,0.8,0.364,1.1,0.9,0.808,5.6,2.9,1.1,2.9,0.6,2.3,3.0,0.5852842809364548,0.5348837209302325,28.0,3.7,0.3,0.2,0.556,0.1,0.0,0.25,0.1,0.0,0.5,0.4,0.5,0.1,0.4,0.1,0.3,-0.6,0.5813953488372093,0.6666666666666667,,,,,,,,,,,,,,,,,,,,,0.589668403721382,-0.8503003911312952,2022-23
1628221,Gabe York,1610612754,IND,3.0,18.6,7.0,2.7,0.381,6.0,2.0,0.333,0.7,0.7,1.0,8.0,1.7,0.0,2.0,0.0,2.0,8.0,0.5473453749315819,0.5285714285714286,,,,,,,,,,,,,,,,,,,,,,,,,,,,,,,,,,,,,,,,,0.5473453749315819,-1.6007388052814573,2022-23
1628365,Markelle Fultz,1610612753,ORL,60.0,29.6,11.3,5.8,0.514,1.5,0.5,0.31,2.4,1.9,0.783,14.0,5.7,2.3,3.9,1.2,2.8,-2.2,0.5665263839430236,0.5353982300884955,29.0,3.5,1.5,0.9,0.591,0.1,0.0,0.0,0.8,0.7,0.87,2.5,0.6,0.2,0.6,0.2,0.4,1.0,0.6749460043196543,0.6,,,,,,,,,,,,,,,,,,,,,0.6520804671427886,0.25634086865225036,2022-23
1628368,De'Aaron Fox,1610612758,SAC,73.0,33.4,18.2,9.3,0.512,5.0,1.6,0.324,6.0,4.7,0.78,25.0,6.1,2.5,4.2,0.5,3.6,2.4,0.5998080614203455,0.5549450549450551,39.0,4.1,3.5,1.8,0.529,0.6,0.2,0.318,1.3,1.1,0.86,5.0,0.5,0.3,0.5,0.1,0.4,0.6,0.6139489194499017,0.5428571428571429,7.0,38.5,23.6,10.0,0.424,9.0,3.0,0.333,5.9,4.4,0.756,27.4,7.7,4.0,5.4,1.7,3.7,-2.9,0.5229806077263703,0.4872881355932203,0.5853387231462559,-0.9270708567024517,2022-23
1628369,Jayson Tatum,1610612738,BOS,74.0,36.9,21.1,9.8,0.466,9.3,3.2,0.35,8.4,7.2,0.854,30.1,4.6,2.9,8.8,1.1,7.7,6.4,0.6069527343119857,0.5402843601895735,32.0,4.4,2.4,0.8,0.351,0.7,0.2,0.217,1.5,1.2,0.792,3.0,0.5,0.4,1.3,0.3,1.1,1.6,0.49019607843137253,0.375,20.0,40.0,20.2,9.3,0.458,8.2,2.7,0.323,6.9,6.0,0.876,27.2,5.3,2.8,10.5,1.3,9.2,4.0,0.585298674470649,0.5272277227722773,0.5685812266801789,-1.2242015071477823,2022-23
1628370,Malik Monk,1610612758,SAC,77.0,22.3,10.3,4.6,0.448,5.2,1.9,0.359,2.7,2.4,0.889,13.5,3.9,1.9,2.6,0.4,2.2,0.9,0.5875696378830083,0.5388349514563107,24.0,3.6,1.6,0.8,0.526,0.7,0.3,0.438,0.6,0.5,0.857,2.5,0.6,0.1,0.3,0.0,0.3,1.1,0.6706008583690987,0.59375,7.0,29.3,13.3,5.4,0.409,5.6,1.9,0.333,7.0,6.3,0.898,19.0,3.6,2.0,5.4,0.9,4.6,5.1,0.5799755799755799,0.4774436090225564,0.6269836630056737,-0.1886557782189353,2022-23
1628371,Jonathan Isaac,1610612753,ORL,11.0,11.3,4.8,2.0,0.415,1.4,0.5,0.4,0.8,0.5,0.556,5.0,0.5,0.4,4.0,1.4,2.6,-1.7,0.48524844720496896,0.46875,2.0,0.0,0.0,0.0,0.0,0.0,0.0,0.0,0.0,0.0,0.0,0.0,0.0,0.0,0.0,0.0,0.0,-1.0,,,,,,,,,,,,,,,,,,,,,,,0.16174948240165632,-8.437819665683183,2022-23
1628372,Dennis Smith Jr.,1610612766,CHA,54.0,25.7,8.4,3.4,0.412,2.1,0.4,0.216,2.0,1.4,0.736,8.8,4.8,1.5,3.1,0.5,2.6,-1.3,0.47413793103448276,0.42857142857142855,20.0,2.7,1.2,0.6,0.5,0.4,0.1,0.143,0.4,0.2,0.375,1.4,0.5,0.0,0.3,0.1,0.2,-0.1,0.5087209302325582,0.5416666666666667,,,,,,,,,,,,,,,,,,,,,0.5114789781172133,-2.236693336804537,2022-23
1628373,Frank Ntilikina,1610612742,DAL,47.0,12.9,2.8,1.0,0.364,1.4,0.4,0.254,0.7,0.5,0.667,2.9,1.2,0.6,1.3,0.1,1.2,0.7,0.4665379665379666,0.4285714285714286,12.0,1.3,0.2,0.1,0.5,0.1,0.0,0.0,0.0,0.0,0.0,0.2,0.0,0.1,0.3,0.1,0.2,-0.7,0.5,0.5,,,,,,,,,,,,,,,,,,,,,0.49598884598629495,-2.5113520869860526,2022-23
1628374,Lauri Markkanen,1610612762,UTA,66.0,34.4,17.3,8.7,0.499,7.7,3.0,0.391,6.0,5.3,0.875,25.6,1.9,1.9,8.6,2.0,6.7,2.5,0.641925777331996,0.5895953757225433,42.0,3.7,1.5,0.7,0.431,0.6,0.3,0.407,1.2,1.0,0.857,2.6,0.1,0.2,1.1,0.3,0.9,0.4,0.6410256410256411,0.5666666666666667,,,,,,,,,,,,,,,,,,,,,0.6499962066918054,0.21938441368585337,2022-23
1628378,Donovan Mitchell,1610612739,CLE,68.0,35.8,20.6,10.0,0.484,9.3,3.6,0.386,5.4,4.7,0.867,28.3,4.4,2.6,4.3,0.9,3.3,5.0,0.6158600278551531,0.5728155339805825,40.0,3.9,2.8,1.1,0.405,1.0,0.3,0.317,1.1,0.9,0.833,3.5,0.4,0.3,0.7,0.3,0.4,1.0,0.5328867235079172,0.44642857142857145,5.0,41.3,20.8,9.0,0.433,9.0,2.6,0.289,3.6,2.6,0.722,23.2,7.2,3.8,5.0,0.6,4.4,-1.8,0.5182273052180129,0.4951923076923077,0.5529781314298865,-1.500863229861853,2022-23
1628379,Luke Kennard,1610612763,MEM,59.0,22.3,6.5,3.2,0.492,4.6,2.3,0.494,0.7,0.6,0.949,9.3,1.5,0.8,2.7,0.3,2.4,3.6,0.6830199764982374,0.6692307692307692,19.0,1.9,0.2,0.1,0.5,0.2,0.1,0.667,0.3,0.3,1.0,0.6,0.1,0.1,0.2,0.0,0.2,1.9,0.9036144578313252,0.7500000000000001,5.0,21.3,4.6,2.4,0.522,3.2,1.6,0.5,0.8,0.8,1.0,7.2,1.4,0.2,4.0,1.0,3.0,7.8,0.7269789983844911,0.6956521739130436,0.7816079042955099,2.5530187602224483,2022-23
1628380,Zach Collins,1610612759,SAS,63.0,22.9,8.7,4.5,0.518,2.3,0.9,0.374,2.3,1.7,0.761,11.6,2.9,2.0,6.4,1.8,4.5,-3.8,0.5971993410214168,0.5689655172413793,16.0,3.1,0.8,0.3,0.385,0.3,0.1,0.2,1.1,0.8,0.706,1.4,0.3,0.4,0.8,0.1,0.6,-0.4,0.5451713395638629,0.43749999999999994,,,,,,,,,,,,,,,,,,,,,0.5717094090141744,-1.1687350564465522,2022-23
1628381,John Collins,1610612737,ATL,71.0,30.0,10.0,5.1,0.508,3.4,1.0,0.292,2.5,2.0,0.803,13.1,1.2,1.1,6.5,1.1,5.4,-0.3,0.5900900900900901,0.5599999999999999,36.0,3.4,0.8,0.4,0.467,0.3,0.1,0.333,0.3,0.2,0.667,1.0,0.1,0.1,0.8,0.2,0.6,-0.4,0.5364806866952789,0.5625,6.0,27.4,10.0,4.3,0.433,5.3,1.8,0.344,1.0,0.8,0.833,11.3,0.8,1.5,4.3,1.2,3.2,-1.5,0.5411877394636015,0.52,0.5557691136444421,-1.451375744516353,2022-23
1628384,OG Anunoby,1610612761,TOR,67.0,35.6,13.2,6.3,0.476,5.5,2.1,0.387,2.5,2.1,0.838,16.8,2.0,2.0,5.0,1.4,3.5,2.0,0.5874125874125875,0.5568181818181818,35.0,3.7,0.9,0.4,0.424,0.4,0.1,0.267,0.5,0.5,0.895,1.4,0.2,0.1,0.7,0.1,0.6,0.7,0.6249999999999999,0.5,,,,,,,,,,,,,,,,,,,,,0.6192890442885277,-0.32509066089861705,2022-23
1628386,Jarrett Allen,1610612739,CLE,68.0,32.6,9.2,5.9,0.644,0.1,0.0,0.1,3.3,2.4,0.733,14.3,1.7,1.4,9.8,3.3,6.5,5.1,0.6712354487420203,0.641304347826087,35.0,3.7,0.5,0.2,0.444,0.0,0.0,0.0,0.5,0.3,0.688,0.8,0.0,0.1,1.1,0.4,0.7,0.1,0.5555555555555556,0.4,5.0,38.1,7.2,4.4,0.611,0.0,0.0,0.0,1.2,0.6,0.5,9.4,2.4,0.6,7.4,3.0,4.4,-5.6,0.6081780538302278,0.6111111111111112,0.6065815694987408,-0.5504095357944312,2022-23
1628389,Bam Adebayo,1610612748,MIA,75.0,34.6,14.9,8.0,0.54,0.2,0.0,0.083,5.4,4.3,0.806,20.4,3.2,2.5,9.2,2.5,6.7,1.6,0.59041444778884,0.5369127516778524,47.0,3.8,1.1,0.6,0.58,0.0,0.0,0.0,0.7,0.7,0.914,1.9,0.3,0.2,0.9,0.3,0.6,1.9,0.674715909090909,0.5454545454545454,23.0,36.9,15.1,7.3,0.481,0.1,0.0,0.0,4.1,3.4,0.821,17.9,3.7,2.7,9.9,2.7,7.1,1.8,0.529460482725982,0.48344370860927155,0.5954205026931756,-0.748308729526304,2022-23
1628392,Isaiah Hartenstein,1610612752,NYK,82.0,19.9,4.0,2.1,0.535,0.5,0.1,0.216,0.9,0.6,0.676,5.0,1.2,0.8,6.5,2.5,4.0,1.8,0.5686988171064604,0.5375,20.0,2.7,0.5,0.3,0.667,0.1,0.0,0.0,0.1,0.1,1.0,0.7,0.0,0.1,0.6,0.3,0.3,-1.7,0.6433823529411764,0.6,11.0,20.0,2.1,1.0,0.478,0.0,0.0,0.0,1.5,1.1,0.75,3.1,1.3,0.5,4.6,2.1,2.5,-0.2,0.5615942028985507,0.47619047619047616,0.6025410219442858,-0.6220533237218735,2022-23
1628398,Kyle Kuzma,1610612764,WAS,64.0,35.0,17.8,8.0,0.448,7.5,2.5,0.333,3.7,2.7,0.73,21.2,3.7,3.0,7.2,0.9,6.4,0.2,0.5456042824788964,0.5196629213483146,36.0,3.6,1.5,0.5,0.333,0.9,0.2,0.219,0.5,0.3,0.556,1.5,0.0,0.2,0.6,0.1,0.4,-0.3,0.436046511627907,0.39999999999999997,,,,,,,,,,,,,,,,,,,,,0.4809927348698982,-2.7772512479487617,2022-23
1628401,Derrick White,1610612738,BOS,82.0,28.3,9.2,4.3,0.462,4.8,1.8,0.381,2.3,2.0,0.875,12.4,3.9,1.2,3.6,0.6,2.9,6.0,0.6071288679984332,0.5652173913043479,24.0,2.6,1.0,0.5,0.565,0.5,0.3,0.538,0.2,0.2,1.0,1.6,0.3,0.1,0.2,0.0,0.2,1.1,0.7352941176470588,0.65,20.0,29.7,9.2,4.7,0.505,5.5,2.5,0.455,1.7,1.6,0.912,13.4,2.1,0.9,3.0,0.7,2.3,0.2,0.673502211499799,0.6467391304347827,0.6939068548482011,0.9979732365806111,2022-23
1628404,Josh Hart,1610612752,NYK,76.0,32.3,6.8,3.6,0.529,2.2,0.8,0.372,2.3,1.7,0.75,9.8,3.8,1.5,7.8,1.9,5.9,4.1,0.6272401433691758,0.5882352941176471,40.0,4.1,0.5,0.2,0.429,0.1,0.1,0.6,0.4,0.3,0.714,0.8,0.2,0.2,0.9,0.2,0.7,-1.1,0.591715976331361,0.5,11.0,32.1,8.5,4.1,0.479,2.9,0.9,0.313,2.0,1.3,0.636,10.4,2.2,1.9,7.4,1.6,5.7,-1.7,0.5543710021321961,0.5352941176470588,0.5863171249134704,-0.9097226117496433,2022-23
1628410,Edmond Sumner,1610612751,BKN,53.0,13.9,5.1,2.3,0.461,1.6,0.6,0.356,2.0,1.9,0.917,7.1,1.3,0.9,1.5,0.2,1.2,0.5,0.5936454849498328,0.5098039215686274,6.0,1.8,0.3,0.2,0.5,0.0,0.0,0.0,1.0,0.8,0.833,1.2,0.0,0.0,0.2,0.0,0.2,-1.7,0.8108108108108107,0.6666666666666667,1.0,4.5,0.0,0.0,0.0,0.0,0.0,0.0,0.0,0.0,0.0,0.0,1.0,0.0,0.0,0.0,0.0,-4.0,,,0.3750935373685988,-4.654971914570864,2022-23
1628415,Dillon Brooks,1610612763,MEM,73.0,30.3,13.6,5.4,0.396,6.0,2.0,0.326,2.1,1.6,0.779,14.3,2.6,1.4,3.3,0.6,2.7,2.8,0.4922886257229414,0.4705882352941177,30.0,2.7,0.7,0.3,0.45,0.4,0.2,0.455,0.2,0.1,0.6,0.9,0.1,0.1,0.2,0.1,0.2,0.5,0.5710659898477158,0.5714285714285715,6.0,27.9,12.8,4.0,0.312,7.0,1.7,0.238,1.2,0.8,0.714,10.5,1.8,1.2,3.0,0.5,2.5,-7.3,0.3939075630252101,0.37890624999999994,0.4745042745721516,-2.8922994851696924,2022-23
1628418,Thomas Bryant,1610612743,DEN,59.0,18.3,6.3,3.9,0.623,1.0,0.4,0.441,2.1,1.6,0.738,9.8,0.5,0.6,5.7,1.5,4.3,-1.6,0.6782945736434108,0.6507936507936507,10.0,2.6,1.6,1.2,0.75,0.3,0.1,0.333,0.1,0.1,1.0,2.6,0.0,0.0,1.0,0.6,0.4,2.0,0.7907542579075425,0.78125,1.0,0.5,0.0,0.0,0.0,0.0,0.0,0.0,0.0,0.0,0.0,0.0,0.0,0.0,0.0,0.0,0.0,0.0,,,0.4020306736358768,-4.177343956454722,2022-23
1628420,Monté Morris,1610612764,WAS,62.0,27.4,8.3,4.0,0.48,3.3,1.3,0.382,1.2,1.0,0.831,10.3,5.3,1.0,3.4,0.4,3.0,0.1,0.5833710919800634,0.5602409638554217,23.0,2.5,0.9,0.3,0.35,0.3,0.1,0.25,0.3,0.3,0.75,1.0,0.1,0.1,0.3,0.0,0.3,-0.8,0.4844961240310077,0.38888888888888884,,,,,,,,,,,,,,,,,,,,,0.5282978201733625,-1.93847495495989,2022-23
1628427,Vlatko Čančar,1610612743,DEN,60.0,14.8,3.8,1.8,0.476,1.9,0.7,0.374,0.7,0.6,0.927,5.0,1.3,0.6,2.1,0.4,1.7,-1.1,0.6085686465433301,0.5657894736842105,6.0,4.2,1.5,0.5,0.333,1.0,0.2,0.167,0.0,0.0,0.0,1.2,0.5,0.3,0.5,0.2,0.3,2.8,0.39999999999999997,0.39999999999999997,5.0,2.0,1.0,0.0,0.0,0.8,0.0,0.0,0.0,0.0,0.0,0.0,0.2,0.0,0.6,0.0,0.6,-1.8,0.0,0.0,0.2742351252906935,-6.4433133678575825,2022-23
1628435,Chance Comanche,1610612757,POR,1.0,20.8,5.0,3.0,0.6,0.0,0.0,0.0,4.0,1.0,0.25,7.0,0.0,0.0,3.0,2.0,1.0,-29.0,0.5177514792899408,0.6,,,,,,,,,,,,,,,,,,,,,,,,,,,,,,,,,,,,,,,,,0.5177514792899408,-2.125474315684974,2022-23
1628436,Luke Kornet,1610612738,BOS,69.0,11.7,2.5,1.6,0.665,0.2,0.0,0.231,0.6,0.5,0.821,3.8,0.8,0.4,2.9,1.2,1.6,0.9,0.687409551374819,0.64,9.0,2.3,0.1,0.1,1.0,0.0,0.0,0.0,0.0,0.0,0.0,0.2,0.1,0.1,0.6,0.2,0.3,0.0,1.0,1.0,8.0,4.0,1.0,0.9,0.875,0.1,0.1,1.0,0.3,0.3,1.0,2.1,0.0,0.0,1.3,0.6,0.6,0.4,0.9275618374558303,0.9500000000000001,0.9156825106221183,4.930323452881767,2022-23
1628449,Chris Boucher,1610612761,TOR,76.0,20.0,7.0,3.4,0.493,2.5,0.8,0.328,2.2,1.7,0.762,9.4,0.4,0.5,5.5,2.1,3.5,-0.2,0.589859437751004,0.5428571428571428,9.0,3.0,0.7,0.3,0.5,0.3,0.1,0.333,0.1,0.0,0.0,0.8,0.0,0.1,0.9,0.2,0.7,-1.0,0.5376344086021506,0.5,,,,,,,,,,,,,,,,,,,,,0.5650427516503398,-1.2869429428586017,2022-23
1628464,Daniel Theis,1610612754,IND,7.0,15.5,6.3,3.0,0.477,1.6,0.3,0.182,1.7,0.7,0.417,7.0,1.3,0.4,3.1,1.0,2.1,-2.7,0.4965947786606129,0.5,1.0,0.0,0.0,0.0,0.0,0.0,0.0,0.0,0.0,0.0,0.0,0.0,0.0,0.0,0.0,0.0,0.0,0.0,,,,,,,,,,,,,,,,,,,,,,,0.16553159288687097,-8.370758279108948,2022-23
1628467,Maxi Kleber,1610612742,DAL,37.0,25.1,4.6,2.1,0.456,3.0,1.1,0.348,1.0,0.7,0.711,5.9,1.4,0.7,3.6,0.8,2.8,-1.2,0.5853174603174603,0.5760869565217392,26.0,3.1,0.3,0.2,0.444,0.3,0.2,0.5,0.3,0.2,0.667,0.7,0.1,0.1,0.2,0.1,0.1,-1.0,0.8101851851851851,1.0000000000000002,,,,,,,,,,,,,,,,,,,,,0.7417510160249605,1.8463079958472957,2022-23
1628470,Torrey Craig,1610612756,PHX,79.0,24.7,6.3,2.9,0.456,3.2,1.3,0.395,0.6,0.4,0.711,7.4,1.5,0.9,5.4,1.8,3.6,-2.2,0.5636806825106643,0.5634920634920635,31.0,2.9,0.5,0.2,0.353,0.2,0.1,0.6,0.3,0.2,0.625,0.6,0.1,0.2,0.6,0.3,0.3,-1.5,0.47468354430379744,0.5,11.0,16.7,4.1,2.4,0.578,2.3,1.0,0.44,0.8,0.7,0.889,6.5,0.5,0.3,2.3,0.6,1.6,0.1,0.7300089847259659,0.7073170731707318,0.6251156288179409,-0.22177828040049796,2022-23
1628960,Grayson Allen,1610612749,MIL,72.0,27.4,7.7,3.4,0.44,5.1,2.0,0.399,1.8,1.6,0.905,10.4,2.3,1.0,3.3,0.8,2.4,3.2,0.6123410268487989,0.5714285714285715,26.0,2.9,0.8,0.4,0.5,0.4,0.2,0.5,0.4,0.4,1.0,1.3,0.1,0.2,0.3,0.0,0.3,-0.2,0.665983606557377,0.625,5.0,29.9,8.2,3.8,0.463,5.8,2.8,0.483,1.4,1.2,0.857,11.6,1.8,0.8,2.4,0.2,2.2,-0.6,0.6578947368421053,0.6341463414634146,0.6633883521365727,0.45684332617421397,2022-23
1628962,Udoka Azubuike,1610612762,UTA,36.0,10.0,2.0,1.6,0.819,0.0,0.0,0.0,0.6,0.2,0.35,3.5,0.3,0.5,3.3,0.9,2.4,-2.3,0.7729681978798586,0.8,3.0,3.0,0.3,0.3,1.0,0.0,0.0,0.0,0.0,0.0,0.0,0.7,0.3,0.0,1.3,0.3,1.0,1.3,1.1666666666666667,1.0,,,,,,,,,,,,,,,,,,,,,1.0504338437302305,7.319627328663044,2022-23
1628963,Marvin Bagley III,1610612765,DET,42.0,23.6,9.1,4.8,0.529,1.6,0.5,0.288,2.6,1.9,0.75,12.0,0.9,1.1,6.4,2.2,4.2,-5.5,0.5857087075361187,0.554945054945055,10.0,3.2,0.4,0.1,0.25,0.2,0.0,0.0,0.6,0.4,0.667,0.6,0.0,0.1,0.9,0.2,0.7,-4.1,0.4518072289156626,0.25,,,,,,,,,,,,,,,,,,,,,0.5008366595176027,-2.425394498350359,2022-23
1628964,Mo Bamba,1610612747,LAL,49.0,15.7,4.9,2.4,0.485,2.5,1.0,0.387,1.3,0.8,0.661,6.6,0.9,0.6,4.6,1.2,3.4,0.2,0.6030701754385964,0.5918367346938775,3.0,2.6,0.7,0.3,0.5,0.0,0.0,0.0,0.7,0.7,1.0,1.3,0.3,0.0,1.0,0.3,0.7,0.7,0.6448412698412699,0.4285714285714286,3.0,3.4,0.7,0.0,0.0,0.3,0.0,0.0,0.0,0.0,0.0,0.0,0.3,0.0,1.0,0.0,1.0,2.7,0.0,0.0,0.32974450013632156,-5.459065112929777,2022-23
1628966,Keita Bates-Diop,1610612759,SAS,67.0,21.7,6.9,3.5,0.508,2.1,0.8,0.394,2.2,1.8,0.793,9.7,1.5,0.8,3.7,1.0,2.7,-4.0,0.6164209456024402,0.5652173913043478,10.0,4.3,1.3,0.8,0.615,0.2,0.2,1.0,0.1,0.1,1.0,1.9,0.2,0.1,0.8,0.3,0.5,-1.0,0.706845238095238,0.6923076923076923,,,,,,,,,,,,,,,,,,,,,0.6955443869717198,1.0270086587853058,2022-23
1628969,Mikal Bridges,1610612751,BKN,83.0,35.7,15.3,7.1,0.468,5.3,2.0,0.382,4.3,3.8,0.895,20.1,3.3,1.5,4.4,1.0,3.4,0.4,0.5845742205677059,0.5294117647058824,34.0,4.3,1.1,0.4,0.368,0.4,0.1,0.154,0.5,0.4,0.778,1.3,0.2,0.2,0.4,0.1,0.4,-0.7,0.49242424242424243,0.40909090909090906,4.0,39.4,19.3,8.3,0.429,6.3,2.5,0.4,5.8,4.5,0.783,23.5,4.0,2.0,5.3,0.5,4.8,-11.3,0.5377082189273293,0.49481865284974097,0.5376141028495534,-1.773286011795685,2022-23
1628971,Bruce Brown,1610612743,DEN,80.0,28.5,9.3,4.5,0.483,3.2,1.1,0.358,1.9,1.5,0.758,11.5,3.4,1.5,4.1,0.8,3.3,0.4,0.5672849250197316,0.543010752688172,29.0,2.6,0.7,0.3,0.5,0.3,0.1,0.4,0.2,0.1,0.8,1.0,0.0,0.1,0.2,0.0,0.2,1.1,0.6345177664974619,0.5,20.0,26.6,8.8,4.5,0.511,2.9,0.9,0.316,2.5,2.1,0.857,12.0,1.9,1.2,4.0,0.8,3.3,5.2,0.6060606060606061,0.5625,0.6166105944190331,-0.3725828118603811,2022-23
1628972,Troy Brown Jr.,1610612747,LAL,76.0,24.5,6.1,2.6,0.43,3.7,1.4,0.381,0.5,0.4,0.872,7.1,1.3,0.6,4.1,0.8,3.2,-0.2,0.5617088607594937,0.5409836065573771,23.0,2.9,0.5,0.2,0.417,0.3,0.1,0.375,0.0,0.0,0.0,0.6,0.0,0.0,0.5,0.0,0.4,0.4,0.6,0.5,12.0,10.4,2.3,0.8,0.357,1.3,0.2,0.133,0.0,0.0,0.0,1.8,0.9,0.0,2.0,0.3,1.7,-1.4,0.391304347826087,0.391304347826087,0.4974670386830907,-2.485141945252078,2022-23
1628973,Jalen Brunson,1610612752,NYK,68.0,35.0,17.6,8.6,0.491,4.7,2.0,0.416,5.8,4.8,0.829,24.0,6.2,2.1,3.5,0.6,3.0,2.2,0.5954743946010321,0.5454545454545454,35.0,4.4,2.6,1.3,0.516,0.5,0.2,0.375,1.3,1.1,0.83,4.0,0.5,0.1,0.3,0.1,0.3,-0.2,0.6305170239596469,0.5384615384615385,11.0,40.3,20.9,9.9,0.474,7.3,2.4,0.325,6.2,5.6,0.912,27.8,5.6,2.1,4.9,0.8,4.1,3.4,0.5882850854917894,0.5311004784688995,0.6183333437711702,-0.3420363852750601,2022-23
1628975,Jevon Carter,1610612749,MIL,81.0,22.4,7.0,3.0,0.423,4.2,1.8,0.421,0.5,0.4,0.816,8.0,2.4,1.0,2.5,0.4,2.1,0.8,0.554016620498615,0.5571428571428572,23.0,1.8,0.7,0.3,0.4,0.3,0.1,0.25,0.0,0.0,0.0,0.6,0.0,0.1,0.2,0.0,0.2,0.3,0.4285714285714286,0.5,4.0,12.3,2.3,0.5,0.222,1.8,0.3,0.143,0.0,0.0,0.0,1.3,1.0,0.0,1.0,0.0,1.0,-3.8,0.28260869565217395,0.28260869565217395,0.38649759409823714,-4.452764216025178,2022-23
1628976,Wendell Carter Jr.,1610612753,ORL,57.0,29.6,10.8,5.6,0.525,3.9,1.4,0.356,3.4,2.5,0.738,15.2,2.3,1.9,8.7,2.1,6.6,-0.7,0.6180871828236824,0.5833333333333333,31.0,3.4,0.7,0.4,0.591,0.3,0.2,0.5,0.4,0.4,0.917,1.4,0.2,0.3,0.8,0.2,0.6,-0.9,0.7990867579908675,0.7142857142857143,,,,,,,,,,,,,,,,,,,,,0.7452350477493538,1.9080840860011428,2022-23
1628977,Hamidou Diallo,1610612765,DET,56.0,17.8,6.7,3.8,0.573,0.4,0.1,0.238,2.6,1.6,0.588,9.3,1.0,1.3,3.5,1.0,2.4,-0.3,0.5928097909229985,0.5746268656716417,8.0,1.6,0.1,0.1,1.0,0.0,0.0,0.0,0.5,0.4,0.75,0.6,0.0,0.0,0.1,0.0,0.1,-1.6,0.9375,1.0,,,,,,,,,,,,,,,,,,,,,0.8240958009542096,3.306380480799847,2022-23
1628978,Donte DiVincenzo,1610612744,GSW,72.0,26.3,7.5,3.3,0.435,5.3,2.1,0.397,1.0,0.8,0.817,9.4,3.5,1.6,4.5,1.1,3.4,1.7,0.5919395465994962,0.58,28.0,3.2,0.8,0.3,0.333,0.6,0.2,0.353,0.2,0.1,0.667,0.9,0.3,0.0,0.8,0.2,0.6,0.3,0.5067567567567568,0.5,13.0,18.1,4.9,1.8,0.375,3.4,1.2,0.341,0.9,0.6,0.667,5.5,2.8,1.3,3.0,0.8,2.2,-2.9,0.5192598187311178,0.48979591836734687,0.5378720860496383,-1.768711658090739,2022-23
1628981,Bruno Fernando,1610612737,ATL,39.0,10.4,2.9,1.5,0.527,0.1,0.0,0.0,1.3,0.9,0.7,3.9,0.8,0.6,3.5,1.4,2.1,-1.9,0.5616359447004609,0.5172413793103449,4.0,1.0,0.0,0.0,0.0,0.0,0.0,0.0,0.5,0.3,0.5,0.3,0.0,0.0,0.3,0.0,0.3,0.0,0.6818181818181818,,,,,,,,,,,,,,,,,,,,,,0.6417574361122748,0.07330106131150771,2022-23
1628983,Shai Gilgeous-Alexander,1610612760,OKC,68.0,35.5,20.3,10.4,0.51,2.5,0.9,0.345,10.9,9.8,0.905,31.4,5.5,2.8,4.8,0.9,4.0,2.2,0.6255977048135161,0.5344827586206896,38.0,4.0,2.4,0.9,0.387,0.5,0.1,0.25,1.5,1.3,0.911,3.4,0.5,0.3,0.7,0.1,0.6,-0.7,0.5555555555555556,0.39583333333333337,,,,,,,,,,,,,,,,,,,,,0.5907255987394822,-0.8315550466813306,2022-23
1628984,Devonte' Graham,1610612759,SAS,73.0,18.3,5.9,2.2,0.374,4.6,1.6,0.352,1.8,1.3,0.748,7.4,2.7,0.7,1.7,0.3,1.4,-2.2,0.552898983861327,0.5084745762711864,12.0,2.6,0.8,0.3,0.333,0.7,0.3,0.375,0.5,0.3,0.667,1.1,0.1,0.1,0.3,0.1,0.2,-0.6,0.5392156862745099,0.5624999999999999,,,,,,,,,,,,,,,,,,,,,0.5573361075017157,-1.4235910509615568,2022-23
1628988,Aaron Holiday,1610612737,ATL,63.0,13.4,3.5,1.5,0.418,1.4,0.6,0.409,0.5,0.4,0.844,3.9,1.4,0.6,1.2,0.4,0.8,0.3,0.5241935483870968,0.5142857142857143,5.0,0.9,0.2,0.2,1.0,0.2,0.2,1.0,0.0,0.0,0.0,0.6,0.0,0.0,0.0,0.0,0.0,0.2,1.4999999999999998,1.5000000000000002,1.0,3.9,0.0,0.0,0.0,0.0,0.0,0.0,0.0,0.0,0.0,0.0,1.0,1.0,0.0,0.0,0.0,-3.0,,,0.5930798771105025,-0.7898108478908537,2022-23
1628989,Kevin Huerter,1610612758,SAC,75.0,29.4,11.5,5.6,0.485,6.8,2.7,0.402,1.7,1.3,0.725,15.2,2.9,1.3,3.3,0.6,2.8,3.0,0.6205094709340301,0.6043478260869565,37.0,3.4,1.4,0.7,0.491,1.1,0.5,0.436,0.3,0.2,0.545,2.0,0.2,0.1,0.5,0.1,0.5,1.5,0.6527415143603134,0.6785714285714286,7.0,26.2,10.3,3.6,0.347,5.6,1.1,0.205,1.1,0.9,0.75,9.1,1.1,0.6,4.4,0.1,4.3,-0.6,0.42192136498516314,0.4029126213592233,0.544133345477444,-1.657691966685345,2022-23
1628991,Jaren Jackson Jr.,1610612763,MEM,63.0,28.4,13.0,6.6,0.506,4.5,1.6,0.355,4.9,3.8,0.788,18.6,1.0,1.7,6.8,1.7,5.0,5.8,0.613618368962787,0.5692307692307692,26.0,2.7,1.0,0.4,0.4,0.3,0.0,0.0,0.7,0.6,0.833,1.3,0.0,0.1,0.9,0.3,0.6,-0.2,0.4969418960244648,0.4,6.0,36.7,13.8,5.8,0.422,4.2,1.2,0.28,6.0,5.2,0.861,18.0,1.5,3.0,7.8,3.3,4.5,-6.2,0.5474452554744526,0.46376811594202894,0.5493319622642284,-1.5655142126634214,2022-23
1628995,Kevin Knox II,1610612757,POR,63.0,15.1,5.3,2.4,0.458,3.0,1.0,0.349,1.0,0.7,0.767,6.6,0.5,0.8,2.8,0.5,2.3,-3.6,0.5749128919860627,0.5471698113207547,9.0,2.6,0.6,0.3,0.6,0.2,0.1,0.5,0.2,0.1,0.5,0.9,0.2,0.0,0.6,0.1,0.4,-2.9,0.6540697674418605,0.5833333333333334,,,,,,,,,,,,,,,,,,,,,0.639004897004773,0.024495218681982678,2022-23
1628997,Caleb Martin,1610612748,MIA,71.0,29.3,7.7,3.6,0.464,3.3,1.2,0.356,1.6,1.3,0.805,9.6,1.6,1.1,4.8,1.2,3.6,-0.1,0.5711565920990005,0.5454545454545454,39.0,2.7,0.5,0.2,0.333,0.2,0.1,0.25,0.3,0.2,0.8,0.6,0.1,0.0,0.4,0.1,0.3,1.3,0.47468354430379744,0.5,23.0,30.2,9.0,4.7,0.529,4.5,1.9,0.423,1.5,1.3,0.829,12.7,1.6,1.0,5.4,1.2,4.3,4.2,0.6573498964803313,0.6277777777777778,0.5885890681839281,-0.8694383137286028,2022-23
1628998,Cody Martin,1610612766,CHA,7.0,19.1,5.1,2.0,0.389,2.0,0.4,0.214,1.0,0.6,0.571,5.0,1.6,0.3,3.4,1.1,2.3,-3.7,0.45126353790613716,0.4313725490196079,2.0,2.2,0.5,0.5,1.0,0.5,0.5,1.0,0.0,0.0,0.0,1.5,0.0,0.0,0.5,0.5,0.0,-1.5,1.5,1.5,,,,,,,,,,,,,,,,,,,,,1.160225100868751,9.266358913110524,2022-23
1629001,De'Anthony Melton,1610612755,PHI,77.0,27.9,8.5,3.6,0.425,5.2,2.0,0.39,1.1,0.9,0.793,10.1,2.6,1.3,4.1,0.9,3.2,1.3,0.5621104185218165,0.5411764705882353,35.0,3.3,0.8,0.4,0.464,0.6,0.3,0.55,0.4,0.3,0.846,1.4,0.1,0.1,0.5,0.2,0.3,0.5,0.7172131147540982,0.6875,11.0,24.9,7.4,2.8,0.383,4.5,1.7,0.388,0.7,0.5,0.75,7.9,1.6,0.7,3.3,1.3,2.0,0.4,0.5124545926310327,0.4932432432432432,0.5983951690252937,-0.6955643029403102,2022-23
1629002,Chimezie Metu,1610612758,SAC,66.0,10.4,3.3,2.0,0.589,0.6,0.1,0.237,1.1,0.8,0.74,4.9,0.6,0.5,3.0,0.7,2.3,1.3,0.647463002114165,0.6212121212121212,7.0,1.5,0.1,0.1,1.0,0.0,0.0,0.0,0.1,0.0,0.0,0.3,0.1,0.0,0.7,0.3,0.4,-0.1,1.0416666666666665,1.0,3.0,2.0,0.3,0.0,0.0,0.0,0.0,0.0,1.0,0.7,0.667,0.7,0.0,0.3,0.3,0.3,0.0,2.7,0.47297297297297297,0.0,0.6946495120904542,1.0111414463961577,2022-23
1629003,Shake Milton,1610612755,PHI,76.0,20.6,6.6,3.2,0.479,1.9,0.7,0.378,1.5,1.3,0.853,8.4,3.2,1.2,2.5,0.5,2.0,1.9,0.578512396694215,0.537878787878788,16.0,2.1,0.9,0.4,0.429,0.1,0.1,0.5,0.1,0.1,1.0,0.9,0.6,0.1,0.2,0.1,0.1,1.3,0.4766949152542373,0.5,6.0,3.5,0.8,0.5,0.6,0.2,0.0,0.0,0.3,0.3,1.0,1.3,0.3,0.2,0.5,0.0,0.5,-0.7,0.6974248927038627,0.625,0.6176658478533438,-0.35387189403586383,2022-23
1629004,Svi Mykhailiuk,1610612766,CHA,32.0,14.6,5.4,2.4,0.445,3.1,1.3,0.424,1.2,0.8,0.667,6.9,1.7,0.8,1.7,0.5,1.2,0.6,0.5819838056680161,0.5648148148148148,4.0,2.4,0.5,0.0,0.0,0.5,0.0,0.0,1.5,1.5,1.0,1.5,0.5,0.0,0.5,0.0,0.5,2.3,0.6465517241379309,0.0,,,,,,,,,,,,,,,,,,,,,0.6342883439055039,-0.0591349639698695,2022-23
1629006,Josh Okogie,1610612756,PHX,72.0,18.8,5.8,2.3,0.391,2.7,0.9,0.335,2.7,1.9,0.724,7.3,1.5,0.9,3.5,1.5,2.0,1.5,0.5223239839725243,0.47413793103448276,15.0,2.2,0.5,0.1,0.25,0.3,0.1,0.5,0.7,0.5,0.636,0.9,0.2,0.2,0.7,0.5,0.1,-0.3,0.5569306930693069,0.30000000000000004,10.0,17.5,3.7,1.4,0.378,1.4,0.2,0.143,1.3,1.1,0.846,4.1,1.3,0.3,2.1,1.2,0.9,-4.7,0.4798689138576778,0.4054054054054054,0.5212527082677147,-2.0633932974594895,2022-23
1629008,Michael Porter Jr.,1610612743,DEN,62.0,29.0,13.2,6.4,0.487,7.3,3.0,0.414,1.9,1.5,0.8,17.4,1.0,1.1,5.5,1.0,4.5,6.7,0.6198347107438016,0.5984848484848485,22.0,3.3,0.8,0.3,0.412,0.6,0.3,0.429,0.4,0.2,0.5,1.1,0.0,0.0,0.5,0.0,0.5,1.5,0.5635245901639344,0.5624999999999999,20.0,32.6,11.7,5.0,0.423,6.6,2.3,0.351,1.5,1.2,0.793,13.4,1.6,0.5,8.1,1.0,7.1,7.5,0.5420711974110033,0.5256410256410257,0.5682435199442603,-1.2301894554255206,2022-23
1629011,Mitchell Robinson,1610612752,NYK,59.0,26.9,4.7,3.2,0.671,0.0,0.0,0.0,2.1,1.0,0.484,7.4,0.9,0.7,9.4,4.5,4.9,3.1,0.6578947368421052,0.6808510638297872,22.0,4.6,0.6,0.4,0.571,0.0,0.0,0.0,0.5,0.2,0.333,0.9,0.1,0.0,1.6,0.8,0.8,-1.7,0.5487804878048781,0.6666666666666667,11.0,27.1,4.4,2.6,0.604,0.0,0.0,0.0,3.0,1.2,0.394,6.5,0.8,0.9,9.3,5.0,4.3,-0.1,0.5681818181818181,0.5909090909090908,0.5894328186103116,-0.8544775996677423,2022-23
1629012,Collin Sexton,1610612762,UTA,48.0,23.9,9.8,4.9,0.506,2.5,1.0,0.393,4.1,3.4,0.819,14.3,2.9,1.8,2.2,0.8,1.4,-0.6,0.6161668390210272,0.5510204081632653,20.0,2.2,0.9,0.6,0.706,0.2,0.1,0.333,0.4,0.3,0.625,1.5,0.2,0.2,0.2,0.1,0.1,0.0,0.6970260223048327,0.7222222222222222,,,,,,,,,,,,,,,,,,,,,0.6792566346786815,0.7382071398400427,2022-23
1629013,Landry Shamet,1610612756,PHX,40.0,20.2,7.5,2.8,0.377,5.0,1.9,0.377,1.3,1.1,0.882,8.7,2.3,0.9,1.7,0.3,1.4,1.0,0.5388999008919723,0.5,6.0,3.1,1.5,0.3,0.222,1.3,0.3,0.25,0.0,0.0,0.0,1.0,0.5,0.0,0.0,0.0,0.0,-4.8,0.3333333333333333,0.3,10.0,18.4,4.5,1.7,0.378,2.9,1.1,0.379,0.4,0.3,0.75,4.8,1.1,0.4,1.7,0.3,1.4,-2.6,0.5132591958939264,0.5,0.47755735920406966,-2.8381646074221205,2022-23
1629014,Anfernee Simons,1610612757,POR,62.0,35.0,16.9,7.5,0.447,9.1,3.4,0.377,2.9,2.6,0.894,21.1,4.1,2.1,2.6,0.3,2.3,-1.2,0.5804357394366199,0.5443786982248521,30.0,3.9,1.8,0.8,0.418,1.0,0.4,0.419,0.7,0.6,0.95,2.6,0.3,0.2,0.2,0.0,0.2,0.1,0.6166982922201139,0.5555555555555556,,,,,,,,,,,,,,,,,,,,,0.6152616621989502,-0.39650100923379306,2022-23
1629018,Gary Trent Jr.,1610612761,TOR,66.0,32.1,14.2,6.1,0.433,6.8,2.5,0.369,3.1,2.6,0.839,17.4,1.6,0.8,2.6,0.5,2.2,-0.8,0.5589822667694679,0.5176056338028169,31.0,3.5,1.1,0.5,0.429,0.7,0.2,0.318,0.3,0.2,0.875,1.4,0.0,0.1,0.4,0.0,0.3,0.1,0.568181818181818,0.5454545454545454,,,,,,,,,,,,,,,,,,,,,0.5728617799170619,-1.1483021286149775,2022-23
1629020,Jarred Vanderbilt,1610612747,LAL,78.0,24.1,5.8,3.2,0.548,1.2,0.4,0.322,1.8,1.2,0.691,7.9,2.4,1.2,7.5,2.2,5.3,-1.3,0.5992111650485438,0.5862068965517242,28.0,2.4,0.4,0.1,0.333,0.0,0.0,0.0,0.2,0.1,0.5,0.4,0.1,0.1,0.7,0.4,0.3,-1.0,0.4098360655737705,0.25,15.0,16.4,4.0,1.6,0.4,1.9,0.5,0.241,1.3,0.9,0.7,4.6,0.8,0.9,3.2,1.3,1.9,-1.2,0.5030621172353456,0.4625,0.49490815970663576,-2.530513959873957,2022-23
1629021,Moritz Wagner,1610612753,ORL,57.0,19.5,6.9,3.5,0.5,2.9,0.9,0.313,3.2,2.7,0.841,10.5,1.5,1.2,4.5,1.2,3.3,-0.5,0.631921039961483,0.572463768115942,12.0,2.4,0.5,0.3,0.5,0.2,0.0,0.0,0.4,0.3,0.8,0.8,0.3,0.2,0.8,0.2,0.7,1.6,0.591715976331361,0.6,,,,,,,,,,,,,,,,,,,,,0.6123640410186123,-0.44787933223095955,2022-23
1629022,Lonnie Walker IV,1610612747,LAL,56.0,23.2,9.4,4.2,0.448,4.4,1.6,0.365,1.9,1.6,0.858,11.7,1.1,0.8,1.9,0.3,1.7,-3.7,0.5715123094958967,0.5319148936170213,14.0,2.9,0.6,0.1,0.222,0.3,0.1,0.5,0.1,0.1,1.0,0.5,0.0,0.0,0.1,0.1,0.0,-1.6,0.38819875776397517,0.25000000000000006,13.0,13.8,4.6,2.2,0.483,2.6,1.0,0.382,0.9,0.7,0.75,6.2,0.8,0.3,0.9,0.1,0.8,0.1,0.6204963971176942,0.5869565217391305,0.5412828147855467,-1.7082353184510684,2022-23
1629023,P.J. Washington,1610612766,CHA,73.0,32.6,13.4,5.9,0.444,5.9,2.0,0.348,2.4,1.7,0.73,15.7,2.4,1.5,4.9,1.0,3.9,-5.1,0.543027116768124,0.5149253731343284,39.0,3.6,1.6,0.8,0.524,0.6,0.2,0.409,0.6,0.4,0.773,2.4,0.2,0.2,0.8,0.2,0.6,-0.3,0.6437768240343347,0.5625,,,,,,,,,,,,,,,,,,,,,0.6221338867855027,-0.2746481676985226,2022-23
1629026,Kenrich Williams,1610612760,OKC,53.0,22.8,6.5,3.4,0.517,2.5,0.9,0.373,0.7,0.3,0.436,8.0,2.0,0.6,4.9,1.8,3.1,1.4,0.5875440658049353,0.5923076923076923,25.0,2.5,0.4,0.3,0.8,0.1,0.1,1.0,0.1,0.0,0.0,0.8,0.0,0.0,0.4,0.2,0.2,-1.6,0.9009009009009009,0.8749999999999999,,,,,,,,,,,,,,,,,,,,,0.8026024686884784,2.9252777421370357,2022-23
1629027,Trae Young,1610612737,ATL,73.0,34.8,19.0,8.2,0.429,6.3,2.1,0.335,8.8,7.8,0.886,26.2,10.2,4.1,3.0,0.8,2.2,1.4,0.5727527107380203,0.4868421052631579,39.0,4.3,2.7,1.0,0.375,0.9,0.3,0.306,1.4,1.3,0.875,3.5,0.8,0.5,0.3,0.1,0.2,-0.9,0.5277442702050663,0.4259259259259259,6.0,38.3,24.8,10.0,0.403,9.0,3.0,0.333,7.2,6.2,0.86,29.2,10.2,4.0,3.7,0.8,2.8,-6.2,0.522025171624714,0.4637096774193548,0.5465966539854241,-1.6140145318903958,2022-23
1629028,Deandre Ayton,1610612756,PHX,67.0,30.4,13.2,7.8,0.589,0.4,0.1,0.292,3.0,2.3,0.76,18.0,1.7,1.8,10.0,2.6,7.4,-0.1,0.6198347107438017,0.5946969696969697,29.0,4.1,1.4,0.8,0.524,0.0,0.0,0.0,0.8,0.6,0.818,2.1,0.2,0.2,1.4,0.6,0.8,0.0,0.5993150684931507,0.5714285714285715,10.0,31.9,11.1,6.1,0.55,0.0,0.0,0.0,2.3,1.2,0.522,13.4,1.0,1.7,9.7,2.9,6.8,-2.0,0.5531704095112285,0.5495495495495495,0.5902687399825552,-0.8396557041919639,2022-23
1629029,Luka Dončić,1610612742,DAL,66.0,36.2,22.0,10.9,0.496,8.2,2.8,0.342,10.5,7.8,0.742,32.4,8.0,3.6,8.6,0.8,7.8,1.9,0.608564988730278,0.5590909090909091,41.0,4.4,2.4,1.1,0.44,0.9,0.2,0.194,1.2,0.9,0.75,3.2,0.8,0.3,1.3,0.1,1.2,0.7,0.546448087431694,0.5000000000000001,,,,,,,,,,,,,,,,,,,,,0.5780628121064837,-1.0560815465872029,2022-23
1629048,Goga Bitadze,1610612753,ORL,38.0,12.0,3.3,1.8,0.552,0.7,0.2,0.231,1.1,0.6,0.548,4.4,1.0,0.6,3.6,1.6,2.0,0.7,0.5813953488372093,0.5757575757575758,5.0,1.1,0.2,0.0,0.0,0.0,0.0,0.0,0.0,0.0,0.0,0.0,0.2,0.0,0.4,0.4,0.0,-3.2,0.0,0.0,,,,,,,,,,,,,,,,,,,,,0.19985905567117263,-7.762090906516315,2022-23
1629052,Oshae Brissett,1610612754,IND,65.0,16.7,4.9,1.9,0.386,2.4,0.7,0.31,2.2,1.6,0.717,6.1,0.7,0.5,3.4,1.0,2.4,0.3,0.5197682344921608,0.4591836734693877,9.0,1.5,0.3,0.1,0.333,0.1,0.0,0.0,0.4,0.2,0.5,0.4,0.0,0.1,0.7,0.1,0.6,0.2,0.4201680672268908,0.33333333333333337,,,,,,,,,,,,,,,,,,,,,0.45949057196032317,-3.1585105645917313,2022-23
1629056,Terence Davis,1610612758,SAC,64.0,13.1,5.7,2.4,0.423,3.8,1.4,0.366,0.7,0.5,0.791,6.7,1.0,0.8,2.2,0.3,1.9,0.7,0.5575898801597869,0.5438596491228069,6.0,3.4,0.5,0.3,0.667,0.3,0.2,0.5,0.0,0.0,0.0,0.8,0.2,0.0,0.8,0.3,0.5,-1.8,0.8,0.8,4.0,14.4,5.0,2.0,0.4,4.3,1.5,0.353,0.5,0.5,1.0,6.0,1.5,0.5,2.3,0.5,1.8,-1.5,0.574712643678161,0.55,0.6557265650220675,0.3209905874602246,2022-23
1629057,Robert Williams III,1610612738,BOS,35.0,23.5,4.9,3.6,0.747,0.0,0.0,0.0,1.2,0.7,0.61,8.0,1.4,1.0,8.3,3.0,5.4,4.9,0.7369196757553426,0.7346938775510203,11.0,2.4,0.3,0.2,0.667,0.0,0.0,0.0,0.0,0.0,0.0,0.4,0.1,0.1,0.4,0.3,0.1,0.5,0.6666666666666667,0.6666666666666667,20.0,20.9,4.3,3.4,0.788,0.1,0.0,0.0,1.4,1.0,0.679,7.7,1.0,0.8,6.0,1.8,4.2,1.3,0.7831570382424736,0.7906976744186046,0.7427431362810253,1.8638994861752973,2022-23
1629060,Rui Hachimura,1610612747,LAL,63.0,23.3,9.3,4.5,0.486,2.5,0.8,0.319,1.9,1.4,0.739,11.2,0.9,0.8,4.5,0.8,3.7,-0.4,0.5524861878453038,0.5268817204301075,14.0,2.3,0.6,0.2,0.375,0.3,0.1,0.25,0.0,0.0,0.0,0.5,0.1,0.1,0.4,0.1,0.3,3.5,0.4166666666666667,0.4166666666666667,16.0,24.3,8.2,4.6,0.557,2.4,1.2,0.487,2.1,1.9,0.882,12.2,0.6,0.6,3.6,0.6,3.1,1.2,0.6685664182376151,0.6341463414634146,0.5717047422177791,-1.1688178043827513,2022-23
1629111,Jock Landale,1610612756,PHX,69.0,14.2,4.9,2.6,0.528,1.2,0.3,0.25,1.5,1.1,0.752,6.6,1.0,0.9,4.1,1.7,2.3,2.0,0.593525179856115,0.5612244897959183,5.0,1.7,0.4,0.2,0.5,0.0,0.0,0.0,0.0,0.0,0.0,0.4,0.0,0.2,0.2,0.2,0.0,0.6,0.5,0.5,7.0,16.2,3.9,2.4,0.63,0.1,0.0,0.0,2.0,1.3,0.643,6.1,0.4,0.3,4.0,1.4,2.6,3.7,0.6380753138075314,0.6153846153846154,0.5927884521842413,-0.794978163788624,2022-23
1629117,Wenyen Gabriel,1610612747,LAL,68.0,15.1,3.8,2.3,0.596,0.5,0.1,0.278,1.2,0.8,0.619,5.5,0.5,0.7,4.2,1.7,2.5,-0.5,0.6353974121996304,0.6184210526315789,15.0,2.4,0.4,0.4,1.0,0.1,0.1,1.0,0.1,0.1,0.5,0.9,0.0,0.1,0.2,0.2,0.0,0.3,1.0135135135135136,1.125,10.0,3.7,1.0,0.4,0.4,0.0,0.0,0.0,0.3,0.2,0.667,1.0,0.0,0.2,0.9,0.8,0.1,-1.0,0.4416961130742049,0.4,0.6751117788615822,0.6647138404423725,2022-23
1629130,Duncan Robinson,1610612748,MIA,42.0,16.4,5.6,2.1,0.371,4.6,1.5,0.328,0.8,0.7,0.906,6.4,1.1,0.7,1.6,0.2,1.5,-1.3,0.5376344086021506,0.5089285714285715,3.0,1.6,0.7,0.3,0.5,0.7,0.3,0.5,0.0,0.0,0.0,1.0,0.0,0.3,0.0,0.0,0.0,2.7,0.7142857142857143,0.6428571428571428,23.0,18.2,6.9,3.3,0.475,4.9,2.2,0.442,0.3,0.3,0.875,9.0,1.7,0.9,1.5,0.0,1.4,2.7,0.6399317406143344,0.6376811594202899,0.6601668431671983,0.3997220815167335,2022-23
1629134,Kendrick Nunn,1610612764,WAS,70.0,13.8,6.4,2.7,0.424,3.2,1.1,0.354,0.6,0.5,0.854,7.1,1.3,0.9,1.6,0.2,1.3,-0.8,0.5327130852340936,0.5078125,7.0,1.4,0.4,0.1,0.333,0.4,0.1,0.333,0.0,0.0,0.0,0.4,0.0,0.0,0.3,0.0,0.3,1.4,0.5,0.37500000000000006,,,,,,,,,,,,,,,,,,,,,0.5171543617437213,-2.136061930920919,2022-23
1629139,Yuta Watanabe,1610612751,BKN,58.0,16.0,4.0,2.0,0.491,2.3,1.0,0.444,0.8,0.6,0.723,5.6,0.8,0.4,2.4,0.5,1.9,-0.1,0.6433823529411764,0.625,15.0,3.2,0.5,0.3,0.714,0.3,0.2,0.6,0.1,0.1,0.5,0.9,0.3,0.1,0.6,0.1,0.5,0.4,0.8272058823529411,0.8,1.0,4.7,2.0,1.0,0.5,2.0,1.0,0.5,2.0,0.0,0.0,3.0,0.0,1.0,1.0,0.0,1.0,-4.0,0.5208333333333334,0.75,0.6558823529380515,0.3237528953563693,2022-23
1629162,Jordan McLaughlin,1610612750,MIN,43.0,15.8,3.4,1.4,0.421,1.8,0.6,0.308,0.4,0.3,0.833,3.7,3.4,0.8,1.4,0.3,1.1,2.0,0.517337807606264,0.5,4.0,0.5,0.3,0.0,0.0,0.3,0.0,0.0,0.0,0.0,0.0,0.0,0.0,0.0,0.0,0.0,0.0,-2.5,0.0,0.0,2.0,7.1,2.0,0.0,0.0,1.0,0.0,0.0,0.0,0.0,0.0,0.0,1.0,0.0,1.0,0.0,1.0,-5.5,0.0,0.0,0.09504649734354689,-9.6205441482503,2022-23
1629216,Gabe Vincent,1610612748,MIA,68.0,25.9,8.3,3.4,0.402,5.1,1.7,0.334,1.1,1.0,0.872,9.4,2.5,1.4,2.1,0.4,1.7,-0.4,0.535063752276867,0.5120481927710843,30.0,3.3,0.4,0.2,0.455,0.3,0.1,0.375,0.4,0.3,0.909,0.8,0.2,0.2,0.2,0.0,0.2,1.0,0.6944444444444444,0.625,22.0,30.5,11.2,4.5,0.402,6.1,2.3,0.378,1.5,1.4,0.882,12.7,3.5,1.4,1.4,0.4,1.0,1.2,0.5354131534569984,0.5044642857142858,0.5931846273639783,-0.7879534993893884,2022-23
1629234,Drew Eubanks,1610612757,POR,78.0,20.3,4.3,2.7,0.641,0.2,0.1,0.389,1.6,1.1,0.664,6.6,1.3,0.9,5.4,1.7,3.7,-1.7,0.6594724220623501,0.6395348837209303,19.0,2.8,0.5,0.3,0.5,0.2,0.0,0.0,0.3,0.2,0.6,0.7,0.2,0.0,0.5,0.1,0.4,-1.7,0.5537974683544303,0.6,,,,,,,,,,,,,,,,,,,,,0.600650359897777,-0.6555770451672984,2022-23
1629308,Juan Toscano-Anderson,1610612762,UTA,52.0,13.5,2.8,1.2,0.448,0.8,0.2,0.186,0.5,0.4,0.792,3.0,1.3,0.7,2.4,0.5,1.8,-2.8,0.4966887417218543,0.46428571428571436,11.0,1.5,0.2,0.2,1.0,0.0,0.0,0.0,0.2,0.2,1.0,0.5,0.2,0.0,0.3,0.1,0.2,1.5,0.8680555555555555,1.0,,,,,,,,,,,,,,,,,,,,,0.7514094747512945,2.017564133628051,2022-23
1629312,Haywood Highsmith,1610612748,MIA,54.0,18.0,4.0,1.7,0.431,2.0,0.7,0.339,0.5,0.2,0.464,4.4,0.8,0.8,3.5,1.1,2.4,-1.9,0.5213270142180095,0.5125,11.0,3.6,0.8,0.4,0.444,0.3,0.1,0.333,0.4,0.2,0.5,1.0,0.0,0.0,1.0,0.3,0.7,0.5,0.5122950819672131,0.5625,18.0,8.9,2.2,1.3,0.615,0.9,0.4,0.5,0.3,0.2,0.8,3.3,0.3,0.1,1.3,0.6,0.8,-0.8,0.7075471698113206,0.6818181818181818,0.6314264479260663,-0.10987983600959161,2022-23
1629599,Amir Coffey,1610612746,LAC,50.0,12.5,2.9,1.1,0.386,0.8,0.2,0.275,1.3,1.0,0.778,3.4,1.1,0.4,1.1,0.3,0.7,-2.3,0.48963133640552997,0.4137931034482759,4.0,1.6,1.0,0.3,0.25,0.3,0.0,0.0,0.3,0.3,1.0,0.8,0.0,0.0,0.5,0.0,0.5,0.5,0.3533568904593639,0.3,1.0,1.0,0.0,0.0,0.0,0.0,0.0,0.0,0.0,0.0,0.0,0.0,0.0,0.0,0.0,0.0,0.0,-2.0,,,0.23387361149617536,-7.158971752211155,2022-23
1629611,Terance Mann,1610612746,LAC,81.0,23.1,6.5,3.4,0.519,2.4,1.0,0.389,1.5,1.1,0.78,8.8,2.3,1.0,3.4,1.0,2.5,0.0,0.6145251396648045,0.6,26.0,1.0,0.2,0.2,0.667,0.0,0.0,0.0,0.1,0.0,0.0,0.3,0.1,0.0,0.2,0.1,0.2,0.1,0.6147540983606556,1.0,5.0,26.6,6.6,3.8,0.576,3.8,1.8,0.474,1.8,1.2,0.667,10.6,2.2,1.8,3.2,1.4,1.8,3.8,0.7169913419913421,0.7121212121212122,0.6689114834698067,0.5547751150223252,2022-23
1629614,Andrew Nembhard,1610612754,IND,75.0,27.6,8.6,3.8,0.441,3.5,1.2,0.35,0.8,0.7,0.79,9.5,4.5,1.7,2.7,0.5,2.2,-3.5,0.5306076854334227,0.5116279069767441,38.0,3.2,1.1,0.4,0.395,0.4,0.2,0.353,0.2,0.1,0.5,1.2,0.3,0.2,0.2,0.0,0.2,-0.3,0.505050505050505,0.45454545454545453,,,,,,,,,,,,,,,,,,,,,0.5263602628510755,-1.9728301862804916,2022-23
1629622,Max Strus,1610612748,MIA,80.0,28.4,9.9,4.1,0.41,7.0,2.5,0.35,1.1,1.0,0.876,11.5,2.1,0.9,3.2,0.6,2.6,-1.8,0.5537365177195686,0.5404040404040403,33.0,3.5,1.0,0.3,0.273,0.8,0.2,0.286,0.2,0.1,0.6,0.9,0.1,0.1,0.5,0.1,0.4,1.3,0.41360294117647056,0.4,23.0,28.1,8.2,3.3,0.402,5.9,1.9,0.319,1.1,0.9,0.8,9.3,1.4,0.3,3.6,0.6,3.0,-1.0,0.5354675264854907,0.5182926829268293,0.5079918400214868,-2.298524506673701,2022-23
1629623,Lindell Wigginton,1610612749,MIL,7.0,12.4,5.3,2.6,0.486,2.6,0.9,0.333,1.3,1.1,0.889,7.1,2.0,1.7,1.0,0.0,1.0,-5.6,0.6045640326975477,0.5754716981132076,,,,,,,,,,,,,,,,,,,,,,,,,,,,,,,,,,,,,,,,,0.6045640326975477,-0.5861828998676053,2022-23
1629626,Bol Bol,1610612753,ORL,70.0,21.5,6.8,3.7,0.546,1.6,0.4,0.265,1.5,1.2,0.759,9.1,1.0,1.6,5.8,1.0,4.8,-2.1,0.6099195710455764,0.573529411764706,15.0,3.0,0.5,0.3,0.571,0.2,0.1,0.333,0.1,0.1,1.0,0.7,0.1,0.0,0.6,0.1,0.5,-2.1,0.6433823529411764,0.7,,,,,,,,,,,,,,,,,,,,,0.639581033484699,0.03471081427361611,2022-23
1629627,Zion Williamson,1610612740,NOP,29.0,33.0,16.2,9.8,0.608,0.7,0.2,0.368,8.6,6.1,0.714,26.0,4.6,3.4,7.0,2.0,5.0,5.1,0.6505204163330666,0.6111111111111112,13.0,4.9,2.9,1.6,0.553,0.3,0.1,0.25,1.1,0.8,0.714,4.1,0.7,0.2,0.5,0.2,0.3,2.2,0.6057919621749409,0.5689655172413793,,,,,,,,,,,,,,,,,,,,,0.6386026814611124,0.01736345133540773,2022-23
1629628,RJ Barrett,1610612752,NYK,73.0,33.9,16.1,7.0,0.434,5.3,1.7,0.31,5.4,4.0,0.74,19.6,2.8,2.2,5.0,0.8,4.2,-0.8,0.5304178393591686,0.4875776397515527,35.0,4.0,1.2,0.4,0.357,0.3,0.1,0.167,0.9,0.7,0.75,1.6,0.1,0.3,0.8,0.2,0.6,-1.7,0.5012531328320802,0.375,11.0,34.3,14.9,6.5,0.433,5.5,1.8,0.328,5.9,4.5,0.769,19.3,2.8,2.3,4.5,0.5,4.0,-2.1,0.5515546410608139,0.4966442953020134,0.5387180875162338,-1.7537110303683274,2022-23
1629629,Cam Reddish,1610612757,POR,40.0,24.7,7.8,3.5,0.446,3.6,1.1,0.313,1.9,1.6,0.853,9.7,1.4,1.2,2.2,0.5,1.8,-4.8,0.5616025937934229,0.5192307692307693,9.0,4.8,1.2,0.8,0.636,0.6,0.2,0.4,0.1,0.1,1.0,1.9,0.0,0.1,0.3,0.1,0.2,0.6,0.7636655948553054,0.75,,,,,,,,,,,,,,,,,,,,,0.7116958765506542,1.31339407524443,2022-23
1629630,Ja Morant,1610612763,MEM,61.0,31.9,19.9,9.3,0.466,4.9,1.5,0.307,8.1,6.1,0.748,26.2,8.1,3.4,5.9,1.0,4.9,5.0,0.5583020797817934,0.5050251256281407,23.0,3.0,2.5,0.9,0.345,0.3,0.0,0.0,1.5,1.1,0.743,2.9,0.4,0.3,0.4,0.1,0.3,0.6,0.45886075949367083,0.36,5.0,37.4,21.2,9.0,0.425,6.2,2.6,0.419,5.2,4.0,0.769,24.6,7.0,3.4,6.8,1.6,5.2,-3.2,0.5236716621253407,0.48584905660377364,0.52040257826058,-2.0784671291917167,2022-23
1629631,De'Andre Hunter,1610612737,ATL,67.0,31.7,12.3,5.7,0.461,4.3,1.5,0.35,3.1,2.6,0.826,15.4,1.4,1.2,4.2,0.7,3.6,-0.3,0.5635245901639344,0.524390243902439,36.0,3.7,0.6,0.3,0.478,0.3,0.1,0.3,0.4,0.3,0.643,0.9,0.1,0.1,0.5,0.1,0.4,-1.3,0.5798969072164949,0.5833333333333334,6.0,37.4,14.2,6.5,0.459,6.3,2.3,0.368,1.7,1.3,0.8,16.7,1.2,1.5,5.7,1.2,4.5,-2.3,0.5586031576130587,0.5387323943661972,0.5713993616861079,-1.1742325700186846,2022-23
1629632,Coby White,1610612741,CHI,74.0,23.4,8.0,3.6,0.443,4.6,1.7,0.372,0.9,0.8,0.871,9.7,2.8,1.0,2.9,0.2,2.6,1.9,0.577656026679371,0.55625,22.0,2.1,0.5,0.3,0.5,0.3,0.2,0.571,0.4,0.4,0.889,1.1,0.1,0.0,0.4,0.0,0.4,0.5,0.8136094674556213,0.8,,,,,,,,,,,,,,,,,,,,,0.7412083205294232,1.8366853492956956,2022-23
1629633,Jarrett Culver,1610612737,ATL,10.0,13.7,4.3,1.7,0.395,1.2,0.1,0.083,1.3,0.9,0.692,4.4,0.6,0.7,3.8,1.0,2.8,-1.9,0.45155993431855507,0.4069767441860465,3.0,1.6,0.0,0.0,0.0,0.0,0.0,0.0,0.0,0.0,0.0,0.0,0.0,0.0,0.3,0.0,0.3,-2.7,,,,,,,,,,,,,,,,,,,,,,,0.15051997810618503,-8.636932338763348,2022-23
1629634,Brandon Clarke,1610612763,MEM,56.0,19.5,6.2,4.1,0.656,0.1,0.0,0.167,2.5,1.8,0.719,10.0,1.3,1.0,5.5,1.6,3.9,-0.3,0.684931506849315,0.6612903225806451,10.0,2.0,0.6,0.3,0.5,0.0,0.0,0.0,0.3,0.2,0.667,0.8,0.1,0.0,1.0,0.4,0.6,-1.9,0.546448087431694,0.5,,,,,,,,,,,,,,,,,,,,,0.6022866465908455,-0.6265637059485964,2022-23
1629636,Darius Garland,1610612739,CLE,69.0,35.5,16.4,7.6,0.462,6.0,2.4,0.41,4.7,4.0,0.863,21.6,7.8,2.9,2.7,0.4,2.3,6.3,0.584795321637427,0.5365853658536586,36.0,3.4,1.7,0.6,0.339,0.6,0.1,0.238,0.5,0.4,0.684,1.7,0.6,0.4,0.3,0.0,0.3,0.7,0.4427083333333333,0.3823529411764706,5.0,37.7,16.0,7.0,0.438,6.2,2.4,0.387,5.0,4.2,0.84,20.6,5.0,3.6,1.8,0.0,1.8,-3.6,0.565934065934066,0.5125,0.5383682180089532,-1.759914639271349,2022-23
1629637,Jaxson Hayes,1610612740,NOP,47.0,13.0,3.3,1.8,0.551,0.6,0.1,0.103,1.8,1.2,0.699,5.0,0.7,0.7,2.8,0.8,2.0,-1.5,0.6109481915933529,0.5606060606060607,5.0,3.2,0.2,0.2,1.0,0.0,0.0,0.0,1.0,0.6,0.6,1.0,0.2,0.0,0.2,0.0,0.2,1.0,0.78125,1.0,,,,,,,,,,,,,,,,,,,,,0.7305433365898871,1.6475823038999646,2022-23
1629638,Nickeil Alexander-Walker,1610612750,MIN,59.0,15.0,5.0,2.2,0.444,2.7,1.0,0.384,1.0,0.7,0.667,6.2,1.8,0.9,1.7,0.3,1.5,-0.9,0.5698529411764706,0.54,13.0,2.0,0.5,0.1,0.167,0.5,0.1,0.167,0.5,0.2,0.5,0.5,0.2,0.2,0.3,0.0,0.3,-1.0,0.3472222222222222,0.30000000000000004,5.0,29.6,7.0,3.0,0.429,5.0,2.0,0.4,0.6,0.4,0.667,8.4,1.4,0.8,2.0,0.2,1.8,0.6,0.5781938325991189,0.5714285714285714,0.5098131472343786,-2.266230530188439,2022-23
1629639,Tyler Herro,1610612748,MIA,67.0,34.9,16.6,7.3,0.439,8.0,3.0,0.378,2.7,2.5,0.934,20.1,4.2,2.4,5.4,0.4,5.0,2.5,0.5649876321115359,0.5301204819277109,44.0,3.5,1.8,0.8,0.463,1.1,0.4,0.388,0.4,0.4,1.0,2.5,0.3,0.2,0.5,0.0,0.5,2.2,0.6325910931174089,0.5555555555555556,1.0,19.5,9.0,5.0,0.556,4.0,2.0,0.5,0.0,0.0,0.0,12.0,2.0,1.0,2.0,0.0,2.0,13.0,0.6666666666666666,0.6666666666666666,0.6492050098843817,0.2053555387583863,2022-23
1629640,Keldon Johnson,1610612759,SAS,63.0,32.8,17.7,8.0,0.452,6.5,2.1,0.329,5.2,3.9,0.749,22.0,2.9,2.1,5.0,0.9,4.2,-7.8,0.5503301981188713,0.5112994350282486,23.0,3.7,2.0,0.8,0.422,0.5,0.1,0.25,0.7,0.5,0.706,2.3,0.2,0.3,0.7,0.0,0.7,-1.4,0.4982668977469671,0.42500000000000004,,,,,,,,,,,,,,,,,,,,,0.5269207662318787,-1.9628917844164668,2022-23
1629641,Romeo Langford,1610612759,SAS,43.0,19.6,6.0,2.8,0.467,1.4,0.4,0.262,1.3,0.9,0.696,6.9,1.2,0.7,2.7,1.3,1.3,-4.2,0.5249543517954961,0.5,8.0,1.4,0.6,0.4,0.6,0.3,0.0,0.0,0.0,0.0,0.0,0.8,0.0,0.0,0.3,0.1,0.1,-1.6,0.6666666666666667,0.6666666666666667,,,,,,,,,,,,,,,,,,,,,0.6294292283746098,-0.1452929507077041,2022-23
1629642,Nassir Little,1610612757,POR,54.0,18.1,5.6,2.5,0.442,2.9,1.1,0.367,0.9,0.6,0.717,6.6,0.9,0.7,2.6,0.5,2.1,-3.5,0.5503669112741828,0.5446428571428571,8.0,1.2,0.5,0.3,0.5,0.4,0.1,0.333,0.0,0.0,0.0,0.6,0.0,0.0,0.3,0.0,0.3,-0.3,0.6,0.7,,,,,,,,,,,,,,,,,,,,,0.5923842085183713,-0.8021458921913425,2022-23
1629643,Chuma Okeke,1610612753,ORL,27.0,19.2,4.5,1.6,0.352,3.2,1.0,0.302,0.8,0.6,0.762,4.7,1.4,0.6,3.6,1.0,2.6,-4.4,0.4843363561417972,0.4666666666666667,6.0,1.7,0.2,0.2,1.0,0.0,0.0,0.0,0.0,0.0,0.0,0.3,0.0,0.0,0.3,0.0,0.3,-0.8,0.7499999999999999,1.0,,,,,,,,,,,,,,,,,,,,,0.6658898964907225,0.5011987286993502,2022-23
1629645,Kevin Porter Jr.,1610612745,HOU,59.0,34.3,15.0,6.6,0.442,6.5,2.4,0.366,4.5,3.5,0.784,19.2,5.7,3.2,5.3,1.3,4.0,-5.8,0.5653710247349822,0.52,27.0,3.3,1.2,0.4,0.303,0.6,0.1,0.2,0.8,0.6,0.773,1.5,0.3,0.3,0.7,0.1,0.6,-0.7,0.4832474226804124,0.375,,,,,,,,,,,,,,,,,,,,,0.518621956698069,-2.110039699959488,2022-23
1629646,Charles Bassey,1610612759,SAS,35.0,14.5,3.9,2.5,0.644,0.2,0.1,0.375,1.1,0.6,0.595,5.7,1.4,1.2,5.5,2.1,3.4,-0.9,0.6500912408759124,0.6538461538461539,3.0,0.4,0.0,0.0,0.0,0.0,0.0,0.0,0.0,0.0,0.0,0.0,0.0,0.0,0.0,0.0,0.0,0.0,,,,,,,,,,,,,,,,,,,,,,,0.2166970802919708,-7.463532394633573,2022-23
1629647,Darius Bazley,1610612756,PHX,43.0,14.3,4.3,1.9,0.454,1.2,0.5,0.377,1.6,0.9,0.543,5.2,0.9,0.6,3.2,0.8,2.4,-1.6,0.5195843325339728,0.5,11.0,1.8,0.3,0.1,0.333,0.1,0.0,0.0,0.0,0.0,0.0,0.2,0.0,0.0,0.5,0.1,0.4,-1.4,0.33333333333333337,0.33333333333333337,,,,,,,,,,,,,,,,,,,,,0.40239374391797056,-4.170906281871631,2022-23
1629651,Nic Claxton,1610612751,BKN,76.0,29.9,7.7,5.4,0.705,0.0,0.0,0.0,3.2,1.8,0.541,12.6,1.9,1.3,9.2,2.4,6.8,1.6,0.6916996047430829,0.7012987012987013,34.0,2.0,0.3,0.3,0.909,0.0,0.0,0.0,0.2,0.0,0.167,0.6,0.0,0.1,0.6,0.1,0.5,-0.1,0.7731958762886597,1.0,4.0,29.2,6.3,4.5,0.72,0.0,0.0,0.0,2.5,1.5,0.6,10.5,1.5,0.8,8.0,1.3,6.8,-6.3,0.7094594594594594,0.7142857142857143,0.7316410598453946,1.6670462629452896,2022-23
1629652,Luguentz Dort,1610612760,OKC,74.0,30.7,11.8,4.6,0.388,5.5,1.8,0.33,3.5,2.7,0.772,13.7,2.1,1.2,4.6,1.7,2.9,0.5,0.5134932533733133,0.4661016949152542,36.0,4.1,1.1,0.5,0.436,0.3,0.1,0.2,0.5,0.4,0.778,1.4,0.2,0.2,0.6,0.2,0.4,0.0,0.5303030303030303,0.5,,,,,,,,,,,,,,,,,,,,,0.534021805223973,-1.8369817871307799,2022-23
1629655,Daniel Gafford,1610612764,WAS,78.0,20.6,5.1,3.7,0.732,0.0,0.0,0.0,2.4,1.6,0.679,9.0,1.1,1.1,5.6,2.1,3.5,-1.1,0.7309941520467836,0.7254901960784315,17.0,1.7,0.4,0.3,0.714,0.0,0.0,0.0,0.2,0.2,0.75,0.8,0.0,0.0,0.9,0.4,0.5,1.4,0.819672131147541,0.7499999999999999,,,,,,,,,,,,,,,,,,,,,0.7979559420339859,2.8428892129223176,2022-23
1629656,Quentin Grimes,1610612752,NYK,71.0,29.9,8.5,4.0,0.468,5.7,2.2,0.386,1.4,1.1,0.796,11.3,2.1,1.0,3.2,0.7,2.5,2.6,0.6197893813075911,0.6,34.0,3.0,0.8,0.4,0.536,0.6,0.3,0.455,0.1,0.1,0.4,1.2,0.1,0.1,0.4,0.1,0.2,-1.8,0.7109004739336492,0.6875,9.0,26.9,5.1,1.6,0.304,4.1,1.0,0.243,1.2,1.0,0.818,5.1,1.4,1.1,2.8,0.3,2.4,2.0,0.453091684434968,0.411764705882353,0.5762226617847407,-1.0887096341492981,2022-23
1629659,Talen Horton-Tucker,1610612762,UTA,65.0,20.2,9.4,4.0,0.419,3.1,0.9,0.286,2.6,1.9,0.75,10.7,3.8,1.9,3.2,0.6,2.6,-0.1,0.5073975720789073,0.4734042553191489,17.0,3.9,1.4,0.5,0.375,0.5,0.1,0.125,0.7,0.5,0.75,1.6,0.4,0.6,0.6,0.1,0.6,0.2,0.468384074941452,0.3928571428571429,,,,,,,,,,,,,,,,,,,,,0.49628219100696264,-2.5061507254955515,2022-23
1629660,Ty Jerome,1610612744,GSW,45.0,18.1,5.4,2.6,0.488,2.0,0.8,0.389,0.9,0.8,0.927,6.9,3.0,0.7,1.7,0.2,1.6,-2.0,0.5952380952380952,0.5555555555555555,12.0,1.0,0.3,0.1,0.333,0.2,0.1,0.5,0.0,0.0,0.0,0.3,0.3,0.0,0.3,0.0,0.3,0.8,0.5,0.5000000000000001,,,,,,,,,,,,,,,,,,,,,0.5373015873005585,-1.7788272899057578,2022-23
1629661,Cameron Johnson,1610612751,BKN,42.0,28.6,11.3,5.3,0.47,6.1,2.5,0.404,2.9,2.4,0.842,15.5,1.9,0.9,4.4,0.8,3.6,3.7,0.6162531806615776,0.579646017699115,15.0,3.6,0.8,0.1,0.167,0.6,0.1,0.222,0.5,0.5,0.875,0.9,0.2,0.1,0.5,0.1,0.4,-0.4,0.4411764705882353,0.18750000000000003,4.0,38.0,13.8,7.0,0.509,7.0,3.0,0.429,1.8,1.5,0.857,18.5,2.8,1.3,5.8,0.8,5.0,-8.8,0.6339089912280702,0.6159420289855072,0.5738018286041157,-1.1316339300926028,2022-23
1629663,Louis King,1610612755,PHI,1.0,28.8,13.0,8.0,0.615,8.0,4.0,0.5,1.0,0.0,0.0,20.0,2.0,2.0,4.0,2.0,2.0,2.0,0.7440476190476191,0.7692307692307693,,,,,,,,,,,,,,,,,,,,,,,,,,,,,,,,,,,,,,,,,0.7440476190476191,1.887029541056549,2022-23
1629667,Jalen McDaniels,1610612755,PHI,80.0,23.9,7.7,3.5,0.455,2.9,1.0,0.332,1.7,1.5,0.841,9.4,1.6,1.2,4.3,0.8,3.5,-1.9,0.556344696969697,0.5194805194805194,30.0,2.9,0.5,0.2,0.4,0.3,0.1,0.333,0.2,0.2,1.0,0.7,0.2,0.1,0.5,0.1,0.4,-0.6,0.5952380952380952,0.5,8.0,12.7,2.5,1.0,0.4,1.1,0.4,0.333,0.0,0.0,0.0,2.4,0.6,0.4,2.0,0.4,1.6,1.8,0.48,0.48,0.5376303210669778,-1.772998443213936,2022-23
1629669,Jaylen Nowell,1610612750,MIN,65.0,19.3,9.6,4.3,0.448,3.6,1.0,0.289,1.5,1.2,0.778,10.8,2.0,1.0,2.6,0.6,2.1,-0.1,0.5263157894736843,0.5,11.0,2.0,0.4,0.2,0.5,0.0,0.0,0.0,0.0,0.0,0.0,0.4,0.2,0.0,0.2,0.0,0.2,0.2,0.5,0.5,5.0,12.4,5.2,1.2,0.231,1.8,0.6,0.333,0.4,0.2,0.5,3.2,0.6,0.4,1.0,0.8,0.2,-5.8,0.2976190476190476,0.28846153846153844,0.4073621553880372,-4.0828103461350835,2022-23
1629670,Jordan Nwora,1610612754,IND,62.0,19.2,7.2,3.1,0.436,3.4,1.4,0.408,1.4,1.1,0.791,8.7,1.4,1.1,3.7,0.8,2.9,-4.1,0.5565506653019447,0.5277777777777778,11.0,1.6,0.6,0.2,0.286,0.2,0.0,0.0,0.0,0.0,0.0,0.4,0.0,0.1,0.2,0.0,0.2,-2.2,0.33333333333333337,0.33333333333333337,,,,,,,,,,,,,,,,,,,,,0.4160724439883798,-3.9283664097973654,2022-23
1629673,Jordan Poole,1610612744,GSW,82.0,30.0,15.6,6.7,0.43,7.8,2.6,0.336,5.1,4.4,0.87,20.4,4.5,3.1,2.7,0.4,2.4,-0.1,0.5716207128446535,0.5128205128205129,34.0,3.5,1.9,0.7,0.381,0.9,0.2,0.276,0.4,0.4,0.867,2.0,0.3,0.4,0.7,0.2,0.5,0.2,0.4816955684007707,0.42105263157894735,13.0,21.9,10.4,3.5,0.341,4.8,1.2,0.254,2.6,2.0,0.765,10.3,3.5,1.2,2.2,0.3,1.8,-0.4,0.44611919611919615,0.39423076923076916,0.4910743935126704,-2.598491264549166,2022-23
1629675,Naz Reid,1610612750,MIN,68.0,18.4,8.5,4.6,0.537,3.2,1.1,0.346,1.9,1.3,0.677,11.5,1.1,1.4,4.9,1.1,3.8,-1.9,0.6158954584404456,0.6058823529411764,16.0,2.8,1.3,0.4,0.333,0.8,0.1,0.154,0.3,0.2,0.75,1.2,0.1,0.4,0.7,0.1,0.6,-1.3,0.41899441340782123,0.34615384615384615,,,,,,,,,,,,,,,,,,,,,0.4999222127306222,-2.441608744264908,2022-23
1629676,Isaiah Roby,1610612752,NYK,42.0,11.3,3.7,1.6,0.432,1.4,0.4,0.3,1.0,0.5,0.488,4.1,0.9,0.7,2.6,0.5,2.1,-2.6,0.49516908212560373,0.48648648648648646,,,,,,,,,,,,,,,,,,,,,,,,,,,,,,,,,,,,,,,,,0.49516908212560373,-2.5258874902685093,2022-23
1629677,Luka Samanic,1610612762,UTA,7.0,23.0,8.1,3.7,0.456,4.4,1.1,0.258,1.9,1.3,0.692,9.9,2.1,1.4,4.3,0.0,4.3,-0.9,0.5539391226499553,0.5246913580246914,2.0,2.1,1.0,0.0,0.0,1.0,0.0,0.0,0.0,0.0,0.0,0.0,0.0,0.0,0.0,0.0,0.0,-1.5,0.0,0.0,,,,,,,,,,,,,,,,,,,,,0.19699205322747326,-7.812926322334498,2022-23
1629678,Admiral Schofield,1610612753,ORL,37.0,12.2,3.3,1.5,0.451,2.0,0.6,0.324,0.6,0.6,0.913,4.2,0.8,0.4,1.7,0.6,1.1,-2.1,0.5892255892255892,0.5454545454545455,3.0,0.7,0.0,0.0,0.0,0.0,0.0,0.0,0.0,0.0,0.0,0.0,0.0,0.0,0.0,0.0,0.0,0.0,,,,,,,,,,,,,,,,,,,,,,,0.19640852974186307,-7.823272898458232,2022-23
1629680,Matisse Thybulle,1610612757,POR,71.0,16.9,3.6,1.5,0.435,2.1,0.8,0.365,0.4,0.3,0.679,4.1,0.7,0.3,2.0,0.6,1.4,-0.2,0.5429025423728813,0.5277777777777778,15.0,1.5,0.2,0.0,0.0,0.1,0.0,0.0,0.0,0.0,0.0,0.0,0.0,0.0,0.1,0.1,0.1,-1.6,0.0,0.0,,,,,,,,,,,,,,,,,,,,,0.18652306967830612,-7.998554044098459,2022-23
1629684,Grant Williams,1610612738,BOS,79.0,25.9,6.0,2.7,0.454,3.7,1.5,0.395,1.5,1.2,0.77,8.1,1.7,1.0,4.6,1.1,3.5,2.6,0.6081081081081081,0.5750000000000001,24.0,4.0,1.0,0.4,0.391,0.7,0.3,0.353,0.3,0.3,0.75,1.3,0.1,0.1,0.5,0.2,0.3,0.5,0.5742049469964664,0.55,15.0,17.7,3.5,1.7,0.472,2.7,1.2,0.45,0.7,0.5,0.8,5.1,1.2,0.3,2.2,0.7,1.5,-1.7,0.6696428571428571,0.6571428571428571,0.6442410955854909,0.11733934329804185,2022-23
1629723,John Konchar,1610612763,MEM,72.0,20.7,4.4,1.9,0.431,2.5,0.8,0.339,0.5,0.4,0.778,5.1,1.4,0.5,4.3,0.9,3.4,2.9,0.5519480519480519,0.5227272727272726,16.0,1.8,0.3,0.2,0.6,0.3,0.1,0.5,0.0,0.0,0.0,0.5,0.1,0.0,0.3,0.1,0.1,0.6,0.8333333333333334,0.8333333333333334,5.0,9.7,1.8,0.4,0.222,0.8,0.0,0.0,0.0,0.0,0.0,0.8,0.8,0.2,2.0,0.8,1.2,-4.6,0.22222222222222224,0.22222222222222224,0.48769841269686315,-2.658351481600228,2022-23
1629726,Garrison Mathews,1610612737,ATL,54.0,12.7,3.7,1.4,0.363,3.3,1.2,0.35,1.0,0.9,0.906,4.8,0.5,0.4,1.4,0.2,1.1,-1.6,0.5797101449275361,0.5405405405405405,9.0,1.4,0.2,0.2,1.0,0.1,0.1,1.0,0.2,0.2,1.0,0.8,0.0,0.0,0.1,0.0,0.1,1.6,1.3888888888888888,1.25,,,,,,,,,,,,,,,,,,,,,1.1245680463057157,8.634116272527136,2022-23
1629731,Dean Wade,1610612739,CLE,44.0,20.3,4.0,1.7,0.412,2.9,1.0,0.354,0.5,0.3,0.652,4.7,0.8,0.4,3.4,0.5,3.0,2.5,0.556872037914692,0.55,12.0,1.7,0.2,0.1,0.5,0.1,0.0,0.0,0.2,0.1,0.5,0.3,0.1,0.0,0.3,0.1,0.3,1.8,0.5208333333333333,0.5,2.0,5.6,0.5,0.0,0.0,0.5,0.0,0.0,1.0,1.0,1.0,1.0,0.0,0.0,1.5,0.0,1.5,-4.0,0.5319148936170213,0.0,0.537380564237487,-1.7774269334332242,2022-23
1629750,Javonte Green,1610612741,CHI,32.0,15.0,3.4,1.9,0.565,1.1,0.4,0.371,1.4,0.9,0.667,5.2,0.7,0.6,2.8,0.8,1.9,1.5,0.647410358565737,0.6176470588235294,7.0,2.0,0.7,0.6,0.8,0.1,0.0,0.0,0.0,0.0,0.0,1.1,0.1,0.3,0.1,0.0,0.1,-1.0,0.7857142857142858,0.8571428571428572,,,,,,,,,,,,,,,,,,,,,0.7602012119528319,2.173452252030785,2022-23
1630162,Anthony Edwards,1610612750,MIN,79.0,36.0,19.5,8.9,0.459,7.3,2.7,0.369,5.3,4.0,0.756,24.6,4.4,3.3,5.8,0.6,5.2,1.2,0.5633931843165995,0.5256410256410257,45.0,3.6,2.3,1.0,0.423,0.9,0.3,0.333,0.6,0.4,0.714,2.7,0.2,0.4,0.6,0.1,0.5,0.2,0.5265210608424338,0.5,5.0,39.7,22.8,11.0,0.482,8.6,3.0,0.349,7.8,6.6,0.846,31.6,5.2,1.6,5.0,0.6,4.4,-3.0,0.602317779810918,0.5482456140350876,0.5823596460333038,-0.9798934917595528,2022-23
1630163,LaMelo Ball,1610612766,CHA,36.0,35.2,20.0,8.2,0.411,10.6,4.0,0.376,3.4,2.8,0.843,23.3,8.4,3.6,6.4,1.2,5.3,-4.2,0.5419612951246744,0.51,19.0,2.6,1.3,0.5,0.417,0.9,0.3,0.353,0.2,0.2,0.75,1.5,0.6,0.2,0.3,0.1,0.2,-0.2,0.5403458213256483,0.5,,,,,,,,,,,,,,,,,,,,,0.5473843125916653,-1.6000483935429948,2022-23
1630164,James Wiseman,1610612765,DET,45.0,19.3,7.5,4.2,0.558,0.4,0.1,0.2,2.2,1.5,0.701,10.0,0.7,1.1,5.9,1.6,4.3,-7.3,0.5904581955597543,0.5666666666666667,8.0,3.0,0.6,0.5,0.8,0.0,0.0,0.0,0.3,0.1,0.5,1.1,0.0,0.0,0.6,0.1,0.5,-2.1,0.7513661202185793,0.8333333333333334,,,,,,,,,,,,,,,,,,,,,0.7057301453312377,1.2076144558844852,2022-23
1630165,Killian Hayes,1610612765,DET,76.0,28.3,10.7,4.0,0.377,3.8,1.1,0.28,1.5,1.2,0.821,10.3,6.2,2.3,2.9,0.4,2.5,-6.6,0.45334507042253525,0.4252336448598131,24.0,3.3,1.1,0.4,0.333,0.6,0.3,0.4,0.5,0.3,0.727,1.3,0.5,0.2,0.1,0.0,0.1,-2.9,0.49242424242424243,0.5,,,,,,,,,,,,,,,,,,,,,0.48967822558782165,-2.623247008014845,2022-23
1630166,Deni Avdija,1610612764,WAS,76.0,26.6,7.6,3.3,0.437,3.1,0.9,0.297,2.2,1.6,0.739,9.2,2.8,1.6,6.4,1.0,5.4,-0.7,0.5368814192343604,0.493421052631579,29.0,2.8,0.4,0.2,0.385,0.2,0.1,0.429,0.3,0.2,0.875,0.7,0.1,0.3,0.8,0.0,0.7,-1.1,0.6578947368421052,0.625,,,,,,,,,,,,,,,,,,,,,0.6228201222002346,-0.26248038502581394,2022-23
1630167,Obi Toppin,1610612752,NYK,67.0,15.7,6.3,2.8,0.446,3.7,1.3,0.344,0.7,0.6,0.809,7.4,1.0,0.6,2.8,0.4,2.4,0.9,0.5599273607748184,0.5476190476190476,6.0,2.2,0.8,0.5,0.6,0.5,0.2,0.333,0.0,0.0,0.0,1.2,0.0,0.0,0.0,0.0,0.0,2.2,0.7499999999999999,0.7499999999999999,11.0,15.9,6.4,2.7,0.429,3.9,1.2,0.302,0.5,0.4,0.8,7.0,0.6,0.7,3.5,0.9,2.6,-0.3,0.5287009063444109,0.515625,0.6203700926644056,-0.30592236760745095,2022-23
1630168,Onyeka Okongwu,1610612737,ATL,80.0,23.1,6.2,4.0,0.638,0.2,0.1,0.308,2.5,1.9,0.781,9.9,1.0,1.0,7.2,2.7,4.5,0.8,0.6780821917808219,0.6532258064516129,16.0,3.3,0.4,0.2,0.5,0.0,0.0,0.0,0.1,0.1,1.0,0.4,0.0,0.1,0.6,0.3,0.3,-2.0,0.45045045045045046,0.5,6.0,21.9,4.2,2.5,0.6,0.2,0.2,1.0,1.7,0.8,0.5,6.0,1.2,1.2,6.3,3.2,3.2,-2.3,0.6063055780113177,0.6190476190476191,0.5727682506881312,-1.1499605147995773,2022-23
1630169,Tyrese Haliburton,1610612754,IND,56.0,33.6,15.0,7.4,0.49,7.2,2.9,0.4,3.6,3.1,0.871,20.7,10.4,2.5,3.7,0.6,3.1,-0.6,0.624095513748191,0.59,35.0,3.5,1.9,0.7,0.4,0.9,0.3,0.313,1.0,0.9,0.914,2.7,0.9,0.1,0.5,0.1,0.4,0.2,0.576923076923077,0.4473684210526316,,,,,,,,,,,,,,,,,,,,,0.6053138891972705,-0.5728870385225449,2022-23
1630170,Devin Vassell,1610612759,SAS,38.0,31.0,15.7,6.9,0.439,7.0,2.7,0.387,2.6,2.1,0.78,18.5,3.6,1.5,3.9,0.2,3.7,-7.8,0.5491569698408929,0.5254777070063694,11.0,3.4,1.1,0.4,0.333,0.5,0.1,0.167,0.5,0.3,0.6,1.1,0.3,0.1,0.2,0.0,0.2,-2.4,0.4166666666666667,0.40909090909090906,,,,,,,,,,,,,,,,,,,,,0.4678364704843808,-3.0105277043820333,2022-23
1630171,Isaac Okoro,1610612739,CLE,76.0,21.7,4.7,2.3,0.494,2.3,0.8,0.363,1.4,1.0,0.757,6.4,1.1,0.6,2.5,0.7,1.8,1.7,0.6019563581640331,0.5744680851063829,25.0,2.0,0.4,0.2,0.5,0.3,0.1,0.429,0.0,0.0,0.0,0.5,0.0,0.0,0.3,0.1,0.2,-1.0,0.625,0.625,5.0,14.9,4.6,2.2,0.478,2.6,0.8,0.308,1.2,1.2,1.0,6.4,0.8,0.8,1.4,0.6,0.8,0.6,0.62402496099844,0.5652173913043479,0.6291825118226204,-0.14966753313513514,2022-23
1630172,Patrick Williams,1610612741,CHI,82.0,28.3,8.3,3.8,0.464,3.4,1.4,0.415,1.3,1.1,0.857,10.2,1.2,1.2,4.0,1.0,3.0,-1.7,0.5748422001803426,0.5421686746987951,29.0,3.0,0.4,0.1,0.333,0.2,0.0,0.167,0.1,0.1,1.0,0.4,0.0,0.0,0.3,0.1,0.2,0.6,0.45045045045045046,0.25,,,,,,,,,,,,,,,,,,,,,0.49673364413493426,-2.498145916314696,2022-23
1630173,Precious Achiuwa,1610612761,TOR,55.0,20.7,7.3,3.6,0.485,2.0,0.5,0.269,2.3,1.6,0.702,9.2,0.9,1.1,6.0,1.8,4.1,-0.7,0.5534167468719923,0.5273972602739726,12.0,2.5,0.8,0.3,0.444,0.1,0.0,0.0,0.6,0.4,0.714,1.1,0.0,0.1,1.1,0.3,0.8,-1.7,0.5169172932330828,0.37499999999999994,,,,,,,,,,,,,,,,,,,,,0.5400426818874737,-1.7302243724478288,2022-23
1630174,Aaron Nesmith,1610612754,IND,73.0,24.9,8.1,3.5,0.427,4.3,1.6,0.366,1.9,1.6,0.838,10.1,1.3,1.0,3.8,0.8,2.9,-2.9,0.565129811996419,0.5308641975308642,30.0,3.4,0.7,0.3,0.476,0.4,0.1,0.167,0.5,0.5,0.938,1.2,0.2,0.1,0.7,0.2,0.5,-0.5,0.6521739130434783,0.5,,,,,,,,,,,,,,,,,,,,,0.6318011880020336,-0.10323524188746269,2022-23
1630175,Cole Anthony,1610612753,ORL,60.0,25.9,10.2,4.6,0.454,3.4,1.3,0.364,2.8,2.5,0.894,13.0,3.9,1.5,4.8,0.8,4.0,-0.4,0.5685794261721484,0.5147058823529412,15.0,2.0,0.6,0.3,0.444,0.4,0.2,0.5,0.1,0.1,1.0,0.8,0.1,0.3,0.4,0.1,0.3,-0.3,0.6211180124223603,0.6666666666666667,,,,,,,,,,,,,,,,,,,,,0.6094875032795561,-0.4988838203516348,2022-23
1630177,Theo Maledon,1610612766,CHA,44.0,19.4,5.8,2.3,0.402,2.2,0.6,0.295,1.7,1.4,0.851,6.7,3.5,1.3,2.8,0.3,2.5,-3.3,0.5116065974343311,0.44827586206896547,8.0,1.1,0.5,0.1,0.25,0.0,0.0,0.0,0.5,0.4,0.75,0.6,0.1,0.1,0.5,0.1,0.4,0.4,0.4166666666666667,0.2,,,,,,,,,,,,,,,,,,,,,0.4569339999095742,-3.2038416746347593,2022-23
1630178,Tyrese Maxey,1610612755,PHI,60.0,33.6,15.2,7.3,0.481,6.2,2.7,0.434,3.6,3.0,0.845,20.3,3.5,1.3,2.9,0.4,2.6,4.0,0.6047426120114395,0.5690789473684211,29.0,3.6,1.4,0.4,0.3,0.4,0.1,0.231,0.3,0.3,1.0,1.2,0.2,0.1,0.4,0.0,0.3,3.0,0.39164490861618795,0.32142857142857145,11.0,38.5,17.5,7.5,0.427,7.7,3.1,0.4,2.8,2.5,0.903,20.5,2.3,0.7,4.8,0.8,4.0,0.4,0.5471919709587871,0.5171428571428572,0.5141452500018797,-2.1894171162211826,2022-23
1630180,Saddiq Bey,1610612737,ATL,77.0,27.6,10.9,4.6,0.422,5.4,2.0,0.361,3.1,2.7,0.861,13.8,1.5,0.9,4.7,1.3,3.4,-1.9,0.5626223091976517,0.5137614678899082,27.0,2.8,0.6,0.3,0.412,0.2,0.1,0.667,0.2,0.1,0.667,0.8,0.1,0.0,0.4,0.2,0.2,-2.0,0.5813953488372093,0.5833333333333334,6.0,22.1,6.7,2.5,0.375,3.0,1.2,0.389,1.5,1.3,0.889,7.5,1.0,0.3,4.0,1.2,2.8,-5.7,0.5095108695652174,0.4626865671641791,0.5478288564167455,-1.5921660946468013,2022-23
1630181,R.J. Hampton,1610612765,DET,47.0,15.9,5.0,2.2,0.43,2.5,0.9,0.353,1.6,1.2,0.75,6.4,1.1,0.9,1.9,0.4,1.5,-3.0,0.5610098176718094,0.53,7.0,2.3,0.3,0.1,0.5,0.0,0.0,0.0,0.0,0.0,0.0,0.3,0.3,0.0,0.3,0.1,0.1,-1.4,0.5,0.33333333333333337,,,,,,,,,,,,,,,,,,,,,0.526336605889403,-1.9732496527815613,2022-23
1630182,Josh Green,1610612742,DAL,60.0,25.7,6.4,3.4,0.537,2.8,1.1,0.402,1.6,1.1,0.723,9.1,1.7,1.2,3.0,0.9,2.1,1.3,0.6404842342342342,0.6171875,30.0,2.5,0.5,0.2,0.357,0.3,0.1,0.2,0.1,0.1,1.0,0.5,0.2,0.1,0.3,0.1,0.2,-0.4,0.45955882352941174,0.5,,,,,,,,,,,,,,,,,,,,,0.5276797937631319,-1.9494333096064764,2022-23
1630183,Jaden McDaniels,1610612750,MIN,79.0,30.6,9.1,4.7,0.517,3.4,1.4,0.398,1.8,1.3,0.736,12.1,1.9,1.4,3.9,1.2,2.7,0.9,0.6116053376465831,0.5934065934065935,43.0,3.7,0.8,0.3,0.324,0.5,0.1,0.3,0.3,0.3,0.8,0.9,0.2,0.1,0.4,0.1,0.3,0.0,0.48283261802575106,0.43749999999999994,,,,,,,,,,,,,,,,,,,,,0.5345480666896045,-1.8276505357768595,2022-23
1630188,Jalen Smith,1610612754,IND,68.0,18.8,7.5,3.6,0.476,2.8,0.8,0.283,2.0,1.5,0.759,9.4,1.0,1.1,5.8,1.9,3.9,-1.4,0.5608591885441527,0.5333333333333333,16.0,1.7,0.3,0.1,0.5,0.1,0.0,0.0,0.4,0.3,0.833,0.6,0.0,0.2,0.6,0.3,0.3,-0.1,0.6302521008403361,0.33333333333333337,,,,,,,,,,,,,,,,,,,,,0.6111211300744083,-0.46991764434068095,2022-23
1630191,Isaiah Stewart,1610612765,DET,50.0,28.3,8.8,3.9,0.442,4.1,1.3,0.327,3.0,2.2,0.738,11.3,1.4,1.4,8.1,2.3,5.8,-4.5,0.558300395256917,0.5170454545454545,18.0,3.2,0.6,0.2,0.364,0.3,0.1,0.167,0.4,0.3,0.857,0.8,0.2,0.0,0.9,0.3,0.6,-0.8,0.5154639175257733,0.4166666666666667,,,,,,,,,,,,,,,,,,,,,0.5365609252535615,-1.7919601224998107,2022-23
1630192,Zeke Nnaji,1610612743,DEN,53.0,13.7,3.7,2.1,0.561,1.2,0.3,0.262,1.2,0.8,0.645,5.2,0.3,0.6,2.6,1.2,1.4,-1.8,0.6149479659413435,0.6081081081081081,8.0,1.9,0.1,0.0,0.0,0.1,0.0,0.0,1.0,0.4,0.375,0.4,0.0,0.1,0.5,0.3,0.3,-2.4,0.37037037037037035,0.0,5.0,2.4,0.8,0.4,0.5,0.6,0.2,0.333,0.0,0.0,0.0,1.0,0.0,0.2,0.4,0.0,0.4,-1.2,0.625,0.625,0.5411508204823197,-1.7105757368573808,2022-23
1630193,Immanuel Quickley,1610612752,NYK,81.0,28.9,11.6,5.2,0.448,5.6,2.1,0.37,3.1,2.5,0.819,14.9,3.4,1.2,4.2,0.7,3.4,3.9,0.5746683122493058,0.5387931034482759,34.0,3.4,1.0,0.2,0.242,0.6,0.1,0.105,0.1,0.1,0.75,0.6,0.3,0.1,0.2,0.1,0.2,-1.6,0.28735632183908044,0.25,8.0,21.9,8.3,2.9,0.348,4.6,1.1,0.243,2.5,2.1,0.85,9.0,1.0,1.1,1.6,0.3,1.4,2.5,0.4787234042553191,0.41566265060240964,0.43954588443666665,-3.512153961672529,2022-23
1630194,Paul Reed,1610612755,PHI,69.0,10.9,3.0,1.8,0.593,0.1,0.0,0.167,0.7,0.6,0.745,4.2,0.4,0.7,3.8,1.6,2.2,-0.2,0.6348246674727933,0.6,7.0,2.0,0.1,0.1,1.0,0.0,0.0,0.0,0.0,0.0,0.0,0.3,0.0,0.0,0.4,0.0,0.4,-2.1,1.4999999999999998,1.0,11.0,14.3,3.5,2.0,0.579,0.0,0.0,0.0,0.6,0.6,1.0,4.6,0.6,0.5,5.5,2.5,3.0,0.5,0.6110520722635493,0.5714285714285714,0.9146634807094622,4.912254821843492,2022-23
1630197,Aleksej Pokusevski,1610612760,OKC,34.0,20.6,7.3,3.2,0.434,3.1,1.1,0.365,1.0,0.6,0.629,8.1,1.9,1.3,4.7,1.3,3.4,-5.8,0.5232558139534883,0.5136986301369864,13.0,4.1,1.3,0.5,0.353,0.6,0.2,0.375,0.5,0.3,0.571,1.5,0.3,0.0,0.8,0.1,0.7,-0.4,0.4934210526315789,0.4615384615384615,,,,,,,,,,,,,,,,,,,,,0.5211741922478581,-2.0647854813156883,2022-23
1630198,Isaiah Joe,1610612760,OKC,73.0,19.1,7.0,3.1,0.441,5.4,2.2,0.409,1.4,1.1,0.82,9.5,1.2,0.5,2.4,0.4,2.0,2.9,0.623686974789916,0.6,30.0,1.7,0.7,0.2,0.333,0.6,0.2,0.353,0.1,0.0,0.5,0.7,0.1,0.0,0.2,0.0,0.1,0.0,0.4704301075268817,0.42857142857142866,,,,,,,,,,,,,,,,,,,,,0.5315157299464646,-1.88141752839908,2022-23
1630200,Tre Jones,1610612759,SAS,68.0,29.2,10.9,5.0,0.459,2.3,0.7,0.285,2.5,2.2,0.86,12.9,6.6,1.6,3.6,0.8,2.8,-4.8,0.5375,0.49082568807339444,22.0,3.7,1.2,0.5,0.423,0.2,0.1,0.5,0.9,0.7,0.842,1.8,0.6,0.4,0.4,0.0,0.4,-1.4,0.5639097744360902,0.45833333333333337,,,,,,,,,,,,,,,,,,,,,0.5661156906016435,-1.2679184394589225,2022-23
1630201,Malachi Flynn,1610612761,TOR,53.0,13.0,4.6,1.6,0.36,2.5,0.9,0.353,0.6,0.5,0.758,4.6,1.3,0.5,1.4,0.3,1.2,-0.8,0.4728618421052631,0.44565217391304357,6.0,2.7,0.5,0.0,0.0,0.5,0.0,0.0,0.0,0.0,0.0,0.0,0.2,0.2,0.5,0.2,0.3,0.5,0.0,0.0,,,,,,,,,,,,,,,,,,,,,0.16849017925011606,-8.31829896979092,2022-23
1630202,Payton Pritchard,1610612738,BOS,48.0,13.4,5.1,2.1,0.412,3.2,1.2,0.364,0.3,0.3,0.75,5.6,1.3,0.8,1.8,0.5,1.3,0.3,0.5351681957186545,0.5294117647058825,3.0,3.0,1.7,0.3,0.2,1.3,0.3,0.25,0.0,0.0,0.0,1.0,0.0,0.3,0.3,0.3,0.0,-0.7,0.29411764705882354,0.2647058823529412,10.0,5.7,2.2,1.2,0.545,1.0,0.4,0.4,0.5,0.4,0.8,3.2,1.1,0.5,0.6,0.0,0.6,0.8,0.6611570247933883,0.6363636363636362,0.5511457606962085,-1.5333533759321156,2022-23
1630205,Lamar Stevens,1610612739,CLE,62.0,18.1,4.6,2.1,0.448,1.5,0.5,0.316,0.9,0.6,0.702,5.3,0.5,0.4,3.3,0.8,2.6,0.1,0.5304243394715773,0.5108695652173914,12.0,2.6,0.6,0.5,0.857,0.2,0.2,1.0,0.5,0.3,0.5,1.4,0.1,0.1,0.7,0.3,0.4,-0.5,0.8536585365853658,1.0,2.0,4.4,1.0,0.5,0.5,0.5,0.5,1.0,1.0,1.0,1.0,2.5,0.0,0.0,1.5,0.0,1.5,3.5,0.8680555555555556,0.75,0.8200281581428632,3.23425626124466,2022-23
1630206,Jay Scrubb,1610612753,ORL,2.0,15.1,3.5,2.5,0.714,1.0,1.0,1.0,1.0,0.5,0.5,6.5,0.5,1.5,3.0,0.0,3.0,-8.0,0.8248730964467005,0.8571428571428571,,,,,,,,,,,,,,,,,,,,,,,,,,,,,,,,,,,,,,,,,0.8248730964467005,3.3201628686248768,2022-23
1630208,Nick Richards,1610612766,CHA,65.0,18.7,4.8,3.0,0.629,0.0,0.0,1.0,2.8,2.1,0.749,8.2,0.6,0.9,6.4,2.3,4.1,-1.7,0.679708222811671,0.625,7.0,3.1,0.6,0.3,0.5,0.0,0.0,0.0,0.1,0.0,0.0,0.6,0.0,0.1,1.1,0.3,0.9,1.0,0.4658385093167702,0.5,,,,,,,,,,,,,,,,,,,,,0.5496284138124662,-1.5602577686873342,2022-23
1630214,Xavier Tillman,1610612763,MEM,61.0,19.3,5.0,3.1,0.614,0.2,0.1,0.267,1.5,0.8,0.551,7.0,1.6,0.7,5.0,2.0,3.0,0.0,0.6183745583038869,0.63,12.0,1.7,0.1,0.1,1.0,0.0,0.0,0.0,0.7,0.4,0.625,0.6,0.2,0.1,0.5,0.2,0.3,-2.4,0.7352941176470588,1.0,6.0,30.5,7.5,4.0,0.533,0.7,0.2,0.25,0.8,0.5,0.6,8.7,3.2,0.7,8.0,2.8,5.2,-0.8,0.553998981151299,0.5466666666666666,0.6271599561749169,-0.1855298874182214,2022-23
1630215,Jared Butler,1610612760,OKC,6.0,12.8,5.3,2.5,0.469,2.3,1.2,0.5,0.0,0.0,0.0,6.2,1.3,0.8,0.7,0.2,0.5,-0.2,0.5849056603773585,0.5849056603773585,,,,,,,,,,,,,,,,,,,,,,,,,,,,,,,,,,,,,,,,,0.5849056603773585,-0.934749582606802,2022-23
1630217,Desmond Bane,1610612763,MEM,58.0,31.7,16.2,7.8,0.479,7.0,2.9,0.408,3.5,3.1,0.883,21.5,4.4,2.2,5.0,0.7,4.3,6.1,0.6059751972942503,0.5709876543209876,28.0,3.4,1.9,0.9,0.463,0.8,0.2,0.261,1.3,1.1,0.811,3.1,0.2,0.2,0.6,0.3,0.3,0.4,0.6270226537216829,0.5263157894736842,6.0,38.6,19.3,8.2,0.422,8.3,2.7,0.32,4.8,4.5,0.931,23.5,3.2,2.8,6.0,1.2,4.8,-5.3,0.5487577059592752,0.49481865284974086,0.5961106654969114,-0.7360713095034317,2022-23
1630219,Skylar Mays,1610612757,POR,6.0,31.5,11.3,5.7,0.5,4.3,2.0,0.462,2.2,2.0,0.923,15.3,8.3,1.7,3.2,0.3,2.8,-12.3,0.6235735246168894,0.5929203539823009,2.0,3.2,1.0,0.5,0.5,0.0,0.0,0.0,0.0,0.0,0.0,1.0,0.0,0.0,1.0,0.0,1.0,-2.5,0.5,0.5,,,,,,,,,,,,,,,,,,,,,0.5500407323936373,-1.5529468622842177,2022-23
1630224,Jalen Green,1610612745,HOU,76.0,34.2,17.9,7.4,0.416,7.3,2.5,0.338,6.1,4.8,0.786,22.1,3.7,2.6,3.7,0.6,3.2,-5.9,0.5368247182277498,0.4832402234636872,36.0,3.3,1.4,0.7,0.462,0.4,0.1,0.231,0.9,0.6,0.656,2.0,0.2,0.3,0.4,0.1,0.3,-1.5,0.556792873051225,0.5357142857142857,,,,,,,,,,,,,,,,,,,,,0.5579580504932424,-1.4125632505985166,2022-23
1630225,Isaiah Todd,1610612764,WAS,6.0,10.2,3.2,0.5,0.158,1.7,0.2,0.1,0.3,0.3,1.0,1.5,0.7,0.3,2.0,0.3,1.7,-1.2,0.22509003601440575,0.18749999999999997,1.0,3.2,0.0,0.0,0.0,0.0,0.0,0.0,0.0,0.0,0.0,0.0,0.0,0.0,0.0,0.0,0.0,-8.0,,,,,,,,,,,,,,,,,,,,,,,0.07503001200480192,-9.975460607303152,2022-23
1630227,Daishen Nix,1610612745,HOU,57.0,16.0,4.2,1.4,0.342,2.5,0.7,0.286,0.6,0.4,0.667,4.0,2.3,1.5,1.7,0.3,1.4,-2.6,0.4480286738351254,0.41666666666666663,7.0,2.2,0.6,0.4,0.75,0.1,0.1,1.0,0.4,0.3,0.667,1.3,0.1,0.1,0.1,0.0,0.1,0.1,0.8376288659793815,0.75,,,,,,,,,,,,,,,,,,,,,0.7220478495469425,1.496947058591692,2022-23
1630228,Jonathan Kuminga,1610612744,GSW,67.0,20.8,7.4,3.9,0.525,2.2,0.8,0.37,2.1,1.3,0.652,9.9,1.9,1.4,3.4,1.0,2.4,-0.8,0.594666025949063,0.581081081081081,17.0,2.5,0.8,0.5,0.643,0.1,0.1,1.0,0.2,0.2,0.75,1.3,0.2,0.2,0.5,0.1,0.4,0.0,0.7319819819819819,0.6875,10.0,6.1,2.4,1.3,0.542,0.7,0.3,0.429,0.9,0.5,0.556,3.4,0.5,0.4,0.9,0.4,0.5,-2.3,0.6080114449213162,0.6041666666666666,0.6579215315888458,0.35990999555992786,2022-23
1630230,Naji Marshall,1610612740,NOP,77.0,23.3,7.4,3.2,0.433,2.8,0.9,0.303,2.3,1.8,0.789,9.1,2.5,1.3,3.6,0.6,3.0,0.1,0.5408939610080836,0.49324324324324326,19.0,3.2,0.6,0.3,0.545,0.3,0.1,0.2,0.3,0.2,0.667,0.9,0.2,0.1,0.3,0.1,0.3,0.8,0.6147540983606558,0.5833333333333334,,,,,,,,,,,,,,,,,,,,,0.5982421606834775,-0.6982773256295545,2022-23
1630231,KJ Martin,1610612745,HOU,82.0,28.0,8.8,5.0,0.569,2.6,0.8,0.315,2.7,1.8,0.68,12.7,1.5,1.1,5.5,1.5,4.0,-4.5,0.6357629154985982,0.6136363636363636,36.0,2.3,0.5,0.3,0.474,0.1,0.1,0.5,0.4,0.3,0.563,0.8,0.0,0.2,0.6,0.2,0.5,-1.5,0.591715976331361,0.7,,,,,,,,,,,,,,,,,,,,,0.6120801075682792,-0.45291381521303364,2022-23
1630235,Trent Forrest,1610612737,ATL,23.0,12.0,2.6,1.1,0.417,0.1,0.0,0.0,0.1,0.1,0.667,2.3,1.7,0.7,1.6,0.2,1.4,-2.5,0.43494704992435695,0.4230769230769231,2.0,5.9,0.5,0.0,0.0,0.0,0.0,0.0,0.0,0.0,0.0,0.0,0.0,0.0,1.0,0.5,0.5,-7.0,0.0,0.0,,,,,,,,,,,,,,,,,,,,,0.16421311919815842,-8.394136409936262,2022-23
1630237,Anthony Lamb,1610612744,GSW,62.0,19.3,5.1,2.4,0.471,3.2,1.2,0.367,1.0,0.7,0.767,6.7,1.5,0.9,3.5,0.9,2.6,0.5,0.6046931407942239,0.5882352941176471,14.0,2.3,0.5,0.2,0.429,0.4,0.1,0.333,0.0,0.0,0.0,0.6,0.2,0.1,0.5,0.1,0.4,0.7,0.6,0.5,6.0,5.2,0.8,0.3,0.4,0.7,0.2,0.25,0.0,0.0,0.0,0.8,0.0,0.3,1.0,0.2,0.8,-0.7,0.5,0.5,0.5605861116990757,-1.3659645514980774,2022-23
1630240,Saben Lee,1610612756,PHX,25.0,14.9,4.8,2.0,0.405,1.2,0.4,0.367,2.3,1.7,0.737,6.0,2.7,1.0,1.8,0.5,1.3,-1.2,0.516173434273916,0.45833333333333337,4.0,2.5,0.5,0.0,0.0,0.0,0.0,0.0,1.0,0.8,0.75,0.8,0.3,0.0,0.5,0.0,0.5,2.3,0.4255319148936171,0.0,,,,,,,,,,,,,,,,,,,,,0.46616242135154656,-3.0402106172636447,2022-23
1630241,Sam Merrill,1610612739,CLE,5.0,11.7,4.4,1.8,0.409,3.6,1.0,0.278,0.4,0.4,1.0,5.0,1.0,0.0,1.8,0.0,1.8,-1.0,0.5463286713286712,0.5227272727272726,,,,,,,,,,,,,,,,,,,,,,,,,,,,,,,,,,,,,,,,,0.5463286713286712,-1.6187661880384514,2022-23
1630243,Trevelin Queen,1610612755,PHI,7.0,10.0,4.1,1.0,0.241,2.1,0.3,0.133,0.7,0.7,1.0,3.0,0.9,1.0,2.4,1.1,1.3,2.0,0.3402903811252269,0.2804878048780488,,,,,,,,,,,,,,,,,,,,,,,,,,,,,,,,,,,,,,,,,0.3402903811252269,-5.272073906689884,2022-23
1630245,Ayo Dosunmu,1610612741,CHI,80.0,26.2,7.1,3.5,0.493,2.4,0.7,0.312,1.0,0.8,0.805,8.6,2.6,1.2,2.8,0.6,2.2,-1.0,0.5702917771883289,0.5422535211267606,24.0,2.6,0.6,0.3,0.5,0.2,0.0,0.0,0.2,0.1,0.75,0.7,0.1,0.0,0.5,0.1,0.4,-0.5,0.5087209302325582,0.5,,,,,,,,,,,,,,,,,,,,,0.5376952501086436,-1.771847172890114,2022-23
1630256,Jae'Sean Tate,1610612745,HOU,31.0,21.9,7.4,3.5,0.48,1.5,0.4,0.283,2.2,1.6,0.725,9.1,2.7,1.5,3.8,1.3,2.5,-3.0,0.5437380497131931,0.5,14.0,2.0,0.4,0.2,0.5,0.0,0.0,0.0,0.1,0.1,0.5,0.5,0.4,0.3,0.6,0.2,0.4,-0.7,0.5630630630630631,0.5,,,,,,,,,,,,,,,,,,,,,0.5620267973511146,-1.3404194549650637,2022-23
1630264,Anthony Gill,1610612764,WAS,59.0,10.6,2.2,1.2,0.538,0.5,0.1,0.138,1.1,0.8,0.731,3.3,0.6,0.3,1.7,0.6,1.1,-0.2,0.6147540983606556,0.5681818181818181,5.0,0.7,0.0,0.0,0.0,0.0,0.0,0.0,0.0,0.0,0.0,0.0,0.2,0.0,0.2,0.0,0.2,0.4,,,,,,,,,,,,,,,,,,,,,,,0.20491803278688522,-7.672389132505938,2022-23
1630270,Xavier Sneed,1610612766,CHA,4.0,12.1,2.5,1.3,0.5,1.5,0.8,0.5,1.0,1.0,1.0,4.3,1.3,0.8,1.3,0.0,1.3,-7.0,0.7312925170068028,0.68,,,,,,,,,,,,,,,,,,,,,,,,,,,,,,,,,,,,,,,,,0.7312925170068028,1.6608661774803455,2022-23
1630284,Kevon Harris,1610612753,ORL,34.0,13.4,3.1,1.4,0.439,1.3,0.5,0.372,1.2,0.9,0.756,4.1,0.5,0.6,2.1,0.8,1.2,0.0,0.5650496141124586,0.532258064516129,7.0,1.4,0.1,0.0,0.0,0.1,0.0,0.0,0.0,0.0,0.0,0.0,0.0,0.0,0.1,0.1,0.0,1.3,0.0,0.0,,,,,,,,,,,,,,,,,,,,,0.19157567782139184,-7.908965199664592,2022-23
1630288,Jeff Dowtin Jr.,1610612761,TOR,25.0,10.3,2.3,1.0,0.439,0.6,0.2,0.313,0.4,0.2,0.667,2.4,1.2,0.2,0.9,0.2,0.7,-0.4,0.48465266558966075,0.47826086956521746,1.0,1.0,0.0,0.0,0.0,0.0,0.0,0.0,0.0,0.0,0.0,0.0,0.0,1.0,2.0,1.0,1.0,1.0,,,,,,,,,,,,,,,,,,,,,,,0.16155088852988692,-8.441340974872341,2022-23
1630322,Lindy Waters III,1610612760,OKC,41.0,12.9,4.3,1.7,0.393,4.0,1.4,0.358,0.5,0.4,0.8,5.2,0.7,0.2,1.8,0.4,1.4,3.3,0.5752212389380532,0.5581395348837209,6.0,0.3,0.0,0.0,0.0,0.0,0.0,0.0,0.0,0.0,0.0,0.0,0.0,0.0,0.0,0.0,0.0,-0.2,,,,,,,,,,,,,,,,,,,,,,,0.19174041297935107,-7.906044246362604,2022-23
1630526,Jeremiah Robinson-Earl,1610612760,OKC,43.0,18.9,5.8,2.6,0.444,2.6,0.9,0.333,1.0,0.8,0.833,6.8,1.0,0.4,4.2,1.7,2.5,-0.2,0.5448717948717948,0.5258620689655173,11.0,2.4,0.5,0.2,0.333,0.3,0.2,0.667,0.0,0.0,0.0,0.5,0.3,0.1,0.6,0.1,0.5,0.7,0.5,0.6000000000000001,,,,,,,,,,,,,,,,,,,,,0.523577954610951,-2.0221638715837305,2022-23
1630527,Brandon Boston,1610612746,LAC,22.0,11.3,5.5,2.3,0.418,1.3,0.5,0.414,1.7,1.3,0.763,6.5,0.9,0.5,1.4,0.3,1.0,-2.0,0.5201664532650448,0.4636363636363636,,,,,,,,,,,,,,,,,,,,,1.0,1.0,0.0,0.0,0.0,0.0,0.0,0.0,0.0,0.0,0.0,0.0,0.0,1.0,0.0,0.0,0.0,-2.0,,,0.1300416133162612,-9.000038478299434,2022-23
1630528,Josh Christopher,1610612745,HOU,64.0,12.3,5.1,2.4,0.465,1.4,0.3,0.236,0.9,0.7,0.75,5.8,1.1,0.9,1.1,0.3,0.8,-3.5,0.5276564774381368,0.5,4.0,1.7,0.3,0.3,1.0,0.0,0.0,0.0,0.0,0.0,0.0,0.5,0.0,0.3,0.0,0.0,0.0,0.8,0.8333333333333334,1.0,,,,,,,,,,,,,,,,,,,,,0.7373234009749575,1.7678010337606782,2022-23
1630529,Herbert Jones,1610612740,NOP,66.0,29.6,7.6,3.6,0.469,2.5,0.8,0.335,2.4,1.9,0.764,9.8,2.5,1.3,4.1,1.5,2.6,2.3,0.5660813308687617,0.5263157894736842,29.0,3.7,0.9,0.4,0.44,0.2,0.0,0.143,0.7,0.5,0.7,1.3,0.3,0.2,0.6,0.2,0.4,0.2,0.5380794701986755,0.4444444444444445,,,,,,,,,,,,,,,,,,,,,0.5592555290169706,-1.3895573894023254,2022-23
1630530,Trey Murphy III,1610612740,NOP,79.0,31.0,10.1,4.9,0.484,6.3,2.6,0.406,2.4,2.2,0.905,14.5,1.4,0.8,3.6,0.7,2.8,0.5,0.6498745069917534,0.6138613861386139,30.0,3.3,0.9,0.4,0.5,0.6,0.3,0.421,0.5,0.5,0.938,1.6,0.2,0.1,0.3,0.0,0.3,1.9,0.7142857142857143,0.6111111111111112,,,,,,,,,,,,,,,,,,,,,0.7017262029426206,1.1366197217555651,2022-23
1630532,Franz Wagner,1610612753,ORL,80.0,32.6,14.0,6.8,0.485,4.5,1.6,0.361,4.0,3.4,0.842,18.6,3.5,2.1,4.1,0.9,3.2,0.6,0.5901015228426396,0.5428571428571428,41.0,3.2,1.6,0.6,0.388,0.7,0.1,0.2,0.4,0.4,1.0,1.8,0.0,0.2,0.4,0.1,0.3,-1.2,0.5067567567567568,0.40625,,,,,,,,,,,,,,,,,,,,,0.5459669168798061,-1.62518053130926,2022-23
1630533,Ziaire Williams,1610612763,MEM,37.0,15.2,5.3,2.3,0.429,2.6,0.7,0.258,0.6,0.5,0.773,5.7,0.9,1.0,2.1,0.4,1.7,-2.1,0.5122214234363767,0.5,5.0,0.6,0.2,0.0,0.0,0.2,0.0,0.0,0.0,0.0,0.0,0.0,0.0,0.0,0.2,0.0,0.2,-1.0,0.0,0.0,4.0,3.0,1.8,0.5,0.286,0.8,0.3,0.333,0.0,0.0,0.0,1.3,0.5,0.5,0.5,0.0,0.5,-2.3,0.3611111111111111,0.3611111111111111,0.26969937769990004,-6.523737650484557,2022-23
1630534,Ochai Agbaji,1610612762,UTA,59.0,20.5,6.5,2.8,0.427,3.9,1.4,0.355,1.2,0.9,0.812,7.9,1.1,0.7,2.1,0.7,1.3,-0.3,0.5620375640295959,0.5384615384615384,20.0,2.5,1.1,0.5,0.476,0.5,0.2,0.4,0.3,0.3,1.0,1.5,0.1,0.1,0.2,0.1,0.1,2.5,0.6087662337662336,0.5454545454545454,,,,,,,,,,,,,,,,,,,,,0.6101130874411611,-0.4877914576456508,2022-23
1630537,Chris Duarte,1610612754,IND,46.0,19.5,7.2,2.7,0.369,3.8,1.2,0.316,1.6,1.3,0.847,7.9,1.4,0.9,2.5,0.4,2.1,-2.5,0.49974696356275305,0.45833333333333337,6.0,0.8,0.2,0.0,0.0,0.0,0.0,0.0,0.0,0.0,0.0,0.0,0.0,0.0,0.0,0.0,0.0,-2.2,0.0,0.0,,,,,,,,,,,,,,,,,,,,,0.1693600989649763,-8.302874242640604,2022-23
1630538,Bones Hyland,1610612746,LAC,56.0,19.4,10.2,4.1,0.399,5.6,2.1,0.371,1.8,1.5,0.843,11.8,3.1,1.5,2.4,0.4,2.1,-2.3,0.5367540029112082,0.5049019607843137,12.0,1.7,0.5,0.3,0.5,0.2,0.0,0.0,0.4,0.3,0.8,0.8,0.4,0.3,0.2,0.0,0.2,-1.1,0.591715976331361,0.6,5.0,16.5,8.8,3.0,0.341,4.0,1.0,0.25,2.0,1.6,0.8,8.6,0.8,0.8,0.8,0.2,0.6,3.2,0.44421487603305776,0.3977272727272727,0.5137070580626837,-2.19718678850945,2022-23
1630539,Kai Jones,1610612766,CHA,46.0,11.9,2.6,1.5,0.558,0.4,0.1,0.211,0.6,0.4,0.731,3.4,0.3,0.7,2.7,0.8,1.9,-0.7,0.5935754189944135,0.5961538461538461,1.0,0.3,0.0,0.0,0.0,0.0,0.0,0.0,0.0,0.0,0.0,0.0,0.0,0.0,0.0,0.0,0.0,-1.0,,,,,,,,,,,,,,,,,,,,,,,0.19785847299813783,-7.797563653421667,2022-23
1630540,Miles McBride,1610612752,NYK,64.0,11.9,3.4,1.2,0.358,2.1,0.6,0.299,0.7,0.4,0.667,3.5,1.1,0.4,0.8,0.2,0.6,0.8,0.4719525350593312,0.4411764705882353,5.0,1.4,0.8,0.2,0.25,0.6,0.2,0.333,0.8,0.6,0.75,1.2,0.0,0.0,0.0,0.0,0.0,-0.8,0.5208333333333333,0.37500000000000006,8.0,2.5,0.5,0.1,0.25,0.4,0.1,0.333,0.0,0.0,0.0,0.4,0.1,0.0,0.3,0.0,0.3,-1.1,0.4,0.30000000000000004,0.47579927871211847,-2.8693374977859154,2022-23
1630541,Moses Moody,1610612744,GSW,63.0,13.0,3.6,1.7,0.476,2.1,0.8,0.363,0.8,0.6,0.698,4.8,0.8,0.5,1.7,0.4,1.2,-0.1,0.6072874493927125,0.5833333333333334,6.0,1.7,0.5,0.3,0.667,0.5,0.3,0.667,0.0,0.0,0.0,1.0,0.0,0.0,0.2,0.0,0.2,-2.3,1.0,0.8999999999999999,12.0,13.4,3.6,1.9,0.535,1.8,1.1,0.591,1.0,0.9,0.917,5.8,0.7,0.2,2.6,0.6,2.0,-1.2,0.7178217821782178,0.6805555555555556,0.8073476882062585,3.0094162150096455,2022-23
1630543,Isaiah Jackson,1610612754,IND,63.0,16.5,5.0,2.8,0.563,0.2,0.0,0.143,2.3,1.5,0.651,7.2,0.8,0.8,4.5,1.8,2.7,-2.0,0.5988023952095808,0.5599999999999999,7.0,1.6,0.1,0.1,1.0,0.0,0.0,0.0,0.0,0.0,0.0,0.3,0.0,0.0,0.1,0.0,0.1,1.0,1.4999999999999998,1.0,,,,,,,,,,,,,,,,,,,,,1.2016007984027934,10.000000000000002,2022-23
1630544,Tre Mann,1610612760,OKC,67.0,17.7,7.5,2.9,0.393,3.8,1.2,0.315,0.8,0.6,0.764,7.7,1.8,0.9,2.3,0.4,1.9,0.9,0.4903209373408049,0.4666666666666667,8.0,3.0,1.8,0.4,0.214,0.5,0.0,0.0,0.0,0.0,0.0,0.8,0.0,0.0,0.8,0.0,0.8,2.6,0.22222222222222224,0.22222222222222224,,,,,,,,,,,,,,,,,,,,,0.33558846059188313,-5.355444636276065,2022-23
1630547,James Bouknight,1610612766,CHA,34.0,15.2,5.7,2.0,0.358,3.2,1.0,0.303,0.9,0.6,0.667,5.6,1.2,0.9,2.1,0.2,1.9,-2.9,0.45931758530183725,0.43859649122807015,2.0,0.6,0.0,0.0,0.0,0.0,0.0,0.0,0.0,0.0,0.0,0.0,0.0,0.0,0.0,0.0,0.0,-0.5,,,,,,,,,,,,,,,,,,,,,,,0.15310586176727908,-8.59108149846914,2022-23
1630548,Johnny Juzang,1610612762,UTA,18.0,12.9,5.8,1.9,0.337,3.5,0.8,0.238,0.2,0.1,0.5,4.8,0.4,0.2,2.2,0.4,1.7,-4.8,0.4076086956521739,0.396551724137931,,,,,,,,,,,,,,,,,,,,,,,,,,,,,,,,,,,,,,,,,0.4076086956521739,-4.078438889504185,2022-23
1630549,Day'Ron Sharpe,1610612751,BKN,48.0,11.5,3.6,1.9,0.544,0.2,0.1,0.545,1.1,0.7,0.636,4.7,0.8,0.9,4.2,2.1,2.1,-2.1,0.5754162585700293,0.5416666666666666,8.0,0.8,0.1,0.0,0.0,0.0,0.0,0.0,0.0,0.0,0.0,0.0,0.0,0.0,0.0,0.0,0.0,-0.5,0.0,0.0,2.0,9.8,1.5,1.0,0.667,0.0,0.0,0.0,1.0,1.0,1.0,3.0,2.5,1.0,3.0,1.0,2.0,-4.5,0.7731958762886598,0.6666666666666666,0.48527842568300766,-2.7012607739847887,2022-23
1630550,JT Thor,1610612766,CHA,69.0,14.0,3.4,1.4,0.399,1.8,0.6,0.317,0.7,0.5,0.702,3.8,0.5,0.6,2.2,0.5,1.7,-2.4,0.5124056094929882,0.5,5.0,1.6,0.4,0.0,0.0,0.4,0.0,0.0,0.8,0.2,0.25,0.2,0.0,0.2,0.2,0.0,0.2,0.0,0.13297872340425532,0.0,,,,,,,,,,,,,,,,,,,,,0.27121905797939233,-6.4967918838046375,2022-23
1630552,Jalen Johnson,1610612737,ATL,70.0,14.9,4.6,2.3,0.491,1.5,0.4,0.288,1.1,0.7,0.628,5.6,1.2,0.6,4.0,0.7,3.3,-0.1,0.5507474429583006,0.5434782608695653,12.0,0.8,0.3,0.0,0.0,0.2,0.0,0.0,0.0,0.0,0.0,0.0,0.1,0.0,0.3,0.2,0.1,-1.4,0.0,0.0,6.0,9.3,4.0,1.7,0.417,1.8,0.7,0.364,0.3,0.3,1.0,4.3,1.3,0.8,2.5,0.3,2.2,-0.5,0.5203291384317522,0.5125,0.3584775488379432,-4.94959345842142,2022-23
1630553,Keon Johnson,1610612757,POR,40.0,10.4,4.5,1.7,0.376,2.0,0.7,0.346,1.0,0.7,0.659,4.7,1.5,1.1,1.1,0.3,0.8,-3.8,0.4757085020242915,0.4555555555555555,5.0,2.0,0.8,0.2,0.25,0.6,0.0,0.0,0.0,0.0,0.0,0.4,0.0,0.0,0.2,0.0,0.2,-2.4,0.25,0.25,,,,,,,,,,,,,,,,,,,,,0.3430139451152577,-5.223781827886494,2022-23
1630556,Kessler Edwards,1610612758,SAC,36.0,10.7,2.6,1.0,0.387,1.5,0.5,0.309,0.4,0.3,0.733,2.8,0.6,0.4,1.7,0.6,1.1,0.1,0.5043227665706052,0.4807692307692307,8.0,1.5,0.4,0.1,0.333,0.3,0.1,0.5,0.3,0.1,0.5,0.5,0.3,0.1,0.1,0.0,0.1,-1.1,0.4699248120300752,0.37500000000000006,6.0,1.2,0.0,0.0,0.0,0.0,0.0,0.0,0.0,0.0,0.0,0.0,0.0,0.0,0.2,0.0,0.2,0.8,,,0.25608001381715745,-6.76522542029092,2022-23
1630557,Corey Kispert,1610612764,WAS,74.0,28.3,7.9,3.9,0.497,5.2,2.2,0.424,1.2,1.0,0.852,11.1,1.2,0.7,2.8,0.4,2.4,-1.7,0.6585192216421452,0.6329113924050632,28.0,2.9,0.3,0.0,0.0,0.3,0.0,0.0,0.1,0.1,1.0,0.1,0.1,0.0,0.3,0.1,0.2,-1.1,0.14534883720930233,0.0,,,,,,,,,,,,,,,,,,,,,0.32020310037419963,-5.62824565390243,2022-23
1630558,Davion Mitchell,1610612758,SAC,80.0,18.1,5.0,2.3,0.454,2.5,0.8,0.32,0.4,0.3,0.806,5.6,2.3,0.8,1.3,0.2,1.1,0.0,0.5409582689335394,0.5399999999999999,31.0,1.5,0.4,0.2,0.636,0.2,0.1,0.333,0.0,0.0,0.0,0.5,0.1,0.0,0.1,0.0,0.1,-0.6,0.625,0.625,7.0,20.0,6.6,2.7,0.413,3.9,1.0,0.259,0.9,0.7,0.833,7.1,1.7,0.9,1.3,0.4,0.9,-3.3,0.5074328187535735,0.4848484848484849,0.5602094541974433,-1.3726431438929332,2022-23
1630559,Austin Reaves,1610612747,LAL,64.0,28.8,7.7,4.0,0.529,3.4,1.3,0.398,4.1,3.6,0.864,13.0,3.4,1.5,3.0,0.5,2.5,3.3,0.6839225589225589,0.6038961038961039,28.0,3.2,0.5,0.3,0.692,0.2,0.1,0.5,0.8,0.6,0.81,1.4,0.3,0.1,0.1,0.0,0.1,1.0,0.8215962441314553,0.7,16.0,36.2,12.1,5.6,0.464,5.5,2.4,0.443,3.6,3.2,0.895,16.9,4.6,1.6,4.4,1.3,3.2,4.6,0.617509500146156,0.5619834710743802,0.7031007644299861,1.1609923569904783,2022-23
1630560,Cam Thomas,1610612751,BKN,57.0,16.6,8.0,3.5,0.441,2.3,0.9,0.383,3.1,2.6,0.868,10.6,1.4,1.1,1.7,0.1,1.5,-0.1,0.5659974369927381,0.49375,11.0,2.7,1.8,1.1,0.6,0.3,0.1,0.333,1.7,1.5,0.842,3.7,0.0,0.2,0.5,0.1,0.4,-0.3,0.7260596546310832,0.638888888888889,2.0,7.8,3.5,1.5,0.429,1.0,0.0,0.0,0.0,0.0,0.0,3.0,0.5,0.5,0.5,0.0,0.5,-6.5,0.42857142857142855,0.42857142857142855,0.5731385053253859,-1.1433954529229062,2022-23
1630563,Joshua Primo,1610612759,SAS,4.0,23.3,6.5,2.3,0.346,3.0,0.8,0.25,2.3,1.8,0.778,7.0,4.5,2.8,3.3,0.5,2.8,-0.5,0.46592119275825344,0.41538461538461535,,,,,,,,,,,,,,,,,,,,,,,,,,,,,,,,,,,,,,,,,0.46592119275825344,-3.04448789155556,2022-23
1630564,RaiQuan Gray,1610612751,BKN,1.0,35.1,12.0,6.0,0.5,5.0,2.0,0.4,2.0,2.0,1.0,16.0,7.0,4.0,9.0,3.0,6.0,-14.0,0.6211180124223602,0.5833333333333334,,,,,,,,,,,,,,,,,,,,,,,,,,,,,,,,,,,,,,,,,0.6211180124223602,-0.2926608470329519,2022-23
1630567,Scottie Barnes,1610612761,TOR,77.0,34.8,13.2,6.0,0.456,2.9,0.8,0.281,3.2,2.5,0.772,15.3,4.8,2.0,6.6,2.3,4.3,2.3,0.5236856516977,0.4848484848484849,39.0,3.4,1.1,0.6,0.545,0.2,0.1,0.333,0.4,0.4,0.938,1.7,0.4,0.2,0.5,0.3,0.3,-0.1,0.6661442006269592,0.5909090909090908,,,,,,,,,,,,,,,,,,,,,0.6269913509832415,-0.18851946109185214,2022-23
1630570,Trendon Watford,1610612757,POR,62.0,19.1,5.2,2.9,0.56,1.0,0.4,0.391,1.6,1.2,0.72,7.4,2.1,1.1,3.8,0.7,3.2,-2.9,0.6266937669376694,0.5961538461538461,8.0,2.2,0.6,0.5,0.8,0.1,0.1,1.0,0.0,0.0,0.0,1.1,0.3,0.1,0.9,0.3,0.6,1.6,0.9166666666666667,0.9166666666666667,,,,,,,,,,,,,,,,,,,,,0.8315474949599102,3.4385080149643663,2022-23
1630572,Sandro Mamukelashvili,1610612759,SAS,43.0,15.3,5.3,2.3,0.422,2.3,0.7,0.303,1.3,0.9,0.684,6.1,1.4,0.8,4.3,1.6,2.7,-2.7,0.5194141689373297,0.5,3.0,2.8,1.3,0.7,0.5,1.0,0.7,0.667,0.0,0.0,0.0,2.0,0.0,0.0,0.3,0.3,0.0,-2.7,0.7692307692307692,0.8076923076923075,,,,,,,,,,,,,,,,,,,,,0.7104868710151205,1.291956946978143,2022-23
1630573,Sam Hauser,1610612738,BOS,80.0,16.1,5.0,2.3,0.455,4.2,1.8,0.418,0.2,0.2,0.706,6.4,0.9,0.4,2.6,0.4,2.1,2.7,0.6289308176100629,0.6399999999999999,7.0,1.5,0.6,0.1,0.25,0.4,0.1,0.333,0.0,0.0,0.0,0.4,0.0,0.0,0.4,0.1,0.3,-0.6,0.33333333333333337,0.25000000000000006,15.0,6.9,1.9,0.7,0.345,1.6,0.5,0.333,0.1,0.1,1.0,2.0,0.3,0.0,1.1,0.3,0.8,1.7,0.51440329218107,0.5,0.48513456013425654,-2.703811683911198,2022-23
1630577,Julian Champagnie,1610612759,SAS,17.0,18.8,7.6,3.5,0.454,4.8,1.9,0.402,1.0,0.8,0.824,9.7,0.6,0.6,3.5,0.6,2.9,-4.4,0.6032338308457712,0.5855263157894738,3.0,4.8,0.7,0.0,0.0,0.3,0.0,0.0,0.0,0.0,0.0,0.0,0.0,0.0,0.7,0.0,0.7,4.3,0.0,0.0,,,,,,,,,,,,,,,,,,,,,0.21028846992983463,-7.577164796061015,2022-23
1630578,Alperen Sengun,1610612745,HOU,75.0,28.9,10.7,5.9,0.553,0.8,0.3,0.333,3.8,2.7,0.715,14.8,3.9,2.6,9.0,3.2,5.8,-3.8,0.5981247979308115,0.5654205607476637,29.0,2.7,0.7,0.2,0.333,0.0,0.0,0.0,0.6,0.3,0.625,0.8,0.2,0.3,0.7,0.4,0.3,-0.4,0.4149377593360996,0.28571428571428575,,,,,,,,,,,,,,,,,,,,,0.4825421616084919,-2.7497780406240455,2022-23
1630579,Jericho Sims,1610612752,NYK,52.0,15.6,2.1,1.6,0.776,0.0,0.0,0.0,0.3,0.2,0.75,3.4,0.5,0.5,4.7,1.9,2.8,-2.2,0.7616487455197132,0.7619047619047619,9.0,3.3,0.4,0.4,1.0,0.0,0.0,0.0,0.1,0.1,1.0,1.0,0.0,0.1,0.9,0.4,0.4,-1.6,1.1261261261261262,1.0,,,,,,,,,,,,,,,,,,,,,1.0236812849625372,6.84527215252959,2022-23
1630581,Josh Giddey,1610612760,OKC,76.0,31.1,14.7,7.1,0.482,3.1,1.0,0.325,1.9,1.4,0.731,16.6,6.2,2.8,7.9,1.9,5.9,-1.4,0.5342430484037076,0.5170068027210885,36.0,3.2,1.4,0.6,0.392,0.4,0.1,0.143,0.3,0.2,0.667,1.3,0.3,0.2,1.2,0.4,0.8,-0.8,0.42428198433420367,0.46428571428571436,,,,,,,,,,,,,,,,,,,,,0.4704594818805333,-2.9640185445059117,2022-23
1630583,Santi Aldama,1610612763,MEM,77.0,21.8,6.8,3.2,0.47,3.5,1.2,0.353,1.9,1.4,0.75,9.0,1.3,0.8,4.8,1.1,3.7,1.2,0.5893137768465165,0.5588235294117647,14.0,2.1,0.1,0.0,0.0,0.1,0.0,0.0,0.2,0.1,0.667,0.1,0.1,0.1,0.2,0.1,0.1,0.1,0.26595744680851063,0.0,6.0,16.8,5.5,2.5,0.455,2.5,1.2,0.467,0.3,0.3,1.0,6.5,1.2,0.3,4.3,1.2,3.2,-6.3,0.5770596590909092,0.5636363636363636,0.47687186285778876,-2.8503192855186175,2022-23
1630586,Usman Garuba,1610612745,HOU,75.0,12.9,2.4,1.1,0.486,0.8,0.3,0.407,0.6,0.4,0.617,3.0,0.9,0.6,4.1,1.6,2.5,-3.4,0.5630630630630631,0.5208333333333334,6.0,2.6,0.3,0.3,1.0,0.2,0.2,1.0,0.3,0.0,0.0,0.8,0.0,0.2,0.8,0.3,0.5,-1.8,0.925925925925926,1.3333333333333335,,,,,,,,,,,,,,,,,,,,,0.8174716382997633,3.1889260769063004,2022-23
1630587,Isaiah Livers,1610612765,DET,52.0,23.1,5.5,2.3,0.417,3.9,1.4,0.365,0.8,0.6,0.821,6.7,0.8,0.6,2.8,0.5,2.2,-3.9,0.5724538619275461,0.5454545454545454,19.0,2.4,0.6,0.1,0.182,0.3,0.1,0.167,0.0,0.0,0.0,0.3,0.0,0.1,0.4,0.0,0.4,-1.8,0.25,0.25000000000000006,,,,,,,,,,,,,,,,,,,,,0.3683937115496228,-4.773767917750257,2022-23
1630591,Jalen Suggs,1610612753,ORL,53.0,23.5,8.4,3.5,0.419,3.8,1.2,0.327,2.2,1.6,0.723,9.9,2.9,1.8,3.0,1.0,2.0,-0.8,0.5283945345858241,0.488095238095238,16.0,3.2,1.2,0.4,0.368,0.8,0.3,0.385,0.6,0.6,0.9,1.8,0.3,0.3,0.3,0.1,0.1,-2.8,0.6147540983606558,0.45833333333333337,,,,,,,,,,,,,,,,,,,,,0.6002532913863922,-0.6626175494155291,2022-23
1630593,McKinley Wright IV,1610612742,DAL,27.0,12.4,3.6,1.7,0.469,1.0,0.3,0.321,0.7,0.5,0.684,4.2,2.1,0.7,1.7,0.3,1.4,-4.1,0.5373592630501536,0.5138888888888888,1.0,3.4,5.0,3.0,0.6,2.0,0.0,0.0,0.0,0.0,0.0,6.0,0.0,0.0,0.0,0.0,0.0,-2.0,0.6,0.6,,,,,,,,,,,,,,,,,,,,,0.6791197543500511,0.7357800863024551,2022-23
1630595,Cade Cunningham,1610612765,DET,12.0,33.3,18.7,7.8,0.415,5.1,1.4,0.279,3.6,3.0,0.837,19.9,6.0,3.3,6.2,1.0,5.2,-5.0,0.49053441135870635,0.4545454545454546,4.0,4.2,3.3,0.5,0.154,0.5,0.0,0.0,0.8,0.8,1.0,1.8,1.3,0.0,1.0,0.0,1.0,1.8,0.24644030668127057,0.15151515151515152,,,,,,,,,,,,,,,,,,,,,0.3454520670630015,-5.180550981222454,2022-23
1630596,Evan Mobley,1610612739,CLE,79.0,34.4,12.0,6.6,0.554,1.3,0.3,0.216,3.8,2.6,0.674,16.2,2.8,1.8,9.0,2.4,6.6,4.3,0.5924517261556466,0.5625,43.0,3.4,0.7,0.5,0.656,0.1,0.0,0.4,0.4,0.2,0.471,1.2,0.1,0.1,0.8,0.3,0.5,0.1,0.684931506849315,0.7142857142857143,5.0,37.5,9.6,4.4,0.458,0.2,0.0,0.0,1.6,1.0,0.625,9.8,2.0,2.4,10.0,3.0,7.0,-0.8,0.47554347826086957,0.45833333333333337,0.5706575291056614,-1.1873861575844558,2022-23
1630598,Aaron Wiggins,1610612760,OKC,70.0,18.5,5.2,2.7,0.512,1.7,0.7,0.393,1.0,0.8,0.831,6.8,1.1,0.8,3.0,1.0,2.0,0.1,0.602836879432624,0.5865384615384616,21.0,1.6,0.1,0.0,0.333,0.0,0.0,0.0,0.0,0.0,0.0,0.1,0.1,0.1,0.2,0.1,0.1,0.5,0.5,0.0,,,,,,,,,,,,,,,,,,,,,0.5362020367335818,-1.7983236493902854,2022-23
1630613,Duane Washington Jr.,1610612752,NYK,31.0,12.7,8.3,3.0,0.367,3.6,1.3,0.36,0.8,0.5,0.667,7.9,2.0,1.1,1.2,0.1,1.1,-0.2,0.4565418400369856,0.4397590361445783,,,,,,,,,,,,,,,,,,,,,,,,,,,,,,,,,,,,,,,,,0.4565418400369856,-3.210795142788948,2022-23
1630631,Jose Alvarado,1610612740,NOP,61.0,21.5,8.0,3.3,0.411,4.0,1.4,0.336,1.3,1.1,0.813,9.0,3.0,1.3,2.3,0.5,1.9,1.7,0.5249650023331779,0.5,13.0,2.9,0.7,0.3,0.444,0.3,0.2,0.5,0.0,0.0,0.0,0.8,0.2,0.2,0.1,0.0,0.1,0.8,0.5714285714285715,0.5714285714285715,,,,,,,,,,,,,,,,,,,,,0.5646907150623465,-1.29318497671985,2022-23
1630643,Jay Huff,1610612764,WAS,7.0,13.6,3.6,2.1,0.6,1.7,0.9,0.5,2.3,2.1,0.938,7.3,1.4,0.7,3.0,0.9,2.1,-1.0,0.7914137033824804,0.7083333333333334,,,,,,,,,,,,,,,,,,,,,,,,,,,,,,,,,,,,,,,,,0.7914137033824804,2.726887420540887,2022-23
1630644,Mac McClung,1610612755,PHI,2.0,20.5,10.0,4.5,0.45,5.5,2.0,0.364,2.5,1.5,0.6,12.5,4.5,1.5,5.0,1.5,3.5,9.0,0.5630630630630631,0.55,,,,,,,,,,,,,,,,,,,,,,,,,,,,,,,,,,,,,,,,,0.5630630630630631,-1.3220452123895843,2022-23
1630647,Eugene Omoruyi,1610612765,DET,40.0,16.1,5.7,2.5,0.443,2.2,0.6,0.281,1.9,1.3,0.68,7.0,0.7,0.9,2.8,1.1,1.7,-1.0,0.5354957160342717,0.49122807017543857,5.0,3.0,0.4,0.2,0.5,0.2,0.0,0.0,0.4,0.2,0.5,0.6,0.2,0.0,0.6,0.2,0.4,-2.2,0.5208333333333333,0.5,,,,,,,,,,,,,,,,,,,,,0.5327383380920641,-1.8597392094283958,2022-23
1630688,Ish Wainright,1610612756,PHX,60.0,15.3,3.8,1.4,0.37,2.9,1.0,0.329,0.5,0.4,0.839,4.2,0.9,0.4,2.3,0.8,1.6,1.5,0.5223880597014926,0.5,11.0,1.3,0.5,0.2,0.4,0.4,0.2,0.5,0.0,0.0,0.0,0.5,0.1,0.0,0.1,0.0,0.1,-0.6,0.5,0.6000000000000001,6.0,3.5,0.7,0.2,0.25,0.7,0.2,0.25,0.0,0.0,0.0,0.5,0.0,0.0,0.2,0.0,0.2,-1.2,0.35714285714285715,0.42857142857142866,0.44546066658839023,-3.407277730814192,2022-23
1630692,Jordan Goodwin,1610612764,WAS,62.0,17.8,5.7,2.5,0.448,1.9,0.6,0.322,1.1,0.9,0.768,6.6,2.7,0.9,3.3,0.9,2.4,-1.9,0.5336351875808538,0.49122807017543857,15.0,1.6,0.2,0.1,0.667,0.0,0.0,0.0,0.1,0.1,1.0,0.3,0.1,0.1,0.3,0.0,0.3,-1.9,0.6147540983606556,0.5,,,,,,,,,,,,,,,,,,,,,0.591223233363264,-0.8227313838061683,2022-23
1630696,Dru Smith,1610612751,BKN,15.0,10.6,3.0,1.2,0.4,1.3,0.3,0.263,0.2,0.2,1.0,2.9,1.5,0.2,1.6,0.1,1.5,-1.9,0.4695595854922279,0.44999999999999996,2.0,1.2,0.0,0.0,0.0,0.0,0.0,0.0,0.0,0.0,0.0,0.0,0.0,0.0,0.5,0.0,0.5,-2.0,,,,,,,,,,,,,,,,,,,,,,,0.15651986183074265,-8.53054715424112,2022-23
1630699,MarJon Beauchamp,1610612749,MIL,52.0,13.5,4.7,1.8,0.395,2.7,0.9,0.331,0.7,0.5,0.73,5.1,0.7,0.9,2.2,0.7,1.5,-1.9,0.509185303514377,0.4787234042553191,1.0,4.3,0.0,0.0,0.0,0.0,0.0,0.0,0.0,0.0,0.0,0.0,0.0,0.0,2.0,1.0,1.0,4.0,,,2.0,2.6,1.5,1.0,0.667,0.5,0.5,1.0,0.0,0.0,0.0,2.5,0.0,0.0,0.5,0.0,0.5,0.0,0.8333333333333334,0.8333333333333334,0.5015308839190628,-2.413085061294625,2022-23
1630700,Dyson Daniels,1610612740,NOP,59.0,17.7,3.5,1.5,0.418,1.5,0.5,0.314,0.7,0.4,0.65,3.8,2.3,1.0,3.2,0.6,2.6,-0.1,0.4989495798319328,0.5,9.0,2.2,0.3,0.2,0.667,0.1,0.0,0.0,0.2,0.0,0.0,0.4,0.4,0.1,0.6,0.2,0.3,0.1,0.5154639175257733,0.6666666666666667,,,,,,,,,,,,,,,,,,,,,0.5185305668634728,-2.111660152098782,2022-23
1630702,Jaden Hardy,1610612742,DAL,48.0,14.8,6.9,3.0,0.438,3.3,1.3,0.404,1.6,1.4,0.823,8.8,1.4,1.0,1.9,0.2,1.6,-0.7,0.5786428195686482,0.5289855072463767,9.0,2.3,1.1,0.3,0.3,0.2,0.2,1.0,0.9,0.7,0.75,1.6,0.0,0.1,0.2,0.1,0.1,-1.9,0.5347593582887701,0.36363636363636365,,,,,,,,,,,,,,,,,,,,,0.565329207698593,-1.2818637311688494,2022-23
1630846,Olivier Sarr,1610612760,OKC,9.0,12.6,3.3,1.7,0.5,0.9,0.1,0.125,0.8,0.6,0.714,4.0,0.4,0.4,3.4,1.3,2.1,1.6,0.547645125958379,0.5303030303030303,,,,,,,,,,,,,,,,,,,,,,,,,,,,,,,,,,,,,,,,,0.547645125958379,-1.5954238575657183,2022-23
1631093,Jaden Ivey,1610612765,DET,74.0,31.1,13.3,5.5,0.416,4.7,1.6,0.343,4.8,3.6,0.747,16.3,5.2,3.2,3.9,1.0,2.9,-8.7,0.52880872047755,0.47368421052631576,28.0,3.5,1.4,0.6,0.436,0.6,0.3,0.389,0.9,0.6,0.75,2.1,0.3,0.3,0.3,0.1,0.2,-1.0,0.5846325167037862,0.5357142857142857,,,,,,,,,,,,,,,,,,,,,0.5765509004170564,-1.082889566783109,2022-23
1631094,Paolo Banchero,1610612753,ORL,72.0,33.7,15.6,6.7,0.427,4.0,1.2,0.298,7.4,5.5,0.738,20.0,3.7,2.8,6.9,1.2,5.7,-3.0,0.5303351718285956,0.46794871794871795,40.0,3.4,1.5,0.6,0.414,0.3,0.1,0.364,1.2,1.0,0.848,2.3,0.2,0.1,0.6,0.2,0.5,-0.8,0.5670611439842208,0.43333333333333335,,,,,,,,,,,,,,,,,,,,,0.5644345378804474,-1.2977273075412246,2022-23
1631095,Jabari Smith Jr.,1610612745,HOU,79.0,31.0,11.3,4.6,0.408,4.9,1.5,0.307,2.6,2.1,0.786,12.8,1.3,1.3,7.2,1.5,5.7,-7.0,0.5143040822886532,0.4734513274336283,34.0,3.5,1.2,0.3,0.25,0.7,0.2,0.25,0.6,0.5,0.762,1.2,0.1,0.1,0.9,0.1,0.8,-1.4,0.4098360655737705,0.33333333333333337,,,,,,,,,,,,,,,,,,,,,0.45527820683767367,-3.233200885508092,2022-23
1631097,Bennedict Mathurin,1610612754,IND,78.0,28.5,12.2,5.3,0.434,4.0,1.3,0.323,5.8,4.8,0.828,16.7,1.5,1.9,4.1,1.1,3.0,-2.3,0.5660249457700651,0.4877049180327869,35.0,2.9,1.1,0.3,0.316,0.5,0.1,0.118,0.7,0.5,0.739,1.2,0.0,0.2,0.4,0.2,0.2,-0.5,0.4261363636363636,0.3181818181818181,,,,,,,,,,,,,,,,,,,,,0.481782284456148,-2.7632515802420627,2022-23
1631098,Johnny Davis,1610612764,WAS,28.0,15.1,6.1,2.4,0.386,2.5,0.6,0.243,1.0,0.5,0.519,5.8,1.0,0.6,2.3,0.4,2.0,-1.9,0.4434250764525994,0.4426229508196721,2.0,3.4,2.5,0.0,0.0,2.0,0.0,0.0,0.0,0.0,0.0,0.0,0.0,0.0,0.0,0.0,0.0,-6.0,0.0,0.0,,,,,,,,,,,,,,,,,,,,,0.18879196536819154,-7.95832378336154,2022-23
1631099,Keegan Murray,1610612758,SAC,80.0,29.8,9.8,4.4,0.453,6.3,2.6,0.411,1.0,0.8,0.765,12.2,1.2,0.8,4.6,1.1,3.5,1.2,0.595703125,0.5816326530612245,29.0,3.3,0.6,0.2,0.375,0.3,0.2,0.6,0.0,0.0,0.0,0.6,0.1,0.0,0.8,0.3,0.5,1.5,0.5,0.5000000000000001,7.0,27.7,8.3,3.7,0.448,4.6,1.7,0.375,0.9,0.6,0.667,9.7,0.7,0.6,6.3,2.1,4.1,-1.7,0.5577276908923642,0.5481927710843373,0.5509368152584825,-1.5370582308873164,2022-23
1631100,AJ Griffin,1610612737,ATL,72.0,19.5,7.4,3.4,0.465,3.6,1.4,0.39,0.7,0.6,0.894,8.9,1.0,0.6,2.1,0.5,1.6,0.9,0.577322262584328,0.554054054054054,12.0,2.6,1.2,0.6,0.5,0.4,0.0,0.0,0.0,0.0,0.0,1.2,0.0,0.2,0.3,0.2,0.2,0.3,0.5,0.5,,,,,,,,,,,,,,,,,,,,,0.5419903037421341,-1.6956906848132665,2022-23
1631101,Shaedon Sharpe,1610612757,POR,80.0,22.2,8.1,3.8,0.472,3.5,1.3,0.36,1.3,0.9,0.714,9.9,1.2,1.0,3.0,0.8,2.2,-3.7,0.5708025830258302,0.5493827160493827,6.0,2.2,0.7,0.3,0.5,0.0,0.0,0.0,1.3,1.0,0.75,1.7,0.0,0.3,0.3,0.0,0.3,-3.7,0.6682389937106918,0.4285714285714286,,,,,,,,,,,,,,,,,,,,,0.6444021654566464,0.12019530663841671,2022-23
1631102,TyTy Washington Jr.,1610612745,HOU,31.0,14.0,5.2,1.9,0.363,2.6,0.6,0.238,0.6,0.3,0.556,4.7,1.5,0.5,1.5,0.1,1.4,-1.5,0.43008784773060027,0.423076923076923,3.0,1.9,0.7,0.3,0.5,0.3,0.0,0.0,0.7,0.0,0.0,0.7,0.3,0.0,0.7,0.0,0.7,4.0,0.3472222222222222,0.4285714285714286,,,,,,,,,,,,,,,,,,,,,0.38830563585063127,-4.420705452175297,2022-23
1631103,Malaki Branham,1610612759,SAS,66.0,23.5,9.3,4.1,0.44,3.9,1.2,0.302,1.1,0.9,0.829,10.2,1.9,1.2,2.7,0.4,2.3,-5.5,0.5212591986917415,0.5053763440860214,9.0,3.6,0.9,0.3,0.375,0.2,0.0,0.0,0.7,0.6,0.833,1.2,0.3,0.2,0.6,0.1,0.4,-1.9,0.4966887417218543,0.3333333333333333,,,,,,,,,,,,,,,,,,,,,0.5145563133989483,-2.182128465748095,2022-23
1631104,Blake Wesley,1610612759,SAS,37.0,18.1,5.8,1.9,0.321,1.4,0.5,0.385,1.2,0.7,0.591,5.0,2.6,1.8,2.2,0.3,1.9,-5.4,0.3950695322376739,0.3706896551724138,2.0,1.4,1.0,1.0,1.0,0.5,0.5,1.0,0.0,0.0,0.0,2.5,0.0,0.0,0.0,0.0,0.0,4.5,1.25,1.25,,,,,,,,,,,,,,,,,,,,,0.9822645567199301,6.110903541624298,2022-23
1631105,Jalen Duren,1610612765,DET,67.0,24.9,5.9,3.9,0.648,0.0,0.0,0.0,2.3,1.4,0.611,9.1,1.1,1.4,8.9,3.4,5.5,-4.2,0.6582754629629629,0.6610169491525423,20.0,3.4,0.8,0.3,0.4,0.0,0.0,0.0,0.5,0.2,0.444,0.8,0.2,0.1,1.4,0.8,0.6,-1.5,0.39215686274509803,0.37499999999999994,,,,,,,,,,,,,,,,,,,,,0.4944223848493198,-2.53912733476659,2022-23
1631106,Tari Eason,1610612745,HOU,82.0,21.6,8.0,3.6,0.448,2.1,0.7,0.343,1.8,1.3,0.752,9.3,1.1,1.2,6.0,2.4,3.7,-1.9,0.5288898999090083,0.49375,14.0,1.6,0.4,0.1,0.167,0.1,0.0,0.0,0.2,0.2,1.0,0.4,0.1,0.1,0.5,0.1,0.4,0.9,0.4098360655737705,0.25,,,,,,,,,,,,,,,,,,,,,0.45452067701822474,-3.246632804078997,2022-23
1631107,Nikola Jović,1610612748,MIA,15.0,13.6,4.6,1.9,0.406,2.3,0.5,0.229,1.3,1.2,0.947,5.5,0.7,0.7,2.1,0.6,1.5,-1.1,0.5317092034029389,0.4673913043478261,,,,,,,,,,,,,,,,,,,,,7.0,1.8,0.6,0.1,0.25,0.3,0.0,0.0,0.0,0.0,0.0,0.3,0.0,0.0,0.7,0.1,0.6,0.6,0.25,0.16666666666666669,0.32042730085073473,-5.624270308685566,2022-23
1631108,Max Christie,1610612747,LAL,41.0,12.5,2.6,1.1,0.415,1.5,0.6,0.419,0.4,0.3,0.875,3.1,0.5,0.3,1.8,0.2,1.7,-1.9,0.55835734870317,0.5384615384615385,5.0,2.9,0.0,0.0,0.0,0.0,0.0,0.0,0.0,0.0,0.0,0.0,0.0,0.0,0.6,0.0,0.6,-1.6,,,9.0,3.7,1.1,0.6,0.5,0.4,0.1,0.25,0.4,0.2,0.5,1.4,0.3,0.0,0.8,0.1,0.7,1.8,0.54858934169279,0.5909090909090908,0.36735422896359,-4.7921991993882855,2022-23
1631109,Mark Williams,1610612766,CHA,43.0,19.3,5.8,3.7,0.637,0.0,0.0,0.0,2.3,1.6,0.691,9.0,0.4,0.9,7.1,2.2,4.9,-1.8,0.6605989430416912,0.6379310344827587,8.0,2.7,0.6,0.6,1.0,0.0,0.0,0.0,1.0,0.6,0.625,1.9,0.0,0.0,1.4,0.4,1.0,3.5,0.9134615384615384,1.0,,,,,,,,,,,,,,,,,,,,,0.8395188342393459,3.579849487410078,2022-23
1631110,Jeremy Sochan,1610612759,SAS,56.0,26.0,9.9,4.5,0.453,2.4,0.6,0.246,2.1,1.4,0.698,11.0,2.5,1.7,5.3,1.7,3.6,-4.2,0.508130081300813,0.4848484848484848,17.0,2.8,0.7,0.2,0.333,0.2,0.1,0.25,0.2,0.2,1.0,0.8,0.2,0.1,0.2,0.1,0.1,-1.2,0.5076142131979696,0.35714285714285715,,,,,,,,,,,,,,,,,,,,,0.5148568763022436,-2.176799122481535,2022-23
1631114,Jalen Williams,1610612760,OKC,75.0,30.3,10.6,5.5,0.521,2.7,1.0,0.356,2.5,2.1,0.812,14.1,3.3,1.6,4.5,1.1,3.4,-0.7,0.6025641025641025,0.5660377358490566,37.0,2.8,0.8,0.4,0.533,0.1,0.0,0.2,0.3,0.2,0.75,1.1,0.2,0.1,0.4,0.1,0.3,-1.2,0.5901287553648069,0.5,,,,,,,,,,,,,,,,,,,,,0.6018210409085143,-0.634819457010348,2022-23
1631115,Orlando Robinson,1610612748,MIA,31.0,13.7,2.9,1.5,0.528,0.2,0.0,0.0,1.0,0.7,0.71,3.7,0.8,0.5,4.1,1.5,2.5,0.9,0.5538922155688624,0.5172413793103449,6.0,3.7,0.7,0.2,0.25,0.3,0.0,0.0,0.0,0.0,0.0,0.3,0.2,0.3,1.2,0.7,0.5,-1.2,0.2142857142857143,0.28571428571428575,,,,,,,,,,,,,,,,,,,,,0.35162581240625634,-5.071083020227289,2022-23
1631117,Walker Kessler,1610612762,UTA,74.0,23.0,5.6,4.0,0.72,0.0,0.0,0.333,2.1,1.1,0.516,9.2,0.9,0.8,8.4,3.1,5.3,1.0,0.7050889025137952,0.7142857142857143,24.0,3.6,0.7,0.5,0.813,0.0,0.0,0.0,0.5,0.3,0.462,1.3,0.1,0.0,1.3,0.7,0.7,1.3,0.7065217391304348,0.7142857142857143,,,,,,,,,,,,,,,,,,,,,0.7185441269226561,1.4348218250019542,2022-23
1631119,Jaylin Williams,1610612760,OKC,49.0,18.7,4.8,2.1,0.436,2.3,0.9,0.407,1.1,0.8,0.704,5.9,1.6,0.8,4.9,0.9,4.0,-1.8,0.5582891748675246,0.5312500000000001,8.0,2.3,0.4,0.3,0.667,0.3,0.1,0.5,0.1,0.1,1.0,0.8,0.0,0.1,0.0,0.0,0.0,-2.0,0.9009009009009009,0.8749999999999999,,,,,,,,,,,,,,,,,,,,,0.795030325554706,2.7910144994648647,2022-23
1631121,Bryce McGowens,1610612766,CHA,46.0,17.1,4.4,1.7,0.396,1.7,0.6,0.325,1.7,1.3,0.75,5.3,1.2,0.9,2.0,0.4,1.6,-3.3,0.5147630147630147,0.45454545454545453,3.0,2.4,0.3,0.0,0.0,0.0,0.0,0.0,0.7,0.7,1.0,0.7,0.0,0.0,0.3,0.0,0.3,-1.0,0.575657894736842,0.0,,,,,,,,,,,,,,,,,,,,,0.5621777832288651,-1.337742293006242,2022-23
1631123,Jamaree Bouyea,1610612748,MIA,5.0,14.1,2.8,1.2,0.429,1.2,0.4,0.333,0.4,0.2,0.5,3.0,0.8,0.8,1.2,0.2,1.0,-3.4,0.5040322580645161,0.5,1.0,0.0,0.0,0.0,0.0,0.0,0.0,0.0,0.0,0.0,0.0,0.0,0.0,0.0,0.0,0.0,0.0,0.0,,,,,,,,,,,,,,,,,,,,,,,0.16801075268817203,-8.326799781739744,2022-23
1631128,Christian Braun,1610612743,DEN,76.0,15.5,3.8,1.9,0.495,1.3,0.4,0.354,0.8,0.5,0.625,4.7,0.8,0.5,2.4,0.6,1.8,-1.5,0.5659922928709056,0.5526315789473685,10.0,1.5,0.2,0.1,0.5,0.1,0.0,0.0,0.4,0.3,0.75,0.5,0.0,0.0,0.2,0.0,0.2,-2.6,0.6648936170212766,0.5,19.0,13.0,2.4,1.3,0.533,0.5,0.1,0.2,1.0,0.6,0.579,3.2,0.6,0.5,2.1,0.6,1.4,-0.4,0.5633802816901409,0.5625000000000001,0.6029165532239987,-0.6153947006017937,2022-23
1631132,Christian Koloko,1610612761,TOR,58.0,13.8,2.6,1.2,0.48,0.2,0.0,0.083,1.0,0.6,0.627,3.1,0.5,0.3,2.9,1.4,1.5,2.7,0.5098684210526316,0.4615384615384615,3.0,4.9,0.7,0.7,1.0,0.3,0.3,1.0,1.3,0.7,0.5,2.3,0.0,0.0,2.3,1.3,1.0,3.7,0.9040880503144654,1.2142857142857144,,,,,,,,,,,,,,,,,,,,,0.7996045841399093,2.872121628532623,2022-23
1631133,Jabari Walker,1610612757,POR,56.0,11.1,3.5,1.5,0.419,1.0,0.3,0.286,0.8,0.6,0.756,3.9,0.6,0.5,2.3,0.9,1.5,-2.1,0.5062305295950156,0.4714285714285714,2.0,3.1,1.0,0.0,0.0,0.0,0.0,0.0,0.0,0.0,0.0,0.0,0.0,0.5,0.5,0.0,0.5,-4.5,0.0,0.0,,,,,,,,,,,,,,,,,,,,,0.1973149384282705,-7.807201177774493,2022-23
1631172,Ousmane Dieng,1610612760,OKC,39.0,14.6,4.6,1.9,0.42,2.5,0.7,0.265,0.6,0.4,0.652,4.9,1.2,0.7,2.7,0.5,2.2,1.0,0.5037006578947368,0.48913043478260876,2.0,2.6,0.5,0.0,0.0,0.5,0.0,0.0,0.0,0.0,0.0,0.0,0.0,0.0,0.5,0.0,0.5,-3.0,0.0,0.0,,,,,,,,,,,,,,,,,,,,,0.17876978451327397,-8.136029153750888,2022-23
1631197,Jared Rhoden,1610612765,DET,14.0,14.1,3.1,1.2,0.386,1.4,0.4,0.25,0.4,0.4,1.0,3.2,0.3,0.2,2.6,0.8,1.9,1.5,0.4884004884004884,0.4516129032258064,,,,,,,,,,,,,,,,,,,,,,,,,,,,,,,,,,,,,,,,,0.4884004884004884,-2.6459028314750537,2022-23
1631216,Caleb Houstan,1610612753,ORL,51.0,15.9,3.6,1.3,0.363,2.7,0.9,0.338,0.4,0.3,0.833,3.8,0.6,0.4,1.9,0.7,1.3,-1.6,0.5031779661016949,0.4861111111111111,8.0,0.8,0.3,0.0,0.0,0.3,0.0,0.0,0.0,0.0,0.0,0.0,0.0,0.0,0.3,0.1,0.1,-2.4,0.0,0.0,,,,,,,,,,,,,,,,,,,,,0.17605932203158348,-8.184088926988656,2022-23
1631219,John Butler Jr.,1610612757,POR,19.0,11.6,2.8,0.9,0.321,1.8,0.4,0.229,0.2,0.2,0.75,2.4,0.6,0.1,0.9,0.2,0.7,-3.7,0.4155124653739612,0.3928571428571429,2.0,2.8,1.5,0.5,0.333,1.0,0.5,0.5,0.0,0.0,0.0,1.5,0.5,0.0,0.0,0.0,0.0,-5.0,0.5,0.5,,,,,,,,,,,,,,,,,,,,,0.525408917010283,-1.9896986969822752,2022-23
1631222,Jake LaRavia,1610612763,MEM,35.0,11.8,2.7,1.1,0.389,2.0,0.7,0.338,0.3,0.2,0.778,3.0,0.6,0.5,1.8,0.5,1.3,-2.2,0.5296610169491525,0.5370370370370371,2.0,0.4,0.0,0.0,0.0,0.0,0.0,0.0,0.0,0.0,0.0,0.0,0.0,0.0,0.0,0.0,0.0,-0.5,,,,,,,,,,,,,,,,,,,,,,,0.17655367231638416,-8.175323499410139,2022-23
1631223,David Roddy,1610612763,MEM,70.0,18.0,6.0,2.6,0.429,3.0,0.9,0.307,0.9,0.6,0.631,6.7,0.8,0.8,2.8,0.7,2.0,-0.9,0.5237648530331457,0.5083333333333334,12.0,1.9,0.3,0.3,0.75,0.2,0.1,0.5,0.0,0.0,0.0,0.6,0.0,0.2,0.3,0.1,0.2,1.8,1.0,1.1666666666666667,6.0,12.6,4.8,1.3,0.276,3.3,1.0,0.3,0.2,0.2,1.0,3.8,0.7,0.2,2.8,0.7,2.2,-5.3,0.38870703764320785,0.375,0.6199809943262949,-0.3128215510579171,2022-23
1631230,Dominick Barlow,1610612759,SAS,28.0,14.6,3.1,1.6,0.535,0.1,0.0,0.0,0.9,0.6,0.72,3.9,0.9,0.5,3.6,1.6,2.0,-3.9,0.5577803203661327,0.5161290322580645,2.0,2.3,0.0,0.0,0.0,0.0,0.0,0.0,1.0,1.0,1.0,1.0,0.5,0.0,0.0,0.0,0.0,4.5,1.1363636363636365,,,,,,,,,,,,,,,,,,,,,,0.9435025310311351,5.423606013093979,2022-23
1631245,Quenton Jackson,1610612764,WAS,9.0,15.0,4.7,2.1,0.452,1.3,0.1,0.083,2.4,1.9,0.773,6.2,1.7,0.4,0.9,0.2,0.7,-1.9,0.5385684503127172,0.45744680851063824,1.0,2.7,0.0,0.0,0.0,0.0,0.0,0.0,0.0,0.0,0.0,0.0,0.0,0.0,0.0,0.0,0.0,-6.0,,,,,,,,,,,,,,,,,,,,,,,0.17952281677090573,-8.122676982382725,2022-23
1631288,Jamal Cain,1610612748,MIA,18.0,13.3,3.7,2.1,0.561,1.1,0.4,0.35,1.2,0.9,0.773,5.4,0.7,0.3,2.9,0.8,2.1,1.2,0.6385998107852413,0.6216216216216217,2.0,5.2,0.5,0.0,0.0,0.0,0.0,0.0,1.0,1.0,1.0,1.0,0.5,0.0,0.5,0.0,0.5,-2.0,0.5319148936170213,0.0,,,,,,,,,,,,,,,,,,,,,0.5809900461829558,-1.0041781511779533,2022-23
1631303,Justin Minaya,1610612757,POR,4.0,22.2,5.8,1.8,0.304,3.0,0.8,0.25,0.3,0.0,0.0,4.3,1.0,1.0,3.8,0.8,3.0,-5.0,0.3624409979770735,0.37931034482758624,2.0,2.8,0.5,0.0,0.0,0.0,0.0,0.0,0.0,0.0,0.0,0.0,0.0,0.0,0.0,0.0,0.0,-5.0,0.0,0.0,,,,,,,,,,,,,,,,,,,,,0.1294343556460439,-9.01080589018013,2022-23
1631323,Simone Fontecchio,1610612762,UTA,52.0,14.7,6.0,2.2,0.369,3.7,1.2,0.33,0.8,0.7,0.795,6.3,0.8,0.8,1.7,0.6,1.1,-3.9,0.49590680100755663,0.46666666666666673,9.0,2.6,1.0,0.2,0.222,0.7,0.1,0.167,0.0,0.0,0.0,0.6,0.3,0.2,0.2,0.1,0.1,0.9,0.3,0.25,,,,,,,,,,,,,,,,,,,,,0.3819689336664077,-4.533062834764527,2022-23
1631367,Jacob Gilyard,1610612763,MEM,1.0,40.8,3.0,1.0,0.333,3.0,1.0,0.333,0.0,0.0,0.0,3.0,7.0,2.0,4.0,0.0,4.0,-13.0,0.5,0.5,,,,,,,,,,,,,,,,,,,,,,,,,,,,,,,,,,,,,,,,,0.5,-2.4402294820348143,2022-23
1631466,Nate Williams,1610612757,POR,5.0,25.3,7.8,4.8,0.615,1.6,0.6,0.375,0.6,0.4,0.667,10.6,2.0,0.8,3.0,2.0,1.0,-7.6,0.6572420634920635,0.6538461538461539,1.0,1.0,0.0,0.0,0.0,0.0,0.0,0.0,0.0,0.0,0.0,0.0,0.0,0.0,0.0,0.0,0.0,-3.0,,,,,,,,,,,,,,,,,,,,,,,0.21908068783068782,-7.421268154278869,2022-23
1641645,Xavier Cooks,1610612764,WAS,10.0,12.6,2.8,1.7,0.607,0.1,0.0,0.0,1.0,0.4,0.4,3.8,0.6,0.8,3.8,1.6,2.2,1.9,0.5864197530864198,0.6071428571428572,1.0,3.2,1.0,0.0,0.0,0.0,0.0,0.0,0.0,0.0,0.0,0.0,0.0,0.0,1.0,1.0,0.0,-8.0,0.0,0.0,,,,,,,,,,,,,,,,,,,,,0.23118753673033723,-7.206599101793709,2022-23
