PLAYER_ID,PLAYER_NAME,TEAM_ID,TEAM_ABBREVIATION,GP_REG,MIN_REG,FGA_REG,FGM_REG,FG_PCT_REG,FG3A_REG,FG3M_REG,FG3_PCT_REG,FTA_REG,FTM_REG,FT_PCT_REG,PTS_REG,AST_REG,TOV_REG,REB_REG,OREB_REG,DREB_REG,PLUS_MINUS_REG,TS_PCT_REG,EFG_PCT_REG,GP_CLU,MIN_CLU,FGA_CLU,FGM_CLU,FG_PCT_CLU,FG3A_CLU,FG3M_CLU,FG3_PCT_CLU,FTA_CLU,FTM_CLU,FT_PCT_CLU,PTS_CLU,AST_CLU,TOV_CLU,REB_CLU,OREB_CLU,DREB_CLU,PLUS_MINUS_CLU,TS_PCT_CLU,EFG_PCT_CLU,GP_PO,MIN_PO,FGA_PO,FGM_PO,FG_PCT_PO,FG3A_PO,FG3M_PO,FG3_PCT_PO,FTA_PO,FTM_PO,FT_PCT_PO,PTS_PO,AST_PO,TOV_PO,REB_PO,OREB_PO,DREB_PO,PLUS_MINUS_PO,TS_PCT_PO,EFG_PCT_PO,CLUTCH_SCORE,SEASON
2544,LeBron James,1610612747,LAL,45,33.4,18.3,9.4,0.513,6.3,2.3,0.365,5.7,4.0,0.698,25.0,7.8,3.7,7.7,0.6,7.0,6.4,0.6007304882737409,0.5765027322404371,19.0,4.7,3.8,1.7,0.458,1.7,0.7,0.406,0.4,0.2,0.375,4.3,0.8,0.6,0.9,0.0,0.9,3.0,0.5407444668008048,0.5394736842105263,6.0,37.3,19.0,9.0,0.474,8.0,3.0,0.375,3.8,2.3,0.609,23.3,8.0,4.2,7.2,1.2,6.0,1.7,0.5635642414860681,0.5526315789473685,0.5829170517101956,2020-21
2546,Carmelo Anthony,1610612757,POR,69,24.5,11.3,4.7,0.421,4.7,1.9,0.409,2.2,2.0,0.89,13.4,1.5,0.9,3.1,0.5,2.6,-0.3,0.5461362895337463,0.5,26.0,2.7,1.1,0.3,0.31,0.6,0.1,0.188,0.2,0.2,1.0,1.0,0.2,0.1,0.5,0.0,0.5,2.6,0.4208754208754208,0.3181818181818181,6.0,23.9,10.0,4.2,0.417,6.2,2.3,0.378,1.8,1.7,0.909,12.3,1.5,1.2,3.2,0.3,2.8,-8.0,0.5698665678280208,0.5349999999999999,0.5259823190682499,2020-21
2730,Dwight Howard,1610612755,PHI,69,17.3,4.4,2.6,0.587,0.3,0.1,0.25,3.0,1.8,0.576,7.0,0.9,1.6,8.4,2.8,5.7,-1.0,0.6118881118881119,0.6022727272727272,8.0,3.7,0.6,0.3,0.4,0.0,0.0,0.0,0.8,0.3,0.333,0.8,0.0,0.1,1.8,0.4,1.4,-0.8,0.4201680672268908,0.5,12.0,12.4,2.5,1.3,0.533,0.1,0.0,0.0,3.3,2.0,0.6,4.7,0.7,1.0,6.3,2.2,4.1,-2.8,0.5946356275303644,0.52,0.5529915517887622,2020-21
2738,Andre Iguodala,1610612748,MIA,63,21.3,3.9,1.5,0.383,2.9,1.0,0.33,0.6,0.4,0.658,4.4,2.3,1.1,3.5,0.6,2.9,-1.3,0.5283381364073008,0.5128205128205129,27.0,1.9,0.2,0.0,0.2,0.2,0.0,0.2,0.2,0.1,0.6,0.2,0.2,0.1,0.4,0.1,0.3,0.4,0.3472222222222222,0.0,4.0,17.8,2.8,1.5,0.545,1.8,0.8,0.429,0.0,0.0,0.0,3.8,1.3,1.3,3.0,0.8,2.3,-6.5,0.6785714285714286,0.6785714285714286,0.5482110162212286,2020-21
2772,Trevor Ariza,1610612748,MIA,30,28.0,8.0,3.3,0.411,4.8,1.7,0.35,1.5,1.1,0.773,9.4,1.8,0.7,4.8,0.9,3.9,1.3,0.5427251732101617,0.5187499999999999,9.0,2.7,0.7,0.2,0.333,0.3,0.1,0.333,0.0,0.0,0.0,0.6,0.1,0.0,0.6,0.1,0.4,-2.0,0.4285714285714286,0.35714285714285715,4.0,24.0,5.8,1.8,0.304,4.3,1.3,0.294,0.0,0.0,0.0,4.8,0.5,0.8,5.8,0.5,5.3,-12.3,0.41379310344827586,0.42241379310344834,0.44895789011521403,2020-21
101108,Chris Paul,1610612756,PHX,70,31.4,12.6,6.3,0.499,3.7,1.5,0.395,2.6,2.4,0.934,16.4,8.9,2.2,4.5,0.4,4.1,4.4,0.5966239813736903,0.5595238095238095,35.0,4.2,2.4,1.1,0.476,0.7,0.2,0.348,1.1,0.9,0.865,3.4,0.6,0.2,0.5,0.1,0.4,0.4,0.5894590846047156,0.5000000000000001,20.0,34.2,15.0,7.5,0.497,3.3,1.5,0.446,3.3,2.9,0.877,19.2,8.6,2.2,3.5,0.5,3.1,3.1,0.5835156819839533,0.55,0.6067291518019376,2020-21
101150,Lou Williams,1610612737,ATL,66,21.6,9.8,4.0,0.41,2.6,1.0,0.399,2.6,2.3,0.867,11.3,3.4,1.6,2.1,0.3,1.8,1.2,0.516264619883041,0.4591836734693877,18.0,1.7,0.9,0.4,0.438,0.3,0.2,0.6,0.6,0.4,0.8,1.4,0.1,0.1,0.2,0.1,0.1,1.3,0.6013745704467353,0.5555555555555556,18.0,15.4,6.1,2.8,0.455,1.7,0.7,0.433,1.5,1.4,0.963,7.7,2.2,1.2,1.4,0.1,1.3,-1.1,0.569526627218935,0.5163934426229508,0.58044928054067,2020-21
200746,LaMarcus Aldridge,1610612751,BKN,26,25.9,11.4,5.4,0.473,3.1,1.2,0.388,1.8,1.6,0.872,13.5,1.9,1.0,4.5,0.7,3.8,-1.3,0.5536417322834646,0.5263157894736842,11.0,3.5,0.9,0.5,0.5,0.1,0.0,0.0,0.5,0.5,0.833,1.4,0.3,0.1,0.4,0.2,0.2,0.6,0.6249999999999999,0.5555555555555556,,,,,,,,,,,,,,,,,,,,,0.6091086476025676,2020-21
200752,Rudy Gay,1610612759,SAS,63,21.6,10.0,4.2,0.42,4.4,1.7,0.381,1.6,1.3,0.804,11.4,1.4,1.0,4.8,0.7,4.1,2.1,0.5325112107623319,0.505,23.0,2.9,1.1,0.3,0.28,0.6,0.1,0.231,0.7,0.6,0.867,1.3,0.0,0.1,0.4,0.1,0.3,-0.2,0.46164772727272724,0.3181818181818181,,,,,,,,,,,,,,,,,,,,,0.4962688884348288,2020-21
200755,JJ Redick,1610612742,DAL,44,16.4,6.1,2.4,0.397,4.0,1.5,0.371,1.2,1.1,0.942,7.4,1.2,0.8,1.5,0.1,1.4,0.0,0.5582377791188896,0.5163934426229508,9.0,1.6,0.4,0.3,0.75,0.3,0.2,0.667,0.4,0.4,1.0,1.3,0.0,0.0,0.1,0.0,0.1,1.3,1.128472222222222,1.0,,,,,,,,,,,,,,,,,,,,,0.9449514515692166,2020-21
200765,Rajon Rondo,1610612746,LAC,45,17.1,4.8,2.1,0.442,2.0,0.8,0.404,0.4,0.4,0.941,5.4,4.4,1.8,2.4,0.4,2.0,0.5,0.5426045016077171,0.5208333333333334,4.0,1.7,0.3,0.3,1.0,0.0,0.0,0.0,0.0,0.0,0.0,0.5,0.3,0.0,0.3,0.0,0.3,-1.3,0.8333333333333334,1.0,13.0,16.9,4.1,1.4,0.34,2.2,0.8,0.393,0.9,0.6,0.667,4.2,3.8,1.1,2.6,0.3,2.3,-2.1,0.4670818505338079,0.43902439024390244,0.6080027866446658,2020-21
200768,Kyle Lowry,1610612761,TOR,46,34.8,13.0,5.7,0.436,7.2,2.8,0.396,3.5,3.0,0.875,17.2,7.3,2.7,5.4,0.8,4.6,-0.1,0.5914718019257221,0.5461538461538461,23.0,2.9,1.5,0.7,0.471,0.7,0.3,0.412,0.5,0.3,0.636,2.0,0.3,0.2,0.3,0.0,0.3,-2.3,0.5813953488372093,0.5666666666666667,,,,,,,,,,,,,,,,,,,,,0.5962926280709543,2020-21
200782,P.J. Tucker,1610612749,MIL,52,26.1,3.4,1.3,0.373,2.3,0.8,0.336,0.5,0.4,0.75,3.7,1.2,0.8,3.9,1.0,2.9,-3.4,0.511049723756906,0.5000000000000001,14.0,3.6,0.5,0.2,0.429,0.4,0.1,0.4,0.4,0.4,1.0,1.0,0.0,0.1,1.1,0.2,0.9,-1.3,0.7396449704142012,0.5,23.0,29.6,4.3,1.7,0.388,2.6,0.8,0.322,0.2,0.1,0.75,4.3,1.1,0.4,4.8,2.1,2.7,4.1,0.48997265268915224,0.48837209302325585,0.5914154861240768,2020-21
200794,Paul Millsap,1610612743,DEN,56,20.8,7.2,3.4,0.476,2.6,0.9,0.343,1.8,1.3,0.724,9.0,1.8,0.9,4.7,1.4,3.3,1.8,0.5630630630630631,0.5347222222222222,8.0,3.9,0.5,0.3,0.5,0.1,0.1,1.0,0.4,0.1,0.333,0.8,0.8,0.1,0.5,0.3,0.3,-2.0,0.591715976331361,0.7,9.0,12.1,5.6,2.4,0.44,2.6,0.7,0.261,1.4,0.9,0.615,6.4,1.7,0.9,3.9,1.0,2.9,-1.0,0.5148005148005149,0.4910714285714286,0.5554272044647016,2020-21
201142,Kevin Durant,1610612751,BKN,35,33.1,17.2,9.3,0.537,5.4,2.4,0.45,6.8,6.0,0.882,26.9,5.6,3.4,7.1,0.4,6.7,8.0,0.6661053882725831,0.6104651162790697,18.0,3.8,1.8,0.9,0.485,0.8,0.2,0.286,2.0,1.7,0.861,3.7,0.2,0.4,0.9,0.0,0.9,1.1,0.6902985074626865,0.5555555555555556,12.0,40.4,23.5,12.1,0.514,6.8,2.8,0.402,8.4,7.3,0.871,34.3,4.4,3.5,9.3,0.4,8.8,2.8,0.6306074422709221,0.574468085106383,0.6668859046135818,2020-21
201143,Al Horford,1610612738,BOS,28,27.9,12.9,5.8,0.45,5.4,2.0,0.368,0.8,0.6,0.818,14.2,3.4,1.0,6.7,1.0,5.7,-3.6,0.5357681859341985,0.5271317829457364,14.0,4.1,1.8,0.6,0.32,0.9,0.3,0.308,0.2,0.2,1.0,1.6,0.4,0.1,1.1,0.3,0.9,-0.3,0.423728813559322,0.41666666666666663,,,,,,,,,,,,,,,,,,,,,0.47502875938862554,2020-21
201144,Mike Conley,1610612762,UTA,51,29.4,12.5,5.6,0.444,6.6,2.7,0.412,2.8,2.4,0.852,16.2,6.0,1.9,3.5,0.7,2.8,10.7,0.5898630935042237,0.5559999999999999,22.0,2.7,1.1,0.6,0.583,0.5,0.2,0.5,0.8,0.6,0.824,2.1,0.4,0.3,0.5,0.0,0.5,1.1,0.7231404958677685,0.6363636363636362,6.0,29.3,11.3,4.8,0.426,6.2,3.0,0.486,2.7,2.7,1.0,15.3,7.7,2.3,3.5,0.5,3.0,7.2,0.6125880845611787,0.5575221238938053,0.6544513898198455,2020-21
201145,Jeff Green,1610612751,BKN,68,27.0,7.8,3.8,0.492,3.7,1.5,0.412,2.4,1.8,0.776,11.0,1.6,0.8,3.9,0.5,3.4,1.7,0.6210478771454381,0.5833333333333334,32.0,3.3,0.6,0.3,0.4,0.3,0.1,0.333,0.4,0.3,0.833,0.9,0.2,0.1,0.4,0.0,0.4,0.6,0.5798969072164949,0.5833333333333334,6.0,24.7,5.5,2.7,0.485,3.0,1.7,0.556,1.3,1.2,0.875,8.2,1.7,0.5,2.8,0.7,2.2,2.7,0.6752305665349143,0.6454545454545455,0.6421145395551833,2020-21
201152,Thaddeus Young,1610612741,CHI,68,24.3,9.7,5.4,0.559,0.7,0.2,0.267,1.7,1.0,0.628,12.1,4.3,2.0,6.2,2.5,3.8,2.1,0.5790581929555897,0.5670103092783506,29.0,2.8,0.8,0.4,0.565,0.0,0.0,1.0,0.3,0.2,0.6,1.1,0.4,0.3,0.8,0.3,0.5,0.0,0.5901287553648069,0.5,,,,,,,,,,,,,,,,,,,,,0.5946859905746299,2020-21
201188,Marc Gasol,1610612747,LAL,52,19.1,3.7,1.7,0.454,2.3,1.0,0.41,1.0,0.7,0.72,5.0,2.1,1.0,4.1,0.7,3.4,1.7,0.6038647342995168,0.5945945945945946,6.0,2.6,0.2,0.0,0.0,0.2,0.0,0.0,0.3,0.0,0.0,0.0,0.2,0.0,0.3,0.0,0.3,-0.7,0.0,0.0,5.0,17.5,2.6,1.6,0.615,2.2,1.4,0.636,0.8,0.6,0.75,5.2,3.0,0.8,3.8,0.8,3.0,-6.2,0.8807588075880759,0.8846153846153845,0.5464289315812353,2020-21
201565,Derrick Rose,1610612752,NYK,50,25.6,12.2,5.7,0.47,2.6,1.0,0.388,2.5,2.2,0.866,14.7,4.2,1.6,2.6,0.4,2.2,2.7,0.5526315789473685,0.5081967213114754,23.0,3.4,1.6,0.4,0.27,0.4,0.1,0.3,0.1,0.0,0.5,1.0,0.2,0.2,0.3,0.0,0.3,-0.3,0.3041362530413625,0.28125,5.0,35.0,16.8,8.0,0.476,3.4,1.6,0.471,1.8,1.8,1.0,19.4,5.0,1.6,4.0,0.8,3.2,-6.8,0.5513869940882218,0.5238095238095238,0.48229226531307884,2020-21
201566,Russell Westbrook,1610612764,WAS,65,36.4,19.0,8.4,0.439,4.2,1.3,0.315,6.4,4.2,0.656,22.2,11.7,4.8,11.5,1.7,9.9,-1.4,0.5088008800880088,0.47631578947368425,35.0,4.4,2.8,1.4,0.495,0.8,0.3,0.345,0.9,0.7,0.806,3.7,1.0,0.5,1.3,0.1,1.2,0.6,0.5788485607008762,0.5535714285714285,5.0,37.2,16.8,5.6,0.333,4.0,1.0,0.25,8.6,6.8,0.791,19.0,11.8,4.2,10.4,2.8,7.6,-12.0,0.4615235134084726,0.3630952380952381,0.5232482657236841,2020-21
201567,Kevin Love,1610612739,CLE,25,24.9,10.1,4.1,0.409,6.2,2.3,0.365,2.0,1.7,0.824,12.2,2.5,1.5,7.4,0.7,6.8,-2.9,0.5555555555555555,0.5198019801980198,8.0,3.9,1.3,0.3,0.2,1.0,0.3,0.25,0.3,0.3,1.0,1.0,0.1,0.0,1.1,0.1,1.0,-2.8,0.34916201117318435,0.3461538461538461,,,,,,,,,,,,,,,,,,,,,0.43083114642807985,2020-21
201568,Danilo Gallinari,1610612737,ATL,51,24.0,9.3,4.0,0.434,5.0,2.0,0.406,3.4,3.2,0.925,13.3,1.5,0.8,4.1,0.3,3.8,1.8,0.6159688773619859,0.5376344086021505,15.0,2.3,0.6,0.1,0.222,0.2,0.1,0.667,0.1,0.1,1.0,0.5,0.1,0.1,0.5,0.1,0.4,1.6,0.38819875776397517,0.25000000000000006,18.0,24.6,9.7,4.1,0.425,4.7,1.9,0.405,2.9,2.7,0.942,12.8,0.8,0.8,3.9,0.4,3.4,-1.4,0.5830903790087464,0.520618556701031,0.5300578678885612,2020-21
201569,Eric Gordon,1610612745,HOU,27,29.2,13.6,5.9,0.433,7.8,2.6,0.329,4.2,3.5,0.825,17.8,2.6,1.9,2.1,0.3,1.9,-2.5,0.576126359399275,0.5294117647058824,9.0,3.1,0.8,0.2,0.286,0.6,0.1,0.2,0.9,0.7,0.75,1.2,0.1,0.0,0.2,0.0,0.2,-1.4,0.5016722408026755,0.3125,,,,,,,,,,,,,,,,,,,,,0.5323726332756192,2020-21
201571,D.J. Augustin,1610612745,HOU,57,19.8,6.0,2.4,0.394,3.8,1.5,0.382,1.6,1.5,0.904,7.7,3.3,1.1,1.6,0.4,1.3,-0.7,0.5742840095465395,0.525,4.0,1.6,0.3,0.3,1.0,0.3,0.3,1.0,0.5,0.5,1.0,1.3,0.0,0.0,0.0,0.0,0.0,1.3,1.25,1.5,,,,,,,,,,,,,,,,,,,,,1.0297613365146798,2020-21
201572,Brook Lopez,1610612749,MIL,70,27.2,9.1,4.6,0.503,4.0,1.4,0.338,2.0,1.7,0.845,12.3,0.7,0.9,5.0,1.5,3.5,4.5,0.6162324649298597,0.5824175824175825,23.0,2.7,0.5,0.2,0.417,0.2,0.0,0.2,0.2,0.1,0.75,0.6,0.1,0.1,0.5,0.2,0.3,-0.7,0.5102040816326531,0.4,23.0,29.0,9.4,5.2,0.548,3.1,1.0,0.319,1.9,1.6,0.86,13.0,0.3,1.1,5.9,2.1,3.8,2.9,0.6350136772176631,0.6063829787234043,0.5957747821352609,2020-21
201577,Robin Lopez,1610612764,WAS,71,19.1,6.0,3.8,0.633,0.3,0.1,0.278,1.9,1.4,0.723,9.0,0.8,1.1,3.8,2.0,1.8,-0.2,0.6582796957284962,0.6416666666666666,11.0,3.8,0.8,0.5,0.667,0.0,0.0,0.0,1.0,0.9,0.909,2.0,0.1,0.0,0.7,0.4,0.4,4.2,0.8064516129032259,0.625,5.0,14.6,5.0,3.6,0.72,0.0,0.0,0.0,0.8,0.2,0.25,7.4,0.0,0.2,1.8,0.8,1.0,-6.4,0.6913303437967115,0.72,0.7375289921519581,2020-21
201580,JaVale McGee,1610612743,DEN,46,14.7,6.1,3.1,0.511,0.5,0.1,0.208,1.5,1.0,0.657,7.3,0.8,1.3,5.2,1.7,3.5,-1.9,0.5399408284023669,0.5163934426229508,,,,,,,,,,,,,,,,,,,,,4.0,8.5,2.5,0.8,0.3,0.5,0.0,0.0,1.5,0.5,0.333,2.0,0.8,0.3,3.0,0.8,2.3,2.5,0.3164556962025316,0.32,0.3723269792524905,2020-21
201586,Serge Ibaka,1610612746,LAC,41,23.3,8.9,4.5,0.51,2.8,1.0,0.339,1.3,1.0,0.811,11.1,1.8,1.1,6.7,1.8,4.9,3.8,0.5859374999999999,0.5617977528089887,13.0,1.8,0.4,0.1,0.2,0.2,0.0,0.0,0.0,0.0,0.0,0.2,0.1,0.0,0.4,0.1,0.3,-1.0,0.25,0.25,2.0,9.2,3.0,1.5,0.5,1.0,0.0,0.0,2.0,2.0,1.0,5.0,1.0,0.5,2.0,0.5,1.5,8.5,0.6443298969072165,0.5,0.5076489138089085,2020-21
201587,Nicolas Batum,1610612746,LAC,67,27.4,6.1,2.9,0.464,4.1,1.6,0.404,0.9,0.7,0.828,8.1,2.2,0.8,4.7,0.7,4.0,5.1,0.6234605911330049,0.6065573770491804,30.0,2.1,0.4,0.2,0.417,0.3,0.1,0.4,0.3,0.2,0.875,0.7,0.1,0.0,0.3,0.0,0.2,-1.3,0.6578947368421052,0.625,19.0,29.2,5.7,2.8,0.486,3.8,1.5,0.389,1.2,1.0,0.826,8.1,2.1,0.3,5.5,1.0,4.5,7.1,0.6502890173410405,0.6228070175438596,0.654910229854828,2020-21
201588,George Hill,1610612755,PHI,30,22.4,6.6,3.2,0.482,2.7,1.0,0.388,1.7,1.3,0.8,8.7,2.4,1.0,2.0,0.5,1.5,-0.3,0.5919978225367446,0.5606060606060607,9.0,2.4,0.7,0.2,0.333,0.4,0.1,0.25,0.6,0.4,0.8,1.0,0.1,0.0,0.2,0.1,0.1,0.2,0.5186721991701245,0.35714285714285715,12.0,17.1,3.6,1.6,0.442,1.6,0.7,0.421,1.1,0.8,0.769,4.7,1.5,0.8,1.3,0.4,0.9,0.5,0.5754162585700293,0.5416666666666667,0.5698712267023005,2020-21
201599,DeAndre Jordan,1610612751,BKN,57,21.9,4.4,3.3,0.763,0.0,0.0,0.0,1.6,0.8,0.5,7.5,1.6,1.5,7.5,2.1,5.4,-0.7,0.734717868338558,0.7499999999999999,17.0,1.9,0.2,0.2,1.0,0.0,0.0,0.0,0.1,0.1,0.5,0.5,0.1,0.1,0.6,0.2,0.4,0.6,1.0245901639344261,1.0,,,,,,,,,,,,,,,,,,,,,0.9325115199468915,2020-21
201609,Goran Dragic,1610612748,MIA,50,26.7,11.1,4.8,0.432,4.9,1.8,0.373,2.4,2.0,0.828,13.4,4.4,2.4,3.4,0.5,2.9,0.8,0.5511681474169136,0.5135135135135136,15.0,2.9,1.1,0.3,0.25,0.5,0.1,0.143,0.2,0.2,1.0,0.8,0.3,0.1,0.5,0.1,0.4,-0.9,0.33670033670033667,0.3181818181818181,4.0,29.2,13.5,5.8,0.426,6.5,2.3,0.346,3.0,2.3,0.75,16.0,2.8,1.5,1.8,0.3,1.5,-8.5,0.5398110661268556,0.5148148148148147,0.4839102464420428,2020-21
201933,Blake Griffin,1610612751,BKN,46,25.8,8.9,3.8,0.423,4.5,1.5,0.341,2.5,1.9,0.744,11.0,3.0,1.3,4.9,0.8,4.1,1.3,0.55,0.5112359550561797,20.0,3.0,1.0,0.3,0.316,0.6,0.1,0.167,0.4,0.3,0.714,1.0,0.3,0.0,0.7,0.1,0.6,0.6,0.4251700680272109,0.35,12.0,26.5,6.6,3.5,0.532,3.0,1.2,0.389,1.2,0.8,0.714,9.0,1.8,0.4,5.9,1.3,4.7,2.8,0.6313131313131313,0.6212121212121212,0.5602825433872198,2020-21
201935,James Harden,1610612751,BKN,44,36.6,16.7,7.8,0.466,7.6,2.8,0.362,7.3,6.3,0.861,24.6,10.8,4.0,7.9,0.8,7.1,2.3,0.6177179590196867,0.5508982035928144,23.0,4.1,2.3,1.2,0.509,0.8,0.3,0.389,1.7,1.6,0.949,4.3,0.8,0.5,1.3,0.3,1.0,1.6,0.7053805774278215,0.5869565217391304,9.0,35.7,12.0,5.7,0.472,7.3,2.7,0.364,6.9,6.2,0.903,20.2,8.6,2.9,6.3,0.8,5.6,6.1,0.6717212024474595,0.5875,0.6877129086252802,2020-21
201937,Ricky Rubio,1610612750,MIN,68,26.1,7.3,2.8,0.388,3.1,1.0,0.308,2.2,1.9,0.867,8.6,6.4,1.6,3.3,0.4,2.9,-2.7,0.5200774068698596,0.4520547945205479,36.0,3.1,0.4,0.1,0.231,0.0,0.0,0.0,0.6,0.5,0.905,0.7,0.8,0.1,0.3,0.1,0.2,-0.6,0.5271084337349397,0.25,,,,,,,,,,,,,,,,,,,,,0.5302442101672902,2020-21
201939,Stephen Curry,1610612744,GSW,63,34.2,21.7,10.4,0.482,12.7,5.3,0.421,6.3,5.7,0.916,32.0,5.8,3.4,5.5,0.5,5.0,3.9,0.6538084341288003,0.6013824884792627,28.0,3.5,2.6,1.1,0.432,1.5,0.6,0.429,1.1,1.1,0.968,4.0,0.5,0.4,0.7,0.1,0.6,-0.2,0.648508430609598,0.5384615384615385,,,,,,,,,,,,,,,,,,,,,0.6622566652690565,2020-21
201942,DeMar DeRozan,1610612759,SAS,61,33.7,15.1,7.5,0.495,1.2,0.3,0.257,7.2,6.3,0.88,21.6,6.9,2.0,4.2,0.7,3.6,-1.7,0.5911977227939567,0.5066225165562914,32.0,4.5,2.9,1.3,0.452,0.3,0.1,0.2,1.9,1.7,0.885,4.4,0.6,0.2,0.8,0.2,0.6,-0.8,0.5888650963597432,0.4655172413793104,,,,,,,,,,,,,,,,,,,,,0.6088479365164541,2020-21
201949,James Johnson,1610612740,NOP,51,20.5,6.4,2.9,0.446,2.4,0.6,0.258,1.5,0.9,0.592,7.2,1.9,1.1,3.5,0.6,2.8,-2.5,0.509915014164306,0.49999999999999994,13.0,2.9,0.8,0.5,0.545,0.3,0.1,0.25,0.4,0.2,0.4,1.2,0.2,0.1,0.7,0.2,0.5,1.9,0.6147540983606556,0.6875,,,,,,,,,,,,,,,,,,,,,0.5923077369599193,2020-21
201950,Jrue Holiday,1610612749,MIL,59,32.3,13.9,7.0,0.503,4.8,1.9,0.392,2.3,1.8,0.787,17.7,6.1,2.2,4.5,1.2,3.3,6.4,0.5934817596566523,0.5719424460431655,22.0,3.5,1.6,0.7,0.457,0.5,0.1,0.3,0.6,0.4,0.692,2.0,0.5,0.3,0.4,0.2,0.2,0.0,0.5364806866952789,0.46875,23.0,39.6,16.9,6.9,0.406,6.2,1.9,0.303,2.4,1.7,0.714,17.3,8.7,2.4,5.7,1.4,4.3,7.0,0.4817331254176877,0.46449704142011844,0.5301178762494573,2020-21
201952,Jeff Teague,1610612749,MIL,55,17.3,5.2,2.2,0.433,1.5,0.7,0.439,1.9,1.6,0.848,6.7,2.4,1.2,1.6,0.3,1.3,1.0,0.5550033134526176,0.4903846153846154,9.0,3.1,0.3,0.3,1.0,0.0,0.0,0.0,0.0,0.0,0.0,0.7,0.2,0.2,0.1,0.0,0.1,0.3,1.1666666666666667,1.0,16.0,7.5,1.9,0.6,0.29,0.7,0.3,0.455,0.7,0.6,0.818,2.0,0.8,0.4,0.5,0.1,0.4,-2.8,0.45289855072463775,0.39473684210526316,0.713607947261432,2020-21
201959,Taj Gibson,1610612752,NYK,45,20.8,3.5,2.2,0.627,0.3,0.1,0.2,1.2,0.9,0.727,5.4,0.8,0.5,5.6,2.2,3.4,2.9,0.6703078450844091,0.6428571428571429,14.0,2.6,0.1,0.1,0.5,0.0,0.0,0.0,0.7,0.5,0.7,0.6,0.0,0.0,0.7,0.4,0.3,1.3,0.7352941176470588,1.0,5.0,27.6,4.0,2.4,0.6,0.0,0.0,0.0,0.2,0.2,1.0,5.0,0.8,0.6,7.0,3.2,3.8,-1.4,0.611545988258317,0.6,0.6654461503819061,2020-21
201961,Wayne Ellington,1610612765,DET,46,22.0,7.3,3.2,0.441,6.0,2.5,0.422,0.8,0.6,0.8,9.6,1.5,0.7,1.8,0.3,1.6,-1.5,0.6272869837950862,0.6095890410958904,17.0,1.5,0.2,0.0,0.0,0.2,0.0,0.0,0.2,0.2,1.0,0.2,0.1,0.0,0.1,0.0,0.1,-0.6,0.3472222222222222,0.0,,,,,,,,,,,,,,,,,,,,,0.44331686877353216,2020-21
201976,Patrick Beverley,1610612746,LAC,37,22.5,5.9,2.5,0.423,3.8,1.5,0.397,1.2,1.0,0.8,7.5,2.1,0.9,3.2,0.8,2.4,4.0,0.5833851897946484,0.5508474576271186,12.0,2.0,0.2,0.1,0.5,0.2,0.1,0.5,0.7,0.5,0.75,0.8,0.2,0.1,0.1,0.0,0.1,-1.6,0.7874015748031497,0.7500000000000001,17.0,19.0,4.0,1.7,0.426,2.2,0.8,0.351,0.8,0.7,0.857,4.9,1.4,0.2,2.4,0.6,1.8,-0.1,0.5629595588235294,0.525,0.6445676664864893,2020-21
201980,Danny Green,1610612755,PHI,69,28.0,7.9,3.2,0.412,6.3,2.5,0.405,0.6,0.4,0.775,9.5,1.7,1.0,3.8,0.8,3.0,4.5,0.5818226359627634,0.5632911392405063,31.0,3.5,0.9,0.3,0.31,0.8,0.2,0.28,0.1,0.1,1.0,0.9,0.2,0.2,0.5,0.3,0.2,0.4,0.4766949152542373,0.4444444444444445,8.0,24.8,6.0,2.6,0.438,4.6,1.8,0.378,0.0,0.0,0.0,7.0,2.6,0.6,2.6,1.1,1.5,9.9,0.5833333333333334,0.5833333333333334,0.5589278161403887,2020-21
201988,Patty Mills,1610612759,SAS,68,24.8,9.0,3.7,0.412,6.3,2.4,0.375,1.1,1.0,0.91,10.8,2.4,1.0,1.7,0.3,1.4,0.4,0.5693800084352594,0.5444444444444445,30.0,3.4,0.9,0.4,0.393,0.6,0.1,0.222,0.3,0.2,0.875,1.1,0.2,0.1,0.2,0.0,0.2,0.1,0.5329457364341086,0.5,,,,,,,,,,,,,,,,,,,,,0.5550904937667144,2020-21
202066,Garrett Temple,1610612741,CHI,56,27.3,6.8,2.8,0.415,3.6,1.2,0.335,0.9,0.7,0.8,7.6,2.2,1.0,2.9,0.5,2.3,0.9,0.528071150639244,0.5,28.0,3.3,0.7,0.3,0.421,0.3,0.1,0.286,0.2,0.1,0.8,0.8,0.3,0.1,0.5,0.2,0.3,1.1,0.5076142131979696,0.5,,,,,,,,,,,,,,,,,,,,,0.5247273099906061,2020-21
202083,Wesley Matthews,1610612747,LAL,58,19.5,4.3,1.5,0.353,3.4,1.1,0.335,0.7,0.6,0.854,4.8,0.9,0.4,1.6,0.3,1.3,0.7,0.5208333333333334,0.4767441860465116,15.0,2.9,0.5,0.4,0.75,0.4,0.3,0.667,0.0,0.0,0.0,1.1,0.1,0.1,0.3,0.2,0.1,1.5,1.1,1.1,6.0,18.4,5.5,1.7,0.303,4.2,1.2,0.28,1.0,1.0,1.0,5.5,0.3,0.0,1.7,0.8,0.8,-6.0,0.4629629629629629,0.41818181818181815,0.6965816106777438,2020-21
202322,John Wall,1610612745,HOU,40,32.2,18.2,7.3,0.404,6.2,2.0,0.317,5.3,4.0,0.749,20.6,6.9,3.5,3.2,0.4,2.8,-4.2,0.5016559516851744,0.4560439560439561,11.0,3.5,1.9,0.6,0.333,0.5,0.1,0.2,1.0,0.8,0.818,2.2,0.3,0.4,0.5,0.2,0.3,-0.9,0.47008547008547014,0.34210526315789475,,,,,,,,,,,,,,,,,,,,,0.49104852439102503,2020-21
202324,Derrick Favors,1610612762,UTA,68,15.3,3.6,2.3,0.638,0.0,0.0,0.0,1.2,0.9,0.738,5.4,0.6,0.5,5.5,2.0,3.5,0.5,0.6540697674418605,0.6388888888888888,13.0,0.3,0.2,0.2,1.0,0.0,0.0,0.0,0.1,0.1,1.0,0.4,0.0,0.0,0.0,0.0,0.0,-0.2,0.819672131147541,1.0,11.0,13.1,2.1,1.5,0.696,0.0,0.0,0.0,0.8,0.5,0.556,3.4,0.3,0.5,4.2,1.7,2.5,-3.5,0.6933115823817292,0.7142857142857143,0.7344470183677007,2020-21
202326,DeMarcus Cousins,1610612746,LAC,41,17.4,7.4,3.2,0.426,3.3,1.1,0.348,2.0,1.4,0.728,8.9,1.9,1.6,6.4,1.3,5.1,-1.5,0.53743961352657,0.5067567567567567,4.0,1.6,1.0,0.0,0.0,0.8,0.0,0.0,0.0,0.0,0.0,0.0,0.0,0.3,0.8,0.0,0.8,0.0,0.0,0.0,7.0,8.3,6.0,2.7,0.452,1.4,0.6,0.4,2.0,1.6,0.786,7.6,0.7,0.7,2.0,0.9,1.1,-2.6,0.5523255813953488,0.5,0.3792495731304567,2020-21
202329,Al-Farouq Aminu,1610612741,CHI,23,18.9,4.3,1.7,0.384,1.6,0.3,0.216,1.0,0.8,0.818,4.4,1.3,1.2,4.8,1.0,3.8,-2.3,0.4641350210970464,0.43023255813953487,4.0,2.3,0.3,0.0,0.0,0.0,0.0,0.0,0.0,0.0,0.0,0.0,0.0,0.0,0.8,0.3,0.5,-2.8,0.0,0.0,,,,,,,,,,,,,,,,,,,,,0.1616884178834395,2020-21
202330,Gordon Hayward,1610612766,CHA,44,34.0,15.0,7.1,0.473,4.7,1.9,0.415,4.2,3.5,0.843,19.6,4.1,2.1,5.9,0.8,5.0,0.4,0.5816714150047484,0.5366666666666666,20.0,3.1,1.5,0.7,0.433,0.3,0.2,0.5,1.0,0.9,0.9,2.4,0.6,0.2,0.9,0.1,0.8,3.7,0.6185567010309279,0.5333333333333333,,,,,,,,,,,,,,,,,,,,,0.6162616056882013,2020-21
202331,Paul George,1610612746,LAC,54,33.7,17.6,8.2,0.467,7.7,3.2,0.411,4.2,3.7,0.868,23.3,5.2,3.3,6.6,0.8,5.8,8.0,0.5990333196215549,0.5568181818181818,23.0,2.3,1.3,0.4,0.31,0.8,0.2,0.222,0.7,0.7,1.0,1.6,0.3,0.2,0.4,0.2,0.3,0.0,0.4975124378109453,0.3846153846153846,19.0,40.9,19.7,8.7,0.441,8.0,2.7,0.336,8.1,6.8,0.844,26.9,5.4,3.5,9.6,0.9,8.7,3.8,0.578146492434663,0.5101522842639593,0.562135975727183,2020-21
202334,Ed Davis,1610612750,MIN,23,13.0,1.9,0.8,0.432,0.0,0.0,0.0,0.5,0.4,0.833,2.1,0.9,0.3,5.0,2.0,3.0,-2.0,0.49528301886792453,0.4210526315789474,2.0,1.2,0.0,0.0,0.0,0.0,0.0,0.0,0.0,0.0,0.0,0.0,0.0,0.0,0.0,0.0,0.0,-3.0,,,,,,,,,,,,,,,,,,,,,,,0.1650943396226415,2020-21
202335,Patrick Patterson,1610612746,LAC,38,15.3,4.3,1.9,0.436,2.9,1.1,0.357,0.4,0.3,0.765,5.2,0.8,0.3,2.0,0.5,1.5,0.6,0.580875781948168,0.5697674418604651,2.0,3.3,1.0,1.0,1.0,0.0,0.0,0.0,0.0,0.0,0.0,2.0,0.0,0.5,0.5,0.5,0.0,-3.5,1.0,1.0,,,,,,,,,,,,,,,,,,,,,0.8835477412641362,2020-21
202339,Eric Bledsoe,1610612740,NOP,71,29.7,10.3,4.3,0.421,5.0,1.7,0.341,2.7,1.9,0.687,12.2,3.8,1.6,3.4,0.4,3.0,-0.9,0.5309888579387185,0.4999999999999999,32.0,3.1,0.9,0.4,0.4,0.4,0.2,0.357,0.3,0.3,0.8,1.2,0.1,0.2,0.3,0.0,0.3,1.0,0.5813953488372092,0.5555555555555556,,,,,,,,,,,,,,,,,,,,,0.5733310492812005,2020-21
202340,Avery Bradley,1610612745,HOU,27,22.3,6.3,2.4,0.374,3.7,1.2,0.327,0.6,0.4,0.8,6.4,1.7,1.0,2.1,0.3,1.8,-4.9,0.4875076173065204,0.4761904761904762,6.0,2.0,0.0,0.0,0.0,0.0,0.0,0.0,0.3,0.3,1.0,0.3,0.0,0.3,0.2,0.0,0.2,-2.0,1.1363636363636362,,,,,,,,,,,,,,,,,,,,,,0.920078296677931,2020-21
202355,Hassan Whiteside,1610612758,SAC,36,15.2,6.2,3.5,0.563,0.0,0.0,0.0,2.2,1.1,0.519,8.1,0.6,1.1,6.0,1.7,4.3,-2.9,0.5650111607142857,0.564516129032258,7.0,1.5,0.4,0.0,0.0,0.0,0.0,0.0,0.6,0.0,0.0,0.0,0.1,0.1,0.3,0.3,0.0,-0.1,0.0,0.0,,,,,,,,,,,,,,,,,,,,,0.1947886664736138,2020-21
202357,Nemanja Bjelica,1610612748,MIA,37,16.1,5.3,2.4,0.454,2.3,0.7,0.318,1.4,1.0,0.725,6.5,1.9,0.9,3.4,0.8,2.6,-1.8,0.5493576741041245,0.5188679245283019,8.0,1.0,0.4,0.1,0.333,0.1,0.0,0.0,0.5,0.3,0.5,0.5,0.1,0.1,0.4,0.1,0.3,2.0,0.40322580645161293,0.25,2.0,15.1,5.5,2.5,0.455,4.0,2.0,0.5,3.0,2.0,0.667,9.0,1.0,0.0,2.5,0.5,2.0,-10.0,0.6598240469208211,0.6363636363636364,0.5634274077715323,2020-21
202397,Ish Smith,1610612764,WAS,44,21.0,6.8,2.9,0.434,1.1,0.4,0.367,0.8,0.4,0.576,6.7,3.9,0.9,3.4,0.5,2.9,1.2,0.4684004474272931,0.4558823529411765,9.0,2.6,0.4,0.1,0.25,0.1,0.0,0.0,0.0,0.0,0.0,0.2,0.0,0.0,0.6,0.0,0.6,0.1,0.25,0.25,5.0,22.3,8.6,3.2,0.372,1.4,0.4,0.286,0.0,0.0,0.0,6.8,2.8,1.0,3.2,0.2,3.0,-1.6,0.3953488372093023,0.39534883720930236,0.36495684611617807,2020-21
202681,Kyrie Irving,1610612751,BKN,54,34.9,20.1,10.2,0.506,7.0,2.8,0.402,4.0,3.7,0.922,26.9,6.0,2.4,4.8,1.0,3.8,4.2,0.6152790484903933,0.5771144278606964,29.0,3.5,2.2,1.0,0.476,0.9,0.4,0.407,1.0,0.9,0.867,3.3,0.5,0.2,0.4,0.1,0.3,1.6,0.6249999999999999,0.5454545454545454,9.0,36.1,18.1,8.6,0.472,7.2,2.7,0.369,3.1,2.9,0.929,22.7,3.4,1.2,5.8,1.3,4.4,11.4,0.5831278257295519,0.5497237569060772,0.6133890279111377,2020-21
202683,Enes Freedom,1610612757,POR,72,24.4,7.8,4.7,0.604,0.1,0.0,0.25,2.3,1.8,0.774,11.2,1.2,1.1,11.0,3.9,7.1,2.2,0.6354970494779846,0.6025641025641026,18.0,2.7,0.7,0.4,0.615,0.0,0.0,0.0,0.1,0.1,1.0,1.0,0.2,0.1,1.3,0.7,0.6,1.9,0.6720430107526881,0.5714285714285715,5.0,11.2,1.6,0.8,0.5,0.0,0.0,0.0,0.4,0.4,1.0,2.0,0.0,0.6,2.6,1.2,1.4,-6.8,0.5630630630630631,0.5,0.6204364023353001,2020-21
202684,Tristan Thompson,1610612738,BOS,54,23.8,6.0,3.1,0.518,0.1,0.0,0.0,2.2,1.3,0.592,7.6,1.2,1.1,8.1,3.1,5.0,0.4,0.5453501722158438,0.5166666666666667,22.0,2.1,0.1,0.1,0.667,0.0,0.0,0.0,0.3,0.2,0.667,0.4,0.0,0.1,0.3,0.1,0.2,-0.9,0.8620689655172414,1.0,5.0,26.4,6.8,4.0,0.588,0.0,0.0,0.0,3.4,2.4,0.706,10.4,1.0,1.0,9.8,5.8,4.0,-17.4,0.6268081002892961,0.5882352941176471,0.6933187340194248,2020-21
202685,Jonas Valančiūnas,1610612763,MEM,62,28.3,12.0,7.1,0.592,0.9,0.3,0.368,3.3,2.5,0.773,17.1,1.8,1.6,12.5,4.1,8.4,2.2,0.6355932203389831,0.6041666666666666,29.0,3.0,0.7,0.4,0.55,0.0,0.0,0.0,0.5,0.5,0.933,1.2,0.1,0.1,1.1,0.4,0.7,-0.7,0.6521739130434783,0.5714285714285715,5.0,33.1,11.6,6.6,0.569,1.6,0.4,0.25,1.6,1.4,0.875,15.0,2.6,2.0,9.8,4.0,5.8,-5.8,0.609557867360208,0.5862068965517241,0.6339357747506078,2020-21
202687,Bismack Biyombo,1610612766,CHA,66,20.4,3.7,2.2,0.587,0.0,0.0,0.0,1.6,0.7,0.448,5.0,1.2,1.1,5.3,2.1,3.2,-4.2,0.5676657584014533,0.5945945945945946,19.0,1.7,0.1,0.1,1.0,0.0,0.0,0.0,0.4,0.2,0.429,0.3,0.0,0.0,0.6,0.2,0.4,1.0,0.5434782608695652,1.0,,,,,,,,,,,,,,,,,,,,,0.5542434627488335,2020-21
202689,Kemba Walker,1610612760,OKC,43,31.8,15.7,6.6,0.42,8.2,3.0,0.36,3.5,3.1,0.899,19.3,4.9,2.0,4.0,0.4,3.6,2.2,0.5597447795823667,0.5159235668789809,23.0,3.1,1.3,0.3,0.226,0.9,0.2,0.25,0.4,0.3,0.778,1.1,0.3,0.0,0.4,0.0,0.3,-1.6,0.3726287262872629,0.3076923076923077,3.0,30.3,13.7,4.3,0.317,5.7,1.0,0.176,3.3,3.0,0.9,12.7,4.0,2.7,4.0,0.0,4.0,-18.0,0.41908658922914466,0.35036496350364965,0.4353239214172637,2020-21
202692,Alec Burks,1610612752,NYK,49,25.6,10.2,4.3,0.42,5.0,2.1,0.415,2.4,2.1,0.856,12.7,2.2,1.0,4.6,0.4,4.2,2.6,0.5641435678749112,0.5245098039215687,22.0,3.4,1.9,0.8,0.429,1.0,0.5,0.476,0.9,0.8,0.9,2.9,0.1,0.1,0.6,0.0,0.6,0.7,0.6315331010452963,0.5526315789473685,5.0,25.6,11.2,4.8,0.429,4.8,1.6,0.333,3.8,2.8,0.737,14.0,2.6,0.8,5.0,1.0,4.0,1.8,0.5438160348042262,0.5,0.5950704300415963,2020-21
202693,Markieff Morris,1610612747,LAL,61,19.7,6.2,2.5,0.405,3.4,1.1,0.311,0.8,0.6,0.72,6.7,1.2,0.9,4.4,0.8,3.6,0.3,0.5112942612942613,0.4919354838709677,12.0,2.5,0.8,0.3,0.333,0.8,0.3,0.333,0.0,0.0,0.0,0.8,0.2,0.0,0.6,0.2,0.4,1.3,0.5,0.5624999999999999,4.0,9.5,2.3,0.5,0.222,1.0,0.3,0.25,1.5,1.0,0.667,2.3,0.8,0.5,1.0,1.0,0.0,-5.3,0.3885135135135135,0.28260869565217395,0.459042359443504,2020-21
202694,Marcus Morris Sr.,1610612746,LAC,57,26.3,10.2,4.8,0.473,5.2,2.5,0.473,1.6,1.3,0.82,13.4,1.0,1.0,4.1,0.6,3.5,2.3,0.6144534115920763,0.5931372549019608,20.0,2.4,0.4,0.3,0.75,0.3,0.2,0.8,0.1,0.1,1.0,0.9,0.1,0.1,0.4,0.1,0.3,0.1,1.0135135135135136,1.0,19.0,31.8,10.5,4.5,0.43,5.1,1.9,0.375,1.7,1.3,0.75,12.2,1.5,0.4,4.3,0.7,3.6,-0.6,0.5423186344238976,0.5190476190476191,0.7153276256088659,2020-21
202695,Kawhi Leonard,1610612746,LAC,52,34.1,17.5,8.9,0.512,4.9,1.9,0.398,5.7,5.0,0.885,24.8,5.2,2.0,6.5,1.1,5.4,8.6,0.6197520991603359,0.5628571428571428,21.0,2.7,1.7,0.5,0.314,0.5,0.1,0.2,0.9,0.8,0.895,2.0,0.3,0.4,0.9,0.2,0.7,-1.1,0.47709923664122134,0.3235294117647059,11.0,39.2,19.4,11.1,0.573,5.5,2.2,0.393,6.8,6.0,0.88,30.4,4.4,2.2,7.7,2.0,5.7,2.5,0.6788138620936048,0.6288659793814433,0.6114463121676628,2020-21
202696,Nikola Vučević,1610612741,CHI,70,33.5,19.9,9.5,0.477,6.3,2.5,0.4,2.2,1.9,0.84,23.4,3.8,1.8,11.7,2.1,9.6,-4.9,0.5606670500287522,0.5402010050251257,28.0,3.1,1.4,0.6,0.447,0.3,0.1,0.222,0.2,0.2,0.833,1.5,0.4,0.2,1.1,0.2,0.9,-0.1,0.5040322580645161,0.46428571428571436,,,,,,,,,,,,,,,,,,,,,0.5299456979316383,2020-21
202699,Tobias Harris,1610612755,PHI,62,32.5,14.9,7.6,0.512,3.4,1.3,0.394,3.3,2.9,0.892,19.5,3.5,1.7,6.8,1.0,5.8,5.2,0.5962573385518591,0.5536912751677853,28.0,3.7,1.8,0.9,0.531,0.3,0.1,0.444,0.8,0.8,0.913,2.8,0.2,0.3,0.6,0.1,0.5,2.4,0.6505576208178437,0.5277777777777778,12.0,36.5,17.9,8.8,0.488,3.6,1.3,0.372,3.3,2.9,0.875,21.8,3.5,1.5,8.5,0.8,7.7,4.4,0.5632492765605623,0.5279329608938549,0.6099339385568132,2020-21
202704,Reggie Jackson,1610612746,LAC,67,23.0,8.7,3.9,0.45,4.2,1.8,0.433,1.2,1.0,0.817,10.7,3.1,1.1,2.9,0.4,2.5,3.7,0.5797572605114868,0.5517241379310345,19.0,1.8,0.6,0.4,0.667,0.4,0.2,0.571,0.2,0.2,0.75,1.2,0.2,0.1,0.3,0.0,0.3,-1.2,0.872093023255814,0.8333333333333334,19.0,32.7,13.3,6.4,0.484,7.5,3.1,0.408,2.2,1.9,0.878,17.8,3.4,1.5,3.2,0.4,2.8,5.6,0.6237734791141015,0.5977443609022556,0.7061071757842485,2020-21
202709,Cory Joseph,1610612765,DET,63,23.0,6.8,3.2,0.469,2.1,0.7,0.341,1.4,1.1,0.818,8.2,3.4,1.3,2.5,0.6,2.0,-3.1,0.5528586839266451,0.5220588235294118,16.0,1.8,0.5,0.1,0.25,0.1,0.0,0.0,0.1,0.1,0.5,0.3,0.1,0.0,0.1,0.1,0.1,-1.5,0.275735294117647,0.2,,,,,,,,,,,,,,,,,,,,,0.3754626985627023,2020-21
202710,Jimmy Butler III,1610612748,MIA,52,33.6,14.2,7.0,0.497,2.0,0.5,0.245,8.0,6.9,0.863,21.5,7.1,2.1,6.9,1.8,5.1,3.8,0.6066591422121896,0.5105633802816901,26.0,3.5,1.8,0.6,0.348,0.3,0.0,0.125,1.3,1.2,0.857,2.4,0.5,0.3,0.9,0.2,0.7,-0.4,0.5059021922428331,0.3333333333333333,4.0,38.5,16.0,4.8,0.297,3.8,1.0,0.267,5.5,4.0,0.727,14.5,7.0,2.3,7.5,1.5,6.0,-21.5,0.3935939196525515,0.33125,0.47921693727972053,2020-21
202711,Bojan Bogdanovic,1610612762,UTA,72,30.8,12.8,5.6,0.439,6.4,2.5,0.39,3.7,3.2,0.879,17.0,1.9,1.8,3.9,0.6,3.3,5.8,0.5891322428611033,0.5351562499999999,28.0,2.7,1.2,0.3,0.265,1.1,0.3,0.25,0.3,0.3,1.0,1.2,0.1,0.0,0.2,0.0,0.1,1.1,0.45045045045045046,0.375,11.0,35.5,12.5,5.8,0.467,6.9,3.2,0.461,3.7,3.3,0.878,18.1,1.5,2.1,4.3,0.5,3.7,0.9,0.6405719139297849,0.5920000000000001,0.5779998142578274,2020-21
202722,Davis Bertans,1610612764,WAS,57,25.7,8.4,3.4,0.404,7.5,3.0,0.395,2.0,1.8,0.87,11.5,0.9,0.6,2.9,0.3,2.6,1.9,0.6196120689655171,0.5833333333333334,29.0,3.8,0.9,0.3,0.37,0.8,0.3,0.391,0.4,0.4,1.0,1.4,0.1,0.0,0.6,0.1,0.5,0.6,0.6505576208178437,0.49999999999999994,4.0,26.5,6.8,2.8,0.407,5.8,2.0,0.348,1.8,1.8,1.0,9.3,0.3,0.3,2.8,0.0,2.8,-8.5,0.612486828240253,0.5588235294117647,0.6370789182666708,2020-21
202734,E'Twaun Moore,1610612756,PHX,27,14.4,4.5,2.0,0.455,1.3,0.4,0.314,0.5,0.4,0.857,4.9,1.5,0.9,1.7,0.5,1.1,0.3,0.5190677966101696,0.48888888888888893,2.0,3.8,1.0,1.0,1.0,1.0,1.0,1.0,0.0,0.0,0.0,3.0,0.0,0.0,0.0,0.0,0.0,3.5,1.5,1.5,7.0,6.6,2.6,1.1,0.444,0.7,0.1,0.2,0.0,0.0,0.0,2.4,1.3,0.4,1.4,0.0,1.4,0.6,0.4615384615384615,0.44230769230769235,0.839502752421543,2020-21
202738,Isaiah Thomas,1610612740,NOP,3,16.1,9.0,3.0,0.333,4.0,1.0,0.25,0.7,0.7,1.0,7.7,1.7,2.0,1.3,0.3,1.0,2.7,0.41362269015900305,0.3888888888888889,,,,,,,,,,,,,,,,,,,,,,,,,,,,,,,,,,,,,,,,,0.41362269015900305,2020-21
202954,Brad Wanamaker,1610612766,CHA,61,17.3,4.9,1.9,0.385,1.4,0.3,0.188,1.7,1.5,0.891,5.5,2.9,1.2,1.7,0.3,1.4,-2.1,0.4868980169971671,0.4183673469387754,10.0,1.6,0.4,0.2,0.5,0.2,0.1,0.5,0.2,0.1,0.5,0.6,0.0,0.1,0.0,0.0,0.0,-1.4,0.6147540983606556,0.625,,,,,,,,,,,,,,,,,,,,,0.5802986698772825,2020-21
203076,Anthony Davis,1610612747,LAL,36,32.3,17.0,8.4,0.491,2.8,0.7,0.26,5.9,4.4,0.738,21.8,3.1,2.1,7.9,1.7,6.2,3.2,0.5562359665237804,0.5147058823529411,18.0,3.8,2.1,0.8,0.395,0.4,0.2,0.429,0.4,0.4,1.0,2.2,0.4,0.2,0.9,0.4,0.6,2.2,0.4833040421792619,0.42857142857142855,5.0,28.8,12.4,5.0,0.403,2.2,0.4,0.182,8.4,7.0,0.833,17.4,2.6,1.2,6.6,1.4,5.2,-3.2,0.540506958250497,0.41935483870967744,0.5364137621147098,2020-21
203078,Bradley Beal,1610612764,WAS,60,35.8,23.0,11.2,0.485,6.2,2.2,0.349,7.7,6.8,0.889,31.3,4.4,3.1,4.7,1.2,3.5,-0.1,0.5930726087615583,0.5347826086956521,32.0,4.4,3.1,1.5,0.475,0.8,0.2,0.24,1.8,1.6,0.847,4.7,0.4,0.4,0.8,0.2,0.6,0.4,0.6038026721479959,0.5161290322580645,5.0,39.1,24.6,11.2,0.455,6.4,1.4,0.219,7.2,6.2,0.861,30.0,4.2,4.0,6.2,1.2,5.0,-12.2,0.54019014693172,0.4837398373983739,0.5836863265110975,2020-21
203081,Damian Lillard,1610612757,POR,67,35.8,19.9,9.0,0.451,10.5,4.1,0.391,7.2,6.7,0.928,28.8,7.5,3.0,4.2,0.5,3.7,3.0,0.6242413733310214,0.5552763819095479,34.0,3.7,2.6,1.3,0.511,1.4,0.5,0.391,1.7,1.6,0.947,4.8,0.7,0.3,0.7,0.0,0.7,2.9,0.7168458781362007,0.5961538461538461,6.0,41.3,22.3,10.3,0.463,13.0,5.8,0.449,8.3,7.8,0.94,34.3,10.2,2.2,4.3,0.2,4.2,4.5,0.6608353884093711,0.5919282511210763,0.6864718757710986,2020-21
203082,Terrence Ross,1610612753,ORL,46,29.3,13.4,5.5,0.412,5.7,1.9,0.337,3.0,2.6,0.87,15.6,2.3,1.6,3.4,0.3,3.1,-5.1,0.529891304347826,0.48134328358208955,20.0,3.0,1.4,0.6,0.393,0.9,0.4,0.471,0.3,0.2,0.8,1.7,0.2,0.1,0.2,0.0,0.2,0.4,0.5548302872062663,0.5714285714285715,,,,,,,,,,,,,,,,,,,,,0.5569650541133697,2020-21
203083,Andre Drummond,1610612747,LAL,46,27.0,12.4,6.1,0.493,0.2,0.0,0.0,4.5,2.7,0.6,14.9,2.0,2.7,12.0,3.6,8.4,-2.3,0.5180806675938804,0.4919354838709677,19.0,3.5,0.8,0.3,0.375,0.0,0.0,0.0,0.9,0.6,0.611,1.2,0.2,0.3,1.6,0.5,1.1,-0.7,0.5016722408026755,0.37499999999999994,5.0,21.0,6.4,3.8,0.594,0.0,0.0,0.0,2.0,1.4,0.7,9.0,0.0,2.2,11.0,3.8,7.2,-0.8,0.6181318681318682,0.5937499999999999,0.5690884051685114,2020-21
203084,Harrison Barnes,1610612758,SAC,58,36.2,11.1,5.5,0.497,4.4,1.7,0.391,4.1,3.4,0.83,16.1,3.5,1.6,6.6,1.1,5.5,-1.0,0.6238375697458153,0.5720720720720721,34.0,3.5,1.1,0.5,0.444,0.4,0.1,0.231,0.8,0.6,0.846,1.7,0.3,0.1,0.5,0.1,0.4,-0.5,0.5853994490358125,0.5,,,,,,,,,,,,,,,,,,,,,0.6081220658481639,2020-21
203085,Austin Rivers,1610612743,DEN,36,23.5,6.8,2.9,0.424,4.1,1.5,0.369,0.9,0.6,0.71,7.9,2.3,1.0,2.3,0.2,2.1,0.3,0.5489160644802669,0.5367647058823529,14.0,2.0,0.7,0.4,0.6,0.4,0.3,0.667,0.3,0.1,0.5,1.3,0.0,0.1,0.2,0.0,0.2,0.4,0.7812500000000001,0.7857142857142858,10.0,30.5,6.9,3.0,0.435,4.6,1.9,0.413,1.6,1.3,0.813,9.2,2.1,0.9,1.7,0.1,1.6,-7.4,0.6049447659126774,0.572463768115942,0.6646691780152616,2020-21
203087,Jeremy Lamb,1610612754,IND,36,21.3,7.7,3.3,0.435,3.6,1.4,0.406,2.1,2.0,0.947,10.1,1.5,0.6,3.6,0.7,2.9,-0.4,0.5855751391465677,0.5194805194805194,9.0,3.5,1.7,0.8,0.467,0.6,0.2,0.4,0.4,0.4,1.0,2.2,0.0,0.2,0.9,0.4,0.4,0.0,0.5863539445628999,0.5294117647058824,,,,,,,,,,,,,,,,,,,,,0.6081722648325106,2020-21
203090,Maurice Harkless,1610612758,SAC,37,20.9,4.5,1.9,0.418,2.3,0.6,0.274,1.2,0.9,0.767,5.2,1.2,0.6,2.4,0.4,2.1,-1.2,0.5171042163882259,0.4888888888888888,12.0,1.8,0.1,0.1,1.0,0.0,0.0,0.0,0.0,0.0,0.0,0.2,0.2,0.0,0.2,0.0,0.2,0.3,1.0,1.0,,,,,,,,,,,,,,,,,,,,,0.8412569610178037,2020-21
203095,Evan Fournier,1610612738,BOS,42,30.0,12.9,5.9,0.457,6.7,2.8,0.413,3.3,2.6,0.788,17.1,3.4,1.7,3.0,0.2,2.8,-0.8,0.5957357859531773,0.5658914728682171,17.0,2.9,1.4,0.6,0.435,0.8,0.2,0.231,0.6,0.5,0.818,1.9,0.5,0.1,0.2,0.0,0.2,0.6,0.5709134615384616,0.5,5.0,33.3,12.6,5.4,0.429,6.0,2.6,0.433,2.4,2.0,0.833,15.4,1.4,1.0,3.6,1.0,2.6,-9.2,0.5638547158758056,0.5317460317460317,0.5823738559537062,2020-21
203107,Tomas Satoransky,1610612741,CHI,58,22.5,5.7,2.9,0.514,2.0,0.7,0.356,1.4,1.2,0.848,7.7,4.7,1.7,2.4,0.5,1.9,0.0,0.6095630145661811,0.5701754385964912,13.0,1.8,0.2,0.1,0.333,0.1,0.0,0.0,0.2,0.2,1.0,0.3,0.1,0.2,0.2,0.1,0.1,-2.4,0.5208333333333333,0.5,,,,,,,,,,,,,,,,,,,,,0.5539186656734916,2020-21
203109,Jae Crowder,1610612756,PHX,60,27.5,8.2,3.3,0.404,6.3,2.5,0.389,1.3,1.0,0.76,10.1,2.1,0.9,4.7,0.5,4.2,3.6,0.5756953944368446,0.5548780487804879,25.0,4.3,1.1,0.4,0.321,1.0,0.3,0.28,0.0,0.0,0.0,1.0,0.2,0.1,0.8,0.1,0.7,0.0,0.45454545454545453,0.5,22.0,33.1,8.4,3.5,0.413,6.5,2.5,0.38,1.6,1.4,0.886,10.8,1.9,0.9,6.1,0.5,5.6,5.2,0.5931458699472759,0.5654761904761905,0.5574519530396358,2020-21
203110,Draymond Green,1610612744,GSW,63,31.5,6.0,2.7,0.447,2.0,0.5,0.27,1.4,1.1,0.795,7.0,8.9,3.0,7.1,0.9,6.2,3.8,0.5290205562273277,0.4916666666666667,28.0,3.3,0.8,0.4,0.435,0.2,0.1,0.4,0.2,0.1,0.4,0.9,0.9,0.2,0.6,0.2,0.4,-1.3,0.5067567567567568,0.5625,,,,,,,,,,,,,,,,,,,,,0.5275113565780583,2020-21
203114,Khris Middleton,1610612749,MIL,68,33.4,15.8,7.5,0.476,5.4,2.2,0.414,3.5,3.1,0.898,20.4,5.4,2.6,6.0,0.8,5.2,4.3,0.588235294117647,0.5443037974683543,24.0,3.6,1.8,0.7,0.386,1.0,0.3,0.304,0.8,0.8,1.0,2.5,0.3,0.5,0.8,0.0,0.8,0.2,0.5808550185873605,0.4722222222222222,23.0,40.1,19.7,8.6,0.438,7.6,2.6,0.343,4.2,3.7,0.887,23.6,5.1,3.2,7.6,1.1,6.5,5.2,0.5476146278076852,0.5025380710659899,0.5768572741818074,2020-21
203115,Will Barton,1610612743,DEN,56,31.0,10.9,4.6,0.426,4.6,1.8,0.381,2.2,1.7,0.785,12.7,3.2,1.7,4.0,0.7,3.3,4.1,0.5350522413211998,0.5045871559633027,20.0,4.9,1.5,0.8,0.517,0.5,0.3,0.556,0.7,0.7,1.0,2.4,0.4,0.2,0.7,0.1,0.6,1.5,0.663716814159292,0.6333333333333334,3.0,27.7,14.3,6.3,0.442,7.0,2.3,0.333,1.3,1.3,1.0,16.3,2.7,1.3,4.3,0.3,4.0,0.0,0.5480096826250672,0.5209790209790209,0.59818062080781,2020-21
203118,Mike Scott,1610612755,PHI,51,16.7,4.1,1.5,0.36,3.0,1.0,0.342,0.2,0.2,0.667,4.2,0.8,0.4,2.4,0.2,2.1,-0.2,0.5014326647564471,0.48780487804878053,4.0,4.3,1.0,0.0,0.0,0.8,0.0,0.0,0.0,0.0,0.0,0.0,0.5,0.0,0.5,0.5,0.0,-0.8,0.0,0.0,5.0,6.9,1.8,0.4,0.222,1.4,0.4,0.286,0.0,0.0,0.0,1.2,0.6,0.0,0.6,0.2,0.4,1.8,0.3333333333333333,0.33333333333333337,0.27462902135589806,2020-21
203121,Darius Miller,1610612760,OKC,18,10.9,2.7,1.2,0.458,2.3,0.9,0.405,0.7,0.7,1.0,4.1,1.2,0.4,1.3,0.1,1.2,2.1,0.6815159574468085,0.611111111111111,1.0,0.5,0.0,0.0,0.0,0.0,0.0,0.0,0.0,0.0,0.0,0.0,0.0,0.0,0.0,0.0,0.0,3.0,,,,,,,,,,,,,,,,,,,,,,,0.22717198581560283,2020-21
203145,Kent Bazemore,1610612744,GSW,67,19.9,5.9,2.6,0.449,2.7,1.1,0.408,1.2,0.8,0.692,7.2,1.6,1.2,3.4,0.4,3.0,2.5,0.5600497822028624,0.5338983050847458,18.0,2.8,1.0,0.4,0.444,0.3,0.1,0.2,0.2,0.1,0.5,1.1,0.1,0.1,0.4,0.1,0.3,-1.0,0.5055147058823529,0.45,,,,,,,,,,,,,,,,,,,,,0.5406422171953562,2020-21
203200,Justin Holiday,1610612754,IND,72,30.3,8.7,3.6,0.413,6.3,2.4,0.382,1.2,0.9,0.788,10.5,1.7,0.8,3.6,0.4,3.1,-0.6,0.5689206762028609,0.5517241379310345,36.0,3.9,0.8,0.3,0.333,0.6,0.2,0.348,0.1,0.1,1.0,0.8,0.2,0.1,0.6,0.0,0.6,-0.6,0.4739336492890995,0.5,,,,,,,,,,,,,,,,,,,,,0.5147913938914802,2020-21
203210,JaMychal Green,1610612743,DEN,58,19.3,6.4,3.0,0.463,3.4,1.4,0.399,1.0,0.8,0.807,8.1,0.9,0.9,4.8,1.5,3.3,1.7,0.5921052631578947,0.578125,9.0,1.6,0.4,0.2,0.5,0.2,0.0,0.0,0.1,0.1,1.0,0.6,0.1,0.1,0.2,0.1,0.1,-0.2,0.6756756756756757,0.5,10.0,19.0,4.5,2.0,0.444,2.0,0.6,0.3,0.9,0.8,0.889,5.4,1.1,0.3,5.2,1.7,3.5,0.0,0.5514705882352942,0.5111111111111111,0.6058947298682116,2020-21
203382,Aron Baynes,1610612761,TOR,53,18.5,5.7,2.5,0.441,1.9,0.5,0.262,0.8,0.5,0.707,6.1,0.9,0.9,5.2,1.6,3.5,-1.5,0.5039656311962987,0.4824561403508772,13.0,0.9,0.2,0.0,0.0,0.2,0.0,0.0,0.0,0.0,0.0,0.0,0.0,0.1,0.1,0.1,0.0,-1.2,0.0,0.0,,,,,,,,,,,,,,,,,,,,,0.17149731566130855,2020-21
203457,Nerlens Noel,1610612752,NYK,64,24.2,3.5,2.1,0.614,0.0,0.0,0.0,1.1,0.8,0.714,5.1,0.7,1.0,6.4,2.2,4.1,0.0,0.6400602409638554,0.6,17.0,4.7,0.3,0.2,0.6,0.0,0.0,0.0,0.5,0.3,0.556,0.6,0.1,0.0,0.8,0.2,0.6,0.2,0.5769230769230769,0.6666666666666667,5.0,18.4,2.0,1.0,0.5,0.0,0.0,0.0,3.2,2.6,0.813,4.6,0.2,0.8,4.0,2.0,2.0,-6.8,0.6748826291079811,0.5,0.6449971422579717,2020-21
203458,Alex Len,1610612764,WAS,64,15.3,4.3,2.7,0.615,0.4,0.1,0.32,1.8,1.1,0.629,6.6,0.8,0.9,4.1,1.2,2.8,-1.5,0.6480754124116261,0.6395348837209303,11.0,3.5,0.4,0.1,0.25,0.1,0.0,0.0,0.4,0.3,0.75,0.5,0.0,0.1,0.9,0.3,0.6,-2.2,0.43402777777777773,0.25,5.0,8.4,2.8,1.6,0.571,0.0,0.0,0.0,1.4,0.8,0.571,4.0,0.4,0.2,2.2,0.8,1.4,-8.2,0.585480093676815,0.5714285714285715,0.5547308670788365,2020-21
203460,Andre Roberson,1610612751,BKN,5,12.6,2.8,0.4,0.143,1.6,0.2,0.125,0.4,0.2,0.5,1.2,0.8,0.4,3.0,1.4,1.6,-3.8,0.20161290322580644,0.17857142857142858,,,,,,,,,,,,,,,,,,,,,,,,,,,,,,,,,,,,,,,,,0.20161290322580644,2020-21
203463,Ben McLemore,1610612747,LAL,53,17.1,6.9,2.5,0.37,5.3,1.8,0.346,1.0,0.7,0.736,7.7,0.7,0.8,1.9,0.3,1.6,-1.9,0.5245231607629427,0.49275362318840576,10.0,0.8,0.1,0.0,0.0,0.1,0.0,0.0,0.0,0.0,0.0,0.0,0.0,0.0,0.0,0.0,0.0,-1.6,0.0,0.0,4.0,8.9,2.3,0.5,0.222,1.5,0.5,0.333,0.0,0.0,0.0,1.5,0.3,0.3,1.8,0.3,1.5,-2.5,0.32608695652173914,0.32608695652173914,0.25191328041680217,2020-21
203468,CJ McCollum,1610612757,POR,47,34.0,18.8,8.6,0.458,8.9,3.6,0.402,2.8,2.3,0.812,23.1,4.7,1.4,3.9,0.6,3.3,4.4,0.5765774760383386,0.5531914893617021,20.0,3.8,2.3,1.3,0.543,1.0,0.4,0.4,0.2,0.1,0.667,3.0,0.3,0.1,0.4,0.2,0.3,3.8,0.628140703517588,0.6521739130434783,6.0,39.9,19.0,8.3,0.439,7.0,2.3,0.333,2.2,1.7,0.769,20.7,4.3,2.0,6.0,1.0,5.0,-1.2,0.5183293269230769,0.4973684210526316,0.5768751865263317,2020-21
203469,Cody Zeller,1610612766,CHA,48,20.9,6.8,3.8,0.559,0.6,0.1,0.143,2.5,1.8,0.714,9.4,1.8,1.1,6.8,2.5,4.4,0.9,0.5949367088607594,0.5661764705882353,13.0,3.3,0.6,0.5,0.75,0.0,0.0,0.0,0.3,0.2,0.5,1.1,0.2,0.0,0.6,0.5,0.2,0.5,0.7513661202185793,0.8333333333333334,,,,,,,,,,,,,,,,,,,,,0.7080465125097732,2020-21
203471,Dennis Schröder,1610612747,LAL,61,32.1,12.5,5.4,0.437,3.5,1.2,0.335,4.0,3.4,0.848,15.4,5.8,2.7,3.5,0.5,3.0,1.4,0.5399719495091164,0.48,28.0,3.7,1.4,0.6,0.462,0.3,0.1,0.375,0.8,0.7,0.87,2.1,0.5,0.2,0.4,0.0,0.4,2.1,0.5993150684931507,0.46428571428571436,6.0,32.7,11.7,4.7,0.4,4.3,1.3,0.308,4.3,3.7,0.846,14.3,2.8,1.7,3.0,0.2,2.8,-3.3,0.5260447321954091,0.45726495726495736,0.5639893805127116,2020-21
203473,Dewayne Dedmon,1610612748,MIA,16,13.2,4.1,2.9,0.708,0.3,0.1,0.2,1.7,1.3,0.741,7.1,0.8,0.8,5.4,1.8,3.6,4.3,0.7322607260726073,0.7195121951219512,1.0,0.4,0.0,0.0,0.0,0.0,0.0,0.0,0.0,0.0,0.0,0.0,0.0,0.0,0.0,0.0,0.0,-2.0,,,4.0,14.3,4.5,2.5,0.556,0.8,0.3,0.333,1.3,1.0,0.8,6.3,0.8,1.5,4.5,2.0,2.5,-9.3,0.6210567823343849,0.5888888888888889,0.432571845512627,2020-21
203476,Gorgui Dieng,1610612759,SAS,38,14.5,4.3,2.2,0.521,1.8,0.8,0.429,1.8,1.5,0.866,6.8,1.3,0.8,3.7,1.1,2.6,-1.8,0.6677140612725845,0.6046511627906977,6.0,2.6,0.2,0.2,1.0,0.0,0.0,0.0,0.0,0.0,0.0,0.3,0.2,0.3,0.5,0.2,0.3,0.2,0.7499999999999999,1.0,,,,,,,,,,,,,,,,,,,,,0.7272225165471441,2020-21
203482,Kelly Olynyk,1610612745,HOU,70,28.5,10.0,4.8,0.484,5.3,1.8,0.342,2.5,2.1,0.829,13.5,2.9,1.8,7.0,1.2,5.7,-1.4,0.6081081081081081,0.5700000000000001,27.0,2.5,0.7,0.3,0.35,0.4,0.1,0.25,0.4,0.4,0.917,1.0,0.1,0.1,0.5,0.1,0.4,0.3,0.5707762557077626,0.5,,,,,,,,,,,,,,,,,,,,,0.5902202065071778,2020-21
203484,Kentavious Caldwell-Pope,1610612747,LAL,67,28.4,7.6,3.3,0.431,4.4,1.8,0.41,1.7,1.4,0.866,9.7,1.9,1.0,2.7,0.4,2.3,2.1,0.5809774796358409,0.5526315789473685,26.0,4.2,0.6,0.2,0.4,0.4,0.2,0.364,0.2,0.2,1.0,0.8,0.3,0.0,0.4,0.0,0.4,1.8,0.5813953488372093,0.5000000000000001,5.0,29.1,5.8,2.2,0.379,3.8,0.8,0.211,1.0,1.0,1.0,6.2,1.0,0.4,2.8,0.4,2.4,-0.6,0.4967948717948718,0.4482758620689655,0.5469202022902123,2020-21
203486,Mason Plumlee,1610612765,DET,56,26.8,6.8,4.2,0.614,0.1,0.0,0.0,3.0,2.0,0.669,10.4,3.6,1.9,9.3,2.6,6.7,-2.7,0.6403940886699508,0.6176470588235294,23.0,3.6,0.6,0.3,0.571,0.0,0.0,0.0,1.1,0.7,0.577,1.3,0.2,0.1,1.4,0.6,0.8,-1.2,0.5996309963099631,0.5,,,,,,,,,,,,,,,,,,,,,0.6220422231737595,2020-21
203487,Michael Carter-Williams,1610612753,ORL,31,25.8,8.7,3.4,0.389,2.0,0.5,0.246,2.6,1.6,0.613,8.8,4.2,2.2,4.5,1.3,3.2,-1.6,0.4469727752945958,0.4195402298850575,11.0,2.6,0.5,0.3,0.6,0.0,0.0,0.0,0.7,0.5,0.75,1.1,0.3,0.4,0.7,0.3,0.5,-0.4,0.6806930693069307,0.6,,,,,,,,,,,,,,,,,,,,,0.6085334310722735,2020-21
203488,Mike Muscala,1610612760,OKC,35,18.4,7.6,3.4,0.446,5.3,1.9,0.37,1.0,0.9,0.917,9.7,0.8,0.6,3.8,0.5,3.2,0.5,0.6032338308457712,0.5723684210526315,3.0,2.6,1.3,0.7,0.5,1.0,0.7,0.667,0.0,0.0,0.0,2.0,0.0,0.0,0.7,0.3,0.3,0.7,0.7692307692307692,0.8076923076923075,,,,,,,,,,,,,,,,,,,,,0.731003719591414,2020-21
203490,Otto Porter Jr.,1610612753,ORL,28,21.7,8.1,3.5,0.432,3.7,1.4,0.375,1.5,1.3,0.857,9.7,2.0,0.9,5.4,1.0,4.4,-1.5,0.5536529680365296,0.5185185185185186,11.0,3.3,1.1,0.6,0.583,0.5,0.2,0.333,0.2,0.2,1.0,1.6,0.3,0.0,1.0,0.3,0.7,-0.9,0.6734006734006733,0.6363636363636362,,,,,,,,,,,,,,,,,,,,,0.647065018524529,2020-21
203493,Reggie Bullock Jr.,1610612752,NYK,65,30.0,8.6,3.8,0.442,6.1,2.5,0.41,0.8,0.8,0.909,10.9,1.5,0.7,3.4,0.2,3.2,1.6,0.6088025022341377,0.5872093023255814,28.0,4.2,0.6,0.3,0.5,0.5,0.2,0.429,0.2,0.1,0.8,0.9,0.1,0.3,0.7,0.1,0.6,0.3,0.6540697674418605,0.6666666666666667,5.0,32.5,7.8,3.0,0.385,5.8,2.0,0.345,1.0,0.8,0.8,8.8,1.2,0.8,3.4,1.0,2.4,-7.0,0.5339805825242718,0.5128205128205129,0.5934573749670143,2020-21
203496,Robert Covington,1610612757,POR,70,32.0,7.3,2.9,0.401,5.1,1.9,0.379,0.9,0.7,0.806,8.5,1.7,0.9,6.7,0.9,5.8,2.9,0.5522349272349273,0.5273972602739726,33.0,3.3,0.8,0.4,0.519,0.5,0.3,0.5,0.4,0.2,0.583,1.3,0.2,0.2,0.9,0.2,0.7,2.9,0.665983606557377,0.6875,6.0,38.0,6.0,3.0,0.5,3.7,1.8,0.5,1.7,1.5,0.9,9.3,1.2,1.3,7.8,1.5,6.3,4.7,0.6890930646117368,0.65,0.6695391264722365,2020-21
203497,Rudy Gobert,1610612762,UTA,71,30.8,8.2,5.5,0.675,0.1,0.0,0.0,5.3,3.3,0.623,14.3,1.3,1.7,13.5,3.4,10.1,10.3,0.6788834029624004,0.6707317073170732,29.0,2.8,0.7,0.5,0.789,0.0,0.0,0.0,0.3,0.2,0.875,1.3,0.1,0.2,1.0,0.4,0.6,1.5,0.7812500000000001,0.7142857142857143,11.0,34.2,7.4,5.5,0.741,0.1,0.0,0.0,6.0,3.8,0.636,14.7,0.8,1.5,12.3,3.9,8.4,3.0,0.7320717131474103,0.7432432432432432,0.7481363424322511,2020-21
203500,Steven Adams,1610612740,NOP,58,27.7,5.3,3.3,0.614,0.1,0.0,0.0,2.3,1.0,0.444,7.6,1.9,1.3,8.9,3.7,5.2,0.3,0.6020278833967048,0.6226415094339622,26.0,3.9,0.4,0.2,0.6,0.0,0.0,0.0,0.5,0.3,0.643,0.8,0.1,0.3,1.2,0.5,0.7,-0.4,0.6451612903225807,0.5,,,,,,,,,,,,,,,,,,,,,0.6383306578238522,2020-21
203501,Tim Hardaway Jr.,1610612742,DAL,70,28.4,13.0,5.8,0.447,7.6,3.0,0.391,2.5,2.0,0.816,16.6,1.8,0.9,3.3,0.3,3.0,1.0,0.5886524822695036,0.5615384615384615,25.0,2.7,0.8,0.2,0.286,0.5,0.1,0.231,0.5,0.4,0.769,1.0,0.2,0.0,0.1,0.0,0.1,-1.9,0.49019607843137253,0.3125,7.0,37.4,14.4,6.0,0.416,8.1,3.3,0.404,2.3,1.7,0.75,17.0,1.4,0.9,3.3,0.7,2.6,-0.3,0.5515182974305736,0.53125,0.5434204347240343,2020-21
203503,Tony Snell,1610612737,ATL,47,21.1,3.6,1.9,0.515,2.3,1.3,0.569,0.2,0.2,1.0,5.3,1.3,0.4,2.4,0.4,2.0,1.4,0.7185466377440346,0.7083333333333333,11.0,3.9,0.6,0.4,0.571,0.5,0.4,0.8,0.0,0.0,0.0,1.1,0.0,0.0,0.2,0.1,0.1,0.3,0.9166666666666667,1.0000000000000002,9.0,7.3,1.8,0.2,0.125,1.2,0.1,0.091,0.0,0.0,0.0,0.6,0.2,0.4,0.6,0.0,0.6,-4.3,0.16666666666666666,0.1388888888888889,0.5253133285082652,2020-21
203504,Trey Burke,1610612742,DAL,62,14.7,5.7,2.4,0.428,2.6,0.9,0.354,0.9,0.8,0.895,6.6,1.3,0.5,0.9,0.2,0.7,0.2,0.5413385826771653,0.5,10.0,2.2,0.5,0.1,0.2,0.3,0.1,0.333,0.0,0.0,0.0,0.3,0.0,0.0,0.0,0.0,0.0,-1.4,0.3,0.30000000000000004,2.0,8.3,3.5,0.0,0.0,1.5,0.0,0.0,1.0,0.5,0.5,0.5,0.5,0.0,0.5,0.5,0.0,-9.0,0.06345177664974619,0.0,0.23072091526075647,2020-21
203506,Victor Oladipo,1610612748,MIA,33,32.7,17.5,7.1,0.408,7.2,2.4,0.326,4.2,3.2,0.754,19.8,4.6,2.5,4.8,0.4,4.5,-2.2,0.5116807938805045,0.4742857142857142,11.0,4.2,2.1,0.8,0.391,0.9,0.2,0.2,0.5,0.4,0.8,2.2,0.3,0.4,0.7,0.0,0.7,-2.4,0.47413793103448276,0.42857142857142855,,,,,,,,,,,,,,,,,,,,,0.49865221864913756,2020-21
203507,Giannis Antetokounmpo,1610612749,MIL,61,33.0,18.0,10.3,0.569,3.6,1.1,0.303,9.5,6.5,0.685,28.1,5.9,3.4,11.0,1.6,9.4,6.7,0.633453561767358,0.6027777777777779,22.0,3.3,1.7,1.0,0.568,0.2,0.1,0.4,0.7,0.5,0.688,2.5,0.4,0.2,1.1,0.2,1.0,1.3,0.6225099601593626,0.6176470588235294,21.0,38.1,20.9,11.9,0.569,3.3,0.6,0.186,9.8,5.8,0.587,30.2,5.1,3.0,12.8,2.8,10.0,6.2,0.5989211486593685,0.583732057416268,0.6219839324546179,2020-21
203516,James Ennis III,1610612753,ORL,41,24.1,5.9,2.8,0.473,2.5,1.1,0.433,2.1,1.7,0.805,8.4,1.5,0.9,4.0,1.0,3.0,-1.8,0.6154747948417351,0.5677966101694915,13.0,2.5,0.5,0.2,0.5,0.1,0.0,0.0,0.5,0.3,0.667,0.8,0.2,0.1,0.7,0.2,0.5,0.1,0.5555555555555556,0.4,,,,,,,,,,,,,,,,,,,,,0.5840032115873655,2020-21
203521,Matthew Dellavedova,1610612739,CLE,13,17.2,4.3,1.1,0.25,1.9,0.3,0.16,0.3,0.3,1.0,2.8,4.5,0.5,1.8,0.5,1.4,-1.4,0.315884476534296,0.29069767441860467,1.0,4.2,2.0,0.0,0.0,2.0,0.0,0.0,0.0,0.0,0.0,0.0,1.0,0.0,1.0,0.0,1.0,-4.0,0.0,0.0,,,,,,,,,,,,,,,,,,,,,0.15180645340759208,2020-21
203524,Solomon Hill,1610612737,ATL,71,21.3,4.2,1.5,0.359,3.0,1.0,0.321,0.6,0.5,0.761,4.5,1.1,0.6,3.0,0.6,2.4,0.4,0.5040322580645161,0.47619047619047616,14.0,1.9,0.3,0.1,0.25,0.1,0.1,0.5,0.1,0.1,1.0,0.4,0.0,0.0,0.4,0.0,0.4,-0.3,0.5813953488372093,0.5000000000000001,14.0,10.4,1.7,0.4,0.25,1.3,0.2,0.167,0.3,0.1,0.5,1.2,0.2,0.1,1.4,0.2,1.1,-4.7,0.3275109170305677,0.29411764705882354,0.44870214161292954,2020-21
203526,Raul Neto,1610612764,WAS,64,21.9,7.0,3.3,0.468,2.6,1.0,0.39,1.3,1.2,0.882,8.7,2.3,0.8,2.4,0.4,2.0,-0.3,0.5744849445324881,0.5428571428571428,24.0,3.1,0.5,0.1,0.273,0.2,0.1,0.5,0.3,0.3,1.0,0.7,0.1,0.1,0.3,0.0,0.3,0.7,0.5537974683544303,0.30000000000000004,5.0,22.5,6.8,2.4,0.353,3.0,0.8,0.267,1.0,0.8,0.8,6.4,1.0,0.2,2.2,0.6,1.6,-5.6,0.44198895027624313,0.4117647058823529,0.5084839791535164,2020-21
203552,Seth Curry,1610612755,PHI,57,28.7,9.7,4.5,0.467,4.9,2.2,0.45,1.4,1.2,0.896,12.5,2.7,1.1,2.4,0.2,2.2,5.6,0.6058549825513766,0.577319587628866,24.0,3.3,0.7,0.2,0.294,0.4,0.1,0.333,0.3,0.3,1.0,0.8,0.4,0.1,0.2,0.0,0.2,1.8,0.48076923076923084,0.35714285714285715,12.0,31.8,12.3,7.1,0.578,6.8,3.4,0.506,1.6,1.3,0.789,18.8,2.3,0.8,2.3,0.3,2.0,9.9,0.722854506305752,0.7154471544715446,0.6298759886791325,2020-21
203585,Rodney McGruder,1610612765,DET,16,12.1,4.4,2.3,0.529,1.5,0.7,0.458,0.5,0.4,0.75,5.7,1.0,0.4,1.4,0.5,0.9,-1.1,0.6168831168831169,0.6022727272727272,3.0,1.2,0.3,0.3,1.0,0.0,0.0,0.0,0.0,0.0,0.0,0.7,0.0,0.0,0.3,0.0,0.3,-1.7,1.1666666666666667,1.0,,,,,,,,,,,,,,,,,,,,,0.9902236652221157,2020-21
203897,Zach LaVine,1610612741,CHI,58,35.1,19.4,9.8,0.507,8.2,3.4,0.419,5.1,4.4,0.849,27.4,4.9,3.5,5.0,0.6,4.4,-0.2,0.6329698761781556,0.5927835051546392,27.0,3.9,3.2,1.3,0.391,1.4,0.4,0.263,1.7,1.5,0.889,4.4,0.3,0.4,0.7,0.0,0.7,-0.9,0.5572441742654508,0.46875,,,,,,,,,,,,,,,,,,,,,0.5989809202629935,2020-21
203901,Elfrid Payton,1610612752,NYK,63,23.6,9.9,4.3,0.432,1.6,0.4,0.286,1.7,1.2,0.682,10.1,3.2,1.6,3.4,1.0,2.4,-1.6,0.47426746806912096,0.45454545454545453,14.0,2.8,0.9,0.3,0.308,0.1,0.0,0.0,0.2,0.1,0.667,0.7,0.2,0.1,0.1,0.1,0.0,-0.2,0.35425101214574894,0.3333333333333333,2.0,6.5,2.5,0.0,0.0,0.0,0.0,0.0,1.0,0.5,0.5,0.5,0.5,0.0,0.0,0.0,0.0,-4.5,0.08503401360544217,0.0,0.24873616461948173,2020-21
203903,Jordan Clarkson,1610612762,UTA,68,26.7,15.8,6.7,0.425,8.8,3.1,0.347,2.1,1.9,0.896,18.4,2.5,1.7,4.0,0.7,3.3,4.4,0.5501076297536474,0.5221518987341772,14.0,1.8,1.1,0.4,0.375,0.6,0.3,0.5,0.4,0.3,0.8,1.4,0.1,0.0,0.0,0.0,0.0,0.1,0.54858934169279,0.5,11.0,27.1,15.0,6.1,0.406,8.8,3.1,0.351,2.4,2.3,0.962,17.5,1.5,2.1,3.1,0.5,2.5,-4.6,0.5449676133532635,0.51,0.5539935508491847,2020-21
203914,Gary Harris,1610612753,ORL,39,27.7,8.8,3.5,0.4,3.6,1.2,0.34,2.0,1.6,0.821,9.9,2.0,0.9,2.0,0.5,1.5,-2.1,0.5113636363636364,0.46590909090909083,13.0,5.1,0.8,0.3,0.364,0.3,0.1,0.25,0.2,0.2,1.0,0.8,0.3,0.0,0.2,0.0,0.2,0.2,0.45045045045045046,0.43749999999999994,,,,,,,,,,,,,,,,,,,,,0.4798457548447218,2020-21
203915,Spencer Dinwiddie,1610612751,BKN,3,21.4,5.3,2.0,0.375,2.3,0.7,0.286,2.0,2.0,1.0,6.7,3.0,1.7,4.3,0.0,4.3,14.0,0.5420711974110033,0.44339622641509435,,,,,,,,,,,,,,,,,,,,,,,,,,,,,,,,,,,,,,,,,0.5420711974110033,2020-21
203918,Rodney Hood,1610612761,TOR,55,17.1,4.7,1.7,0.362,2.1,0.6,0.301,0.5,0.4,0.857,4.5,1.0,0.7,1.9,0.4,1.5,-2.4,0.4573170731707317,0.425531914893617,12.0,1.8,0.4,0.2,0.4,0.3,0.1,0.333,0.0,0.0,0.0,0.4,0.1,0.0,0.1,0.0,0.1,1.8,0.5,0.625,,,,,,,,,,,,,,,,,,,,,0.4942829960196388,2020-21
203920,Khem Birch,1610612761,TOR,67,22.8,5.7,2.8,0.497,0.8,0.2,0.25,1.9,1.4,0.705,7.2,1.3,0.7,5.8,2.6,3.2,-1.9,0.5507955936352509,0.5087719298245613,14.0,2.8,0.4,0.1,0.167,0.0,0.0,0.0,0.0,0.0,0.0,0.1,0.1,0.1,0.5,0.3,0.2,-1.9,0.125,0.25,,,,,,,,,,,,,,,,,,,,,0.27394940840350157,2020-21
203922,Glenn Robinson III,1610612758,SAC,23,16.1,4.3,1.8,0.424,1.9,0.7,0.364,1.0,0.9,0.913,5.3,0.9,0.5,2.0,0.5,1.5,-5.7,0.5590717299578059,0.5,2.0,2.9,0.5,0.5,1.0,0.5,0.5,1.0,0.0,0.0,0.0,1.5,0.0,0.0,0.0,0.0,0.0,4.0,1.5,1.5,,,,,,,,,,,,,,,,,,,,,1.1979851502933085,2020-21
203924,Jerami Grant,1610612765,DET,54,33.9,17.3,7.4,0.429,6.1,2.1,0.35,6.4,5.4,0.845,22.3,2.8,2.0,4.6,0.6,4.0,-2.2,0.5542851461523166,0.48843930635838156,25.0,4.0,2.3,1.0,0.421,0.7,0.2,0.235,1.6,1.2,0.775,3.3,0.2,0.3,0.6,0.1,0.5,-2.0,0.5492676431424767,0.47826086956521746,,,,,,,,,,,,,,,,,,,,,0.5642349418328494,2020-21
203925,Joe Harris,1610612751,BKN,69,31.0,10.2,5.2,0.505,6.4,3.1,0.475,0.9,0.7,0.778,14.1,1.9,0.9,3.6,0.6,3.0,5.1,0.6653454133635334,0.661764705882353,37.0,3.7,0.8,0.3,0.414,0.3,0.1,0.417,0.1,0.1,0.6,0.9,0.1,0.1,0.5,0.1,0.4,1.2,0.533175355450237,0.43749999999999994,12.0,36.2,10.3,4.1,0.398,6.8,2.8,0.402,0.3,0.3,0.75,11.2,1.6,0.8,3.6,0.4,3.2,4.2,0.5368098159509201,0.5339805825242718,0.564864065940261,2020-21
203926,Doug McDermott,1610612754,IND,66,24.5,10.1,5.4,0.532,4.3,1.7,0.388,1.5,1.2,0.816,13.6,1.3,0.8,3.3,0.9,2.4,-0.7,0.6319702602230484,0.6188118811881188,20.0,2.1,0.4,0.2,0.375,0.3,0.1,0.4,0.0,0.0,0.0,0.4,0.1,0.0,0.2,0.1,0.2,0.2,0.5,0.625,,,,,,,,,,,,,,,,,,,,,0.547950482780228,2020-21
203932,Aaron Gordon,1610612743,DEN,50,27.7,10.0,4.6,0.463,3.5,1.2,0.335,3.0,1.9,0.651,12.4,3.2,1.9,5.7,1.5,4.1,1.2,0.5477031802120141,0.5199999999999999,19.0,2.9,0.6,0.3,0.455,0.1,0.1,0.5,0.2,0.1,0.333,0.6,0.2,0.3,0.5,0.2,0.3,0.6,0.436046511627907,0.5833333333333334,10.0,29.9,9.9,4.3,0.434,2.3,0.9,0.391,2.5,1.6,0.64,11.1,2.0,1.4,5.4,2.1,3.3,-5.1,0.5045454545454545,0.4797979797979798,0.4949054278500986,2020-21
203933,T.J. Warren,1610612754,IND,4,29.3,12.8,6.8,0.529,1.8,0.0,0.0,2.5,2.0,0.8,15.5,1.3,1.0,3.5,0.5,3.0,0.3,0.5575539568345323,0.53125,2.0,2.7,1.0,0.0,0.0,0.5,0.0,0.0,0.0,0.0,0.0,0.0,0.0,0.5,0.5,0.0,0.5,-3.0,0.0,0.0,,,,,,,,,,,,,,,,,,,,,0.19366381894423376,2020-21
203935,Marcus Smart,1610612738,BOS,48,32.9,10.6,4.2,0.398,5.9,1.9,0.33,3.4,2.7,0.79,13.1,5.7,2.0,3.5,0.8,2.7,1.9,0.5415013227513227,0.48584905660377364,27.0,3.5,1.1,0.4,0.414,0.5,0.2,0.357,0.5,0.3,0.643,1.4,0.5,0.1,0.6,0.2,0.4,-0.8,0.5303030303030303,0.45454545454545453,5.0,36.6,13.2,5.8,0.439,8.6,3.2,0.372,4.2,3.0,0.714,17.8,6.0,2.8,4.4,0.8,3.6,-9.2,0.5914407230196704,0.5606060606060607,0.5731156172256529,2020-21
203937,Kyle Anderson,1610612763,MEM,69,27.4,9.5,4.5,0.468,3.8,1.4,0.36,2.7,2.1,0.783,12.4,3.6,1.2,5.7,0.8,5.0,0.7,0.5800898203592815,0.5473684210526316,36.0,3.1,0.6,0.2,0.348,0.2,0.1,0.375,0.5,0.4,0.824,0.9,0.3,0.1,0.6,0.1,0.5,-0.6,0.5487804878048781,0.4166666666666667,5.0,28.4,8.4,3.6,0.429,2.4,0.6,0.25,0.8,0.6,0.75,8.4,3.2,0.8,5.0,0.8,4.2,-3.8,0.479890310786106,0.46428571428571425,0.525869410860912,2020-21
203939,Dwight Powell,1610612742,DAL,58,16.6,3.3,2.1,0.619,0.4,0.1,0.238,2.1,1.7,0.782,5.9,1.1,0.7,4.0,1.4,2.7,1.3,0.6983901515151515,0.6515151515151515,7.0,2.0,0.3,0.1,0.5,0.0,0.0,0.0,0.6,0.6,1.0,0.9,0.1,0.0,0.7,0.3,0.4,3.9,0.7978723404255319,0.33333333333333337,7.0,7.5,1.1,1.0,0.875,0.0,0.0,0.0,0.9,0.7,0.833,2.7,0.9,0.1,1.9,0.7,1.1,1.4,0.9024064171122995,0.9090909090909091,0.8426499230386733,2020-21
203944,Julius Randle,1610612752,NYK,71,37.6,18.6,8.5,0.456,5.5,2.3,0.411,6.0,4.9,0.811,24.1,6.0,3.4,10.2,1.2,9.0,2.2,0.5673258003766478,0.5188172043010753,35.0,4.5,2.4,0.9,0.386,0.5,0.2,0.444,1.0,0.8,0.794,2.8,0.5,0.3,1.3,0.2,1.1,1.3,0.49295774647887325,0.4166666666666667,5.0,36.1,18.8,5.6,0.298,6.6,2.2,0.333,5.4,4.6,0.852,18.0,4.0,4.6,11.6,2.2,9.4,-8.4,0.4250094446543256,0.3563829787234042,0.48428149702198636,2020-21
203952,Andrew Wiggins,1610612744,GSW,71,33.3,14.9,7.1,0.477,5.2,2.0,0.38,3.4,2.4,0.714,18.6,2.4,1.8,4.9,1.2,3.7,0.0,0.5672115150036594,0.5436241610738255,30.0,3.3,1.2,0.5,0.389,0.4,0.1,0.333,0.1,0.0,0.0,1.1,0.3,0.1,0.6,0.4,0.2,0.0,0.44212218649517687,0.45833333333333337,,,,,,,,,,,,,,,,,,,,,0.49187232060596503,2020-21
203953,Jabari Parker,1610612738,BOS,13,12.7,4.2,2.3,0.545,0.8,0.2,0.182,1.0,0.8,0.769,5.5,0.8,0.8,3.2,0.8,2.5,-1.1,0.5926724137931034,0.5714285714285714,3.0,2.2,0.3,0.0,0.0,0.3,0.0,0.0,0.0,0.0,0.0,0.0,0.0,0.0,0.3,0.0,0.3,0.3,0.0,0.0,4.0,14.8,5.3,3.3,0.619,1.3,0.5,0.4,2.0,1.5,0.75,8.5,0.5,1.5,3.8,0.5,3.3,4.0,0.6877022653721683,0.6698113207547169,0.4497727254594244,2020-21
203954,Joel Embiid,1610612755,PHI,51,31.1,17.6,9.0,0.513,3.0,1.1,0.377,10.7,9.2,0.859,28.5,2.8,3.1,10.6,2.2,8.4,7.9,0.6387842926304464,0.5426136363636364,25.0,3.7,2.2,1.0,0.429,0.4,0.1,0.333,2.2,1.9,0.87,3.9,0.3,0.4,1.4,0.2,1.1,1.8,0.615530303030303,0.47727272727272724,11.0,32.4,17.9,9.2,0.513,3.7,1.5,0.39,9.9,8.3,0.835,28.1,3.4,3.8,10.5,1.5,9.1,11.0,0.6312904385334293,0.5558659217877095,0.6397860357145131,2020-21
203957,Danté Exum,1610612745,HOU,6,19.4,4.3,1.7,0.385,1.8,0.3,0.182,0.3,0.2,0.5,3.8,2.2,1.2,2.8,0.3,2.5,1.0,0.42870036101083037,0.43023255813953487,1.0,5.1,2.0,0.0,0.0,1.0,0.0,0.0,0.0,0.0,0.0,0.0,0.0,1.0,1.0,0.0,1.0,7.0,0.0,0.0,,,,,,,,,,,,,,,,,,,,,0.18941174823310356,2020-21
203960,JaKarr Sampson,1610612754,IND,29,10.9,3.9,1.9,0.496,0.5,0.1,0.2,1.0,0.7,0.655,4.6,0.1,0.5,2.7,0.9,1.7,0.1,0.5299539170506912,0.5,3.0,0.9,0.0,0.0,0.0,0.0,0.0,0.0,0.0,0.0,0.0,0.0,0.0,0.0,0.0,0.0,0.0,1.7,,,,,,,,,,,,,,,,,,,,,,,0.17665130568356371,2020-21
203967,Dario Šarić,1610612756,PHX,50,17.4,6.8,3.1,0.447,2.7,0.9,0.348,2.0,1.7,0.848,8.7,1.3,1.1,3.8,0.9,2.9,4.4,0.56640625,0.5220588235294118,10.0,1.1,0.1,0.0,0.0,0.1,0.0,0.0,0.6,0.2,0.333,0.2,0.0,0.0,0.0,0.0,0.0,0.0,0.27472527472527475,0.0,14.0,10.5,3.2,1.5,0.467,1.3,0.6,0.444,1.0,0.9,0.929,4.5,1.0,0.4,2.5,0.6,1.9,2.7,0.6181318681318682,0.5625,0.4965126555427702,2020-21
203991,Clint Capela,1610612737,ATL,63,30.1,11.0,6.6,0.594,0.0,0.0,0.0,3.6,2.1,0.573,15.2,0.8,1.2,14.3,4.7,9.6,4.0,0.6039415130324222,0.6,28.0,3.1,1.0,0.8,0.786,0.0,0.0,0.0,0.4,0.2,0.5,1.8,0.0,0.0,0.9,0.3,0.6,0.0,0.7653061224489797,0.8,18.0,31.6,7.6,4.6,0.603,0.0,0.0,0.0,2.2,0.9,0.436,10.1,0.9,1.0,11.2,3.4,7.8,0.1,0.5894024276377218,0.6052631578947368,0.6595510825640072,2020-21
203992,Bogdan Bogdanović,1610612737,ATL,44,29.7,12.8,6.1,0.473,7.6,3.3,0.438,1.0,0.9,0.909,16.4,3.3,1.2,3.6,0.5,3.2,2.5,0.6193353474320241,0.60546875,19.0,3.6,1.3,0.6,0.5,0.9,0.5,0.529,0.1,0.1,1.0,1.8,0.2,0.2,0.5,0.1,0.4,1.1,0.6696428571428571,0.6538461538461539,18.0,33.2,13.8,5.4,0.39,7.9,2.6,0.329,0.9,0.7,0.706,14.1,2.9,1.5,4.2,0.6,3.6,1.8,0.496618765849535,0.4855072463768116,0.5849024765435971,2020-21
203994,Jusuf Nurkić,1610612757,POR,37,23.8,9.0,4.6,0.514,0.8,0.3,0.4,3.1,1.9,0.619,11.5,3.4,2.0,9.0,2.3,6.6,3.4,0.5548050945580857,0.5277777777777778,14.0,3.6,1.3,0.5,0.389,0.1,0.0,0.0,0.4,0.1,0.4,1.1,0.8,0.1,1.1,0.6,0.5,2.6,0.3726287262872629,0.3846153846153846,6.0,28.9,9.2,5.0,0.545,0.8,0.2,0.2,4.2,3.0,0.72,13.2,2.7,2.3,10.3,3.0,7.3,7.5,0.5973931933381608,0.5543478260869565,0.5298181323006884,2020-21
203999,Nikola Jokić,1610612743,DEN,72,34.6,18.0,10.2,0.566,3.3,1.3,0.388,5.5,4.8,0.868,26.4,8.3,3.1,10.8,2.8,8.0,5.3,0.6464250734573946,0.6027777777777777,31.0,4.7,3.1,1.5,0.495,0.6,0.2,0.263,1.2,1.0,0.889,4.2,0.7,0.5,1.5,0.5,1.1,1.0,0.5788313120176406,0.5161290322580645,10.0,34.5,22.8,11.6,0.509,5.3,2.0,0.377,5.5,4.6,0.836,29.8,5.0,2.4,11.6,3.7,7.9,-5.9,0.5908009516256939,0.5526315789473684,0.6133039809495584,2020-21
204001,Kristaps Porziņģis,1610612742,DAL,43,30.9,15.9,7.6,0.476,6.0,2.3,0.376,3.2,2.7,0.855,20.1,1.6,1.2,8.9,1.9,7.0,0.2,0.5806563438872199,0.550314465408805,17.0,2.4,0.8,0.4,0.429,0.3,0.1,0.2,0.4,0.3,0.833,1.1,0.0,0.2,0.5,0.1,0.4,0.5,0.5635245901639344,0.5625,7.0,33.3,10.3,4.9,0.472,3.9,1.1,0.296,2.7,2.3,0.842,13.1,1.3,0.4,5.4,1.0,4.4,-1.1,0.5701601671309191,0.529126213592233,0.574729117475205,2020-21
204020,Tyler Johnson,1610612751,BKN,39,17.5,4.7,1.8,0.393,3.4,1.2,0.364,0.5,0.5,0.857,5.4,1.2,0.4,2.0,0.2,1.8,1.2,0.5487804878048781,0.5106382978723404,8.0,1.7,0.3,0.1,0.5,0.0,0.0,0.0,0.1,0.1,1.0,0.4,0.3,0.0,0.3,0.0,0.3,1.1,0.5813953488372093,0.33333333333333337,8.0,8.6,2.1,0.8,0.353,1.4,0.4,0.273,0.3,0.3,1.0,2.1,0.6,0.1,0.8,0.3,0.5,-0.3,0.4704301075268817,0.47619047619047616,0.5268598967320365,2020-21
204025,Tim Frazier,1610612763,MEM,5,12.4,4.0,0.6,0.15,1.6,0.0,0.0,1.2,0.4,0.333,1.6,3.2,0.8,1.6,0.0,1.6,1.0,0.17667844522968196,0.15,1.0,5.0,3.0,1.0,0.333,2.0,0.0,0.0,4.0,1.0,0.25,3.0,2.0,0.0,0.0,0.0,0.0,1.0,0.31512605042016806,0.3333333333333333,,,,,,,,,,,,,,,,,,,,,0.343976848671256,2020-21
204038,Langston Galloway,1610612756,PHX,40,10.9,3.7,1.7,0.449,2.1,0.9,0.424,0.6,0.6,0.957,4.8,0.7,0.3,1.1,0.2,0.9,0.9,0.6054490413723511,0.581081081081081,1.0,2.8,3.0,0.0,0.0,3.0,0.0,0.0,0.0,0.0,0.0,0.0,0.0,0.0,0.0,0.0,0.0,-2.0,0.0,0.0,2.0,7.4,3.5,0.5,0.143,1.0,0.0,0.0,0.5,0.0,0.0,1.0,0.5,0.0,1.0,0.0,1.0,-2.5,0.13440860215053763,0.14285714285714285,0.24919355569649462,2020-21
204060,Joe Ingles,1610612762,UTA,67,27.9,8.4,4.1,0.489,6.1,2.7,0.451,1.3,1.1,0.844,12.1,4.7,1.7,3.6,0.4,3.2,6.8,0.674320106999554,0.6488095238095237,25.0,2.0,0.4,0.2,0.444,0.3,0.1,0.429,0.2,0.1,0.5,0.5,0.3,0.0,0.3,0.0,0.3,1.4,0.5122950819672131,0.625,11.0,27.8,7.2,3.5,0.494,5.3,2.2,0.414,1.2,0.9,0.769,10.2,3.5,0.8,3.1,0.1,3.0,-0.2,0.6599378881987578,0.6388888888888888,0.6178825606830468,2020-21
204456,T.J. McConnell,1610612754,IND,69,26.0,7.1,4.0,0.559,0.7,0.2,0.313,0.7,0.5,0.688,8.6,6.6,2.0,3.7,0.8,2.9,1.0,0.5804535637149029,0.5774647887323944,29.0,3.0,0.6,0.4,0.706,0.1,0.0,0.333,0.3,0.2,0.778,1.1,0.6,0.2,0.6,0.1,0.4,0.8,0.7513661202185793,0.6666666666666667,,,,,,,,,,,,,,,,,,,,,0.702845972274849,2020-21
1626143,Jahlil Okafor,1610612765,DET,27,12.9,3.8,2.3,0.618,0.3,0.1,0.222,0.9,0.6,0.708,5.4,0.5,0.8,2.4,0.9,1.6,-3.1,0.6434699714013347,0.6184210526315789,1.0,1.0,0.0,0.0,0.0,0.0,0.0,0.0,0.0,0.0,0.0,0.0,0.0,0.0,0.0,0.0,0.0,-6.0,,,,,,,,,,,,,,,,,,,,,,,0.21448999046711156,2020-21
1626145,Tyus Jones,1610612763,MEM,70,17.5,5.9,2.5,0.431,2.0,0.6,0.321,0.6,0.6,0.911,6.3,3.7,0.7,2.0,0.3,1.7,-1.2,0.5110317975340687,0.47457627118644063,7.0,4.5,1.7,0.7,0.417,0.4,0.0,0.0,0.4,0.3,0.667,1.7,0.6,0.1,1.1,0.1,1.0,0.3,0.45309168443496806,0.4117647058823529,5.0,9.3,3.4,1.2,0.353,0.8,0.2,0.25,0.4,0.4,1.0,3.0,1.2,0.0,1.4,0.2,1.2,3.6,0.41946308724832215,0.3823529411764706,0.4747476306753121,2020-21
1626149,Montrezl Harrell,1610612747,LAL,69,22.9,8.7,5.4,0.622,0.1,0.0,0.0,3.7,2.6,0.707,13.5,1.1,1.1,6.2,2.3,3.9,0.6,0.6535631293570876,0.6206896551724139,18.0,2.8,1.1,0.5,0.474,0.0,0.0,0.0,0.3,0.2,0.6,1.2,0.1,0.1,0.7,0.3,0.4,1.4,0.4870129870129869,0.45454545454545453,4.0,9.8,3.5,2.0,0.571,0.0,0.0,0.0,2.3,1.8,0.778,5.8,0.0,0.5,2.5,1.3,1.3,-3.3,0.6427304964539007,0.5714285714285714,0.6052737769502601,2020-21
1626153,Delon Wright,1610612758,SAC,63,27.7,8.2,3.8,0.463,2.7,1.0,0.372,2.0,1.6,0.802,10.2,4.4,1.3,4.3,1.0,3.2,-1.7,0.5616740088105726,0.524390243902439,27.0,3.1,0.7,0.3,0.35,0.1,0.0,0.25,0.1,0.1,0.667,0.6,0.3,0.2,0.2,0.0,0.1,-0.8,0.4032258064516129,0.4285714285714286,,,,,,,,,,,,,,,,,,,,,0.46457845926941205,2020-21
1626156,D'Angelo Russell,1610612750,MIN,42,28.5,15.5,6.7,0.431,7.4,2.9,0.387,3.5,2.7,0.765,19.0,5.8,2.7,2.6,0.4,2.3,-4.6,0.5575117370892019,0.5258064516129033,22.0,3.2,2.5,1.1,0.446,1.0,0.4,0.364,0.6,0.5,0.857,3.2,0.5,0.2,0.3,0.0,0.3,-1.3,0.5788712011577424,0.52,,,,,,,,,,,,,,,,,,,,,0.5878804120585861,2020-21
1626157,Karl-Anthony Towns,1610612750,MIN,50,33.8,17.5,8.5,0.486,6.3,2.4,0.387,6.2,5.3,0.859,24.8,4.5,3.2,10.6,2.7,7.9,0.2,0.6130116669962428,0.5542857142857143,30.0,3.6,1.7,0.9,0.51,0.9,0.5,0.577,1.0,0.9,0.9,3.1,0.4,0.4,1.0,0.1,0.9,-1.5,0.7242990654205608,0.676470588235294,,,,,,,,,,,,,,,,,,,,,0.6969175516595187,2020-21
1626158,Richaun Holmes,1610612758,SAC,61,29.2,9.4,6.0,0.637,0.2,0.0,0.182,2.8,2.2,0.794,14.2,1.7,1.2,8.3,2.4,5.9,0.1,0.6677953348382242,0.6382978723404255,35.0,3.2,0.8,0.4,0.519,0.1,0.0,0.25,0.5,0.4,0.722,1.2,0.1,0.3,0.9,0.4,0.5,0.1,0.5882352941176471,0.5,,,,,,,,,,,,,,,,,,,,,0.6232659459881398,2020-21
1626159,Justise Winslow,1610612763,MEM,26,19.5,8.1,2.8,0.352,2.1,0.4,0.185,1.3,0.8,0.571,6.8,1.9,1.4,4.5,0.7,3.8,-3.0,0.3920664206642066,0.3703703703703704,5.0,2.8,0.2,0.0,0.0,0.0,0.0,0.0,0.8,0.2,0.25,0.2,0.2,0.2,0.8,0.0,0.8,-2.6,0.18115942028985507,0.0,1.0,2.8,0.0,0.0,0.0,0.0,0.0,0.0,0.0,0.0,0.0,0.0,1.0,0.0,1.0,0.0,1.0,4.0,,,0.12820001267615044,2020-21
1626161,Willie Cauley-Stein,1610612742,DAL,53,17.1,3.4,2.2,0.632,0.2,0.0,0.091,1.5,0.9,0.628,5.3,0.7,0.5,4.5,1.2,3.2,2.6,0.6527093596059114,0.6470588235294118,12.0,3.0,0.2,0.2,1.0,0.0,0.0,0.0,0.6,0.3,0.429,0.6,0.1,0.0,0.5,0.1,0.4,-0.3,0.6465517241379309,1.0,6.0,10.5,1.5,1.0,0.667,0.0,0.0,0.0,0.5,0.5,1.0,2.5,0.5,0.5,2.7,0.5,2.2,-4.5,0.7267441860465116,0.6666666666666666,0.6935565806096644,2020-21
1626162,Kelly Oubre Jr.,1610612744,GSW,55,30.7,13.2,5.8,0.439,5.2,1.6,0.316,3.2,2.2,0.695,15.4,1.3,1.3,6.0,1.5,4.5,-3.5,0.5271084337349398,0.5,20.0,3.3,1.4,0.7,0.481,0.6,0.1,0.182,0.4,0.4,1.0,1.8,0.0,0.0,0.6,0.2,0.4,-0.4,0.5710659898477158,0.5357142857142857,,,,,,,,,,,,,,,,,,,,,0.5670195317487143,2020-21
1626163,Frank Kaminsky,1610612756,PHX,47,15.2,5.5,2.6,0.471,1.8,0.7,0.365,1.3,0.8,0.617,6.6,1.7,0.5,4.0,0.8,3.2,1.2,0.5434782608695652,0.5363636363636364,6.0,1.3,0.0,0.0,0.0,0.0,0.0,0.0,0.0,0.0,0.0,0.0,0.2,0.0,0.0,0.0,0.0,-0.5,,,10.0,6.8,2.2,1.0,0.455,0.5,0.1,0.2,0.1,0.1,1.0,2.2,1.4,0.4,1.4,0.2,1.2,-0.9,0.49019607843137253,0.47727272727272724,0.3356777493606138,2020-21
1626164,Devin Booker,1610612756,PHX,67,33.9,19.2,9.3,0.484,5.5,1.9,0.34,5.9,5.1,0.867,25.6,4.3,3.1,4.2,0.5,3.7,4.9,0.5872637181134154,0.5338541666666667,33.0,4.0,2.6,0.8,0.329,0.9,0.2,0.172,1.3,1.0,0.81,2.9,0.5,0.3,0.5,0.0,0.4,1.1,0.45712484237074397,0.34615384615384615,22.0,40.4,21.5,9.6,0.447,6.2,2.0,0.321,6.7,6.0,0.905,27.3,4.5,3.7,5.6,0.7,5.0,5.1,0.5583278795811518,0.49302325581395345,0.5429578402656878,2020-21
1626166,Cameron Payne,1610612756,PHX,60,18.0,6.6,3.2,0.484,2.8,1.2,0.44,0.9,0.8,0.893,8.4,3.6,1.0,2.4,0.3,2.1,3.0,0.6003430531732419,0.5757575757575758,5.0,1.5,0.4,0.2,0.5,0.2,0.2,1.0,0.0,0.0,0.0,0.6,0.0,0.2,0.0,0.0,0.0,1.0,0.7499999999999999,0.7500000000000001,22.0,19.0,8.8,3.7,0.425,3.1,1.1,0.362,0.8,0.7,0.889,9.3,3.2,1.1,2.5,0.3,2.2,2.1,0.5080856643356643,0.4829545454545454,0.6101606137563935,2020-21
1626167,Myles Turner,1610612754,IND,47,31.0,9.2,4.4,0.477,4.4,1.5,0.335,3.0,2.4,0.782,12.6,1.0,1.4,6.5,1.3,5.2,0.5,0.5988593155893536,0.5597826086956522,28.0,3.5,1.3,0.6,0.432,0.8,0.2,0.261,0.3,0.3,0.875,1.6,0.0,0.2,0.6,0.1,0.5,-2.3,0.558659217877095,0.5384615384615384,,,,,,,,,,,,,,,,,,,,,0.5861896852289207,2020-21
1626168,Trey Lyles,1610612759,SAS,23,15.6,3.9,1.9,0.478,1.7,0.6,0.35,1.0,0.7,0.652,5.0,0.6,0.3,3.7,0.4,3.3,-4.7,0.5760368663594471,0.5641025641025641,5.0,2.8,0.4,0.2,0.5,0.2,0.0,0.0,0.0,0.0,0.0,0.4,0.0,0.0,0.4,0.0,0.4,-2.2,0.5,0.5,,,,,,,,,,,,,,,,,,,,,0.5356020323735962,2020-21
1626169,Stanley Johnson,1610612761,TOR,61,16.5,3.8,1.5,0.382,2.2,0.7,0.328,0.9,0.7,0.8,4.4,1.5,0.9,2.5,0.5,2.0,-2.6,0.5243088655862728,0.48684210526315796,14.0,2.2,0.5,0.2,0.429,0.4,0.1,0.4,0.3,0.1,0.5,0.7,0.1,0.1,0.2,0.0,0.2,-2.3,0.5537974683544303,0.5,,,,,,,,,,,,,,,,,,,,,0.5571258288317572,2020-21
1626171,Bobby Portis,1610612749,MIL,66,20.8,9.1,4.7,0.523,2.4,1.1,0.471,1.1,0.8,0.74,11.4,1.1,0.8,7.1,1.9,5.2,2.1,0.5947412353923206,0.576923076923077,5.0,1.7,0.4,0.2,0.5,0.2,0.0,0.0,0.0,0.0,0.0,0.4,0.0,0.0,0.2,0.2,0.0,-2.8,0.5,0.5,20.0,18.3,7.6,3.5,0.464,2.6,0.9,0.346,1.3,0.9,0.72,8.8,0.6,0.5,5.0,1.7,3.4,3.5,0.5384238864415076,0.5197368421052632,0.5393977535145953,2020-21
1626172,Kevon Looney,1610612744,GSW,61,19.0,3.2,1.8,0.548,0.3,0.1,0.235,0.8,0.5,0.646,4.1,2.0,0.6,5.3,1.9,3.4,2.1,0.5771396396396395,0.578125,13.0,2.1,0.2,0.2,1.0,0.0,0.0,0.0,0.0,0.0,0.0,0.3,0.2,0.0,0.7,0.3,0.4,0.6,0.7499999999999999,1.0,,,,,,,,,,,,,,,,,,,,,0.6986298798779267,2020-21
1626174,Christian Wood,1610612745,HOU,41,32.3,15.6,8.0,0.514,5.0,1.9,0.374,4.8,3.0,0.631,21.0,1.7,2.0,9.6,1.9,7.8,-2.4,0.5928184281842819,0.5737179487179487,17.0,3.5,1.4,0.5,0.375,0.5,0.1,0.222,0.9,0.8,0.813,1.9,0.1,0.1,1.0,0.4,0.6,-1.6,0.5289532293986637,0.3928571428571429,,,,,,,,,,,,,,,,,,,,,0.5592159879676535,2020-21
1626179,Terry Rozier,1610612766,CHA,69,34.5,16.4,7.4,0.45,8.3,3.2,0.389,2.9,2.4,0.817,20.4,4.2,1.9,4.4,0.7,3.7,-1.3,0.5770536320434487,0.5487804878048781,27.0,3.5,2.1,1.0,0.5,1.1,0.5,0.452,0.8,0.7,0.818,3.3,0.2,0.1,0.6,0.2,0.4,2.1,0.6729200652528547,0.5952380952380952,,,,,,,,,,,,,,,,,,,,,0.6537694655643858,2020-21
1626181,Norman Powell,1610612757,POR,69,32.0,13.3,6.3,0.477,6.0,2.5,0.411,3.9,3.4,0.871,18.6,1.9,1.7,3.1,0.6,2.5,1.1,0.6193393713372404,0.5676691729323308,30.0,2.8,0.9,0.4,0.481,0.4,0.1,0.333,0.3,0.1,0.333,1.1,0.2,0.2,0.1,0.1,0.1,0.6,0.5329457364341086,0.5,6.0,36.0,12.7,6.3,0.5,4.3,1.7,0.385,3.0,2.7,0.889,17.0,2.0,1.2,2.2,0.5,1.7,1.3,0.6062767475035663,0.562992125984252,0.5907770984120836,2020-21
1626184,Chasson Randle,1610612753,ORL,41,20.4,5.8,2.2,0.388,3.2,1.1,0.338,1.2,0.9,0.792,6.5,1.8,1.1,2.0,0.2,1.8,-6.5,0.513590391908976,0.47413793103448276,8.0,2.3,0.8,0.1,0.167,0.4,0.0,0.0,0.4,0.3,0.667,0.5,0.1,0.0,0.3,0.0,0.3,-0.9,0.25614754098360654,0.125,,,,,,,,,,,,,,,,,,,,,0.3557549280712941,2020-21
1626192,Pat Connaughton,1610612749,MIL,69,22.8,5.6,2.4,0.434,3.9,1.5,0.371,0.6,0.4,0.775,6.8,1.2,0.5,4.8,0.9,3.9,3.2,0.5798090040927695,0.5625,21.0,2.8,0.8,0.4,0.5,0.6,0.3,0.583,0.3,0.2,0.667,1.3,0.1,0.0,0.5,0.1,0.4,0.1,0.6974248927038627,0.6875,23.0,23.7,5.2,2.4,0.462,4.1,1.6,0.389,0.6,0.5,0.846,6.9,0.9,0.5,4.4,1.3,3.1,1.8,0.6314055636896047,0.6153846153846154,0.6590982943780481,2020-21
1626195,Willy Hernangomez,1610612740,NOP,47,18.0,5.7,3.2,0.563,0.2,0.0,0.1,2.0,1.3,0.667,7.8,1.1,0.7,7.1,2.5,4.6,-0.3,0.5927051671732523,0.5614035087719298,9.0,2.6,0.8,0.4,0.571,0.0,0.0,0.0,0.1,0.0,0.0,0.9,0.3,0.2,1.8,0.6,1.2,2.3,0.533175355450237,0.5,,,,,,,,,,,,,,,,,,,,,0.5670537137414113,2020-21
1626196,Josh Richardson,1610612742,DAL,59,30.3,10.5,4.5,0.427,4.5,1.5,0.33,1.8,1.7,0.917,12.1,2.6,1.3,3.3,0.9,2.4,-0.8,0.5357775416223876,0.5,24.0,2.1,0.5,0.3,0.538,0.2,0.1,0.4,0.5,0.5,0.917,1.1,0.0,0.1,0.3,0.1,0.2,-0.4,0.763888888888889,0.7,7.0,13.4,4.0,1.6,0.393,1.4,0.4,0.3,1.3,1.3,1.0,4.9,0.7,0.9,1.6,0.4,1.1,-8.3,0.5358705161854769,0.45,0.6166230494208839,2020-21
1626204,Larry Nance Jr.,1610612739,CLE,35,31.2,7.8,3.7,0.471,3.3,1.2,0.36,1.4,0.9,0.612,9.3,3.1,1.6,6.7,1.5,5.2,-3.9,0.5525190114068441,0.5512820512820513,13.0,3.2,0.5,0.3,0.571,0.3,0.2,0.5,0.4,0.2,0.6,1.0,0.2,0.2,0.4,0.0,0.4,1.0,0.7396449704142012,0.8,,,,,,,,,,,,,,,,,,,,,0.6836799071545168,2020-21
1626220,Royce O'Neale,1610612762,UTA,71,31.6,5.5,2.5,0.444,3.9,1.5,0.385,0.6,0.5,0.848,7.0,2.5,1.2,6.8,1.2,5.6,6.6,0.6072172102706453,0.5909090909090909,30.0,2.9,0.4,0.2,0.545,0.3,0.1,0.5,0.2,0.2,1.0,0.7,0.1,0.1,0.6,0.1,0.5,0.7,0.7172131147540982,0.625,11.0,36.7,7.7,3.9,0.506,5.5,2.5,0.467,1.1,0.9,0.833,11.3,2.1,0.7,7.3,1.5,5.8,-0.5,0.6903714565004887,0.6688311688311689,0.6927323621514563,2020-21
1626224,Cedi Osman,1610612739,CLE,59,25.6,9.9,3.7,0.374,5.5,1.7,0.306,1.6,1.3,0.8,10.4,2.9,1.4,3.4,0.6,2.8,-5.5,0.4903809883062995,0.45959595959595956,12.0,3.7,1.4,0.6,0.412,0.7,0.2,0.25,0.2,0.2,1.0,1.5,0.5,0.2,0.3,0.1,0.2,-1.0,0.5040322580645161,0.5,,,,,,,,,,,,,,,,,,,,,0.513623248951763,2020-21
1627732,Ben Simmons,1610612755,PHI,58,32.4,10.1,5.6,0.557,0.2,0.1,0.3,4.9,3.0,0.613,14.3,6.9,3.0,7.2,1.6,5.6,5.7,0.58338772845953,0.5594059405940593,30.0,3.9,0.7,0.5,0.667,0.0,0.0,1.0,0.7,0.5,0.682,1.5,0.4,0.4,1.1,0.4,0.7,1.7,0.7440476190476191,0.7142857142857143,12.0,33.5,7.9,4.9,0.621,0.1,0.0,0.0,6.1,2.1,0.342,11.9,8.8,2.3,7.9,2.1,5.8,9.4,0.5621693121693122,0.620253164556962,0.6332625102457382,2020-21
1627734,Domantas Sabonis,1610612754,IND,62,36.0,14.6,7.8,0.535,2.6,0.8,0.321,5.3,3.9,0.732,20.3,6.7,3.4,12.0,2.4,9.5,-1.5,0.5994566501299315,0.5616438356164383,32.0,4.2,1.2,0.6,0.462,0.2,0.0,0.2,0.6,0.5,0.789,1.6,0.3,0.2,0.9,0.2,0.8,-2.0,0.546448087431694,0.5,,,,,,,,,,,,,,,,,,,,,0.5723367864127353,2020-21
1627736,Malik Beasley,1610612750,MIN,37,32.8,16.2,7.1,0.44,8.7,3.5,0.399,2.2,1.8,0.85,19.6,2.4,1.6,4.4,0.8,3.6,-5.3,0.570829450139795,0.5462962962962963,21.0,3.9,1.6,0.5,0.294,1.0,0.2,0.2,0.0,0.0,0.0,1.1,0.1,0.2,0.4,0.1,0.3,-2.4,0.34375,0.37499999999999994,,,,,,,,,,,,,,,,,,,,,0.4293196932558652,2020-21
1627737,Marquese Chriss,1610612744,GSW,2,13.4,7.0,2.5,0.357,2.5,0.5,0.2,2.0,1.0,0.5,6.5,1.0,1.0,6.5,1.5,5.0,-12.5,0.41243654822335024,0.39285714285714285,,,,,,,,,,,,,,,,,,,,,,,,,,,,,,,,,,,,,,,,,0.41243654822335024,2020-21
1627739,Kris Dunn,1610612737,ATL,4,11.4,3.0,0.3,0.083,0.5,0.0,0.0,1.0,0.8,0.75,1.3,0.5,0.8,1.5,0.0,1.5,-7.8,0.18895348837209303,0.09999999999999999,,,,,,,,,,,,,,,,,,,,,5.0,6.6,1.0,0.2,0.2,0.2,0.0,0.0,0.8,0.8,1.0,1.2,1.0,0.8,1.0,0.0,1.0,1.8,0.44378698224852065,0.2,0.3800786087794138,2020-21
1627740,Henry Ellenson,1610612761,TOR,2,19.2,7.0,2.5,0.357,4.5,1.0,0.222,2.0,1.5,0.75,7.5,2.5,0.0,6.0,1.5,4.5,3.5,0.47588832487309646,0.42857142857142855,,,,,,,,,,,,,,,,,,,,,,,,,,,,,,,,,,,,,,,,,0.47588832487309646,2020-21
1627741,Buddy Hield,1610612758,SAC,71,34.3,14.0,5.7,0.406,10.2,4.0,0.391,1.5,1.2,0.846,16.6,3.6,1.8,4.7,0.4,4.3,-0.8,0.5661664392905866,0.55,39.0,3.5,1.2,0.5,0.383,0.9,0.3,0.294,0.4,0.3,0.765,1.5,0.1,0.2,0.7,0.2,0.5,-0.4,0.5450581395348838,0.5416666666666667,,,,,,,,,,,,,,,,,,,,,0.5606656680242678,2020-21
1627742,Brandon Ingram,1610612740,NOP,61,34.3,18.0,8.4,0.466,6.1,2.3,0.381,5.2,4.6,0.878,23.8,4.9,2.5,4.9,0.6,4.3,0.7,0.5865536277602523,0.5305555555555556,32.0,3.8,2.3,0.8,0.333,0.9,0.2,0.214,1.2,1.0,0.838,2.7,0.3,0.3,0.5,0.1,0.4,0.4,0.4773691654879774,0.391304347826087,,,,,,,,,,,,,,,,,,,,,0.5265417640224702,2020-21
1627745,Damian Jones,1610612758,SAC,39,14.0,2.6,1.8,0.68,0.1,0.0,0.2,1.5,1.1,0.724,4.7,0.7,0.7,3.1,0.9,2.2,-1.7,0.7208588957055214,0.6923076923076923,4.0,2.7,0.0,0.0,0.0,0.0,0.0,0.0,0.0,0.0,0.0,0.0,0.3,0.0,1.8,0.3,1.5,0.8,,,,,,,,,,,,,,,,,,,,,,,0.24028629856850714,2020-21
1627747,Caris LeVert,1610612754,IND,47,31.6,17.3,7.6,0.441,5.5,1.8,0.326,3.8,3.1,0.811,20.2,5.2,2.2,4.6,0.7,3.9,-0.1,0.5323634830276196,0.4913294797687861,22.0,3.7,2.5,1.0,0.407,0.7,0.2,0.313,0.8,0.5,0.611,2.7,0.4,0.3,0.6,0.1,0.5,1.5,0.4733520336605891,0.44000000000000006,,,,,,,,,,,,,,,,,,,,,0.5074733838341203,2020-21
1627749,Dejounte Murray,1610612759,SAS,67,31.9,14.5,6.6,0.453,3.0,0.9,0.317,2.0,1.6,0.791,15.7,5.4,1.7,7.1,0.9,6.2,1.3,0.5104031209362808,0.4862068965517241,35.0,4.0,1.3,0.7,0.511,0.3,0.1,0.444,0.2,0.2,0.857,1.6,0.4,0.3,0.8,0.2,0.7,-0.4,0.5763688760806917,0.5769230769230769,,,,,,,,,,,,,,,,,,,,,0.5633458082733157,2020-21
1627750,Jamal Murray,1610612743,DEN,48,35.5,16.5,7.9,0.477,6.6,2.7,0.408,3.2,2.8,0.869,21.2,4.8,2.3,4.0,0.8,3.3,6.3,0.5919142282778646,0.5606060606060606,19.0,5.0,2.8,1.4,0.509,1.1,0.6,0.571,0.8,0.8,1.0,4.3,0.6,0.2,0.3,0.0,0.3,1.6,0.6821065989847717,0.6071428571428572,,,,,,,,,,,,,,,,,,,,,0.6690121723844711,2020-21
1627751,Jakob Poeltl,1610612759,SAS,69,26.7,6.2,3.8,0.616,0.0,0.0,0.0,1.8,0.9,0.508,8.6,1.9,1.2,7.9,3.2,4.8,1.6,0.6149885583524027,0.6129032258064515,26.0,3.6,0.5,0.3,0.583,0.0,0.0,0.0,0.4,0.3,0.7,0.8,0.0,0.1,0.9,0.2,0.7,-0.5,0.591715976331361,0.6,,,,,,,,,,,,,,,,,,,,,0.6075380197994397,2020-21
1627752,Taurean Prince,1610612739,CLE,41,22.1,8.0,3.2,0.401,3.8,1.5,0.4,1.9,1.6,0.855,9.5,1.9,1.1,3.5,0.5,3.0,-3.1,0.5375735626980535,0.49375,5.0,1.6,0.2,0.0,0.0,0.2,0.0,0.0,0.4,0.4,1.0,0.4,0.2,0.0,0.2,0.0,0.2,1.6,0.5319148936170213,0.0,,,,,,,,,,,,,,,,,,,,,0.5363011166437196,2020-21
1627756,Denzel Valentine,1610612741,CHI,62,16.7,6.7,2.5,0.373,3.9,1.3,0.331,0.3,0.3,0.941,6.5,1.7,0.7,3.2,0.4,2.8,0.7,0.4757025761124122,0.47014925373134325,15.0,1.3,0.3,0.1,0.25,0.3,0.1,0.25,0.0,0.0,0.0,0.2,0.0,0.1,0.2,0.0,0.2,0.0,0.33333333333333337,0.5000000000000001,,,,,,,,,,,,,,,,,,,,,0.38526735953265656,2020-21
1627759,Jaylen Brown,1610612738,BOS,58,34.5,19.2,9.3,0.484,7.1,2.8,0.397,4.3,3.3,0.764,24.7,3.4,2.7,6.0,1.2,4.8,1.2,0.5855300587900626,0.5572916666666667,36.0,3.6,1.6,0.7,0.414,0.8,0.2,0.296,0.6,0.4,0.609,1.9,0.1,0.1,0.4,0.0,0.4,-1.1,0.5096566523605149,0.49999999999999994,,,,,,,,,,,,,,,,,,,,,0.5432811211699302,2020-21
1627761,DeAndre' Bembry,1610612761,TOR,51,19.1,4.5,2.3,0.513,1.0,0.3,0.264,1.3,0.9,0.682,5.7,2.1,1.4,2.9,0.6,2.2,0.1,0.5619085173501578,0.5444444444444444,11.0,2.4,0.4,0.2,0.5,0.0,0.0,0.0,0.1,0.1,1.0,0.5,0.3,0.0,0.5,0.2,0.3,-1.5,0.5630630630630631,0.5,,,,,,,,,,,,,,,,,,,,,0.5715671033790082,2020-21
1627763,Malcolm Brogdon,1610612754,IND,56,34.5,17.5,7.9,0.453,6.7,2.6,0.388,3.2,2.7,0.864,21.2,5.9,2.1,5.3,1.0,4.2,-0.6,0.5606092659191876,0.5257142857142858,31.0,4.0,2.0,0.8,0.381,0.8,0.3,0.333,0.7,0.6,0.857,2.4,0.7,0.4,0.5,0.1,0.4,-1.3,0.5199306759098787,0.47500000000000003,,,,,,,,,,,,,,,,,,,,,0.5449187773409001,2020-21
1627774,Jake Layman,1610612750,MIN,45,13.9,4.1,2.0,0.495,1.7,0.5,0.295,0.8,0.6,0.703,5.1,0.6,0.6,1.5,0.3,1.2,-1.8,0.5727762803234501,0.5487804878048781,5.0,2.3,1.0,0.2,0.2,0.6,0.0,0.0,0.0,0.0,0.0,0.4,0.0,0.0,0.0,0.0,0.0,-1.8,0.2,0.2,,,,,,,,,,,,,,,,,,,,,0.3486490040043069,2020-21
1627777,Georges Niang,1610612762,UTA,72,16.0,5.6,2.5,0.437,4.1,1.7,0.425,0.3,0.3,0.957,6.9,0.8,0.7,2.4,0.4,2.1,4.9,0.6018841591067691,0.5982142857142858,3.0,2.7,0.7,0.0,0.0,0.3,0.0,0.0,0.0,0.0,0.0,0.0,0.3,0.0,0.7,0.3,0.3,6.7,0.0,0.0,11.0,11.7,3.5,1.0,0.282,2.7,0.8,0.3,0.4,0.4,1.0,3.2,0.7,0.7,1.7,0.2,1.5,-0.5,0.4352557127312296,0.39999999999999997,0.33044188288117754,2020-21
1627783,Pascal Siakam,1610612761,TOR,56,35.8,17.2,7.8,0.455,4.4,1.3,0.297,5.4,4.4,0.827,21.4,4.5,2.3,7.2,1.7,5.5,2.3,0.546587658357172,0.49127906976744184,29.0,3.2,1.4,0.5,0.35,0.2,0.0,0.143,0.8,0.6,0.727,1.6,0.5,0.2,0.6,0.1,0.5,-1.3,0.4566210045662101,0.35714285714285715,,,,,,,,,,,,,,,,,,,,,0.49474942404644506,2020-21
1627788,Furkan Korkmaz,1610612755,PHI,55,19.3,7.7,3.1,0.401,4.9,1.8,0.375,1.5,1.1,0.732,9.1,1.5,0.8,2.1,0.3,1.7,2.6,0.5442583732057417,0.5194805194805194,7.0,3.7,1.7,0.9,0.5,1.0,0.4,0.429,0.7,0.4,0.6,2.6,0.1,0.0,0.3,0.0,0.3,1.6,0.647410358565737,0.6470588235294118,12.0,16.2,6.1,2.5,0.411,3.7,1.2,0.318,1.2,0.8,0.714,7.0,0.6,0.4,2.0,0.3,1.7,3.3,0.528062764031382,0.5081967213114754,0.5926224858136151,2020-21
1627789,Timothe Luwawu-Cabarrot,1610612751,BKN,58,18.1,6.1,2.2,0.365,4.1,1.3,0.314,0.7,0.6,0.814,6.4,1.2,0.7,2.2,0.5,1.7,-0.4,0.49937578027465673,0.4672131147540984,16.0,2.3,0.5,0.2,0.375,0.3,0.1,0.2,0.1,0.1,1.0,0.5,0.1,0.3,0.6,0.3,0.3,0.3,0.45955882352941174,0.5,7.0,3.5,1.4,0.4,0.3,0.9,0.3,0.333,0.0,0.0,0.0,1.1,0.3,0.1,0.4,0.0,0.4,1.7,0.3928571428571429,0.3928571428571429,0.4410408639609499,2020-21
1627812,Yogi Ferrell,1610612746,LAC,10,13.7,5.7,2.0,0.351,2.8,0.9,0.321,0.9,0.7,0.778,5.6,2.2,0.3,1.9,0.5,1.4,-0.1,0.45931758530183725,0.4298245614035088,2.0,2.7,1.5,0.0,0.0,1.0,0.0,0.0,0.0,0.0,0.0,0.0,1.0,0.0,0.5,0.0,0.5,-0.5,0.0,0.0,9.0,1.6,0.6,0.2,0.4,0.1,0.0,0.0,0.0,0.0,0.0,0.4,0.3,0.0,0.3,0.0,0.3,-0.2,0.33333333333333337,0.33333333333333337,0.26953538701937363,2020-21
1627814,Damion Lee,1610612744,GSW,57,18.9,4.8,2.2,0.467,3.4,1.4,0.397,0.8,0.7,0.909,6.5,1.3,0.5,3.2,0.4,2.8,0.7,0.6308229813664596,0.6041666666666667,17.0,1.6,0.6,0.2,0.4,0.5,0.1,0.25,0.1,0.1,1.0,0.7,0.1,0.1,0.4,0.1,0.2,-0.4,0.5434782608695652,0.4166666666666667,,,,,,,,,,,,,,,,,,,,,0.5850931676992591,2020-21
1627823,Juancho Hernangomez,1610612750,MIN,52,17.3,5.8,2.5,0.435,3.2,1.1,0.327,1.9,1.2,0.619,7.2,0.7,0.5,3.9,0.9,3.1,-1.4,0.5424954792043399,0.5258620689655172,12.0,1.6,0.3,0.2,0.667,0.2,0.1,0.5,0.4,0.3,0.6,0.7,0.1,0.0,0.5,0.2,0.3,1.5,0.7352941176470588,0.8333333333333334,,,,,,,,,,,,,,,,,,,,,0.6762003186250309,2020-21
1627826,Ivica Zubac,1610612746,LAC,72,22.3,5.5,3.6,0.652,0.1,0.0,0.25,2.4,1.9,0.789,9.0,1.3,1.1,7.2,2.6,4.6,2.5,0.6863941427699817,0.6545454545454545,19.0,1.3,0.2,0.2,0.75,0.0,0.0,0.0,0.2,0.2,0.75,0.5,0.0,0.0,0.3,0.2,0.2,0.7,0.8680555555555555,1.0,17.0,17.7,3.4,2.0,0.596,0.0,0.0,0.0,2.9,2.3,0.796,6.3,0.4,0.9,5.8,2.5,3.3,-0.9,0.6736526946107784,0.5882352941176471,0.7442135865879406,2020-21
1627827,Dorian Finney-Smith,1610612742,DAL,60,32.0,7.8,3.7,0.472,5.0,2.0,0.394,0.7,0.5,0.756,9.8,1.7,0.8,5.4,1.6,3.8,3.3,0.6043413912185496,0.6025641025641026,27.0,2.9,0.7,0.4,0.5,0.5,0.3,0.615,0.0,0.0,0.0,1.0,0.1,0.0,0.3,0.1,0.1,-0.2,0.7142857142857143,0.7857142857142858,7.0,38.7,9.1,3.7,0.406,5.3,2.3,0.432,0.7,0.6,0.8,10.3,2.1,1.7,6.6,2.4,4.1,3.7,0.5474064625850341,0.532967032967033,0.6214963935640552,2020-21
1627832,Fred VanVleet,1610612761,TOR,52,36.5,16.7,6.5,0.389,9.2,3.3,0.366,3.7,3.3,0.885,19.6,6.3,1.8,4.2,0.6,3.6,2.7,0.5347010039284156,0.4880239520958084,30.0,3.2,1.6,0.5,0.286,1.1,0.3,0.235,0.3,0.3,0.889,1.5,0.4,0.1,0.3,0.1,0.3,-1.5,0.4330254041570438,0.40625,,,,,,,,,,,,,,,,,,,,,0.4764981090702807,2020-21
1627846,Abdel Nader,1610612756,PHX,24,14.8,4.8,2.4,0.491,1.8,0.8,0.419,1.5,1.2,0.757,6.7,0.8,0.8,2.6,0.3,2.3,1.2,0.6135531135531136,0.5833333333333334,3.0,2.7,0.0,0.0,0.0,0.0,0.0,0.0,1.0,0.3,0.333,0.3,0.0,0.0,0.0,0.0,0.0,-2.7,0.3409090909090909,,5.0,5.8,1.2,0.4,0.333,0.4,0.0,0.0,0.0,0.0,0.0,0.8,0.0,0.0,1.0,0.0,1.0,-3.8,0.33333333333333337,0.33333333333333337,0.38256188256188256,2020-21
1627853,Ryan Arcidiacono,1610612741,CHI,44,10.2,2.7,1.1,0.419,1.5,0.6,0.373,0.5,0.3,0.65,3.1,1.3,0.2,1.5,0.1,1.4,0.2,0.5308219178082191,0.5185185185185185,2.0,0.9,0.0,0.0,0.0,0.0,0.0,0.0,0.0,0.0,0.0,0.0,0.0,0.0,0.0,0.0,0.0,0.5,,,,,,,,,,,,,,,,,,,,,,,0.17694063926940637,2020-21
1627854,Bryn Forbes,1610612749,MIL,70,19.3,7.6,3.6,0.473,4.9,2.2,0.452,0.9,0.7,0.77,10.0,0.6,0.6,1.6,0.2,1.4,1.4,0.6253126563281641,0.618421052631579,8.0,2.4,0.5,0.1,0.25,0.4,0.1,0.333,0.0,0.0,0.0,0.4,0.0,0.0,0.0,0.0,0.0,-1.4,0.4,0.30000000000000004,20.0,13.7,5.6,2.3,0.411,4.5,1.7,0.371,0.4,0.3,0.75,6.6,0.3,0.4,1.4,0.1,1.3,-0.1,0.5713296398891967,0.5625,0.5297958767001811,2020-21
1627863,Danuel House Jr.,1610612745,HOU,36,25.9,7.6,3.1,0.404,4.3,1.5,0.346,1.8,1.1,0.651,8.8,1.9,1.0,3.7,0.5,3.2,-6.2,0.5243088655862728,0.5065789473684211,8.0,2.4,0.8,0.3,0.333,0.5,0.1,0.25,0.1,0.1,1.0,0.8,0.0,0.1,0.5,0.1,0.4,-2.1,0.4739336492890995,0.43749999999999994,,,,,,,,,,,,,,,,,,,,,0.5012517038429125,2020-21
1627884,Derrick Jones Jr.,1610612757,POR,58,22.7,5.2,2.5,0.484,2.3,0.7,0.316,1.6,1.0,0.648,6.8,0.8,0.6,3.5,1.3,2.2,-1.1,0.575880758807588,0.5480769230769231,22.0,2.7,0.6,0.3,0.462,0.2,0.0,0.0,0.3,0.2,0.667,0.7,0.2,0.0,0.3,0.2,0.1,1.9,0.4781420765027322,0.5,2.0,5.2,2.5,1.0,0.4,1.0,0.0,0.0,0.0,0.0,0.0,2.0,0.0,0.0,0.0,0.0,0.0,2.5,0.4,0.4,0.46689928017175136,2020-21
1627936,Alex Caruso,1610612747,LAL,58,21.0,5.3,2.3,0.436,2.4,0.9,0.401,1.3,0.8,0.645,6.4,2.8,1.3,2.9,0.5,2.4,2.1,0.5449591280653951,0.5188679245283019,19.0,2.4,0.8,0.4,0.467,0.3,0.2,0.667,0.4,0.4,1.0,1.3,0.2,0.0,0.3,0.2,0.1,0.9,0.665983606557377,0.625,6.0,20.1,6.3,2.3,0.368,2.8,0.8,0.294,0.3,0.3,1.0,5.8,0.5,1.2,1.3,0.3,1.0,-3.3,0.45087064676616917,0.42857142857142855,0.5533507198662363,2020-21
1628021,David Nwaba,1610612745,HOU,30,22.6,7.3,3.5,0.486,2.1,0.6,0.27,2.3,1.6,0.691,9.2,1.0,0.6,3.9,1.3,2.6,-0.9,0.5534167468719923,0.5205479452054794,8.0,1.6,0.3,0.0,0.0,0.0,0.0,0.0,0.0,0.0,0.0,0.0,0.1,0.0,0.1,0.0,0.1,-0.5,0.0,0.0,,,,,,,,,,,,,,,,,,,,,0.18858183799786368,2020-21
1628365,Markelle Fultz,1610612753,ORL,8,26.9,13.0,5.1,0.394,2.0,0.5,0.25,2.4,2.1,0.895,12.9,5.4,2.3,3.1,0.6,2.5,-3.6,0.45887877063175864,0.4115384615384615,5.0,2.4,1.4,1.2,0.857,0.2,0.2,1.0,0.6,0.6,1.0,3.2,0.8,0.4,0.4,0.0,0.4,3.8,0.9615384615384617,0.9285714285714287,,,,,,,,,,,,,,,,,,,,,0.8047544620046297,2020-21
1628366,Lonzo Ball,1610612740,NOP,55,31.8,12.7,5.3,0.414,8.3,3.1,0.378,1.2,0.9,0.781,14.6,5.7,2.2,4.8,0.6,4.2,0.9,0.5518596915633505,0.5393700787401575,28.0,4.0,1.3,0.5,0.378,0.8,0.3,0.348,0.4,0.3,0.7,1.5,0.6,0.2,0.8,0.1,0.6,0.1,0.508130081300813,0.5,,,,,,,,,,,,,,,,,,,,,0.5329428385266272,2020-21
1628367,Josh Jackson,1610612765,DET,62,25.2,11.4,4.8,0.419,4.1,1.2,0.3,3.5,2.6,0.729,13.4,2.3,2.3,4.1,0.9,3.2,-2.0,0.517774343122102,0.4736842105263157,23.0,2.4,0.9,0.3,0.381,0.3,0.1,0.333,0.6,0.4,0.769,1.2,0.1,0.1,0.6,0.2,0.3,-1.4,0.5154639175257731,0.38888888888888884,,,,,,,,,,,,,,,,,,,,,0.5241287962326289,2020-21
1628368,De'Aaron Fox,1610612758,SAC,58,35.1,19.1,9.1,0.477,5.5,1.8,0.322,7.2,5.2,0.719,25.2,7.2,3.0,3.5,0.6,2.9,-3.4,0.5658343811747799,0.5235602094240838,32.0,3.5,2.7,1.3,0.46,0.7,0.1,0.174,1.2,1.0,0.816,3.6,0.3,0.2,0.4,0.1,0.3,-0.8,0.5576208178438662,0.5,,,,,,,,,,,,,,,,,,,,,0.5744947979412143,2020-21
1628369,Jayson Tatum,1610612738,BOS,64,35.8,20.6,9.5,0.459,7.6,2.9,0.386,5.3,4.6,0.868,26.4,4.3,2.7,7.4,0.8,6.6,2.5,0.575614861329147,0.5315533980582523,38.0,3.4,2.1,0.9,0.45,0.6,0.2,0.348,1.2,1.1,0.889,3.2,0.3,0.3,0.8,0.0,0.8,-0.8,0.60882800608828,0.47619047619047616,5.0,36.9,22.2,9.4,0.423,7.2,2.8,0.389,9.8,9.0,0.918,30.6,4.6,2.6,5.8,0.6,5.2,-11.6,0.5770971635485818,0.4864864864864865,0.5976212354486955,2020-21
1628370,Malik Monk,1610612766,CHA,42,20.9,9.5,4.1,0.434,5.0,2.0,0.401,1.7,1.4,0.819,11.7,2.1,1.3,2.4,0.3,2.1,0.8,0.5708430913348946,0.5368421052631579,9.0,1.6,0.7,0.2,0.333,0.3,0.1,0.333,0.1,0.1,1.0,0.7,0.1,0.1,0.1,0.0,0.1,1.3,0.4704301075268817,0.35714285714285715,,,,,,,,,,,,,,,,,,,,,0.5112695231814086,2020-21
1628372,Dennis Smith Jr.,1610612765,DET,23,18.3,6.3,2.5,0.4,2.5,0.8,0.328,1.1,0.8,0.731,6.7,3.3,1.1,2.4,0.5,1.9,-0.8,0.493808962264151,0.4603174603174603,3.0,2.0,1.0,0.0,0.0,0.3,0.0,0.0,0.7,0.3,0.5,0.3,0.3,0.0,0.3,0.3,0.0,-4.0,0.1146788990825688,0.0,,,,,,,,,,,,,,,,,,,,,0.25692860268025924,2020-21
1628374,Lauri Markkanen,1610612741,CHI,51,25.8,10.2,4.9,0.48,5.8,2.3,0.402,1.8,1.5,0.826,13.6,0.9,1.0,5.3,0.7,4.6,-0.9,0.6186317321688501,0.5931372549019609,15.0,2.2,0.9,0.3,0.357,0.7,0.3,0.364,0.0,0.0,0.0,0.9,0.0,0.1,0.3,0.0,0.3,-0.5,0.5,0.49999999999999994,,,,,,,,,,,,,,,,,,,,,0.5483674401338497,2020-21
1628378,Donovan Mitchell,1610612762,UTA,53,33.4,20.6,9.0,0.438,8.7,3.4,0.386,6.0,5.0,0.845,26.4,5.2,2.8,4.4,0.9,3.5,5.4,0.567986230636833,0.5194174757281552,22.0,2.6,2.5,0.9,0.37,1.1,0.3,0.25,1.0,0.7,0.762,2.8,0.4,0.2,0.5,0.2,0.3,0.5,0.47619047619047616,0.42000000000000004,10.0,34.6,23.5,10.5,0.447,11.5,5.0,0.435,7.6,6.3,0.829,32.3,5.5,2.8,4.2,0.3,3.9,1.9,0.6016241990761436,0.5531914893617021,0.566342552370544,2020-21
1628379,Luke Kennard,1610612746,LAC,63,19.6,6.6,3.1,0.476,3.6,1.6,0.446,0.5,0.4,0.839,8.3,1.7,0.8,2.6,0.2,2.3,-0.4,0.6085043988269796,0.5909090909090909,16.0,1.3,0.4,0.2,0.429,0.3,0.1,0.2,0.0,0.0,0.0,0.4,0.1,0.1,0.3,0.0,0.3,0.5,0.5,0.625,15.0,14.6,4.3,2.1,0.477,3.4,1.4,0.412,0.1,0.1,0.5,5.6,0.5,0.2,0.9,0.3,0.6,1.2,0.6445672191528545,0.6511627906976744,0.5964282821072784,2020-21
1628381,John Collins,1610612737,ATL,63,29.3,12.2,6.8,0.556,3.3,1.3,0.399,3.2,2.7,0.833,17.6,1.2,1.3,7.4,1.9,5.5,2.9,0.6466784244562024,0.6106557377049181,29.0,3.1,0.6,0.3,0.5,0.1,0.1,0.75,0.8,0.8,0.958,1.4,0.1,0.1,0.4,0.1,0.3,-0.9,0.7352941176470588,0.5833333333333334,18.0,32.0,10.1,5.6,0.549,3.1,1.1,0.357,2.0,1.7,0.833,13.9,0.9,1.3,8.7,2.0,6.7,0.8,0.6329690346083788,0.6089108910891089,0.6742803267157249,2020-21
1628382,Justin Jackson,1610612749,MIL,34,17.0,6.5,2.6,0.403,3.4,1.1,0.308,1.1,0.9,0.838,7.2,1.5,0.9,2.3,0.5,1.8,-1.2,0.5154639175257733,0.48461538461538467,7.0,1.8,0.6,0.3,0.5,0.4,0.3,0.667,0.0,0.0,0.0,0.9,0.0,0.0,0.3,0.0,0.3,0.0,0.75,0.75,5.0,3.0,1.0,0.6,0.6,0.4,0.0,0.0,0.0,0.0,0.0,1.2,0.2,0.2,0.4,0.2,0.2,-1.4,0.6,0.6,0.6451414221503112,2020-21
1628383,Justin Patton,1610612745,HOU,13,19.0,5.4,2.2,0.414,2.6,0.7,0.265,0.3,0.2,0.75,5.4,1.1,0.3,3.8,1.1,2.7,-6.2,0.48806941431670287,0.47222222222222227,,,,,,,,,,,,,,,,,,,,,,,,,,,,,,,,,,,,,,,,,0.48806941431670287,2020-21
1628384,OG Anunoby,1610612761,TOR,43,33.3,12.1,5.8,0.48,6.1,2.4,0.398,2.4,1.9,0.784,15.9,2.2,1.7,5.5,1.3,4.3,2.7,0.6042870173304956,0.578512396694215,23.0,2.8,0.4,0.1,0.333,0.3,0.1,0.286,0.3,0.3,0.75,0.6,0.1,0.2,0.5,0.0,0.4,-1.3,0.5639097744360901,0.37500000000000006,,,,,,,,,,,,,,,,,,,,,0.5806746405245856,2020-21
1628386,Jarrett Allen,1610612739,CLE,63,29.6,7.7,4.7,0.618,0.3,0.1,0.316,4.6,3.2,0.703,12.8,1.7,1.6,10.0,3.1,6.9,-3.2,0.658165364047717,0.6168831168831169,22.0,3.5,0.5,0.3,0.636,0.0,0.0,0.0,0.1,0.1,0.667,0.7,0.2,0.2,1.1,0.2,0.9,-1.0,0.6433823529411764,0.6,,,,,,,,,,,,,,,,,,,,,0.6548035298026865,2020-21
1628389,Bam Adebayo,1610612748,MIA,64,33.5,12.5,7.1,0.57,0.1,0.0,0.25,5.5,4.4,0.799,18.7,5.4,2.6,9.0,2.2,6.7,0.4,0.6266756032171582,0.568,29.0,3.5,1.2,0.7,0.618,0.1,0.0,0.0,0.8,0.6,0.739,2.0,0.3,0.3,0.9,0.2,0.7,-0.8,0.6443298969072164,0.5833333333333334,4.0,34.0,14.3,6.5,0.456,0.0,0.0,0.0,3.3,2.5,0.769,15.5,4.3,2.8,9.3,3.5,5.8,-11.8,0.4920010157440325,0.45454545454545453,0.57482307404318,2020-21
1628391,D.J. Wilson,1610612745,HOU,35,12.4,4.8,1.9,0.405,2.5,0.9,0.345,0.7,0.5,0.68,5.2,0.7,0.6,3.2,0.6,2.6,-3.0,0.5090054815974941,0.48958333333333337,1.0,3.6,0.0,0.0,0.0,0.0,0.0,0.0,0.0,0.0,0.0,0.0,0.0,0.0,0.0,0.0,0.0,7.0,,,,,,,,,,,,,,,,,,,,,,,0.16966849386583138,2020-21
1628392,Isaiah Hartenstein,1610612739,CLE,46,12.1,3.7,2.0,0.55,0.1,0.0,0.333,1.5,1.0,0.648,5.1,1.2,1.0,3.9,1.4,2.5,0.0,0.5848623853211008,0.5405405405405405,2.0,1.2,0.0,0.0,0.0,0.0,0.0,0.0,0.0,0.0,0.0,0.0,0.0,0.0,0.0,0.0,0.0,-3.0,,,,,,,,,,,,,,,,,,,,,,,0.19495412844036694,2020-21
1628395,Jordan Bell,1610612744,GSW,6,13.6,3.7,1.2,0.318,0.3,0.0,0.0,0.3,0.2,0.5,2.5,1.2,0.7,4.0,1.2,2.8,-5.3,0.32620041753653445,0.3243243243243243,1.0,0.1,0.0,0.0,0.0,0.0,0.0,0.0,0.0,0.0,0.0,0.0,0.0,0.0,0.0,0.0,0.0,-2.0,,,,,,,,,,,,,,,,,,,,,,,0.10873347251217814,2020-21
1628396,Tony Bradley,1610612760,OKC,42,16.3,4.7,3.1,0.665,0.1,0.0,0.0,1.3,0.9,0.691,7.1,0.9,0.8,5.7,2.0,3.7,-0.4,0.6733687405159332,0.6595744680851063,3.0,0.8,0.0,0.0,0.0,0.0,0.0,0.0,0.0,0.0,0.0,0.0,0.0,0.0,0.0,0.0,0.0,1.3,,,,,,,,,,,,,,,,,,,,,,,0.2244562468386444,2020-21
1628398,Kyle Kuzma,1610612747,LAL,68,28.7,11.1,4.9,0.443,5.6,2.0,0.361,1.4,1.0,0.691,12.9,1.9,1.7,6.1,1.6,4.5,0.0,0.5505291908501195,0.5315315315315315,23.0,3.6,1.4,0.5,0.364,0.8,0.1,0.167,0.3,0.2,0.667,1.3,0.2,0.2,1.0,0.4,0.7,0.7,0.42428198433420367,0.3928571428571429,6.0,21.6,8.0,2.3,0.292,3.8,0.7,0.174,1.5,1.0,0.667,6.3,1.2,1.0,3.8,0.7,3.2,-2.5,0.36374133949191684,0.33125,0.42766547561052254,2020-21
1628400,Semi Ojeleye,1610612738,BOS,56,17.0,3.9,1.6,0.403,2.8,1.0,0.367,0.6,0.4,0.75,4.6,0.7,0.4,2.6,0.6,2.1,0.1,0.5523535062439962,0.5384615384615385,15.0,1.8,0.2,0.0,0.0,0.1,0.0,0.0,0.0,0.0,0.0,0.0,0.0,0.0,0.5,0.1,0.4,-1.8,0.0,0.0,2.0,6.0,2.0,0.0,0.0,1.5,0.0,0.0,1.0,0.5,0.5,0.5,0.0,0.0,0.0,0.0,0.0,-2.5,0.10245901639344263,0.0,0.1484166310309442,2020-21
1628401,Derrick White,1610612759,SAS,36,29.5,12.6,5.2,0.411,6.8,2.3,0.346,3.2,2.7,0.851,15.4,3.5,1.3,3.0,0.4,2.6,2.6,0.5496858937749858,0.503968253968254,17.0,3.8,0.9,0.4,0.375,0.5,0.1,0.222,0.4,0.4,1.0,1.2,0.2,0.1,0.3,0.0,0.3,-1.0,0.5576208178438661,0.5,,,,,,,,,,,,,,,,,,,,,0.5621187002965295,2020-21
1628402,Frank Jackson,1610612765,DET,40,18.5,7.3,3.4,0.457,3.8,1.5,0.407,1.9,1.5,0.813,9.8,0.9,0.9,2.2,0.4,1.8,-0.3,0.6022615535889874,0.5684931506849316,10.0,2.5,0.9,0.5,0.556,0.3,0.1,0.333,0.3,0.1,0.333,1.2,0.1,0.0,0.2,0.0,0.2,0.0,0.5813953488372092,0.6111111111111112,,,,,,,,,,,,,,,,,,,,,0.6006795175427341,2020-21
1628404,Josh Hart,1610612740,NOP,47,28.7,7.3,3.2,0.439,4.1,1.3,0.326,1.9,1.5,0.775,9.2,2.3,1.0,8.0,1.1,6.9,0.0,0.5653883972468043,0.5273972602739726,23.0,2.5,0.3,0.1,0.286,0.1,0.0,0.0,0.6,0.4,0.714,0.6,0.1,0.1,0.7,0.2,0.6,-1.1,0.5319148936170212,0.33333333333333337,,,,,,,,,,,,,,,,,,,,,0.5471823172008151,2020-21
1628407,Dwayne Bacon,1610612753,ORL,72,25.7,10.1,4.1,0.402,2.9,0.8,0.285,2.4,2.0,0.824,10.9,1.3,0.6,3.1,0.4,2.7,-6.2,0.48852635353173185,0.44554455445544555,20.0,1.8,0.7,0.0,0.0,0.3,0.0,0.0,0.2,0.2,1.0,0.2,0.0,0.1,0.2,0.0,0.2,-2.3,0.1269035532994924,0.0,,,,,,,,,,,,,,,,,,,,,0.2543751797788596,2020-21
1628408,PJ Dozier,1610612743,DEN,50,21.8,7.1,3.0,0.417,3.0,0.9,0.315,1.3,0.8,0.636,7.7,1.8,0.9,3.6,0.7,2.9,3.9,0.5018248175182483,0.48591549295774655,16.0,2.2,0.4,0.1,0.333,0.1,0.0,0.0,0.3,0.1,0.5,0.4,0.1,0.1,0.5,0.2,0.3,-1.7,0.37593984962406013,0.25,,,,,,,,,,,,,,,,,,,,,0.42353530840489745,2020-21
1628410,Edmond Sumner,1610612754,IND,53,16.2,5.3,2.8,0.525,1.7,0.7,0.398,1.6,1.3,0.819,7.5,0.9,1.0,1.8,0.3,1.4,-0.6,0.6245836109260493,0.5943396226415094,12.0,2.5,0.5,0.3,0.667,0.2,0.2,1.0,0.0,0.0,0.0,0.8,0.1,0.0,0.2,0.0,0.2,0.3,0.8,0.8,,,,,,,,,,,,,,,,,,,,,0.750961832571054,2020-21
1628411,Wes Iwundu,1610612740,NOP,41,13.1,2.5,0.8,0.333,1.0,0.1,0.122,0.8,0.6,0.839,2.4,0.4,0.5,2.2,0.4,1.8,-2.3,0.42075736325385693,0.34,6.0,1.1,0.3,0.2,0.5,0.3,0.2,0.5,1.2,1.0,0.857,1.5,0.0,0.0,0.3,0.0,0.3,1.7,0.9057971014492753,1.0000000000000002,,,,,,,,,,,,,,,,,,,,,0.7561171887126692,2020-21
1628412,Frank Mason III,1610612753,ORL,4,19.8,6.0,2.3,0.375,1.3,0.5,0.4,1.8,1.3,0.714,6.3,3.0,1.3,3.0,0.8,2.3,-4.8,0.4637809187279152,0.425,,,,,,,,,,,,,,,,,,,,,,,,,,,,,,,,,,,,,,,,,0.4637809187279152,2020-21
1628414,Sindarius Thornwell,1610612753,ORL,21,10.3,2.2,0.7,0.326,1.1,0.3,0.304,0.4,0.2,0.5,2.0,1.0,0.3,0.9,0.1,0.7,-0.4,0.4208754208754208,0.3863636363636363,,,,,,,,,,,,,,,,,,,,,,,,,,,,,,,,,,,,,,,,,0.4208754208754208,2020-21
1628415,Dillon Brooks,1610612763,MEM,67,29.8,15.4,6.4,0.419,5.6,1.9,0.344,2.9,2.4,0.815,17.2,2.3,1.8,2.9,0.8,2.1,2.3,0.5157112017270328,0.4772727272727273,31.0,3.5,1.9,0.7,0.397,0.7,0.2,0.304,0.3,0.2,0.75,1.9,0.2,0.2,0.3,0.1,0.3,-0.6,0.46751968503937,0.42105263157894735,5.0,34.9,19.4,10.0,0.515,4.0,1.6,0.4,5.2,4.2,0.808,25.8,2.2,1.8,4.2,1.0,3.2,-1.2,0.5947989671707857,0.5567010309278352,0.5515289078898828,2020-21
1628418,Thomas Bryant,1610612764,WAS,10,27.1,9.1,5.9,0.648,2.1,0.9,0.429,2.4,1.6,0.667,14.3,1.5,1.1,6.1,1.8,4.3,-1.4,0.7040173296573455,0.6978021978021979,7.0,3.7,1.4,1.0,0.7,0.1,0.0,0.0,0.4,0.1,0.333,2.1,0.1,0.0,1.4,0.6,0.9,-5.0,0.6662436548223352,0.7142857142857143,,,,,,,,,,,,,,,,,,,,,0.6942194951502634,2020-21
1628419,Cameron Oliver,1610612745,HOU,4,21.8,8.3,4.8,0.576,3.3,1.0,0.308,1.0,0.3,0.25,10.8,1.3,0.8,5.3,1.3,4.0,-2.8,0.6178489702517163,0.6385542168674698,,,,,,,,,,,,,,,,,,,,,,,,,,,,,,,,,,,,,,,,,0.6178489702517163,2020-21
1628420,Monté Morris,1610612743,DEN,47,25.5,8.2,4.0,0.481,2.9,1.1,0.381,1.6,1.2,0.795,10.2,3.2,0.7,2.0,0.2,1.8,3.3,0.5727762803234501,0.5548780487804879,14.0,4.3,0.6,0.4,0.625,0.2,0.1,0.667,0.4,0.4,1.0,1.2,0.3,0.1,0.5,0.1,0.4,0.7,0.7731958762886597,0.75,10.0,28.6,11.6,5.0,0.431,4.0,1.6,0.4,2.9,2.1,0.724,13.7,5.5,0.7,2.4,0.7,1.7,-3.3,0.5319975147561354,0.5,0.6265105026980353,2020-21
1628422,Damyean Dotson,1610612739,CLE,46,19.7,6.4,2.6,0.406,3.5,1.0,0.289,0.8,0.5,0.667,6.7,2.0,0.9,2.0,0.1,1.9,-4.7,0.49614928909952605,0.484375,8.0,2.0,0.6,0.3,0.4,0.4,0.1,0.333,0.8,0.5,0.667,1.1,0.4,0.1,0.1,0.0,0.1,0.9,0.5777310924369748,0.5833333333333334,,,,,,,,,,,,,,,,,,,,,0.5599121579896937,2020-21
1628425,Sterling Brown,1610612745,HOU,51,24.1,6.6,2.9,0.448,4.2,1.8,0.423,0.6,0.5,0.806,8.2,1.4,0.8,4.4,0.7,3.6,-3.0,0.5973193473193473,0.5757575757575758,10.0,2.0,0.4,0.1,0.25,0.0,0.0,0.0,0.1,0.1,1.0,0.3,0.0,0.0,0.6,0.1,0.5,-3.2,0.33783783783783783,0.25,,,,,,,,,,,,,,,,,,,,,0.4303922803913621,2020-21
1628436,Luke Kornet,1610612738,BOS,31,11.2,3.3,1.4,0.436,1.9,0.5,0.254,0.2,0.1,0.5,3.4,0.8,0.2,2.2,0.5,1.7,1.7,0.5017709563164109,0.5,5.0,1.2,0.4,0.0,0.0,0.4,0.0,0.0,0.0,0.0,0.0,0.0,0.0,0.0,0.0,0.0,0.0,0.2,0.0,0.0,2.0,2.7,0.5,0.5,1.0,0.0,0.0,0.0,1.0,0.5,0.5,1.5,0.0,0.0,1.5,0.0,1.5,0.5,0.797872340425532,1.0,0.49468587504970685,2020-21
1628449,Chris Boucher,1610612761,TOR,60,24.2,9.3,4.8,0.514,3.9,1.5,0.383,3.2,2.5,0.788,13.6,1.1,0.8,6.7,2.0,4.8,1.6,0.635039223010833,0.596774193548387,23.0,2.3,0.7,0.5,0.733,0.2,0.1,0.6,0.6,0.5,0.846,1.6,0.0,0.1,0.6,0.2,0.4,-0.3,0.8298755186721992,0.7857142857142858,,,,,,,,,,,,,,,,,,,,,0.7724569685046979,2020-21
1628455,Mike James,1610612751,BKN,13,18.2,7.1,2.6,0.37,2.4,0.8,0.355,2.1,1.6,0.778,7.7,4.2,1.5,2.5,0.2,2.2,1.5,0.4798105682951147,0.4225352112676057,1.0,0.4,1.0,1.0,1.0,0.0,0.0,0.0,0.0,0.0,0.0,2.0,0.0,0.0,0.0,0.0,0.0,2.0,1.0,1.0,9.0,11.4,4.8,1.6,0.326,1.8,0.6,0.313,0.0,0.0,0.0,3.7,1.3,0.3,1.8,0.2,1.6,2.3,0.3854166666666667,0.39583333333333337,0.6200946017561222,2020-21
1628464,Daniel Theis,1610612741,CHI,65,24.6,7.2,3.9,0.541,2.3,0.8,0.322,1.7,1.1,0.673,9.6,1.7,1.0,5.5,1.4,4.0,-0.5,0.6039255158530448,0.5972222222222222,29.0,2.7,0.7,0.4,0.55,0.2,0.0,0.143,0.3,0.2,0.667,1.0,0.2,0.2,0.6,0.2,0.4,-0.9,0.6009615384615384,0.5714285714285715,,,,,,,,,,,,,,,,,,,,,0.6116717531462458,2020-21
1628467,Maxi Kleber,1610612742,DAL,50,26.8,5.5,2.3,0.422,4.2,1.7,0.41,0.7,0.7,0.919,7.1,1.4,0.6,5.2,0.9,4.3,2.7,0.6112258953168044,0.5727272727272728,19.0,2.4,0.5,0.2,0.4,0.4,0.2,0.5,0.2,0.2,1.0,0.8,0.3,0.1,0.6,0.2,0.4,-0.8,0.6802721088435375,0.6000000000000001,7.0,26.8,4.3,1.7,0.4,2.9,1.1,0.4,1.0,0.7,0.714,5.3,1.4,0.1,3.6,0.7,2.9,-4.9,0.5590717299578059,0.5232558139534884,0.6172551262354724,2020-21
1628470,Torrey Craig,1610612756,PHX,50,16.1,4.5,2.2,0.48,2.1,0.8,0.368,0.4,0.3,0.773,5.5,1.0,0.5,3.9,1.1,2.8,-1.9,0.588109495295124,0.5777777777777778,13.0,0.6,0.2,0.0,0.0,0.0,0.0,0.0,0.0,0.0,0.0,0.0,0.1,0.1,0.3,0.2,0.2,-1.1,0.0,0.0,22.0,12.1,3.4,1.5,0.427,1.7,0.7,0.405,0.6,0.4,0.615,4.0,0.4,0.5,2.9,0.9,2.0,1.0,0.5458515283842795,0.5441176470588236,0.37538845785145053,2020-21
1628539,Mychal Mulder,1610612744,GSW,60,12.8,4.4,2.0,0.449,3.6,1.4,0.397,0.4,0.2,0.636,5.6,0.4,0.3,1.0,0.1,0.9,1.1,0.6118881118881118,0.6136363636363636,6.0,1.4,0.3,0.0,0.0,0.3,0.0,0.0,0.0,0.0,0.0,0.0,0.0,0.2,0.2,0.2,0.0,-0.2,0.0,0.0,,,,,,,,,,,,,,,,,,,,,0.21078088577933615,2020-21
1628778,Paul Watson,1610612761,TOR,27,11.0,3.0,1.4,0.463,2.4,1.1,0.469,0.3,0.2,0.625,4.1,0.6,0.3,1.7,0.1,1.5,-0.1,0.6545338441890165,0.65,1.0,0.7,0.0,0.0,0.0,0.0,0.0,0.0,0.0,0.0,0.0,0.0,0.0,0.0,0.0,0.0,0.0,-4.0,,,,,,,,,,,,,,,,,,,,,,,0.2181779480630055,2020-21
1628960,Grayson Allen,1610612763,MEM,50,25.2,8.3,3.5,0.418,5.5,2.1,0.391,1.8,1.6,0.868,10.6,2.2,1.0,3.2,0.4,2.8,0.2,0.5829300483941926,0.5481927710843373,20.0,2.9,0.7,0.2,0.286,0.6,0.2,0.273,0.5,0.3,0.667,0.9,0.1,0.1,0.2,0.1,0.2,-0.5,0.48913043478260876,0.42857142857142866,5.0,23.1,6.6,2.4,0.364,4.2,1.6,0.381,0.2,0.0,0.0,6.4,0.2,0.2,2.6,0.6,2.0,-11.0,0.47846889952153115,0.4848484848484849,0.5078666710260769,2020-21
1628963,Marvin Bagley III,1610612758,SAC,43,25.9,11.4,5.7,0.504,2.5,0.9,0.343,3.1,1.8,0.575,14.1,1.0,1.4,7.4,2.5,4.9,-2.0,0.5523346913193355,0.5394736842105263,9.0,1.2,0.2,0.1,0.5,0.2,0.1,0.5,0.2,0.0,0.0,0.3,0.0,0.0,0.1,0.0,0.1,-1.7,0.5208333333333333,0.7500000000000001,,,,,,,,,,,,,,,,,,,,,0.5330881719600925,2020-21
1628964,Mo Bamba,1610612753,ORL,46,15.8,6.5,3.1,0.472,2.6,0.8,0.322,1.4,1.0,0.682,8.0,0.8,0.8,5.8,1.7,4.1,-4.4,0.5621135469364812,0.5384615384615384,3.0,1.0,0.3,0.3,1.0,0.0,0.0,0.0,0.0,0.0,0.0,0.7,0.3,0.0,0.0,0.0,0.0,-0.3,1.1666666666666667,1.0,,,,,,,,,,,,,,,,,,,,,0.9697643447046128,2020-21
1628969,Mikal Bridges,1610612756,PHX,72,32.6,9.3,5.0,0.543,4.4,1.9,0.425,1.8,1.5,0.84,13.5,2.1,0.8,4.3,1.1,3.2,4.7,0.66884661117717,0.6397849462365591,36.0,3.9,1.3,0.6,0.458,0.7,0.3,0.4,0.4,0.3,0.8,1.8,0.1,0.0,0.7,0.3,0.4,0.8,0.6097560975609756,0.5769230769230769,22.0,32.1,8.6,4.2,0.484,4.3,1.6,0.368,1.3,1.1,0.893,11.1,1.6,0.7,4.3,0.9,3.4,2.8,0.6051024858264282,0.5813953488372093,0.6312562052518872,2020-21
1628970,Miles Bridges,1610612766,CHA,66,29.3,9.4,4.7,0.503,4.4,1.8,0.4,1.7,1.5,0.867,12.7,2.2,1.6,6.0,1.2,4.8,-0.1,0.6257390618841151,0.5957446808510639,28.0,2.3,0.7,0.3,0.474,0.5,0.1,0.308,0.0,0.0,1.0,0.8,0.0,0.1,0.4,0.0,0.4,0.6,0.5714285714285715,0.5,,,,,,,,,,,,,,,,,,,,,0.5969788767569322,2020-21
1628971,Bruce Brown,1610612751,BKN,65,22.3,6.5,3.6,0.556,0.9,0.3,0.288,1.8,1.3,0.735,8.8,1.6,0.8,5.4,1.7,3.7,1.1,0.603400987383434,0.5769230769230769,25.0,1.4,0.3,0.2,0.857,0.0,0.0,1.0,0.2,0.1,0.5,0.6,0.0,0.0,0.3,0.1,0.2,-0.5,0.7731958762886597,0.6666666666666667,12.0,23.1,6.6,3.3,0.506,0.9,0.2,0.182,1.3,1.1,0.813,7.9,2.1,0.9,5.1,1.9,3.2,1.0,0.5507529280535416,0.5151515151515151,0.6382906386349042,2020-21
1628972,Troy Brown Jr.,1610612741,CHI,34,15.4,4.2,1.8,0.431,2.1,0.6,0.314,0.6,0.4,0.714,4.7,0.9,0.6,3.1,0.6,2.5,0.8,0.5264336917562724,0.5,5.0,2.3,0.8,0.2,0.25,0.4,0.0,0.0,0.0,0.0,0.0,0.4,0.0,0.0,0.4,0.2,0.2,-4.0,0.25,0.25,,,,,,,,,,,,,,,,,,,,,0.36119218296184136,2020-21
1628973,Jalen Brunson,1610612742,DAL,68,25.0,9.2,4.8,0.523,2.9,1.2,0.405,2.2,1.8,0.795,12.6,3.5,1.2,3.4,0.4,3.0,2.4,0.6195908733280882,0.5869565217391304,19.0,2.4,0.9,0.4,0.444,0.2,0.1,0.333,0.4,0.4,0.875,1.3,0.3,0.2,0.4,0.2,0.2,-0.4,0.604089219330855,0.5,7.0,16.3,6.3,2.9,0.455,1.9,0.9,0.462,1.9,1.4,0.769,8.0,1.4,0.6,2.6,0.9,1.7,-8.0,0.5605381165919282,0.5317460317460317,0.5946798856555192,2020-21
1628975,Jevon Carter,1610612756,PHX,60,11.9,3.7,1.6,0.422,2.5,0.9,0.371,0.1,0.1,0.571,4.1,1.2,0.3,1.5,0.3,1.3,0.5,0.547542735042735,0.5540540540540541,4.0,0.8,0.0,0.0,0.0,0.0,0.0,0.0,0.0,0.0,0.0,0.0,0.0,0.0,0.3,0.0,0.3,-1.3,,,7.0,3.1,1.1,0.4,0.375,0.3,0.0,0.0,0.3,0.0,0.0,0.9,0.6,0.0,0.3,0.0,0.3,-1.0,0.36525974025974023,0.36363636363636365,0.2738869926369926,2020-21
1628976,Wendell Carter Jr.,1610612753,ORL,54,25.5,8.5,4.3,0.503,0.9,0.3,0.294,3.3,2.4,0.732,11.2,1.9,1.4,8.2,2.4,5.8,-4.5,0.562700964630225,0.5235294117647059,24.0,2.6,0.5,0.3,0.615,0.0,0.0,0.0,0.6,0.5,0.733,1.1,0.3,0.2,0.8,0.2,0.5,-0.5,0.7198952879581152,0.6,,,,,,,,,,,,,,,,,,,,,0.6733795331226363,2020-21
1628977,Hamidou Diallo,1610612765,DET,52,23.6,9.0,4.3,0.477,1.6,0.5,0.341,3.8,2.5,0.64,11.6,1.9,1.5,5.2,1.1,4.1,-3.7,0.5434782608695652,0.5055555555555555,10.0,4.3,1.1,0.4,0.364,0.4,0.1,0.25,0.2,0.1,0.5,1.0,0.1,0.5,0.4,0.1,0.3,-5.2,0.4208754208754208,0.40909090909090906,,,,,,,,,,,,,,,,,,,,,0.47396525642766646,2020-21
1628978,Donte DiVincenzo,1610612749,MIL,66,27.5,9.1,3.8,0.42,5.2,2.0,0.379,1.1,0.8,0.718,10.4,3.1,1.4,5.8,1.2,4.5,4.6,0.5425709515859767,0.5274725274725275,22.0,3.1,0.3,0.1,0.429,0.1,0.0,0.333,0.4,0.3,0.75,0.6,0.1,0.1,0.6,0.1,0.5,0.4,0.6302521008403361,0.33333333333333337,3.0,23.3,5.3,1.0,0.188,4.0,0.7,0.167,0.0,0.0,0.0,2.7,2.7,2.0,6.3,0.7,5.7,4.0,0.25471698113207547,0.25471698113207547,0.43116771940682025,2020-21
1628983,Shai Gilgeous-Alexander,1610612760,OKC,35,33.7,16.1,8.2,0.508,4.9,2.0,0.418,6.5,5.3,0.808,23.7,5.9,3.0,4.7,0.5,4.2,-5.3,0.625,0.5714285714285713,15.0,3.4,2.5,1.3,0.514,0.8,0.3,0.417,2.3,1.9,0.8,4.7,0.6,0.3,0.6,0.1,0.5,1.9,0.6691343963553531,0.58,,,,,,,,,,,,,,,,,,,,,0.6699508812131633,2020-21
1628984,Devonte' Graham,1610612766,CHA,55,30.2,12.2,4.6,0.377,8.7,3.3,0.375,2.9,2.4,0.842,14.8,5.4,1.5,2.7,0.4,2.3,1.8,0.5491243692490354,0.5122950819672132,26.0,2.8,1.2,0.5,0.452,1.1,0.5,0.429,0.4,0.4,0.909,1.9,0.4,0.3,0.3,0.1,0.2,2.1,0.690406976744186,0.625,,,,,,,,,,,,,,,,,,,,,0.6531488398187667,2020-21
1628988,Aaron Holiday,1610612754,IND,66,17.8,6.6,2.6,0.39,2.8,1.0,0.368,1.3,1.0,0.819,7.2,1.9,1.0,1.3,0.2,1.1,0.0,0.501952035694367,0.4696969696969697,12.0,2.2,0.8,0.5,0.667,0.1,0.1,1.0,0.2,0.2,1.0,1.3,0.3,0.0,0.2,0.0,0.2,2.6,0.7319819819819819,0.6875,,,,,,,,,,,,,,,,,,,,,0.6674265453388192,2020-21
1628989,Kevin Huerter,1610612737,ATL,69,30.8,10.6,4.6,0.432,5.6,2.0,0.363,0.9,0.7,0.781,11.9,3.5,1.1,3.3,0.6,2.8,1.0,0.5411058566751547,0.5283018867924528,33.0,2.8,0.5,0.2,0.375,0.4,0.2,0.417,0.2,0.2,0.714,0.7,0.3,0.1,0.2,0.0,0.2,-1.3,0.5952380952380952,0.6000000000000001,18.0,31.0,10.0,4.3,0.428,5.3,1.8,0.347,0.9,0.7,0.706,11.1,2.8,1.1,3.8,0.6,3.2,-2.6,0.533859176606387,0.52,0.5602435772933815,2020-21
1628990,Chandler Hutchison,1610612764,WAS,25,13.8,4.1,1.6,0.379,0.9,0.3,0.364,1.0,0.8,0.84,4.3,0.7,0.8,3.1,0.2,2.9,-2.3,0.47356828193832595,0.426829268292683,4.0,1.0,0.3,0.3,1.0,0.0,0.0,0.0,0.0,0.0,0.0,0.5,0.0,0.0,0.0,0.0,0.0,0.3,0.8333333333333334,1.0,2.0,9.1,2.5,1.0,0.4,0.0,0.0,0.0,1.0,1.0,1.0,3.0,0.5,0.5,1.5,0.0,1.5,-7.5,0.5102040816326531,0.4,0.6191249387527724,2020-21
1628991,Jaren Jackson Jr.,1610612763,MEM,11,23.5,11.4,4.8,0.424,5.5,1.5,0.283,3.8,3.2,0.833,14.4,1.1,1.4,5.6,1.5,4.1,-5.8,0.5507955936352509,0.48684210526315785,7.0,1.8,0.4,0.3,0.667,0.1,0.0,0.0,0.7,0.6,0.8,1.1,0.0,0.3,0.4,0.3,0.1,-1.3,0.7768361581920905,0.7499999999999999,5.0,27.5,10.8,4.6,0.426,5.6,1.6,0.286,3.2,2.8,0.875,13.6,1.0,0.8,5.6,1.8,3.8,-7.6,0.5570117955439056,0.49999999999999994,0.6327593213713749,2020-21
1628993,Alize Johnson,1610612751,BKN,18,10.5,3.8,2.2,0.588,0.3,0.1,0.167,0.7,0.7,1.0,5.2,0.8,0.5,5.0,1.5,3.5,-1.0,0.6329113924050633,0.5921052631578948,1.0,1.9,2.0,1.0,0.5,0.0,0.0,0.0,0.0,0.0,0.0,2.0,0.0,1.0,2.0,2.0,0.0,-2.0,0.5,0.5,5.0,4.5,1.4,0.8,0.571,0.0,0.0,0.0,0.0,0.0,0.0,1.6,0.0,0.6,2.6,0.6,2.0,2.4,0.5714285714285715,0.5714285714285715,0.6104977633819809,2020-21
1628995,Kevin Knox II,1610612752,NYK,42,11.1,3.4,1.3,0.392,2.1,0.8,0.393,0.5,0.4,0.8,3.9,0.5,0.4,1.5,0.2,1.2,-0.8,0.5386740331491713,0.5000000000000001,5.0,0.3,0.2,0.0,0.0,0.2,0.0,0.0,0.0,0.0,0.0,0.0,0.0,0.0,0.0,0.0,0.0,0.4,0.0,0.0,1.0,3.5,0.0,0.0,0.0,0.0,0.0,0.0,2.0,2.0,1.0,2.0,1.0,0.0,1.0,0.0,1.0,9.0,1.1363636363636365,,0.6638431766461265,2020-21
1628997,Caleb Martin,1610612766,CHA,53,15.4,4.8,1.8,0.375,2.4,0.6,0.248,1.2,0.8,0.641,5.0,1.3,0.6,2.7,0.6,2.1,-1.9,0.4692192192192193,0.43750000000000006,7.0,1.2,0.1,0.0,0.0,0.0,0.0,0.0,0.0,0.0,0.0,0.0,0.1,0.1,0.0,0.0,0.0,-2.0,0.0,0.0,,,,,,,,,,,,,,,,,,,,,0.15848973973930575,2020-21
1628998,Cody Martin,1610612766,CHA,52,16.3,3.6,1.6,0.441,1.1,0.3,0.276,0.8,0.5,0.581,4.0,1.7,0.8,3.1,1.0,2.1,-0.1,0.5060728744939271,0.4861111111111111,9.0,0.6,0.4,0.3,0.75,0.0,0.0,0.0,0.1,0.1,1.0,0.8,0.0,0.0,0.0,0.0,0.0,-2.1,0.9009009009009009,0.7499999999999999,,,,,,,,,,,,,,,,,,,,,0.7804026698732676,2020-21
1629001,De'Anthony Melton,1610612763,MEM,52,20.1,7.6,3.3,0.438,4.1,1.7,0.412,1.0,0.8,0.804,9.1,2.5,1.3,3.1,0.6,2.5,2.3,0.5659203980099503,0.5460526315789473,15.0,2.2,0.7,0.3,0.5,0.5,0.3,0.571,0.3,0.3,1.0,1.3,0.1,0.1,0.3,0.1,0.1,1.1,0.7812500000000001,0.6428571428571428,5.0,16.7,6.2,2.2,0.355,4.0,1.2,0.3,1.0,0.6,0.6,6.2,1.0,0.6,3.2,0.8,2.4,-2.2,0.46686746987951805,0.4516129032258065,0.597380994255995,2020-21
1629002,Chimezie Metu,1610612758,SAC,36,13.6,5.0,2.5,0.508,1.0,0.4,0.351,1.2,0.9,0.721,6.3,0.8,0.8,3.1,0.9,2.3,-1.6,0.5698263386396526,0.54,4.0,1.8,0.5,0.3,0.5,0.5,0.3,0.5,0.0,0.0,0.0,0.8,0.0,0.0,0.0,0.0,0.0,0.0,0.8,0.8999999999999999,,,,,,,,,,,,,,,,,,,,,0.7332754462112177,2020-21
1629003,Shake Milton,1610612755,PHI,63,23.2,10.6,4.8,0.45,3.2,1.1,0.35,2.8,2.3,0.83,13.0,3.1,1.6,2.3,0.5,1.8,2.1,0.5493576741041245,0.5047169811320754,13.0,4.0,0.7,0.2,0.222,0.5,0.1,0.167,0.6,0.4,0.625,0.8,0.3,0.5,0.5,0.0,0.5,2.8,0.4149377593360996,0.35714285714285715,12.0,10.1,3.9,1.3,0.319,1.6,0.7,0.421,1.3,1.2,0.933,4.3,0.8,0.9,0.8,0.0,0.8,-1.3,0.4807692307692308,0.4230769230769231,0.476860587764952,2020-21
1629004,Svi Mykhailiuk,1610612760,OKC,66,20.1,7.7,3.2,0.411,4.8,1.6,0.334,0.8,0.6,0.76,8.5,1.7,1.3,2.5,0.4,2.1,-3.5,0.527819175360159,0.5194805194805194,16.0,2.1,0.6,0.2,0.333,0.6,0.2,0.333,0.1,0.1,1.0,0.7,0.3,0.3,0.2,0.0,0.2,-2.2,0.5434782608695652,0.5000000000000001,,,,,,,,,,,,,,,,,,,,,0.5460507734909589,2020-21
1629006,Josh Okogie,1610612750,MIN,59,20.3,4.3,1.7,0.402,1.8,0.5,0.269,1.8,1.4,0.769,5.4,1.1,0.7,2.6,1.1,1.6,-3.3,0.530243519245876,0.4534883720930233,17.0,2.5,0.4,0.1,0.333,0.1,0.0,0.0,0.2,0.1,0.5,0.4,0.0,0.0,0.2,0.1,0.2,-0.8,0.4098360655737705,0.25,,,,,,,,,,,,,,,,,,,,,0.45927420904370436,2020-21
1629008,Michael Porter Jr.,1610612743,DEN,61,31.3,13.4,7.3,0.542,6.3,2.8,0.445,2.2,1.7,0.791,19.0,1.1,1.3,7.3,1.5,5.8,5.9,0.6611915367483296,0.6492537313432835,25.0,4.1,1.0,0.6,0.615,0.5,0.2,0.333,0.2,0.1,0.5,1.6,0.0,0.1,0.8,0.3,0.5,2.6,0.7352941176470588,0.7,10.0,33.2,13.5,6.4,0.474,7.3,2.9,0.397,2.1,1.7,0.81,17.4,1.3,1.6,6.2,1.2,5.0,-3.2,0.6031613976705491,0.5814814814814815,0.664340014075623,2020-21
1629010,Jerome Robinson,1610612764,WAS,17,17.9,5.6,1.6,0.295,2.5,0.6,0.262,1.2,0.9,0.8,4.9,1.5,1.1,2.2,0.2,2.0,-5.9,0.3998041775456919,0.33928571428571436,1.0,2.1,1.0,0.0,0.0,0.0,0.0,0.0,0.0,0.0,0.0,0.0,0.0,0.0,1.0,0.0,1.0,-3.0,0.0,0.0,,,,,,,,,,,,,,,,,,,,,0.1511252020358514,2020-21
1629011,Mitchell Robinson,1610612752,NYK,31,27.5,5.7,3.7,0.653,0.0,0.0,0.0,1.7,0.8,0.491,8.3,0.5,0.8,8.1,3.6,4.5,-0.5,0.6436104218362283,0.6491228070175439,11.0,3.3,0.5,0.4,0.667,0.0,0.0,0.0,0.4,0.1,0.25,0.8,0.0,0.0,0.9,0.2,0.7,1.5,0.591715976331361,0.8,,,,,,,,,,,,,,,,,,,,,0.6177860546560058,2020-21
1629012,Collin Sexton,1610612739,CLE,60,35.3,18.4,8.8,0.475,4.4,1.6,0.371,6.4,5.2,0.815,24.3,4.4,2.8,3.1,1.0,2.2,-6.3,0.5726809954751132,0.5217391304347827,20.0,4.0,2.5,1.3,0.52,0.8,0.5,0.667,0.9,0.7,0.824,3.8,0.4,0.3,0.4,0.1,0.3,-0.3,0.6560773480662984,0.62,,,,,,,,,,,,,,,,,,,,,0.6418655203902374,2020-21
1629013,Landry Shamet,1610612751,BKN,61,23.0,7.5,3.0,0.408,5.5,2.1,0.387,1.3,1.1,0.846,9.3,1.6,0.8,1.8,0.2,1.7,0.9,0.5760654112983152,0.5399999999999999,18.0,1.5,0.3,0.2,0.667,0.3,0.2,0.6,0.3,0.3,1.0,0.9,0.1,0.0,0.1,0.0,0.1,0.8,1.0416666666666667,1.0000000000000002,12.0,17.2,3.4,1.5,0.439,2.2,0.8,0.385,0.4,0.3,0.8,4.2,0.6,0.5,1.8,0.3,1.5,0.6,0.587248322147651,0.5588235294117647,0.740857285178567,2020-21
1629014,Anfernee Simons,1610612757,POR,64,17.3,6.3,2.6,0.419,4.4,1.9,0.426,0.9,0.7,0.807,7.8,1.4,0.7,2.2,0.2,2.0,0.7,0.5824372759856631,0.5634920634920635,11.0,1.4,0.6,0.2,0.286,0.4,0.1,0.25,0.0,0.0,0.0,0.5,0.0,0.0,0.2,0.0,0.2,1.0,0.4166666666666667,0.4166666666666667,6.0,17.9,4.2,2.3,0.56,3.0,1.8,0.611,0.0,0.0,0.0,6.5,0.8,0.2,2.7,0.5,2.2,-7.3,0.7738095238095237,0.7619047619047619,0.6323903396468924,2020-21
1629017,Khyri Thomas,1610612745,HOU,5,30.6,13.2,6.4,0.485,5.4,1.8,0.333,1.8,1.8,1.0,16.4,5.0,1.2,3.6,1.4,2.2,2.8,0.5860491709548313,0.5530303030303031,1.0,1.4,0.0,0.0,0.0,0.0,0.0,0.0,0.0,0.0,0.0,0.0,0.0,0.0,0.0,0.0,0.0,-6.0,,,,,,,,,,,,,,,,,,,,,,,0.19534972365161044,2020-21
1629018,Gary Trent Jr.,1610612761,TOR,58,31.1,13.5,5.5,0.408,7.4,2.8,0.385,1.8,1.4,0.783,15.3,1.4,0.7,2.6,0.5,2.2,-1.0,0.535264483627204,0.5111111111111112,29.0,3.2,1.1,0.4,0.375,0.7,0.3,0.476,0.3,0.3,1.0,1.4,0.1,0.0,0.3,0.1,0.2,1.3,0.568181818181818,0.5,,,,,,,,,,,,,,,,,,,,,0.5653575214778246,2020-21
1629020,Jarred Vanderbilt,1610612750,MIN,64,17.8,3.7,2.2,0.606,0.1,0.0,0.2,1.6,0.9,0.559,5.4,1.2,0.8,5.8,1.8,3.9,-0.8,0.6130790190735695,0.5945945945945946,18.0,1.4,0.2,0.2,0.75,0.0,0.0,0.0,0.2,0.1,0.5,0.4,0.1,0.1,0.3,0.1,0.2,-1.4,0.6944444444444444,1.0,,,,,,,,,,,,,,,,,,,,,0.6727280413914307,2020-21
1629021,Moritz Wagner,1610612753,ORL,45,16.0,5.1,2.3,0.454,2.0,0.7,0.341,1.9,1.6,0.816,6.9,1.1,1.0,3.2,0.6,2.6,-3.2,0.581199460916442,0.5196078431372549,4.0,2.3,1.3,0.5,0.4,0.8,0.5,0.667,0.0,0.0,0.0,1.5,0.0,0.3,0.5,0.0,0.5,2.8,0.5769230769230769,0.5769230769230769,,,,,,,,,,,,,,,,,,,,,0.6038387343276319,2020-21
1629022,Lonnie Walker IV,1610612759,SAS,60,25.4,10.2,4.3,0.42,4.7,1.7,0.355,1.2,1.0,0.814,11.2,1.7,1.1,2.6,0.2,2.4,-3.5,0.5219985085756897,0.5049019607843137,20.0,3.0,0.7,0.4,0.538,0.2,0.0,0.0,0.1,0.1,1.0,0.8,0.2,0.1,0.3,0.0,0.3,-0.4,0.5376344086021506,0.5714285714285715,,,,,,,,,,,,,,,,,,,,,0.53928518702403,2020-21
1629023,P.J. Washington,1610612766,CHA,64,30.5,10.7,4.7,0.44,4.5,1.8,0.386,2.3,1.7,0.745,12.9,2.5,2.0,6.5,1.5,5.1,0.5,0.5507172131147541,0.5233644859813085,20.0,2.9,0.7,0.2,0.231,0.5,0.1,0.222,0.3,0.2,0.667,0.6,0.4,0.1,0.6,0.2,0.4,3.0,0.3605769230769231,0.35714285714285715,,,,,,,,,,,,,,,,,,,,,0.430499075830355,2020-21
1629026,Kenrich Williams,1610612760,OKC,66,21.6,6.2,3.3,0.533,1.8,0.8,0.444,1.0,0.5,0.571,8.0,2.3,1.2,4.1,1.3,2.9,-2.7,0.6024096385542168,0.596774193548387,17.0,2.8,0.4,0.2,0.571,0.1,0.0,0.0,0.0,0.0,0.0,0.5,0.2,0.1,0.8,0.2,0.6,0.2,0.625,0.5,,,,,,,,,,,,,,,,,,,,,0.6239214924202575,2020-21
1629027,Trae Young,1610612737,ATL,63,33.7,17.7,7.7,0.438,6.3,2.2,0.343,8.7,7.7,0.886,25.3,9.4,4.1,3.9,0.6,3.3,4.2,0.5876068376068376,0.49717514124293793,32.0,3.5,2.4,1.1,0.447,0.8,0.3,0.296,0.9,0.8,0.833,3.2,0.9,0.5,0.5,0.0,0.5,-0.9,0.5722460658082976,0.5208333333333334,16.0,37.7,22.4,9.4,0.418,9.0,2.8,0.313,8.4,7.3,0.866,28.8,9.5,4.0,2.8,0.4,2.4,-0.4,0.5518087063151441,0.4821428571428572,0.5781468367279431,2020-21
1629028,Deandre Ayton,1610612756,PHX,69,30.6,10.0,6.2,0.626,0.3,0.1,0.2,2.5,1.9,0.769,14.4,1.4,1.5,10.5,3.3,7.2,4.0,0.6486486486486487,0.625,35.0,4.0,0.7,0.5,0.615,0.0,0.0,0.0,0.4,0.3,0.8,1.3,0.1,0.2,1.5,0.7,0.8,1.5,0.7420091324200914,0.7142857142857143,22.0,36.4,10.6,7.0,0.658,0.0,0.0,0.0,2.4,1.8,0.736,15.8,1.1,1.3,11.8,3.0,8.8,3.7,0.6777625257378175,0.6603773584905661,0.7013257484496808,2020-21
1629029,Luka Dončić,1610612742,DAL,66,34.3,20.5,9.8,0.479,8.3,2.9,0.35,7.1,5.2,0.73,27.7,8.6,4.3,8.0,0.8,7.2,2.5,0.5862682018286488,0.5487804878048781,29.0,3.1,2.2,1.0,0.476,0.8,0.2,0.261,0.6,0.5,0.833,2.8,0.7,0.2,0.9,0.0,0.9,0.2,0.568181818181818,0.5,7.0,40.1,28.0,13.7,0.49,10.9,4.4,0.408,7.3,3.9,0.529,35.7,10.3,4.6,7.9,0.6,7.3,1.0,0.5718954248366014,0.5678571428571428,0.5837847261002311,2020-21
1629048,Goga Bitadze,1610612754,IND,45,12.5,4.3,1.8,0.428,1.8,0.4,0.253,1.4,1.0,0.738,5.1,0.8,0.4,3.3,1.3,2.0,-0.4,0.5187144019528072,0.46511627906976744,8.0,1.5,0.4,0.0,0.0,0.4,0.0,0.0,0.0,0.0,0.0,0.0,0.0,0.1,0.3,0.0,0.3,1.1,0.0,0.0,,,,,,,,,,,,,,,,,,,,,0.18220712623016774,2020-21
1629052,Oshae Brissett,1610612754,IND,21,24.7,7.2,3.5,0.483,3.7,1.6,0.423,3.1,2.4,0.769,10.9,0.9,0.5,5.5,1.4,4.1,2.8,0.6363848668846334,0.5972222222222222,4.0,2.7,0.3,0.3,1.0,0.0,0.0,0.0,0.0,0.0,0.0,0.5,0.0,0.0,1.0,0.0,1.0,5.8,0.8333333333333334,1.0,,,,,,,,,,,,,,,,,,,,,0.771850511183188,2020-21
1629056,Terence Davis,1610612758,SAC,61,17.6,7.5,3.2,0.428,4.4,1.6,0.367,0.9,0.7,0.818,8.7,1.4,1.0,2.5,0.3,2.2,-1.1,0.5509118541033434,0.5333333333333333,13.0,2.2,1.1,0.5,0.5,0.8,0.4,0.455,0.3,0.3,1.0,1.8,0.0,0.0,0.6,0.0,0.6,-0.1,0.7305194805194805,0.6363636363636362,,,,,,,,,,,,,,,,,,,,,0.6853169383788126,2020-21
1629057,Robert Williams III,1610612738,BOS,52,18.9,5.0,3.6,0.721,0.0,0.0,0.0,1.4,0.9,0.616,8.0,1.8,1.0,6.9,2.6,4.3,0.2,0.7122507122507123,0.72,17.0,2.5,0.4,0.3,0.833,0.0,0.0,0.0,0.4,0.2,0.571,0.8,0.1,0.1,0.9,0.3,0.6,-0.7,0.6944444444444444,0.7499999999999999,3.0,15.2,4.7,3.0,0.643,0.0,0.0,0.0,0.7,0.3,0.5,6.3,0.7,0.3,5.0,2.7,2.3,4.7,0.6289936102236422,0.6382978723404255,0.6726867386334879,2020-21
1629060,Rui Hachimura,1610612764,WAS,57,31.5,11.4,5.4,0.478,2.4,0.8,0.328,2.8,2.2,0.77,13.8,1.4,1.2,5.5,0.9,4.6,-1.9,0.546231792273591,0.5087719298245614,28.0,4.2,0.8,0.4,0.522,0.4,0.2,0.455,0.2,0.1,0.667,1.2,0.2,0.1,0.9,0.2,0.7,0.4,0.6756756756756757,0.625,5.0,34.6,9.4,5.8,0.617,3.0,1.8,0.6,2.4,1.4,0.583,14.8,1.0,1.0,7.2,1.0,6.2,-11.4,0.7077276205049733,0.7127659574468085,0.6771452113823438,2020-21
1629067,Isaac Bonga,1610612764,WAS,40,10.8,2.0,0.8,0.37,1.2,0.3,0.277,0.2,0.1,0.625,2.0,0.6,0.6,1.7,0.5,1.2,-0.9,0.4789272030651341,0.47500000000000003,6.0,0.4,0.2,0.0,0.0,0.0,0.0,0.0,0.0,0.0,0.0,0.0,0.0,0.0,0.2,0.2,0.0,-1.5,0.0,0.0,4.0,2.4,1.3,0.0,0.0,0.8,0.0,0.0,0.0,0.0,0.0,0.0,0.0,0.0,0.0,0.0,0.0,0.5,0.0,0.0,0.08982120050585568,2020-21
1629076,Tyler Cook,1610612765,DET,32,13.7,3.2,2.2,0.67,0.1,0.0,0.5,1.1,0.5,0.486,4.9,0.5,0.7,3.0,0.9,2.1,-1.1,0.6650380021715527,0.6875,2.0,0.8,0.0,0.0,0.0,0.0,0.0,0.0,0.0,0.0,0.0,0.0,0.0,0.0,0.0,0.0,0.0,-1.0,,,,,,,,,,,,,,,,,,,,,,,0.22167933405718424,2020-21
1629091,Elijah Bryant,1610612749,MIL,1,31.6,13.0,6.0,0.462,5.0,1.0,0.2,3.0,3.0,1.0,16.0,3.0,4.0,6.0,2.0,4.0,11.0,0.5586592178770949,0.5,1.0,0.1,0.0,0.0,0.0,0.0,0.0,0.0,0.0,0.0,0.0,0.0,0.0,0.0,0.0,0.0,0.0,-2.0,,,11.0,4.5,1.8,0.6,0.35,0.7,0.0,0.0,0.0,0.0,0.0,1.3,0.4,0.2,1.1,0.2,0.9,-1.9,0.3611111111111111,0.3333333333333333,0.27366542520173803,2020-21
1629109,Gary Clark,1610612755,PHI,39,16.8,3.4,1.0,0.303,2.8,0.8,0.287,0.3,0.2,0.8,3.1,0.8,0.4,2.9,0.8,2.1,-2.8,0.4388448471121178,0.4117647058823529,7.0,1.3,0.1,0.0,0.0,0.1,0.0,0.0,0.0,0.0,0.0,0.0,0.0,0.0,0.3,0.0,0.3,-0.7,0.0,0.0,,,,,,,,,,,,,,,,,,,,,0.14922279217376247,2020-21
1629117,Wenyen Gabriel,1610612740,NOP,21,11.5,2.9,1.1,0.4,1.5,0.6,0.406,0.8,0.5,0.647,3.4,0.5,0.7,2.6,1.0,1.6,0.1,0.5227552275522755,0.48275862068965525,2.0,1.9,0.0,0.0,0.0,0.0,0.0,0.0,0.0,0.0,0.0,0.0,0.0,0.0,0.5,0.0,0.5,0.5,,,,,,,,,,,,,,,,,,,,,,,0.17425174251742517,2020-21
1629130,Duncan Robinson,1610612748,MIA,72,31.4,10.0,4.4,0.439,8.5,3.5,0.408,1.0,0.9,0.827,13.1,1.8,1.1,3.5,0.1,3.4,1.6,0.6273946360153256,0.615,27.0,3.4,0.8,0.3,0.318,0.7,0.1,0.222,0.3,0.2,0.857,0.9,0.1,0.0,0.5,0.0,0.5,0.5,0.48283261802575106,0.43749999999999994,4.0,24.9,7.3,2.8,0.379,6.8,2.5,0.37,2.5,2.3,0.9,10.3,0.8,1.0,2.8,0.0,2.8,-8.5,0.6130952380952381,0.5547945205479452,0.5800575977246237,2020-21
1629134,Kendrick Nunn,1610612748,MIA,56,29.5,11.8,5.7,0.485,5.7,2.2,0.381,1.1,1.0,0.933,14.6,2.6,1.4,3.2,0.4,2.8,-0.1,0.5942689677629436,0.576271186440678,15.0,2.5,0.7,0.2,0.3,0.4,0.1,0.333,0.1,0.1,1.0,0.7,0.3,0.1,0.2,0.1,0.1,-0.1,0.4704301075268817,0.35714285714285715,4.0,23.3,10.8,4.3,0.395,4.5,1.3,0.278,0.5,0.5,1.0,10.3,1.5,0.8,1.5,0.0,1.5,-10.3,0.4673321234119782,0.4583333333333333,0.4954531288981014,2020-21
1629139,Yuta Watanabe,1610612761,TOR,50,14.5,3.6,1.6,0.439,1.8,0.7,0.4,0.6,0.5,0.828,4.4,0.8,0.4,3.2,0.7,2.5,-0.8,0.5693581780538303,0.5416666666666667,4.0,3.3,0.3,0.3,1.0,0.0,0.0,0.0,1.0,0.8,0.75,1.3,0.3,0.0,0.8,0.3,0.5,0.0,0.8783783783783784,1.0,,,,,,,,,,,,,,,,,,,,,0.7837049782678809,2020-21
1629162,Jordan McLaughlin,1610612750,MIN,51,18.4,4.7,2.0,0.413,1.8,0.6,0.359,0.6,0.5,0.767,5.0,3.8,1.0,2.1,0.4,1.7,-2.6,0.5036261079774375,0.4893617021276595,7.0,0.6,0.1,0.1,1.0,0.0,0.0,0.0,0.4,0.4,1.0,0.7,0.1,0.0,0.0,0.0,0.0,-2.6,1.2681159420289854,1.0,,,,,,,,,,,,,,,,,,,,,1.0154136569191514,2020-21
1629164,Brandon Goodwin,1610612737,ATL,47,13.2,4.7,1.8,0.377,2.2,0.7,0.311,0.9,0.6,0.651,4.9,2.0,0.8,1.5,0.2,1.3,-1.3,0.4807692307692308,0.45744680851063824,5.0,2.7,0.2,0.0,0.0,0.2,0.0,0.0,1.6,0.8,0.5,0.8,0.8,0.2,1.0,0.0,1.0,-2.4,0.44247787610619466,0.0,,,,,,,,,,,,,,,,,,,,,0.45949698014190415,2020-21
1629185,Chris Chiozza,1610612751,BKN,22,10.6,4.0,1.4,0.352,1.9,0.6,0.31,0.8,0.6,0.765,4.0,3.0,0.7,1.1,0.1,1.0,0.9,0.45955882352941174,0.425,2.0,4.8,2.0,0.0,0.0,0.5,0.0,0.0,0.0,0.0,0.0,0.0,0.5,0.0,0.0,0.0,0.0,0.5,0.0,0.0,6.0,3.2,1.2,0.3,0.286,0.5,0.2,0.333,0.0,0.0,0.0,0.8,0.2,0.2,0.2,0.0,0.2,1.2,0.33333333333333337,0.33333333333333337,0.29325980390906864,2020-21
1629216,Gabe Vincent,1610612748,MIA,50,13.1,4.7,1.8,0.378,3.0,0.9,0.309,0.5,0.4,0.87,4.8,1.3,0.7,1.1,0.2,0.9,-1.5,0.4878048780487805,0.4787234042553191,4.0,3.5,1.5,0.3,0.167,0.8,0.0,0.0,0.3,0.3,1.0,0.8,0.0,0.0,0.0,0.0,0.0,-1.3,0.24509803921568626,0.19999999999999998,3.0,4.7,1.0,0.7,0.667,0.7,0.3,0.5,0.0,0.0,0.0,1.7,0.7,0.3,0.3,0.0,0.3,-0.7,0.85,0.85,0.6199150530235897,2020-21
1629234,Drew Eubanks,1610612759,SAS,54,14.0,3.8,2.1,0.566,0.0,0.0,1.0,2.0,1.4,0.726,5.8,0.8,0.8,4.5,1.4,3.1,-1.8,0.6196581196581197,0.5526315789473685,3.0,1.4,0.0,0.0,0.0,0.0,0.0,0.0,0.0,0.0,0.0,0.0,0.0,0.3,0.3,0.0,0.3,1.3,,,,,,,,,,,,,,,,,,,,,,,0.20655270655270655,2020-21
1629308,Juan Toscano-Anderson,1610612744,GSW,53,20.9,3.9,2.3,0.579,1.7,0.7,0.402,0.6,0.4,0.71,5.7,2.8,1.2,4.4,0.5,3.9,1.8,0.6844380403458213,0.6794871794871795,17.0,1.9,0.3,0.1,0.4,0.2,0.1,0.5,0.0,0.0,0.0,0.4,0.0,0.2,0.5,0.2,0.3,-1.1,0.6666666666666667,0.5000000000000001,,,,,,,,,,,,,,,,,,,,,0.680282765583387,2020-21
1629603,Mamadi Diakite,1610612749,MIL,14,10.1,2.9,1.1,0.4,0.6,0.1,0.125,1.0,0.8,0.786,3.1,0.6,0.2,2.4,0.6,1.9,0.6,0.4640718562874252,0.3965517241379311,2.0,1.4,0.5,0.5,1.0,0.0,0.0,0.0,0.0,0.0,0.0,1.0,0.0,0.0,1.0,0.0,1.0,-1.0,1.0,1.0,7.0,5.0,1.4,0.3,0.2,0.3,0.1,0.5,0.3,0.3,1.0,1.0,0.0,0.1,1.0,0.1,0.9,-0.3,0.3263707571801567,0.25,0.5911054006090487,2020-21
1629606,Robert Franks,1610612753,ORL,7,14.4,4.0,1.9,0.464,2.1,0.7,0.333,1.9,1.7,0.923,6.1,0.7,0.3,2.0,0.9,1.1,-3.6,0.6306865177832919,0.5625,1.0,0.5,0.0,0.0,0.0,0.0,0.0,0.0,0.0,0.0,0.0,0.0,0.0,0.0,0.0,0.0,0.0,-4.0,,,,,,,,,,,,,,,,,,,,,,,0.21022883926109728,2020-21
1629610,DaQuan Jeffries,1610612759,SAS,31,15.9,3.9,1.6,0.417,2.2,0.6,0.299,0.3,0.2,0.875,4.1,0.7,0.5,2.3,0.6,1.7,-1.8,0.5084325396825397,0.4871794871794872,1.0,0.2,0.0,0.0,0.0,0.0,0.0,0.0,0.0,0.0,0.0,0.0,0.0,0.0,0.0,0.0,0.0,-2.0,,,,,,,,,,,,,,,,,,,,,,,0.16947751322751323,2020-21
1629611,Terance Mann,1610612746,LAC,67,18.9,5.2,2.7,0.509,1.4,0.6,0.418,1.4,1.2,0.83,7.0,1.6,0.6,3.6,0.8,2.8,0.5,0.6017881705639615,0.5769230769230769,16.0,1.4,0.7,0.4,0.545,0.3,0.1,0.4,0.0,0.0,0.0,0.9,0.1,0.0,0.4,0.1,0.3,-0.6,0.6428571428571429,0.6428571428571429,19.0,19.9,5.5,2.8,0.519,1.9,0.8,0.432,1.5,1.1,0.714,7.6,0.7,0.2,2.7,0.9,1.8,5.4,0.6168831168831168,0.5818181818181818,0.6364868396135493,2020-21
1629622,Max Strus,1610612748,MIA,39,13.0,4.8,2.2,0.455,3.8,1.3,0.338,0.6,0.4,0.667,6.1,0.6,0.2,1.1,0.1,0.9,-1.0,0.6022906793048973,0.59375,5.0,1.3,0.4,0.2,0.5,0.2,0.0,0.0,0.2,0.2,1.0,0.6,0.0,0.0,0.0,0.0,0.0,0.2,0.6147540983606556,0.5,2.0,2.9,0.5,0.0,0.0,0.0,0.0,0.0,0.0,0.0,0.0,0.0,0.0,0.0,0.0,0.0,0.0,0.5,0.0,0.0,0.313633146002632,2020-21
1629627,Zion Williamson,1610612740,NOP,61,33.2,17.0,10.4,0.611,0.6,0.2,0.294,8.7,6.0,0.698,27.0,3.7,2.7,7.2,2.7,4.5,1.5,0.6481659304782025,0.6176470588235294,31.0,3.5,1.7,1.0,0.574,0.0,0.0,0.0,1.3,1.1,0.854,3.1,0.5,0.2,0.8,0.3,0.5,1.2,0.6822183098591549,0.5882352941176471,,,,,,,,,,,,,,,,,,,,,0.6808675167315825,2020-21
1629628,RJ Barrett,1610612752,NYK,72,34.9,14.7,6.5,0.441,4.3,1.7,0.401,3.8,2.9,0.746,17.6,3.0,1.9,5.8,0.9,4.8,1.9,0.5375030539946251,0.5,34.0,3.8,1.6,0.7,0.472,0.5,0.2,0.438,0.5,0.4,0.765,2.1,0.4,0.1,0.8,0.1,0.7,1.4,0.576923076923077,0.49999999999999994,5.0,32.3,13.4,5.2,0.388,5.6,1.6,0.286,3.0,2.4,0.8,14.4,3.0,0.4,7.2,0.8,6.4,-7.4,0.4891304347826087,0.44776119402985076,0.5373411057721903,2020-21
1629629,Cam Reddish,1610612737,ATL,26,28.9,10.1,3.7,0.365,4.8,1.3,0.262,3.2,2.6,0.817,11.2,1.3,1.3,4.0,0.8,3.2,-1.9,0.48661800486618007,0.43069306930693074,10.0,2.9,0.9,0.4,0.444,0.5,0.0,0.0,0.2,0.2,1.0,1.0,0.0,0.0,0.5,0.0,0.5,-3.4,0.5060728744939271,0.4444444444444445,4.0,23.0,9.0,4.8,0.528,3.5,2.3,0.643,1.3,1.0,0.8,12.8,1.8,1.3,3.5,0.3,3.3,-0.3,0.6686167989970749,0.661111111111111,0.5930132495624365,2020-21
1629630,Ja Morant,1610612763,MEM,63,32.6,15.2,6.8,0.449,3.8,1.2,0.303,5.9,4.3,0.728,19.1,7.4,3.2,4.0,0.9,3.1,1.7,0.5366374466172175,0.4868421052631579,31.0,3.4,2.2,0.9,0.403,0.4,0.1,0.308,1.1,0.8,0.714,2.7,0.7,0.4,0.4,0.1,0.3,-0.9,0.5029806259314457,0.4318181818181818,5.0,40.5,22.6,11.0,0.487,6.2,2.0,0.323,8.0,6.2,0.775,30.2,8.2,3.4,4.8,1.4,3.4,-10.0,0.5781010719754976,0.5309734513274336,0.560624003277341,2020-21
1629631,De'Andre Hunter,1610612737,ATL,23,29.5,10.8,5.2,0.484,4.1,1.3,0.326,3.7,3.2,0.859,15.0,1.9,1.3,4.8,0.7,4.0,3.7,0.6034760218860636,0.5416666666666666,11.0,3.7,1.4,0.4,0.267,0.8,0.3,0.333,0.2,0.2,1.0,1.2,0.4,0.0,0.5,0.2,0.4,-2.7,0.4032258064516129,0.3928571428571429,5.0,30.3,9.0,3.6,0.4,3.2,1.2,0.375,3.2,2.4,0.75,10.8,0.6,1.4,4.0,0.4,3.6,6.8,0.5188316679477326,0.4666666666666667,0.5073667360671772,2020-21
1629632,Coby White,1610612741,CHI,69,31.2,13.1,5.4,0.416,6.6,2.4,0.359,2.1,1.9,0.901,15.1,4.8,2.3,4.1,0.4,3.7,-1.6,0.5383628066172277,0.5038167938931298,33.0,3.3,1.2,0.5,0.474,0.7,0.2,0.304,0.7,0.6,0.87,1.9,0.3,0.1,0.5,0.0,0.5,0.5,0.629973474801061,0.5,,,,,,,,,,,,,,,,,,,,,0.6085968907492622,2020-21
1629633,Jarrett Culver,1610612750,MIN,34,14.7,4.9,2.0,0.411,1.6,0.4,0.245,1.4,0.9,0.604,5.3,0.7,0.8,3.1,1.0,2.1,-3.9,0.4804205946337926,0.4489795918367347,5.0,0.6,0.0,0.0,0.0,0.0,0.0,0.0,0.0,0.0,0.0,0.0,0.0,0.0,0.2,0.0,0.2,-2.4,,,,,,,,,,,,,,,,,,,,,,,0.1601401982112642,2020-21
1629634,Brandon Clarke,1610612763,MEM,59,24.0,8.4,4.3,0.517,1.3,0.3,0.26,1.9,1.3,0.69,10.3,1.6,0.6,5.6,1.6,3.9,-0.3,0.5576006929406669,0.5297619047619048,21.0,2.5,0.8,0.4,0.529,0.0,0.0,0.0,0.1,0.0,0.5,0.9,0.1,0.0,0.4,0.2,0.2,-0.3,0.533175355450237,0.5,2.0,4.7,1.0,0.5,0.5,0.0,0.0,0.0,0.0,0.0,0.0,1.0,0.0,0.0,0.5,0.0,0.5,4.0,0.5,0.5,0.5301823768295325,2020-21
1629635,Sekou Doumbouya,1610612765,DET,56,15.5,5.0,1.9,0.379,2.1,0.5,0.226,1.1,0.8,0.703,5.1,0.8,0.8,2.6,0.7,1.9,-2.4,0.4649890590809628,0.43,7.0,1.3,0.3,0.3,1.0,0.0,0.0,0.0,0.0,0.0,0.0,0.6,0.0,0.0,0.1,0.1,0.0,-1.7,1.0,1.0,,,,,,,,,,,,,,,,,,,,,0.8276630196924543,2020-21
1629636,Darius Garland,1610612739,CLE,54,33.1,14.9,6.7,0.451,4.9,1.9,0.395,2.4,2.1,0.848,17.4,6.1,3.0,2.4,0.4,2.0,-4.4,0.5452494359488593,0.5134228187919463,18.0,3.3,1.3,0.6,0.435,0.2,0.1,0.333,1.1,0.8,0.7,1.9,0.3,0.4,0.2,0.0,0.2,-0.1,0.5325112107623318,0.5,,,,,,,,,,,,,,,,,,,,,0.5454821180386872,2020-21
1629637,Jaxson Hayes,1610612740,NOP,60,16.1,4.7,2.9,0.625,0.2,0.1,0.429,2.0,1.6,0.775,7.5,0.6,0.7,4.3,1.5,2.8,-0.4,0.6720430107526881,0.6276595744680851,10.0,1.9,0.7,0.4,0.571,0.1,0.1,1.0,0.1,0.0,0.0,0.9,0.0,0.0,0.3,0.1,0.2,0.1,0.6048387096774194,0.6428571428571429,,,,,,,,,,,,,,,,,,,,,0.6421337603872834,2020-21
1629638,Nickeil Alexander-Walker,1610612740,NOP,46,21.9,10.0,4.2,0.419,4.8,1.7,0.347,1.4,1.0,0.727,11.0,2.2,1.5,3.1,0.3,2.8,-1.1,0.5180859080633007,0.505,13.0,3.0,2.1,0.6,0.296,1.1,0.4,0.357,0.5,0.3,0.667,1.9,0.3,0.2,0.9,0.2,0.8,0.2,0.4094827586206896,0.38095238095238093,,,,,,,,,,,,,,,,,,,,,0.46668380843279333,2020-21
1629639,Tyler Herro,1610612748,MIA,54,30.3,12.9,5.7,0.439,5.5,2.0,0.36,2.2,1.7,0.803,15.1,3.4,1.9,5.0,0.5,4.5,-1.6,0.5444188058840496,0.5193798449612403,23.0,3.8,1.6,0.5,0.324,1.0,0.3,0.261,0.3,0.3,0.857,1.6,0.3,0.3,0.6,0.1,0.5,-0.8,0.4618937644341801,0.40625,4.0,23.2,9.5,3.0,0.316,4.8,1.5,0.316,1.8,1.8,1.0,9.3,1.8,0.8,3.3,0.3,3.0,-9.0,0.4518072289156627,0.39473684210526316,0.48300777102413195,2020-21
1629640,Keldon Johnson,1610612759,SAS,69,28.5,10.2,4.9,0.479,2.6,0.9,0.331,2.8,2.1,0.74,12.8,1.8,1.1,6.0,1.3,4.6,-2.5,0.5598320503848846,0.5245098039215688,27.0,3.5,1.0,0.4,0.462,0.1,0.0,0.333,0.2,0.1,0.667,1.1,0.0,0.1,0.8,0.1,0.7,-0.7,0.5055147058823529,0.4,,,,,,,,,,,,,,,,,,,,,0.5334244089508631,2020-21
1629641,Romeo Langford,1610612738,BOS,18,15.7,3.3,1.2,0.356,1.0,0.3,0.278,0.7,0.5,0.75,3.1,0.7,0.6,1.9,0.7,1.3,-3.7,0.42960088691796017,0.40909090909090906,6.0,1.3,0.7,0.2,0.25,0.2,0.0,0.0,0.3,0.2,0.5,0.5,0.0,0.0,0.7,0.2,0.5,-3.0,0.3004807692307692,0.28571428571428575,4.0,27.2,8.0,3.3,0.406,4.3,1.5,0.353,1.0,1.0,1.0,9.0,1.3,0.3,2.5,1.3,1.3,-0.5,0.533175355450237,0.50625,0.4595602031607282,2020-21
1629642,Nassir Little,1610612757,POR,48,13.3,3.5,1.6,0.467,1.7,0.6,0.35,0.9,0.8,0.8,4.6,0.5,0.4,2.7,0.7,2.0,-0.8,0.5903490759753593,0.5428571428571429,3.0,1.2,0.0,0.0,0.0,0.0,0.0,0.0,0.0,0.0,0.0,0.0,0.0,0.0,0.3,0.0,0.3,-0.7,,,3.0,3.0,1.3,0.3,0.25,1.3,0.3,0.25,1.3,0.7,0.5,1.7,0.0,0.3,0.3,0.0,0.3,-0.3,0.454059829059829,0.3461538461538461,0.3254214271924744,2020-21
1629643,Chuma Okeke,1610612753,ORL,45,25.2,7.2,3.0,0.417,3.1,1.1,0.348,0.9,0.7,0.75,7.8,2.2,0.8,4.0,0.9,3.1,-4.0,0.5134281200631912,0.4930555555555555,15.0,2.5,0.4,0.2,0.5,0.3,0.1,0.25,0.1,0.1,1.0,0.5,0.2,0.0,0.5,0.1,0.5,-0.7,0.5630630630630631,0.625,,,,,,,,,,,,,,,,,,,,,0.5520736376178897,2020-21
1629644,KZ Okpala,1610612748,MIA,37,12.1,2.6,1.0,0.375,1.4,0.3,0.24,0.4,0.2,0.533,2.5,0.5,0.4,1.8,0.6,1.3,-1.8,0.4502881844380403,0.44230769230769224,3.0,0.4,0.0,0.0,0.0,0.0,0.0,0.0,0.0,0.0,0.0,0.0,0.0,0.0,0.0,0.0,0.0,-1.3,,,2.0,2.9,0.5,0.0,0.0,0.5,0.0,0.0,0.0,0.0,0.0,0.0,0.0,0.0,0.0,0.0,0.0,0.5,0.0,0.0,0.07504803073967338,2020-21
1629645,Kevin Porter Jr.,1610612745,HOU,26,32.1,14.1,6.0,0.425,6.2,1.9,0.311,3.6,2.7,0.734,16.6,6.3,3.5,3.8,0.8,3.0,-8.6,0.5292017342514665,0.49290780141843976,7.0,2.5,1.4,0.7,0.5,0.9,0.6,0.667,0.3,0.3,1.0,2.3,0.0,0.1,0.4,0.0,0.4,-1.9,0.7506527415143602,0.7142857142857143,,,,,,,,,,,,,,,,,,,,,0.6867648171068758,2020-21
1629647,Darius Bazley,1610612760,OKC,55,31.2,12.5,5.0,0.396,5.2,1.5,0.29,3.2,2.3,0.702,13.7,1.8,2.2,7.2,0.9,6.3,-8.7,0.49252228932988207,0.46,25.0,3.2,0.9,0.2,0.273,0.3,0.0,0.0,0.2,0.2,1.0,0.7,0.2,0.2,0.7,0.0,0.7,-1.1,0.35425101214574894,0.22222222222222224,,,,,,,,,,,,,,,,,,,,,0.4075414378732173,2020-21
1629648,Jordan Bone,1610612753,ORL,14,14.0,3.9,1.6,0.426,2.3,0.7,0.313,0.0,0.0,0.0,4.0,1.3,0.2,1.7,0.3,1.4,-4.2,0.5128205128205129,0.5000000000000001,,,,,,,,,,,,,,,,,,,,,,,,,,,,,,,,,,,,,,,,,0.5128205128205129,2020-21
1629649,Ignas Brazdeikis,1610612753,ORL,13,19.1,6.4,2.7,0.422,2.2,0.8,0.393,1.1,0.8,0.714,7.0,1.3,0.9,3.5,0.8,2.6,-2.1,0.5084253341080767,0.484375,1.0,2.2,2.0,2.0,1.0,1.0,1.0,1.0,0.0,0.0,0.0,5.0,0.0,0.0,0.0,0.0,0.0,5.0,1.25,1.25,,,,,,,,,,,,,,,,,,,,,1.0340584446978094,2020-21
1629650,Moses Brown,1610612738,BOS,43,21.4,6.2,3.4,0.545,0.0,0.0,0.0,2.9,1.8,0.619,8.6,0.2,1.0,8.9,3.6,5.3,-8.4,0.5751738897806313,0.5483870967741935,7.0,2.3,0.9,0.4,0.5,0.0,0.0,0.0,0.0,0.0,0.0,0.9,0.0,0.0,1.4,0.7,0.7,0.4,0.5,0.4444444444444445,,,,,,,,,,,,,,,,,,,,,0.5395740922901272,2020-21
1629651,Nic Claxton,1610612751,BKN,32,18.6,4.5,2.8,0.621,0.2,0.0,0.2,2.0,1.0,0.484,6.6,0.9,0.6,5.2,1.3,3.8,4.9,0.6133828996282528,0.6222222222222222,7.0,2.6,0.7,0.4,0.6,0.0,0.0,0.0,0.4,0.3,0.667,1.1,0.1,0.0,0.6,0.3,0.3,1.6,0.6278538812785389,0.5714285714285715,12.0,10.8,2.4,1.2,0.483,0.0,0.0,0.0,0.3,0.2,0.667,2.5,0.6,0.3,2.8,1.2,1.6,0.9,0.49368088467614535,0.5,0.5739111082543932,2020-21
1629652,Luguentz Dort,1610612760,OKC,52,29.7,12.3,4.8,0.387,6.3,2.2,0.343,3.2,2.3,0.744,14.0,1.7,1.5,3.6,0.7,2.9,-4.8,0.5106507149110009,0.4796747967479675,24.0,3.7,1.1,0.5,0.444,0.7,0.3,0.353,0.5,0.5,0.846,1.7,0.1,0.2,0.3,0.1,0.2,-0.1,0.6439393939393939,0.5909090909090908,,,,,,,,,,,,,,,,,,,,,0.6084529236934301,2020-21
1629655,Daniel Gafford,1610612764,WAS,54,14.7,4.2,2.9,0.684,0.0,0.0,0.0,2.0,1.3,0.667,7.0,0.5,0.8,4.3,1.7,2.5,0.9,0.6889763779527559,0.6904761904761905,12.0,3.6,0.8,0.3,0.444,0.0,0.0,0.0,0.5,0.3,0.667,1.0,0.1,0.1,0.8,0.3,0.5,2.1,0.49019607843137253,0.37499999999999994,5.0,23.4,5.2,4.4,0.846,0.0,0.0,0.0,4.8,3.0,0.625,11.8,0.6,0.6,5.8,2.8,3.0,1.4,0.8068927789934355,0.8461538461538461,0.7007220976757185,2020-21
1629658,Jaylen Hoard,1610612760,OKC,19,16.8,4.6,2.3,0.5,0.6,0.0,0.0,2.2,1.5,0.683,6.1,1.3,0.9,3.4,1.1,2.3,-3.3,0.5477729885057472,0.5,4.0,1.4,0.3,0.0,0.0,0.0,0.0,0.0,0.0,0.0,0.0,0.0,0.0,0.0,0.0,0.0,0.0,0.3,0.0,0.0,,,,,,,,,,,,,,,,,,,,,0.18911273529759942,2020-21
1629659,Talen Horton-Tucker,1610612747,LAL,65,20.1,7.5,3.4,0.458,2.0,0.6,0.282,2.0,1.5,0.775,9.0,2.8,1.6,2.6,0.4,2.2,0.2,0.5369928400954653,0.4933333333333333,11.0,2.1,0.6,0.4,0.571,0.2,0.2,1.0,0.5,0.4,0.8,1.3,0.2,0.4,0.2,0.1,0.1,0.9,0.7926829268292683,0.8333333333333334,4.0,12.1,6.0,2.8,0.458,1.3,0.3,0.2,1.3,0.8,0.6,6.5,0.5,0.8,3.5,0.5,3.0,-3.5,0.49452221545952524,0.49166666666666664,0.6089875566876962,2020-21
1629660,Ty Jerome,1610612760,OKC,33,23.9,8.7,3.9,0.446,5.1,2.2,0.423,1.0,0.8,0.765,10.7,3.6,1.4,2.8,0.3,2.5,-4.1,0.5853391684901532,0.574712643678161,5.0,1.2,0.0,0.0,0.0,0.0,0.0,0.0,0.0,0.0,0.0,0.0,0.2,0.4,0.4,0.0,0.4,1.4,,,,,,,,,,,,,,,,,,,,,,,0.1951130561633844,2020-21
1629661,Cameron Johnson,1610612756,PHX,60,24.0,8.1,3.4,0.42,5.6,2.0,0.349,1.0,0.8,0.847,9.6,1.4,0.7,3.3,0.6,2.8,2.9,0.5620608899297425,0.54320987654321,24.0,3.1,0.5,0.2,0.455,0.5,0.2,0.455,0.1,0.1,1.0,0.8,0.2,0.0,0.4,0.2,0.2,1.6,0.7352941176470588,0.6000000000000001,21.0,21.1,5.2,2.6,0.5,3.5,1.6,0.446,1.5,1.4,0.906,8.2,0.8,0.7,3.1,0.8,2.4,-0.6,0.6996587030716722,0.6538461538461539,0.6947770452452237,2020-21
1629663,Louis King,1610612758,SAC,6,14.2,5.7,2.8,0.5,1.8,0.7,0.364,1.0,1.0,1.0,7.3,1.5,0.7,3.0,0.8,2.2,-0.5,0.5944625407166123,0.5526315789473684,1.0,5.0,2.0,1.0,0.5,1.0,0.0,0.0,0.0,0.0,0.0,2.0,2.0,0.0,0.0,0.0,0.0,-1.0,0.5,0.5,,,,,,,,,,,,,,,,,,,,,0.566575232864294,2020-21
1629667,Jalen McDaniels,1610612766,CHA,47,19.2,6.0,2.8,0.468,2.2,0.7,0.333,1.4,1.0,0.703,7.4,1.1,1.0,3.6,1.0,2.6,-3.8,0.5592503022974608,0.525,9.0,2.2,0.2,0.1,0.5,0.1,0.0,0.0,0.0,0.0,0.0,0.2,0.0,0.1,0.7,0.0,0.7,-1.8,0.5,0.5,,,,,,,,,,,,,,,,,,,,,0.523083434098598,2020-21
1629669,Jaylen Nowell,1610612750,MIN,42,18.1,8.0,3.4,0.424,3.6,1.2,0.333,1.3,1.1,0.818,9.0,1.5,0.7,2.3,0.5,1.8,-2.4,0.5249650023331779,0.5,8.0,1.3,0.4,0.0,0.0,0.3,0.0,0.0,0.0,0.0,0.0,0.0,0.0,0.0,0.4,0.1,0.3,1.0,0.0,0.0,,,,,,,,,,,,,,,,,,,,,0.1799883341104343,2020-21
1629672,Eric Paschall,1610612744,GSW,40,17.4,7.5,3.7,0.497,1.4,0.5,0.333,2.4,1.7,0.713,9.5,1.3,1.1,3.2,0.7,2.5,-2.8,0.5551659654043946,0.5266666666666667,6.0,3.3,0.7,0.5,0.75,0.0,0.0,0.0,0.5,0.3,0.667,1.3,0.0,0.0,0.7,0.2,0.5,2.2,0.7065217391304348,0.7142857142857143,,,,,,,,,,,,,,,,,,,,,0.6654031478871769,2020-21
1629673,Jordan Poole,1610612744,GSW,51,19.4,9.3,4.0,0.432,5.4,1.9,0.351,2.3,2.1,0.882,12.0,1.9,1.0,1.8,0.3,1.5,0.6,0.5818463925523661,0.532258064516129,9.0,2.4,1.1,0.6,0.5,0.7,0.3,0.5,0.4,0.4,1.0,1.9,0.0,0.1,0.3,0.1,0.2,-0.4,0.744514106583072,0.6818181818181818,,,,,,,,,,,,,,,,,,,,,0.7021194922274789,2020-21
1629675,Naz Reid,1610612750,MIN,70,19.2,8.3,4.3,0.523,2.5,0.9,0.351,2.4,1.6,0.693,11.2,1.0,1.0,4.6,1.2,3.4,-4.2,0.5985463873450191,0.5722891566265059,18.0,2.1,0.8,0.6,0.714,0.1,0.0,0.0,0.2,0.2,1.0,1.3,0.1,0.1,0.7,0.3,0.4,0.1,0.7319819819819819,0.7499999999999999,,,,,,,,,,,,,,,,,,,,,0.6971420046520339,2020-21
1629676,Isaiah Roby,1610612760,OKC,61,23.4,7.0,3.4,0.483,1.8,0.5,0.294,1.9,1.4,0.744,8.7,1.8,1.9,5.6,1.5,4.1,-7.2,0.5551301684532924,0.5214285714285715,15.0,1.7,0.3,0.1,0.25,0.2,0.0,0.0,0.5,0.4,0.857,0.5,0.0,0.1,0.4,0.1,0.3,-0.1,0.4807692307692307,0.33333333333333337,,,,,,,,,,,,,,,,,,,,,0.5098419242823534,2020-21
1629680,Matisse Thybulle,1610612755,PHI,65,20.0,3.7,1.6,0.42,2.2,0.7,0.301,0.3,0.1,0.444,3.9,1.0,0.5,1.9,0.5,1.4,1.5,0.5088726513569937,0.5270270270270271,23.0,1.1,0.2,0.1,0.75,0.1,0.0,0.5,0.0,0.0,1.0,0.3,0.0,0.0,0.1,0.0,0.1,-0.7,0.7499999999999999,0.5,12.0,18.3,4.3,2.1,0.481,2.8,0.9,0.324,0.4,0.2,0.4,5.3,0.3,0.2,1.4,0.3,1.1,-3.6,0.5920464700625558,0.5930232558139535,0.6362407489947214,2020-21
1629681,Killian Tillie,1610612763,MEM,18,10.1,3.2,1.1,0.333,1.8,0.6,0.303,0.6,0.5,0.818,3.2,0.4,0.1,1.3,0.3,1.0,2.2,0.4618937644341801,0.4375,1.0,5.0,1.0,1.0,1.0,1.0,1.0,1.0,2.0,1.0,0.5,4.0,1.0,0.0,1.0,0.0,1.0,1.0,1.0638297872340425,1.5,,,,,,,,,,,,,,,,,,,,,0.8944344462909894,2020-21
1629684,Grant Williams,1610612738,BOS,63,18.1,3.9,1.7,0.437,2.0,0.8,0.372,0.8,0.5,0.588,4.7,1.0,0.9,2.8,0.8,2.1,-0.8,0.5526810912511759,0.5384615384615385,24.0,1.8,0.1,0.0,0.333,0.1,0.0,0.5,0.4,0.2,0.5,0.3,0.0,0.0,0.4,0.2,0.2,-0.3,0.5434782608695652,0.0,5.0,11.4,2.4,1.2,0.5,0.8,0.4,0.5,0.6,0.6,1.0,3.4,0.8,0.2,2.0,0.6,1.4,1.0,0.6381381381381382,0.5833333333333334,0.5949061071308985,2020-21
1629685,Dylan Windler,1610612739,CLE,31,16.5,4.2,1.8,0.438,2.5,0.8,0.338,0.9,0.7,0.778,5.2,1.1,1.0,3.5,0.6,2.8,-2.0,0.5657093124456049,0.5238095238095238,3.0,2.8,0.3,0.3,1.0,0.0,0.0,0.0,0.7,0.3,0.5,1.0,0.3,0.3,1.0,0.3,0.7,0.0,0.8223684210526316,1.0,,,,,,,,,,,,,,,,,,,,,0.7439582419914459,2020-21
1629712,Didi Louzada,1610612740,NOP,3,18.8,4.3,1.0,0.231,2.7,0.7,0.25,0.0,0.0,0.0,2.7,1.0,1.0,1.0,0.3,0.7,-3.7,0.3139534883720931,0.3139534883720931,1.0,0.0,0.0,0.0,0.0,0.0,0.0,0.0,0.0,0.0,0.0,0.0,0.0,0.0,0.0,0.0,0.0,0.0,,,,,,,,,,,,,,,,,,,,,,,0.1046511627906977,2020-21
1629717,Armoni Brooks,1610612745,HOU,20,26.0,9.6,3.9,0.406,7.9,3.0,0.382,0.6,0.4,0.583,11.2,1.5,1.1,3.4,0.5,2.9,-6.8,0.5677210056772101,0.5625000000000001,3.0,3.1,0.3,0.0,0.0,0.3,0.0,0.0,1.0,0.3,0.333,0.3,0.0,0.0,0.0,0.0,0.0,1.3,0.2027027027027027,0.0,,,,,,,,,,,,,,,,,,,,,0.3275004703605463,2020-21
1629718,Charlie Brown Jr.,1610612760,OKC,9,16.9,4.8,1.4,0.302,2.3,0.6,0.238,1.1,1.0,0.9,4.4,1.0,0.7,1.9,0.3,1.6,-4.8,0.4163512490537472,0.3541666666666667,1.0,5.1,1.0,0.0,0.0,0.0,0.0,0.0,0.0,0.0,0.0,0.0,0.0,0.0,1.0,0.0,1.0,4.0,0.0,0.0,,,,,,,,,,,,,,,,,,,,,0.15961708301357547,2020-21
1629723,John Konchar,1610612763,MEM,43,13.4,3.2,1.6,0.5,1.3,0.5,0.375,0.7,0.6,0.833,4.3,1.1,0.4,3.0,0.8,2.2,0.4,0.612884834663626,0.578125,3.0,0.7,0.0,0.0,0.0,0.0,0.0,0.0,0.0,0.0,0.0,0.0,0.0,0.0,0.7,0.0,0.7,-1.7,,,1.0,2.8,1.0,0.0,0.0,1.0,0.0,0.0,0.0,0.0,0.0,0.0,0.0,0.0,1.0,0.0,1.0,4.0,0.0,0.0,0.10214747244393767,2020-21
1629726,Garrison Mathews,1610612764,WAS,64,16.2,3.7,1.5,0.409,3.1,1.2,0.384,1.5,1.3,0.884,5.5,0.4,0.2,1.4,0.3,1.1,-2.1,0.6307339449541284,0.5675675675675675,10.0,2.4,0.6,0.1,0.167,0.6,0.1,0.167,0.3,0.2,0.667,0.5,0.3,0.0,0.3,0.2,0.1,-0.6,0.34153005464480873,0.25000000000000006,3.0,5.7,1.3,0.0,0.0,1.3,0.0,0.0,1.7,1.3,0.8,1.3,0.0,0.0,0.7,0.0,0.7,-1.7,0.3173828125,0.0,0.3938732981691245,2020-21
1629731,Dean Wade,1610612739,CLE,63,19.2,4.9,2.1,0.431,3.4,1.2,0.366,0.6,0.5,0.769,6.0,1.2,0.5,3.4,0.6,2.8,-3.5,0.5809450038729667,0.5510204081632653,9.0,3.2,0.6,0.1,0.2,0.3,0.0,0.0,0.3,0.2,0.667,0.4,0.0,0.1,0.8,0.1,0.7,-1.1,0.273224043715847,0.16666666666666669,,,,,,,,,,,,,,,,,,,,,0.3880425950582383,2020-21
1629740,Nicolo Melli,1610612742,DAL,45,12.6,3.1,1.0,0.326,1.9,0.5,0.271,0.6,0.4,0.76,3.0,1.0,0.3,2.7,0.6,2.1,0.5,0.44589774078478006,0.4032258064516129,1.0,10.2,5.0,1.0,0.2,5.0,1.0,0.2,0.0,0.0,0.0,3.0,0.0,0.0,1.0,0.0,1.0,10.0,0.3,0.3,3.0,6.4,1.3,0.0,0.0,0.7,0.0,0.0,0.0,0.0,0.0,0.0,0.0,0.0,2.0,0.7,1.3,-5.7,0.0,0.0,0.27431629013079667,2020-21
1629743,Donta Hall,1610612753,ORL,13,13.8,2.7,1.9,0.714,0.0,0.0,0.0,2.6,1.8,0.676,5.6,0.8,0.6,4.8,1.8,2.9,-1.5,0.7284079084287199,0.7037037037037036,,,,,,,,,,,,,,,,,,,,,,,,,,,,,,,,,,,,,,,,,0.7284079084287199,2020-21
1629750,Javonte Green,1610612741,CHI,41,11.6,2.5,1.3,0.52,0.7,0.2,0.333,1.0,0.7,0.75,3.6,0.4,0.5,1.7,0.6,1.1,0.4,0.6122448979591837,0.56,7.0,1.3,0.1,0.0,0.0,0.0,0.0,0.0,0.0,0.0,0.0,0.0,0.0,0.0,0.0,0.0,0.0,-2.6,0.0,0.0,,,,,,,,,,,,,,,,,,,,,0.20808163265146123,2020-21
1629751,Dakota Mathias,1610612755,PHI,8,15.4,6.0,2.4,0.396,3.3,1.0,0.308,0.8,0.3,0.333,6.0,1.6,0.1,0.9,0.1,0.8,-3.9,0.4722921914357682,0.48333333333333334,1.0,5.5,1.0,1.0,1.0,1.0,1.0,1.0,2.0,0.0,0.0,3.0,0.0,0.0,1.0,0.0,1.0,8.0,0.797872340425532,1.5,,,,,,,,,,,,,,,,,,,,,0.7060122907594997,2020-21
1630162,Anthony Edwards,1610612750,MIN,72,32.1,16.8,7.0,0.417,7.2,2.4,0.329,3.8,2.9,0.776,19.3,2.9,2.2,4.7,0.8,3.8,-3.2,0.5224122996968384,0.488095238095238,32.0,3.5,1.3,0.5,0.4,0.4,0.1,0.167,0.4,0.3,0.643,1.3,0.3,0.3,0.8,0.3,0.6,-2.1,0.44037940379403795,0.4230769230769231,,,,,,,,,,,,,,,,,,,,,0.4754617976659394,2020-21
1630163,LaMelo Ball,1610612766,CHA,51,28.8,13.2,5.7,0.436,5.1,1.8,0.352,3.2,2.5,0.758,15.7,6.1,2.8,5.9,1.2,4.7,-1.6,0.5373767798466594,0.5000000000000001,18.0,2.4,0.8,0.4,0.467,0.3,0.0,0.0,0.3,0.2,0.667,1.0,0.6,0.1,0.4,0.1,0.3,2.1,0.5364806866952789,0.5,,,,,,,,,,,,,,,,,,,,,0.5428399904725526,2020-21
1630164,James Wiseman,1610612744,GSW,39,21.4,9.4,4.9,0.519,1.0,0.3,0.316,2.2,1.4,0.628,11.5,0.7,1.5,5.8,1.4,4.4,-4.7,0.5545910493827161,0.5372340425531915,5.0,1.4,0.2,0.2,1.0,0.0,0.0,0.0,0.0,0.0,0.0,0.4,0.0,0.0,0.2,0.0,0.2,-3.8,1.0,1.0,,,,,,,,,,,,,,,,,,,,,0.8536580093684805,2020-21
1630165,Killian Hayes,1610612765,DET,26,25.8,7.7,2.7,0.353,2.8,0.8,0.278,0.7,0.5,0.824,6.8,5.3,3.2,2.7,0.2,2.4,-5.0,0.4245754245754245,0.4025974025974026,10.0,2.5,0.8,0.2,0.25,0.2,0.0,0.0,0.2,0.1,0.5,0.5,0.6,0.4,0.0,0.0,0.0,-1.6,0.28153153153153154,0.25,,,,,,,,,,,,,,,,,,,,,0.33960243960109027,2020-21
1630166,Deni Avdija,1610612764,WAS,54,23.3,5.8,2.4,0.417,3.1,1.0,0.315,0.8,0.5,0.644,6.3,1.2,0.6,4.9,0.4,4.4,-1.5,0.5120286085825747,0.5,14.0,1.9,0.3,0.1,0.25,0.3,0.1,0.25,0.0,0.0,0.0,0.2,0.0,0.1,0.4,0.0,0.4,-1.4,0.33333333333333337,0.5000000000000001,,,,,,,,,,,,,,,,,,,,,0.39807083887529215,2020-21
1630167,Obi Toppin,1610612752,NYK,62,11.0,3.4,1.7,0.498,1.4,0.4,0.306,0.4,0.3,0.731,4.1,0.5,0.4,2.2,0.4,1.8,0.4,0.5732662192393735,0.5588235294117647,,,,,,,,,,,,,,,,,,,,,5.0,13.1,4.6,2.4,0.522,1.8,0.6,0.333,1.2,1.0,0.833,6.4,0.4,0.6,2.6,0.8,1.8,0.8,0.62402496099844,0.5869565217391304,0.6113352755586734,2020-21
1630168,Onyeka Okongwu,1610612737,ATL,50,12.0,3.0,1.9,0.644,0.1,0.0,0.0,1.1,0.7,0.632,4.6,0.4,0.6,3.3,1.2,2.0,-1.8,0.6601607347876004,0.6333333333333333,,,,,,,,,,,,,,,,,,,,,18.0,9.2,1.7,0.9,0.548,0.1,0.0,0.0,1.2,0.8,0.667,2.7,0.1,0.2,2.7,1.2,1.5,-1.3,0.6059245960502694,0.5294117647058824,0.6194836307346021,2020-21
1630169,Tyrese Haliburton,1610612758,SAC,58,30.1,10.7,5.0,0.472,5.1,2.1,0.409,1.0,0.8,0.857,13.0,5.3,1.6,3.0,0.7,2.3,-3.1,0.5834829443447038,0.5654205607476636,32.0,3.3,0.8,0.4,0.583,0.5,0.2,0.467,0.2,0.2,1.0,1.3,0.4,0.1,0.3,0.1,0.3,0.3,0.7319819819819819,0.625,,,,,,,,,,,,,,,,,,,,,0.6899589382828758,2020-21
1630170,Devin Vassell,1610612759,SAS,62,17.0,4.9,2.0,0.406,2.4,0.8,0.347,0.8,0.7,0.843,5.5,0.9,0.4,2.8,0.4,2.4,-1.0,0.5236100533130236,0.48979591836734687,6.0,0.7,0.5,0.0,0.0,0.5,0.0,0.0,0.0,0.0,0.0,0.0,0.2,0.0,0.0,0.0,0.0,-1.7,0.0,0.0,,,,,,,,,,,,,,,,,,,,,0.18474076606824513,2020-21
1630171,Isaac Okoro,1610612739,CLE,67,32.4,8.3,3.5,0.42,3.2,0.9,0.29,2.3,1.7,0.726,9.6,1.9,1.3,3.1,1.0,2.1,-6.1,0.5154639175257731,0.4759036144578313,24.0,3.9,0.5,0.3,0.462,0.2,0.0,0.25,0.5,0.3,0.727,0.9,0.0,0.2,0.2,0.0,0.1,-2.1,0.625,0.6,,,,,,,,,,,,,,,,,,,,,0.5945120688934075,2020-21
1630172,Patrick Williams,1610612741,CHI,71,27.9,7.4,3.6,0.483,1.9,0.8,0.391,1.8,1.3,0.728,9.2,1.4,1.4,4.6,0.9,3.7,-4.1,0.5615234375,0.5405405405405405,28.0,1.9,0.2,0.1,0.667,0.1,0.0,0.5,0.1,0.1,0.667,0.4,0.0,0.0,0.3,0.0,0.3,-1.3,0.819672131147541,0.5,,,,,,,,,,,,,,,,,,,,,0.7363252693006982,2020-21
1630173,Precious Achiuwa,1610612748,MIA,61,12.1,3.7,2.0,0.544,0.0,0.0,0.0,1.8,0.9,0.509,5.0,0.5,0.7,3.4,1.2,2.2,-1.9,0.5565449688334817,0.5405405405405405,1.0,8.1,6.0,3.0,0.5,0.0,0.0,0.0,2.0,2.0,1.0,8.0,0.0,0.0,6.0,4.0,2.0,-2.0,0.5813953488372093,0.5,3.0,4.1,1.3,1.0,0.75,0.0,0.0,0.0,1.3,0.3,0.25,2.3,0.0,1.3,2.0,0.0,2.0,0.0,0.6143162393162392,0.7692307692307692,0.693714064076103,2020-21
1630174,Aaron Nesmith,1610612738,BOS,46,14.5,3.9,1.7,0.438,2.3,0.9,0.37,0.6,0.5,0.786,4.7,0.5,0.5,2.8,0.6,2.2,-0.2,0.564361191162344,0.5512820512820513,4.0,3.5,0.8,0.5,0.667,0.0,0.0,0.0,0.0,0.0,0.0,1.0,0.0,0.0,1.0,0.3,0.8,-2.0,0.625,0.625,5.0,15.0,3.6,1.0,0.278,2.8,0.8,0.286,0.4,0.4,1.0,3.2,0.2,0.4,2.6,0.4,2.2,-1.6,0.423728813559322,0.38888888888888884,0.5347707591476125,2020-21
1630175,Cole Anthony,1610612753,ORL,47,27.1,11.7,4.7,0.397,3.7,1.2,0.337,2.8,2.3,0.832,12.9,4.1,2.3,4.7,0.8,3.9,-6.9,0.49876275904732453,0.452991452991453,10.0,3.4,1.3,0.8,0.615,0.6,0.4,0.667,0.9,0.8,0.889,2.8,0.1,0.3,0.8,0.2,0.6,-1.7,0.8254716981132074,0.7692307692307692,,,,,,,,,,,,,,,,,,,,,0.7276798295347413,2020-21
1630177,Theo Maledon,1610612760,OKC,65,27.3,9.4,3.5,0.368,4.8,1.6,0.335,2.1,1.6,0.748,10.1,3.5,2.2,3.2,0.4,2.9,-9.6,0.48915149166989536,0.45744680851063824,15.0,2.5,0.7,0.4,0.6,0.3,0.1,0.25,0.3,0.3,1.0,1.1,0.1,0.2,0.3,0.1,0.3,-0.1,0.6610576923076924,0.6428571428571429,,,,,,,,,,,,,,,,,,,,,0.6112024339382729,2020-21
1630178,Tyrese Maxey,1610612755,PHI,61,15.3,7.0,3.2,0.462,1.7,0.5,0.301,1.1,1.0,0.871,8.0,2.0,0.7,1.7,0.2,1.5,-0.9,0.5344735435595938,0.4928571428571429,5.0,1.7,0.6,0.2,0.333,0.6,0.2,0.333,0.0,0.0,0.0,0.6,0.0,0.2,0.0,0.0,0.0,-5.2,0.5,0.5000000000000001,12.0,13.0,5.5,2.4,0.439,1.0,0.3,0.333,1.8,1.2,0.636,6.3,1.3,0.4,1.8,0.1,1.8,0.9,0.5006357279084552,0.4636363636363636,0.5146348831176973,2020-21
1630180,Saddiq Bey,1610612765,DET,70,27.3,9.9,4.0,0.404,6.6,2.5,0.38,2.1,1.8,0.844,12.2,1.4,0.9,4.5,0.6,3.9,-3.0,0.5635624538063562,0.5303030303030303,23.0,2.9,1.0,0.4,0.435,0.8,0.3,0.316,0.5,0.3,0.636,1.4,0.2,0.2,0.6,0.2,0.4,0.3,0.5737704918032787,0.55,,,,,,,,,,,,,,,,,,,,,0.5804688225709609,2020-21
1630181,R.J. Hampton,1610612753,ORL,51,17.4,6.1,2.7,0.435,1.7,0.5,0.31,1.6,1.1,0.671,6.9,1.7,1.0,3.5,0.6,2.9,-5.6,0.5070546737213405,0.4836065573770492,7.0,1.2,0.0,0.0,0.0,0.0,0.0,0.0,0.3,0.0,0.0,0.0,0.1,0.0,0.0,0.0,0.0,-1.4,0.0,,,,,,,,,,,,,,,,,,,,,,0.16901822457378016,2020-21
1630182,Josh Green,1610612742,DAL,39,11.4,2.4,1.1,0.452,0.6,0.1,0.16,0.6,0.3,0.565,2.6,0.7,0.4,2.0,0.7,1.3,0.4,0.48798798798798804,0.47916666666666674,1.0,0.0,0.0,0.0,0.0,0.0,0.0,0.0,0.0,0.0,0.0,0.0,0.0,0.0,0.0,0.0,0.0,-1.0,,,1.0,4.2,0.0,0.0,0.0,0.0,0.0,0.0,0.0,0.0,0.0,0.0,0.0,0.0,0.0,0.0,0.0,-1.0,,,0.08133133133133134,2020-21
1630183,Jaden McDaniels,1610612750,MIN,63,24.0,5.8,2.6,0.447,3.1,1.1,0.364,0.7,0.4,0.6,6.8,1.1,0.7,3.7,0.8,2.9,-1.6,0.5566470203012442,0.5431034482758621,22.0,3.2,0.4,0.1,0.375,0.2,0.0,0.2,0.1,0.1,1.0,0.5,0.0,0.0,0.2,0.0,0.2,-1.9,0.5630630630630631,0.25,,,,,,,,,,,,,,,,,,,,,0.5678209338654057,2020-21
1630184,Kira Lewis Jr.,1610612740,NOP,54,16.7,6.2,2.4,0.386,2.2,0.7,0.333,0.9,0.8,0.843,6.4,2.3,0.6,1.3,0.2,1.1,0.4,0.4851425106124924,0.4435483870967742,7.0,2.1,0.4,0.3,0.667,0.4,0.3,0.667,0.0,0.0,0.0,0.9,0.1,0.1,0.1,0.1,0.0,1.3,1.125,1.1249999999999998,,,,,,,,,,,,,,,,,,,,,0.9181657831063493,2020-21
1630185,Nico Mannion,1610612744,GSW,30,12.1,3.8,1.3,0.342,2.0,0.7,0.367,0.9,0.8,0.821,4.1,2.3,1.0,1.5,0.2,1.3,-2.5,0.488560533841754,0.4342105263157895,1.0,3.2,2.0,0.0,0.0,1.0,0.0,0.0,0.0,0.0,0.0,0.0,1.0,0.0,2.0,0.0,2.0,-1.0,0.0,0.0,,,,,,,,,,,,,,,,,,,,,0.21548509021410267,2020-21
1630191,Isaiah Stewart,1610612765,DET,68,21.4,6.0,3.3,0.553,0.9,0.3,0.333,1.4,0.9,0.696,7.9,0.9,1.0,6.7,2.3,4.3,-0.9,0.597037484885127,0.575,13.0,2.3,0.6,0.6,1.0,0.2,0.2,1.0,0.2,0.1,0.5,1.5,0.1,0.1,1.0,0.3,0.7,-1.1,1.0901162790697676,1.1666666666666667,,,,,,,,,,,,,,,,,,,,,0.9357566810065541,2020-21
1630193,Immanuel Quickley,1610612752,NYK,64,19.4,9.1,3.6,0.395,4.7,1.8,0.389,2.7,2.4,0.891,11.4,2.0,0.9,2.1,0.4,1.8,2.8,0.5540435458786936,0.4945054945054945,23.0,2.8,1.0,0.3,0.364,0.4,0.1,0.2,0.7,0.7,0.938,1.4,0.5,0.1,0.3,0.1,0.2,3.0,0.5351681957186544,0.35,5.0,15.4,6.6,2.0,0.303,2.2,0.8,0.364,1.4,1.0,0.714,5.8,1.0,1.2,1.4,0.0,1.4,0.0,0.4018847006651885,0.36363636363636365,0.4826613508730647,2020-21
1630197,Aleksej Pokusevski,1610612760,OKC,45,24.2,9.1,3.1,0.341,4.6,1.3,0.28,0.9,0.7,0.738,8.2,2.2,2.2,4.7,0.7,4.0,-8.7,0.4317607413647851,0.4120879120879121,7.0,2.7,1.6,0.4,0.273,0.9,0.4,0.5,0.6,0.4,0.75,1.7,0.0,0.0,0.7,0.0,0.7,2.0,0.45600858369098707,0.37500000000000006,,,,,,,,,,,,,,,,,,,,,0.4655083871627385,2020-21
1630201,Malachi Flynn,1610612761,TOR,47,19.7,7.2,2.7,0.374,3.6,1.1,0.321,1.2,1.0,0.804,7.5,2.9,0.9,2.5,0.2,2.3,-2.1,0.48524844720496896,0.4513888888888889,8.0,2.7,1.6,0.4,0.231,0.9,0.1,0.143,0.5,0.4,0.75,1.3,0.4,0.0,0.4,0.0,0.4,-0.5,0.35714285714285715,0.28125,,,,,,,,,,,,,,,,,,,,,0.4220669427160303,2020-21
1630202,Payton Pritchard,1610612738,BOS,66,19.2,6.3,2.8,0.44,3.8,1.5,0.411,0.7,0.6,0.889,7.7,1.8,0.8,2.4,0.5,1.9,0.6,0.5826271186440678,0.5634920634920635,18.0,1.0,0.2,0.1,0.333,0.1,0.0,0.0,0.2,0.2,1.0,0.3,0.1,0.1,0.1,0.1,0.0,-0.2,0.5208333333333333,0.5,5.0,13.5,3.4,1.2,0.353,2.0,0.6,0.3,0.4,0.4,1.0,3.4,2.4,0.6,1.8,0.4,1.4,-2.6,0.47539149888143173,0.4411764705882353,0.5115859834999374,2020-21
1630205,Lamar Stevens,1610612739,CLE,40,12.5,3.4,1.6,0.456,0.6,0.1,0.16,1.3,0.9,0.725,4.1,0.6,0.6,2.4,0.6,1.8,-2.9,0.5161127895266868,0.4852941176470589,6.0,0.6,0.2,0.2,1.0,0.0,0.0,0.0,0.3,0.2,0.5,0.5,0.0,0.0,0.5,0.2,0.3,-0.5,0.753012048192771,1.0,,,,,,,,,,,,,,,,,,,,,0.679927981576856,2020-21
1630206,Jay Scrubb,1610612746,LAC,4,21.0,9.0,3.5,0.389,2.3,0.5,0.222,1.3,1.3,1.0,8.8,0.3,1.8,3.5,0.5,3.0,0.5,0.459674049310489,0.4166666666666667,1.0,5.1,0.0,0.0,0.0,0.0,0.0,0.0,0.0,0.0,0.0,0.0,1.0,0.0,3.0,1.0,2.0,-4.0,,,6.0,1.3,0.0,0.0,0.0,0.0,0.0,0.0,0.0,0.0,0.0,0.0,0.0,0.0,0.2,0.0,0.2,-1.3,,,0.07661234155174816,2020-21
1630214,Xavier Tillman,1610612763,MEM,59,18.4,5.1,2.8,0.559,1.1,0.4,0.338,0.9,0.6,0.642,6.6,1.3,0.8,4.3,1.3,3.1,0.6,0.6004366812227074,0.5882352941176471,13.0,2.7,0.4,0.3,0.8,0.0,0.0,0.0,0.5,0.3,0.571,0.9,0.1,0.2,0.9,0.3,0.6,0.8,0.7258064516129032,0.7499999999999999,3.0,5.9,1.7,0.3,0.2,0.3,0.0,0.0,0.0,0.0,0.0,0.7,0.3,0.3,1.0,0.3,0.7,-4.7,0.20588235294117646,0.17647058823529413,0.45279257779870463,2020-21
1630217,Desmond Bane,1610612763,MEM,68,22.3,7.3,3.4,0.469,4.0,1.7,0.432,0.7,0.6,0.816,9.2,1.7,0.9,3.1,0.5,2.6,0.2,0.6046267087276551,0.5821917808219178,20.0,1.6,0.6,0.2,0.364,0.4,0.1,0.286,0.4,0.3,0.857,0.8,0.0,0.0,0.2,0.0,0.2,-0.1,0.5154639175257733,0.4166666666666667,5.0,19.8,3.8,2.2,0.579,2.4,1.2,0.5,0.0,0.0,0.0,5.6,2.0,0.6,3.4,0.4,3.0,-4.4,0.7368421052631579,0.736842105263158,0.649232654675845,2020-21
1630221,Josh Hall,1610612760,OKC,21,16.0,4.7,1.4,0.303,1.8,0.2,0.108,2.1,1.0,0.5,4.1,1.3,1.2,2.8,0.3,2.5,-4.8,0.3645092460881934,0.3191489361702127,1.0,5.1,1.0,1.0,1.0,0.0,0.0,0.0,1.0,0.0,0.0,2.0,0.0,1.0,0.0,0.0,0.0,4.0,0.6944444444444444,1.0,,,,,,,,,,,,,,,,,,,,,0.6057426407325147,2020-21
1630222,Mason Jones,1610612755,PHI,32,10.5,3.8,1.6,0.423,2.1,0.8,0.364,2.0,1.3,0.625,5.3,1.3,0.9,1.7,0.2,1.5,-2.8,0.5662393162393162,0.5263157894736842,1.0,0.9,0.0,0.0,0.0,0.0,0.0,0.0,0.0,0.0,0.0,0.0,0.0,1.0,0.0,0.0,0.0,-3.0,,,,,,,,,,,,,,,,,,,,,,,0.18874643874643873,2020-21
1630223,Jalen Harris,1610612761,TOR,13,13.2,5.5,2.8,0.5,2.8,1.3,0.472,0.7,0.5,0.778,7.4,1.3,1.1,1.4,0.2,1.2,-0.1,0.6370523415977962,0.6272727272727272,3.0,0.3,0.3,0.0,0.0,0.3,0.0,0.0,0.0,0.0,0.0,0.0,0.0,0.0,0.0,0.0,0.0,-1.7,0.0,0.0,,,,,,,,,,,,,,,,,,,,,0.21780532598615246,2020-21
1630230,Naji Marshall,1610612740,NOP,32,21.9,6.5,2.6,0.392,2.6,0.9,0.349,2.3,1.7,0.707,7.7,2.8,1.2,4.6,0.5,4.2,-0.9,0.5125133120340788,0.4692307692307693,13.0,2.5,0.8,0.2,0.3,0.5,0.1,0.167,0.5,0.3,0.667,0.8,0.2,0.0,0.4,0.1,0.3,0.1,0.39215686274509803,0.3125,,,,,,,,,,,,,,,,,,,,,0.44458337148055704,2020-21
1630231,KJ Martin,1610612745,HOU,45,23.7,7.1,3.6,0.509,2.1,0.8,0.365,1.9,1.3,0.714,9.3,1.1,0.8,5.4,1.6,3.8,-6.3,0.5859375,0.5633802816901409,3.0,1.8,0.0,0.0,0.0,0.0,0.0,0.0,0.7,0.3,0.5,0.3,0.0,0.0,0.7,0.0,0.7,-2.7,0.487012987012987,,,,,,,,,,,,,,,,,,,,,,0.5199878246753247,2020-21
1630235,Trent Forrest,1610612762,UTA,30,10.1,2.4,1.1,0.451,0.9,0.2,0.192,0.6,0.6,1.0,2.9,1.5,0.7,1.5,0.4,1.1,-1.6,0.5442942942942943,0.5000000000000001,,,,,,,,,,,,,,,,,,,,,4.0,2.4,1.0,0.5,0.5,0.0,0.0,0.0,0.0,0.0,0.0,1.0,0.0,0.0,0.0,0.0,0.0,-3.0,0.5,0.5,0.5110735735735736,2020-21
1630237,Anthony Lamb,1610612745,HOU,24,17.3,4.9,1.9,0.39,3.0,1.0,0.324,0.9,0.8,0.857,5.5,1.0,0.8,2.9,1.1,1.8,-3.7,0.5192598187311178,0.48979591836734687,1.0,0.9,0.0,0.0,0.0,0.0,0.0,0.0,0.0,0.0,0.0,0.0,0.0,0.0,0.0,0.0,0.0,-4.0,,,,,,,,,,,,,,,,,,,,,,,0.17308660624370595,2020-21
1630240,Saben Lee,1610612765,DET,48,16.3,4.4,2.1,0.471,0.5,0.2,0.348,1.9,1.3,0.685,5.6,3.6,1.1,2.0,0.4,1.6,-1.9,0.53475935828877,0.5,,,,,,,,,,,,,,,,,,,,,,,,,,,,,,,,,,,,,,,,,0.53475935828877,2020-21
1630256,Jae'Sean Tate,1610612745,HOU,70,29.2,8.9,4.5,0.506,2.8,0.9,0.308,2.1,1.5,0.694,11.3,2.5,1.4,5.3,1.9,3.5,-2.7,0.5751221498371336,0.5561797752808989,20.0,2.7,0.7,0.3,0.385,0.4,0.1,0.286,0.3,0.2,0.667,0.8,0.2,0.2,0.4,0.2,0.2,-1.6,0.48076923076923084,0.5,,,,,,,,,,,,,,,,,,,,,0.5200853723303073,2020-21
1630267,Facundo Campazzo,1610612743,DEN,65,21.9,4.8,1.8,0.381,3.3,1.2,0.352,1.4,1.2,0.879,6.1,3.6,1.1,2.1,0.3,1.7,1.2,0.5631462333825702,0.5,14.0,3.1,0.4,0.1,0.2,0.4,0.1,0.2,0.3,0.3,1.0,0.5,0.4,0.4,0.4,0.0,0.4,1.4,0.4699248120300752,0.37500000000000006,10.0,27.0,7.4,2.9,0.392,4.8,1.9,0.396,1.9,1.6,0.842,9.3,4.1,1.5,3.0,0.7,2.3,-4.7,0.5645944633317144,0.5202702702702702,0.5411298745712412,2020-21
1630271,Brodric Thomas,1610612739,CLE,32,12.5,3.4,1.2,0.361,1.8,0.5,0.271,1.4,1.0,0.674,3.9,0.9,0.7,1.7,0.3,1.4,-1.5,0.4855577689243028,0.4264705882352941,3.0,1.3,0.3,0.0,0.0,0.0,0.0,0.0,0.0,0.0,0.0,0.0,0.0,0.0,0.0,0.0,0.0,-5.3,0.0,0.0,,,,,,,,,,,,,,,,,,,,,0.17067611905060381,2020-21
1630273,Freddie Gillespie,1610612761,TOR,20,19.6,4.2,2.2,0.524,0.0,0.0,0.0,1.7,1.2,0.697,5.6,0.5,0.6,4.9,2.1,2.8,-3.9,0.5658852061438965,0.5238095238095238,4.0,0.6,0.0,0.0,0.0,0.0,0.0,0.0,0.5,0.5,1.0,0.5,0.0,0.0,0.0,0.0,0.0,-2.5,1.1363636363636365,,,,,,,,,,,,,,,,,,,,,,0.9462041596237231,2020-21
1630466,Gabriel Deck,1610612760,OKC,10,21.2,6.7,3.2,0.478,1.5,0.2,0.133,2.2,1.8,0.818,8.4,2.4,0.6,4.0,1.6,2.4,-5.1,0.5477308294209703,0.49253731343283585,,,,,,,,,,,,,,,,,,,,,,,,,,,,,,,,,,,,,,,,,0.5477308294209703,2020-21
