PLAYER_ID,PLAYER_NAME,TEAM_ID,TEAM_ABBREVIATION,GP_REG,MIN_REG,FGA_REG,FGM_REG,FG_PCT_REG,FG3A_REG,FG3M_REG,FG3_PCT_REG,FTA_REG,FTM_REG,FT_PCT_REG,PTS_REG,AST_REG,TOV_REG,REB_REG,OREB_REG,DREB_REG,PLUS_MINUS_REG,TS_PCT_REG,EFG_PCT_REG,GP_CLU,MIN_CLU,FGA_CLU,FGM_CLU,FG_PCT_CLU,FG3A_CLU,FG3M_CLU,FG3_PCT_CLU,FTA_CLU,FTM_CLU,FT_PCT_CLU,PTS_CLU,AST_CLU,TOV_CLU,REB_CLU,OREB_CLU,DREB_CLU,PLUS_MINUS_CLU,TS_PCT_CLU,EFG_PCT_CLU,GP_PO,MIN_PO,FGA_PO,FGM_PO,FG_PCT_PO,FG3A_PO,FG3M_PO,FG3_PCT_PO,FTA_PO,FTM_PO,FT_PCT_PO,PTS_PO,AST_PO,TOV_PO,REB_PO,OREB_PO,DREB_PO,PLUS_MINUS_PO,TS_PCT_PO,EFG_PCT_PO,CLUTCH_SCORE,SEASON
2544,LeBron James,1610612747,LAL,45.0,33.4,18.3,9.4,0.513,6.3,2.3,0.365,5.7,4.0,0.698,25.0,7.8,3.7,7.7,0.6,7.0,6.4,0.6007304882737409,0.5765027322404371,19.0,4.7,3.8,1.7,0.458,1.7,0.7,0.406,0.4,0.2,0.375,4.3,0.8,0.6,0.9,0.0,0.9,3.0,0.5407444668008048,0.5394736842105263,6.0,37.3,19.0,9.0,0.474,8.0,3.0,0.375,3.8,2.3,0.609,23.3,8.0,4.2,7.2,1.2,6.0,1.7,0.5635642414860681,0.5526315789473685,0.5829170517101956,2020-21
2546,Carmelo Anthony,1610612757,POR,69.0,24.5,11.3,4.7,0.421,4.7,1.9,0.409,2.2,2.0,0.89,13.4,1.5,0.9,3.1,0.5,2.6,-0.3,0.5461362895337463,0.5,26.0,2.7,1.1,0.3,0.31,0.6,0.1,0.188,0.2,0.2,1.0,1.0,0.2,0.1,0.5,0.0,0.5,2.6,0.4208754208754208,0.3181818181818181,6.0,23.9,10.0,4.2,0.417,6.2,2.3,0.378,1.8,1.7,0.909,12.3,1.5,1.2,3.2,0.3,2.8,-8.0,0.5698665678280208,0.5349999999999999,0.5259823190682499,2020-21
2730,Dwight Howard,1610612755,PHI,69.0,17.3,4.4,2.6,0.587,0.3,0.1,0.25,3.0,1.8,0.576,7.0,0.9,1.6,8.4,2.8,5.7,-1.0,0.6118881118881119,0.6022727272727272,8.0,3.7,0.6,0.3,0.4,0.0,0.0,0.0,0.8,0.3,0.333,0.8,0.0,0.1,1.8,0.4,1.4,-0.8,0.4201680672268908,0.5,12.0,12.4,2.5,1.3,0.533,0.1,0.0,0.0,3.3,2.0,0.6,4.7,0.7,1.0,6.3,2.2,4.1,-2.8,0.5946356275303644,0.52,0.5529915517887622,2020-21
2738,Andre Iguodala,1610612748,MIA,63.0,21.3,3.9,1.5,0.383,2.9,1.0,0.33,0.6,0.4,0.658,4.4,2.3,1.1,3.5,0.6,2.9,-1.3,0.5283381364073008,0.5128205128205129,27.0,1.9,0.2,0.0,0.2,0.2,0.0,0.2,0.2,0.1,0.6,0.2,0.2,0.1,0.4,0.1,0.3,0.4,0.3472222222222222,0.0,4.0,17.8,2.8,1.5,0.545,1.8,0.8,0.429,0.0,0.0,0.0,3.8,1.3,1.3,3.0,0.8,2.3,-6.5,0.6785714285714286,0.6785714285714286,0.5482110162212286,2020-21
2772,Trevor Ariza,1610612748,MIA,30.0,28.0,8.0,3.3,0.411,4.8,1.7,0.35,1.5,1.1,0.773,9.4,1.8,0.7,4.8,0.9,3.9,1.3,0.5427251732101617,0.5187499999999999,9.0,2.7,0.7,0.2,0.333,0.3,0.1,0.333,0.0,0.0,0.0,0.6,0.1,0.0,0.6,0.1,0.4,-2.0,0.4285714285714286,0.35714285714285715,4.0,24.0,5.8,1.8,0.304,4.3,1.3,0.294,0.0,0.0,0.0,4.8,0.5,0.8,5.8,0.5,5.3,-12.3,0.41379310344827586,0.42241379310344834,0.44895789011521403,2020-21
101108,Chris Paul,1610612756,PHX,70.0,31.4,12.6,6.3,0.499,3.7,1.5,0.395,2.6,2.4,0.934,16.4,8.9,2.2,4.5,0.4,4.1,4.4,0.5966239813736903,0.5595238095238095,35.0,4.2,2.4,1.1,0.476,0.7,0.2,0.348,1.1,0.9,0.865,3.4,0.6,0.2,0.5,0.1,0.4,0.4,0.5894590846047156,0.5000000000000001,20.0,34.2,15.0,7.5,0.497,3.3,1.5,0.446,3.3,2.9,0.877,19.2,8.6,2.2,3.5,0.5,3.1,3.1,0.5835156819839533,0.55,0.6067291518019376,2020-21
101150,Lou Williams,1610612737,ATL,66.0,21.6,9.8,4.0,0.41,2.6,1.0,0.399,2.6,2.3,0.867,11.3,3.4,1.6,2.1,0.3,1.8,1.2,0.516264619883041,0.4591836734693877,18.0,1.7,0.9,0.4,0.438,0.3,0.2,0.6,0.6,0.4,0.8,1.4,0.1,0.1,0.2,0.1,0.1,1.3,0.6013745704467353,0.5555555555555556,18.0,15.4,6.1,2.8,0.455,1.7,0.7,0.433,1.5,1.4,0.963,7.7,2.2,1.2,1.4,0.1,1.3,-1.1,0.569526627218935,0.5163934426229508,0.58044928054067,2020-21
200746,LaMarcus Aldridge,1610612751,BKN,26.0,25.9,11.4,5.4,0.473,3.1,1.2,0.388,1.8,1.6,0.872,13.5,1.9,1.0,4.5,0.7,3.8,-1.3,0.5536417322834646,0.5263157894736842,11.0,3.5,0.9,0.5,0.5,0.1,0.0,0.0,0.5,0.5,0.833,1.4,0.3,0.1,0.4,0.2,0.2,0.6,0.6249999999999999,0.5555555555555556,,,,,,,,,,,,,,,,,,,,,0.6091086476025676,2020-21
200752,Rudy Gay,1610612759,SAS,63.0,21.6,10.0,4.2,0.42,4.4,1.7,0.381,1.6,1.3,0.804,11.4,1.4,1.0,4.8,0.7,4.1,2.1,0.5325112107623319,0.505,23.0,2.9,1.1,0.3,0.28,0.6,0.1,0.231,0.7,0.6,0.867,1.3,0.0,0.1,0.4,0.1,0.3,-0.2,0.46164772727272724,0.3181818181818181,,,,,,,,,,,,,,,,,,,,,0.4962688884348288,2020-21
200755,JJ Redick,1610612742,DAL,44.0,16.4,6.1,2.4,0.397,4.0,1.5,0.371,1.2,1.1,0.942,7.4,1.2,0.8,1.5,0.1,1.4,0.0,0.5582377791188896,0.5163934426229508,9.0,1.6,0.4,0.3,0.75,0.3,0.2,0.667,0.4,0.4,1.0,1.3,0.0,0.0,0.1,0.0,0.1,1.3,1.128472222222222,1.0,,,,,,,,,,,,,,,,,,,,,0.9449514515692166,2020-21
200765,Rajon Rondo,1610612746,LAC,45.0,17.1,4.8,2.1,0.442,2.0,0.8,0.404,0.4,0.4,0.941,5.4,4.4,1.8,2.4,0.4,2.0,0.5,0.5426045016077171,0.5208333333333334,4.0,1.7,0.3,0.3,1.0,0.0,0.0,0.0,0.0,0.0,0.0,0.5,0.3,0.0,0.3,0.0,0.3,-1.3,0.8333333333333334,1.0,13.0,16.9,4.1,1.4,0.34,2.2,0.8,0.393,0.9,0.6,0.667,4.2,3.8,1.1,2.6,0.3,2.3,-2.1,0.4670818505338079,0.43902439024390244,0.6080027866446658,2020-21
200768,Kyle Lowry,1610612761,TOR,46.0,34.8,13.0,5.7,0.436,7.2,2.8,0.396,3.5,3.0,0.875,17.2,7.3,2.7,5.4,0.8,4.6,-0.1,0.5914718019257221,0.5461538461538461,23.0,2.9,1.5,0.7,0.471,0.7,0.3,0.412,0.5,0.3,0.636,2.0,0.3,0.2,0.3,0.0,0.3,-2.3,0.5813953488372093,0.5666666666666667,,,,,,,,,,,,,,,,,,,,,0.5962926280709543,2020-21
200782,P.J. Tucker,1610612749,MIL,52.0,26.1,3.4,1.3,0.373,2.3,0.8,0.336,0.5,0.4,0.75,3.7,1.2,0.8,3.9,1.0,2.9,-3.4,0.511049723756906,0.5000000000000001,14.0,3.6,0.5,0.2,0.429,0.4,0.1,0.4,0.4,0.4,1.0,1.0,0.0,0.1,1.1,0.2,0.9,-1.3,0.7396449704142012,0.5,23.0,29.6,4.3,1.7,0.388,2.6,0.8,0.322,0.2,0.1,0.75,4.3,1.1,0.4,4.8,2.1,2.7,4.1,0.48997265268915224,0.48837209302325585,0.5914154861240768,2020-21
200794,Paul Millsap,1610612743,DEN,56.0,20.8,7.2,3.4,0.476,2.6,0.9,0.343,1.8,1.3,0.724,9.0,1.8,0.9,4.7,1.4,3.3,1.8,0.5630630630630631,0.5347222222222222,8.0,3.9,0.5,0.3,0.5,0.1,0.1,1.0,0.4,0.1,0.333,0.8,0.8,0.1,0.5,0.3,0.3,-2.0,0.591715976331361,0.7,9.0,12.1,5.6,2.4,0.44,2.6,0.7,0.261,1.4,0.9,0.615,6.4,1.7,0.9,3.9,1.0,2.9,-1.0,0.5148005148005149,0.4910714285714286,0.5554272044647016,2020-21
201142,Kevin Durant,1610612751,BKN,35.0,33.1,17.2,9.3,0.537,5.4,2.4,0.45,6.8,6.0,0.882,26.9,5.6,3.4,7.1,0.4,6.7,8.0,0.6661053882725831,0.6104651162790697,18.0,3.8,1.8,0.9,0.485,0.8,0.2,0.286,2.0,1.7,0.861,3.7,0.2,0.4,0.9,0.0,0.9,1.1,0.6902985074626865,0.5555555555555556,12.0,40.4,23.5,12.1,0.514,6.8,2.8,0.402,8.4,7.3,0.871,34.3,4.4,3.5,9.3,0.4,8.8,2.8,0.6306074422709221,0.574468085106383,0.6668859046135818,2020-21
201143,Al Horford,1610612738,BOS,28.0,27.9,12.9,5.8,0.45,5.4,2.0,0.368,0.8,0.6,0.818,14.2,3.4,1.0,6.7,1.0,5.7,-3.6,0.5357681859341985,0.5271317829457364,14.0,4.1,1.8,0.6,0.32,0.9,0.3,0.308,0.2,0.2,1.0,1.6,0.4,0.1,1.1,0.3,0.9,-0.3,0.423728813559322,0.41666666666666663,,,,,,,,,,,,,,,,,,,,,0.47502875938862554,2020-21
201144,Mike Conley,1610612762,UTA,51.0,29.4,12.5,5.6,0.444,6.6,2.7,0.412,2.8,2.4,0.852,16.2,6.0,1.9,3.5,0.7,2.8,10.7,0.5898630935042237,0.5559999999999999,22.0,2.7,1.1,0.6,0.583,0.5,0.2,0.5,0.8,0.6,0.824,2.1,0.4,0.3,0.5,0.0,0.5,1.1,0.7231404958677685,0.6363636363636362,6.0,29.3,11.3,4.8,0.426,6.2,3.0,0.486,2.7,2.7,1.0,15.3,7.7,2.3,3.5,0.5,3.0,7.2,0.6125880845611787,0.5575221238938053,0.6544513898198455,2020-21
201145,Jeff Green,1610612751,BKN,68.0,27.0,7.8,3.8,0.492,3.7,1.5,0.412,2.4,1.8,0.776,11.0,1.6,0.8,3.9,0.5,3.4,1.7,0.6210478771454381,0.5833333333333334,32.0,3.3,0.6,0.3,0.4,0.3,0.1,0.333,0.4,0.3,0.833,0.9,0.2,0.1,0.4,0.0,0.4,0.6,0.5798969072164949,0.5833333333333334,6.0,24.7,5.5,2.7,0.485,3.0,1.7,0.556,1.3,1.2,0.875,8.2,1.7,0.5,2.8,0.7,2.2,2.7,0.6752305665349143,0.6454545454545455,0.6421145395551833,2020-21
201152,Thaddeus Young,1610612741,CHI,68.0,24.3,9.7,5.4,0.559,0.7,0.2,0.267,1.7,1.0,0.628,12.1,4.3,2.0,6.2,2.5,3.8,2.1,0.5790581929555897,0.5670103092783506,29.0,2.8,0.8,0.4,0.565,0.0,0.0,1.0,0.3,0.2,0.6,1.1,0.4,0.3,0.8,0.3,0.5,0.0,0.5901287553648069,0.5,,,,,,,,,,,,,,,,,,,,,0.5946859905746299,2020-21
201188,Marc Gasol,1610612747,LAL,52.0,19.1,3.7,1.7,0.454,2.3,1.0,0.41,1.0,0.7,0.72,5.0,2.1,1.0,4.1,0.7,3.4,1.7,0.6038647342995168,0.5945945945945946,6.0,2.6,0.2,0.0,0.0,0.2,0.0,0.0,0.3,0.0,0.0,0.0,0.2,0.0,0.3,0.0,0.3,-0.7,0.0,0.0,5.0,17.5,2.6,1.6,0.615,2.2,1.4,0.636,0.8,0.6,0.75,5.2,3.0,0.8,3.8,0.8,3.0,-6.2,0.8807588075880759,0.8846153846153845,0.5464289315812353,2020-21
201565,Derrick Rose,1610612752,NYK,50.0,25.6,12.2,5.7,0.47,2.6,1.0,0.388,2.5,2.2,0.866,14.7,4.2,1.6,2.6,0.4,2.2,2.7,0.5526315789473685,0.5081967213114754,23.0,3.4,1.6,0.4,0.27,0.4,0.1,0.3,0.1,0.0,0.5,1.0,0.2,0.2,0.3,0.0,0.3,-0.3,0.3041362530413625,0.28125,5.0,35.0,16.8,8.0,0.476,3.4,1.6,0.471,1.8,1.8,1.0,19.4,5.0,1.6,4.0,0.8,3.2,-6.8,0.5513869940882218,0.5238095238095238,0.48229226531307884,2020-21
201566,Russell Westbrook,1610612764,WAS,65.0,36.4,19.0,8.4,0.439,4.2,1.3,0.315,6.4,4.2,0.656,22.2,11.7,4.8,11.5,1.7,9.9,-1.4,0.5088008800880088,0.47631578947368425,35.0,4.4,2.8,1.4,0.495,0.8,0.3,0.345,0.9,0.7,0.806,3.7,1.0,0.5,1.3,0.1,1.2,0.6,0.5788485607008762,0.5535714285714285,5.0,37.2,16.8,5.6,0.333,4.0,1.0,0.25,8.6,6.8,0.791,19.0,11.8,4.2,10.4,2.8,7.6,-12.0,0.4615235134084726,0.3630952380952381,0.5232482657236841,2020-21
201567,Kevin Love,1610612739,CLE,25.0,24.9,10.1,4.1,0.409,6.2,2.3,0.365,2.0,1.7,0.824,12.2,2.5,1.5,7.4,0.7,6.8,-2.9,0.5555555555555555,0.5198019801980198,8.0,3.9,1.3,0.3,0.2,1.0,0.3,0.25,0.3,0.3,1.0,1.0,0.1,0.0,1.1,0.1,1.0,-2.8,0.34916201117318435,0.3461538461538461,,,,,,,,,,,,,,,,,,,,,0.43083114642807985,2020-21
201568,Danilo Gallinari,1610612737,ATL,51.0,24.0,9.3,4.0,0.434,5.0,2.0,0.406,3.4,3.2,0.925,13.3,1.5,0.8,4.1,0.3,3.8,1.8,0.6159688773619859,0.5376344086021505,15.0,2.3,0.6,0.1,0.222,0.2,0.1,0.667,0.1,0.1,1.0,0.5,0.1,0.1,0.5,0.1,0.4,1.6,0.38819875776397517,0.25000000000000006,18.0,24.6,9.7,4.1,0.425,4.7,1.9,0.405,2.9,2.7,0.942,12.8,0.8,0.8,3.9,0.4,3.4,-1.4,0.5830903790087464,0.520618556701031,0.5300578678885612,2020-21
201569,Eric Gordon,1610612745,HOU,27.0,29.2,13.6,5.9,0.433,7.8,2.6,0.329,4.2,3.5,0.825,17.8,2.6,1.9,2.1,0.3,1.9,-2.5,0.576126359399275,0.5294117647058824,9.0,3.1,0.8,0.2,0.286,0.6,0.1,0.2,0.9,0.7,0.75,1.2,0.1,0.0,0.2,0.0,0.2,-1.4,0.5016722408026755,0.3125,,,,,,,,,,,,,,,,,,,,,0.5323726332756192,2020-21
201571,D.J. Augustin,1610612745,HOU,57.0,19.8,6.0,2.4,0.394,3.8,1.5,0.382,1.6,1.5,0.904,7.7,3.3,1.1,1.6,0.4,1.3,-0.7,0.5742840095465395,0.525,4.0,1.6,0.3,0.3,1.0,0.3,0.3,1.0,0.5,0.5,1.0,1.3,0.0,0.0,0.0,0.0,0.0,1.3,1.25,1.5,,,,,,,,,,,,,,,,,,,,,1.0297613365146798,2020-21
201572,Brook Lopez,1610612749,MIL,70.0,27.2,9.1,4.6,0.503,4.0,1.4,0.338,2.0,1.7,0.845,12.3,0.7,0.9,5.0,1.5,3.5,4.5,0.6162324649298597,0.5824175824175825,23.0,2.7,0.5,0.2,0.417,0.2,0.0,0.2,0.2,0.1,0.75,0.6,0.1,0.1,0.5,0.2,0.3,-0.7,0.5102040816326531,0.4,23.0,29.0,9.4,5.2,0.548,3.1,1.0,0.319,1.9,1.6,0.86,13.0,0.3,1.1,5.9,2.1,3.8,2.9,0.6350136772176631,0.6063829787234043,0.5957747821352609,2020-21
201577,Robin Lopez,1610612764,WAS,71.0,19.1,6.0,3.8,0.633,0.3,0.1,0.278,1.9,1.4,0.723,9.0,0.8,1.1,3.8,2.0,1.8,-0.2,0.6582796957284962,0.6416666666666666,11.0,3.8,0.8,0.5,0.667,0.0,0.0,0.0,1.0,0.9,0.909,2.0,0.1,0.0,0.7,0.4,0.4,4.2,0.8064516129032259,0.625,5.0,14.6,5.0,3.6,0.72,0.0,0.0,0.0,0.8,0.2,0.25,7.4,0.0,0.2,1.8,0.8,1.0,-6.4,0.6913303437967115,0.72,0.7375289921519581,2020-21
201580,JaVale McGee,1610612743,DEN,46.0,14.7,6.1,3.1,0.511,0.5,0.1,0.208,1.5,1.0,0.657,7.3,0.8,1.3,5.2,1.7,3.5,-1.9,0.5399408284023669,0.5163934426229508,,,,,,,,,,,,,,,,,,,,,4.0,8.5,2.5,0.8,0.3,0.5,0.0,0.0,1.5,0.5,0.333,2.0,0.8,0.3,3.0,0.8,2.3,2.5,0.3164556962025316,0.32,0.3723269792524905,2020-21
201586,Serge Ibaka,1610612746,LAC,41.0,23.3,8.9,4.5,0.51,2.8,1.0,0.339,1.3,1.0,0.811,11.1,1.8,1.1,6.7,1.8,4.9,3.8,0.5859374999999999,0.5617977528089887,13.0,1.8,0.4,0.1,0.2,0.2,0.0,0.0,0.0,0.0,0.0,0.2,0.1,0.0,0.4,0.1,0.3,-1.0,0.25,0.25,2.0,9.2,3.0,1.5,0.5,1.0,0.0,0.0,2.0,2.0,1.0,5.0,1.0,0.5,2.0,0.5,1.5,8.5,0.6443298969072165,0.5,0.5076489138089085,2020-21
201587,Nicolas Batum,1610612746,LAC,67.0,27.4,6.1,2.9,0.464,4.1,1.6,0.404,0.9,0.7,0.828,8.1,2.2,0.8,4.7,0.7,4.0,5.1,0.6234605911330049,0.6065573770491804,30.0,2.1,0.4,0.2,0.417,0.3,0.1,0.4,0.3,0.2,0.875,0.7,0.1,0.0,0.3,0.0,0.2,-1.3,0.6578947368421052,0.625,19.0,29.2,5.7,2.8,0.486,3.8,1.5,0.389,1.2,1.0,0.826,8.1,2.1,0.3,5.5,1.0,4.5,7.1,0.6502890173410405,0.6228070175438596,0.654910229854828,2020-21
201588,George Hill,1610612755,PHI,30.0,22.4,6.6,3.2,0.482,2.7,1.0,0.388,1.7,1.3,0.8,8.7,2.4,1.0,2.0,0.5,1.5,-0.3,0.5919978225367446,0.5606060606060607,9.0,2.4,0.7,0.2,0.333,0.4,0.1,0.25,0.6,0.4,0.8,1.0,0.1,0.0,0.2,0.1,0.1,0.2,0.5186721991701245,0.35714285714285715,12.0,17.1,3.6,1.6,0.442,1.6,0.7,0.421,1.1,0.8,0.769,4.7,1.5,0.8,1.3,0.4,0.9,0.5,0.5754162585700293,0.5416666666666667,0.5698712267023005,2020-21
201599,DeAndre Jordan,1610612751,BKN,57.0,21.9,4.4,3.3,0.763,0.0,0.0,0.0,1.6,0.8,0.5,7.5,1.6,1.5,7.5,2.1,5.4,-0.7,0.734717868338558,0.7499999999999999,17.0,1.9,0.2,0.2,1.0,0.0,0.0,0.0,0.1,0.1,0.5,0.5,0.1,0.1,0.6,0.2,0.4,0.6,1.0245901639344261,1.0,,,,,,,,,,,,,,,,,,,,,0.9325115199468915,2020-21
201609,Goran Dragic,1610612748,MIA,50.0,26.7,11.1,4.8,0.432,4.9,1.8,0.373,2.4,2.0,0.828,13.4,4.4,2.4,3.4,0.5,2.9,0.8,0.5511681474169136,0.5135135135135136,15.0,2.9,1.1,0.3,0.25,0.5,0.1,0.143,0.2,0.2,1.0,0.8,0.3,0.1,0.5,0.1,0.4,-0.9,0.33670033670033667,0.3181818181818181,4.0,29.2,13.5,5.8,0.426,6.5,2.3,0.346,3.0,2.3,0.75,16.0,2.8,1.5,1.8,0.3,1.5,-8.5,0.5398110661268556,0.5148148148148147,0.4839102464420428,2020-21
201933,Blake Griffin,1610612751,BKN,46.0,25.8,8.9,3.8,0.423,4.5,1.5,0.341,2.5,1.9,0.744,11.0,3.0,1.3,4.9,0.8,4.1,1.3,0.55,0.5112359550561797,20.0,3.0,1.0,0.3,0.316,0.6,0.1,0.167,0.4,0.3,0.714,1.0,0.3,0.0,0.7,0.1,0.6,0.6,0.4251700680272109,0.35,12.0,26.5,6.6,3.5,0.532,3.0,1.2,0.389,1.2,0.8,0.714,9.0,1.8,0.4,5.9,1.3,4.7,2.8,0.6313131313131313,0.6212121212121212,0.5602825433872198,2020-21
201935,James Harden,1610612751,BKN,44.0,36.6,16.7,7.8,0.466,7.6,2.8,0.362,7.3,6.3,0.861,24.6,10.8,4.0,7.9,0.8,7.1,2.3,0.6177179590196867,0.5508982035928144,23.0,4.1,2.3,1.2,0.509,0.8,0.3,0.389,1.7,1.6,0.949,4.3,0.8,0.5,1.3,0.3,1.0,1.6,0.7053805774278215,0.5869565217391304,9.0,35.7,12.0,5.7,0.472,7.3,2.7,0.364,6.9,6.2,0.903,20.2,8.6,2.9,6.3,0.8,5.6,6.1,0.6717212024474595,0.5875,0.6877129086252802,2020-21
201937,Ricky Rubio,1610612750,MIN,68.0,26.1,7.3,2.8,0.388,3.1,1.0,0.308,2.2,1.9,0.867,8.6,6.4,1.6,3.3,0.4,2.9,-2.7,0.5200774068698596,0.4520547945205479,36.0,3.1,0.4,0.1,0.231,0.0,0.0,0.0,0.6,0.5,0.905,0.7,0.8,0.1,0.3,0.1,0.2,-0.6,0.5271084337349397,0.25,,,,,,,,,,,,,,,,,,,,,0.5302442101672902,2020-21
201939,Stephen Curry,1610612744,GSW,63.0,34.2,21.7,10.4,0.482,12.7,5.3,0.421,6.3,5.7,0.916,32.0,5.8,3.4,5.5,0.5,5.0,3.9,0.6538084341288003,0.6013824884792627,28.0,3.5,2.6,1.1,0.432,1.5,0.6,0.429,1.1,1.1,0.968,4.0,0.5,0.4,0.7,0.1,0.6,-0.2,0.648508430609598,0.5384615384615385,,,,,,,,,,,,,,,,,,,,,0.6622566652690565,2020-21
201942,DeMar DeRozan,1610612759,SAS,61.0,33.7,15.1,7.5,0.495,1.2,0.3,0.257,7.2,6.3,0.88,21.6,6.9,2.0,4.2,0.7,3.6,-1.7,0.5911977227939567,0.5066225165562914,32.0,4.5,2.9,1.3,0.452,0.3,0.1,0.2,1.9,1.7,0.885,4.4,0.6,0.2,0.8,0.2,0.6,-0.8,0.5888650963597432,0.4655172413793104,,,,,,,,,,,,,,,,,,,,,0.6088479365164541,2020-21
201949,James Johnson,1610612740,NOP,51.0,20.5,6.4,2.9,0.446,2.4,0.6,0.258,1.5,0.9,0.592,7.2,1.9,1.1,3.5,0.6,2.8,-2.5,0.509915014164306,0.49999999999999994,13.0,2.9,0.8,0.5,0.545,0.3,0.1,0.25,0.4,0.2,0.4,1.2,0.2,0.1,0.7,0.2,0.5,1.9,0.6147540983606556,0.6875,,,,,,,,,,,,,,,,,,,,,0.5923077369599193,2020-21
201950,Jrue Holiday,1610612749,MIL,59.0,32.3,13.9,7.0,0.503,4.8,1.9,0.392,2.3,1.8,0.787,17.7,6.1,2.2,4.5,1.2,3.3,6.4,0.5934817596566523,0.5719424460431655,22.0,3.5,1.6,0.7,0.457,0.5,0.1,0.3,0.6,0.4,0.692,2.0,0.5,0.3,0.4,0.2,0.2,0.0,0.5364806866952789,0.46875,23.0,39.6,16.9,6.9,0.406,6.2,1.9,0.303,2.4,1.7,0.714,17.3,8.7,2.4,5.7,1.4,4.3,7.0,0.4817331254176877,0.46449704142011844,0.5301178762494573,2020-21
201952,Jeff Teague,1610612749,MIL,55.0,17.3,5.2,2.2,0.433,1.5,0.7,0.439,1.9,1.6,0.848,6.7,2.4,1.2,1.6,0.3,1.3,1.0,0.5550033134526176,0.4903846153846154,9.0,3.1,0.3,0.3,1.0,0.0,0.0,0.0,0.0,0.0,0.0,0.7,0.2,0.2,0.1,0.0,0.1,0.3,1.1666666666666667,1.0,16.0,7.5,1.9,0.6,0.29,0.7,0.3,0.455,0.7,0.6,0.818,2.0,0.8,0.4,0.5,0.1,0.4,-2.8,0.45289855072463775,0.39473684210526316,0.713607947261432,2020-21
201959,Taj Gibson,1610612752,NYK,45.0,20.8,3.5,2.2,0.627,0.3,0.1,0.2,1.2,0.9,0.727,5.4,0.8,0.5,5.6,2.2,3.4,2.9,0.6703078450844091,0.6428571428571429,14.0,2.6,0.1,0.1,0.5,0.0,0.0,0.0,0.7,0.5,0.7,0.6,0.0,0.0,0.7,0.4,0.3,1.3,0.7352941176470588,1.0,5.0,27.6,4.0,2.4,0.6,0.0,0.0,0.0,0.2,0.2,1.0,5.0,0.8,0.6,7.0,3.2,3.8,-1.4,0.611545988258317,0.6,0.6654461503819061,2020-21
201961,Wayne Ellington,1610612765,DET,46.0,22.0,7.3,3.2,0.441,6.0,2.5,0.422,0.8,0.6,0.8,9.6,1.5,0.7,1.8,0.3,1.6,-1.5,0.6272869837950862,0.6095890410958904,17.0,1.5,0.2,0.0,0.0,0.2,0.0,0.0,0.2,0.2,1.0,0.2,0.1,0.0,0.1,0.0,0.1,-0.6,0.3472222222222222,0.0,,,,,,,,,,,,,,,,,,,,,0.44331686877353216,2020-21
201976,Patrick Beverley,1610612746,LAC,37.0,22.5,5.9,2.5,0.423,3.8,1.5,0.397,1.2,1.0,0.8,7.5,2.1,0.9,3.2,0.8,2.4,4.0,0.5833851897946484,0.5508474576271186,12.0,2.0,0.2,0.1,0.5,0.2,0.1,0.5,0.7,0.5,0.75,0.8,0.2,0.1,0.1,0.0,0.1,-1.6,0.7874015748031497,0.7500000000000001,17.0,19.0,4.0,1.7,0.426,2.2,0.8,0.351,0.8,0.7,0.857,4.9,1.4,0.2,2.4,0.6,1.8,-0.1,0.5629595588235294,0.525,0.6445676664864893,2020-21
201980,Danny Green,1610612755,PHI,69.0,28.0,7.9,3.2,0.412,6.3,2.5,0.405,0.6,0.4,0.775,9.5,1.7,1.0,3.8,0.8,3.0,4.5,0.5818226359627634,0.5632911392405063,31.0,3.5,0.9,0.3,0.31,0.8,0.2,0.28,0.1,0.1,1.0,0.9,0.2,0.2,0.5,0.3,0.2,0.4,0.4766949152542373,0.4444444444444445,8.0,24.8,6.0,2.6,0.438,4.6,1.8,0.378,0.0,0.0,0.0,7.0,2.6,0.6,2.6,1.1,1.5,9.9,0.5833333333333334,0.5833333333333334,0.5589278161403887,2020-21
201988,Patty Mills,1610612759,SAS,68.0,24.8,9.0,3.7,0.412,6.3,2.4,0.375,1.1,1.0,0.91,10.8,2.4,1.0,1.7,0.3,1.4,0.4,0.5693800084352594,0.5444444444444445,30.0,3.4,0.9,0.4,0.393,0.6,0.1,0.222,0.3,0.2,0.875,1.1,0.2,0.1,0.2,0.0,0.2,0.1,0.5329457364341086,0.5,,,,,,,,,,,,,,,,,,,,,0.5550904937667144,2020-21
202066,Garrett Temple,1610612741,CHI,56.0,27.3,6.8,2.8,0.415,3.6,1.2,0.335,0.9,0.7,0.8,7.6,2.2,1.0,2.9,0.5,2.3,0.9,0.528071150639244,0.5,28.0,3.3,0.7,0.3,0.421,0.3,0.1,0.286,0.2,0.1,0.8,0.8,0.3,0.1,0.5,0.2,0.3,1.1,0.5076142131979696,0.5,,,,,,,,,,,,,,,,,,,,,0.5247273099906061,2020-21
202083,Wesley Matthews,1610612747,LAL,58.0,19.5,4.3,1.5,0.353,3.4,1.1,0.335,0.7,0.6,0.854,4.8,0.9,0.4,1.6,0.3,1.3,0.7,0.5208333333333334,0.4767441860465116,15.0,2.9,0.5,0.4,0.75,0.4,0.3,0.667,0.0,0.0,0.0,1.1,0.1,0.1,0.3,0.2,0.1,1.5,1.1,1.1,6.0,18.4,5.5,1.7,0.303,4.2,1.2,0.28,1.0,1.0,1.0,5.5,0.3,0.0,1.7,0.8,0.8,-6.0,0.4629629629629629,0.41818181818181815,0.6965816106777438,2020-21
202322,John Wall,1610612745,HOU,40.0,32.2,18.2,7.3,0.404,6.2,2.0,0.317,5.3,4.0,0.749,20.6,6.9,3.5,3.2,0.4,2.8,-4.2,0.5016559516851744,0.4560439560439561,11.0,3.5,1.9,0.6,0.333,0.5,0.1,0.2,1.0,0.8,0.818,2.2,0.3,0.4,0.5,0.2,0.3,-0.9,0.47008547008547014,0.34210526315789475,,,,,,,,,,,,,,,,,,,,,0.49104852439102503,2020-21
202324,Derrick Favors,1610612762,UTA,68.0,15.3,3.6,2.3,0.638,0.0,0.0,0.0,1.2,0.9,0.738,5.4,0.6,0.5,5.5,2.0,3.5,0.5,0.6540697674418605,0.6388888888888888,13.0,0.3,0.2,0.2,1.0,0.0,0.0,0.0,0.1,0.1,1.0,0.4,0.0,0.0,0.0,0.0,0.0,-0.2,0.819672131147541,1.0,11.0,13.1,2.1,1.5,0.696,0.0,0.0,0.0,0.8,0.5,0.556,3.4,0.3,0.5,4.2,1.7,2.5,-3.5,0.6933115823817292,0.7142857142857143,0.7344470183677007,2020-21
202326,DeMarcus Cousins,1610612746,LAC,41.0,17.4,7.4,3.2,0.426,3.3,1.1,0.348,2.0,1.4,0.728,8.9,1.9,1.6,6.4,1.3,5.1,-1.5,0.53743961352657,0.5067567567567567,4.0,1.6,1.0,0.0,0.0,0.8,0.0,0.0,0.0,0.0,0.0,0.0,0.0,0.3,0.8,0.0,0.8,0.0,0.0,0.0,7.0,8.3,6.0,2.7,0.452,1.4,0.6,0.4,2.0,1.6,0.786,7.6,0.7,0.7,2.0,0.9,1.1,-2.6,0.5523255813953488,0.5,0.3792495731304567,2020-21
202329,Al-Farouq Aminu,1610612741,CHI,23.0,18.9,4.3,1.7,0.384,1.6,0.3,0.216,1.0,0.8,0.818,4.4,1.3,1.2,4.8,1.0,3.8,-2.3,0.4641350210970464,0.43023255813953487,4.0,2.3,0.3,0.0,0.0,0.0,0.0,0.0,0.0,0.0,0.0,0.0,0.0,0.0,0.8,0.3,0.5,-2.8,0.0,0.0,,,,,,,,,,,,,,,,,,,,,0.1616884178834395,2020-21
202330,Gordon Hayward,1610612766,CHA,44.0,34.0,15.0,7.1,0.473,4.7,1.9,0.415,4.2,3.5,0.843,19.6,4.1,2.1,5.9,0.8,5.0,0.4,0.5816714150047484,0.5366666666666666,20.0,3.1,1.5,0.7,0.433,0.3,0.2,0.5,1.0,0.9,0.9,2.4,0.6,0.2,0.9,0.1,0.8,3.7,0.6185567010309279,0.5333333333333333,,,,,,,,,,,,,,,,,,,,,0.6162616056882013,2020-21
202331,Paul George,1610612746,LAC,54.0,33.7,17.6,8.2,0.467,7.7,3.2,0.411,4.2,3.7,0.868,23.3,5.2,3.3,6.6,0.8,5.8,8.0,0.5990333196215549,0.5568181818181818,23.0,2.3,1.3,0.4,0.31,0.8,0.2,0.222,0.7,0.7,1.0,1.6,0.3,0.2,0.4,0.2,0.3,0.0,0.4975124378109453,0.3846153846153846,19.0,40.9,19.7,8.7,0.441,8.0,2.7,0.336,8.1,6.8,0.844,26.9,5.4,3.5,9.6,0.9,8.7,3.8,0.578146492434663,0.5101522842639593,0.562135975727183,2020-21
202334,Ed Davis,1610612750,MIN,23.0,13.0,1.9,0.8,0.432,0.0,0.0,0.0,0.5,0.4,0.833,2.1,0.9,0.3,5.0,2.0,3.0,-2.0,0.49528301886792453,0.4210526315789474,2.0,1.2,0.0,0.0,0.0,0.0,0.0,0.0,0.0,0.0,0.0,0.0,0.0,0.0,0.0,0.0,0.0,-3.0,,,,,,,,,,,,,,,,,,,,,,,0.1650943396226415,2020-21
202335,Patrick Patterson,1610612746,LAC,38.0,15.3,4.3,1.9,0.436,2.9,1.1,0.357,0.4,0.3,0.765,5.2,0.8,0.3,2.0,0.5,1.5,0.6,0.580875781948168,0.5697674418604651,2.0,3.3,1.0,1.0,1.0,0.0,0.0,0.0,0.0,0.0,0.0,2.0,0.0,0.5,0.5,0.5,0.0,-3.5,1.0,1.0,,,,,,,,,,,,,,,,,,,,,0.8835477412641362,2020-21
202339,Eric Bledsoe,1610612740,NOP,71.0,29.7,10.3,4.3,0.421,5.0,1.7,0.341,2.7,1.9,0.687,12.2,3.8,1.6,3.4,0.4,3.0,-0.9,0.5309888579387185,0.4999999999999999,32.0,3.1,0.9,0.4,0.4,0.4,0.2,0.357,0.3,0.3,0.8,1.2,0.1,0.2,0.3,0.0,0.3,1.0,0.5813953488372092,0.5555555555555556,,,,,,,,,,,,,,,,,,,,,0.5733310492812005,2020-21
202340,Avery Bradley,1610612745,HOU,27.0,22.3,6.3,2.4,0.374,3.7,1.2,0.327,0.6,0.4,0.8,6.4,1.7,1.0,2.1,0.3,1.8,-4.9,0.4875076173065204,0.4761904761904762,6.0,2.0,0.0,0.0,0.0,0.0,0.0,0.0,0.3,0.3,1.0,0.3,0.0,0.3,0.2,0.0,0.2,-2.0,1.1363636363636362,,,,,,,,,,,,,,,,,,,,,,0.920078296677931,2020-21
202355,Hassan Whiteside,1610612758,SAC,36.0,15.2,6.2,3.5,0.563,0.0,0.0,0.0,2.2,1.1,0.519,8.1,0.6,1.1,6.0,1.7,4.3,-2.9,0.5650111607142857,0.564516129032258,7.0,1.5,0.4,0.0,0.0,0.0,0.0,0.0,0.6,0.0,0.0,0.0,0.1,0.1,0.3,0.3,0.0,-0.1,0.0,0.0,,,,,,,,,,,,,,,,,,,,,0.1947886664736138,2020-21
202357,Nemanja Bjelica,1610612748,MIA,37.0,16.1,5.3,2.4,0.454,2.3,0.7,0.318,1.4,1.0,0.725,6.5,1.9,0.9,3.4,0.8,2.6,-1.8,0.5493576741041245,0.5188679245283019,8.0,1.0,0.4,0.1,0.333,0.1,0.0,0.0,0.5,0.3,0.5,0.5,0.1,0.1,0.4,0.1,0.3,2.0,0.40322580645161293,0.25,2.0,15.1,5.5,2.5,0.455,4.0,2.0,0.5,3.0,2.0,0.667,9.0,1.0,0.0,2.5,0.5,2.0,-10.0,0.6598240469208211,0.6363636363636364,0.5634274077715323,2020-21
202397,Ish Smith,1610612764,WAS,44.0,21.0,6.8,2.9,0.434,1.1,0.4,0.367,0.8,0.4,0.576,6.7,3.9,0.9,3.4,0.5,2.9,1.2,0.4684004474272931,0.4558823529411765,9.0,2.6,0.4,0.1,0.25,0.1,0.0,0.0,0.0,0.0,0.0,0.2,0.0,0.0,0.6,0.0,0.6,0.1,0.25,0.25,5.0,22.3,8.6,3.2,0.372,1.4,0.4,0.286,0.0,0.0,0.0,6.8,2.8,1.0,3.2,0.2,3.0,-1.6,0.3953488372093023,0.39534883720930236,0.36495684611617807,2020-21
202681,Kyrie Irving,1610612751,BKN,54.0,34.9,20.1,10.2,0.506,7.0,2.8,0.402,4.0,3.7,0.922,26.9,6.0,2.4,4.8,1.0,3.8,4.2,0.6152790484903933,0.5771144278606964,29.0,3.5,2.2,1.0,0.476,0.9,0.4,0.407,1.0,0.9,0.867,3.3,0.5,0.2,0.4,0.1,0.3,1.6,0.6249999999999999,0.5454545454545454,9.0,36.1,18.1,8.6,0.472,7.2,2.7,0.369,3.1,2.9,0.929,22.7,3.4,1.2,5.8,1.3,4.4,11.4,0.5831278257295519,0.5497237569060772,0.6133890279111377,2020-21
202683,Enes Freedom,1610612757,POR,72.0,24.4,7.8,4.7,0.604,0.1,0.0,0.25,2.3,1.8,0.774,11.2,1.2,1.1,11.0,3.9,7.1,2.2,0.6354970494779846,0.6025641025641026,18.0,2.7,0.7,0.4,0.615,0.0,0.0,0.0,0.1,0.1,1.0,1.0,0.2,0.1,1.3,0.7,0.6,1.9,0.6720430107526881,0.5714285714285715,5.0,11.2,1.6,0.8,0.5,0.0,0.0,0.0,0.4,0.4,1.0,2.0,0.0,0.6,2.6,1.2,1.4,-6.8,0.5630630630630631,0.5,0.6204364023353001,2020-21
202684,Tristan Thompson,1610612738,BOS,54.0,23.8,6.0,3.1,0.518,0.1,0.0,0.0,2.2,1.3,0.592,7.6,1.2,1.1,8.1,3.1,5.0,0.4,0.5453501722158438,0.5166666666666667,22.0,2.1,0.1,0.1,0.667,0.0,0.0,0.0,0.3,0.2,0.667,0.4,0.0,0.1,0.3,0.1,0.2,-0.9,0.8620689655172414,1.0,5.0,26.4,6.8,4.0,0.588,0.0,0.0,0.0,3.4,2.4,0.706,10.4,1.0,1.0,9.8,5.8,4.0,-17.4,0.6268081002892961,0.5882352941176471,0.6933187340194248,2020-21
202685,Jonas Valančiūnas,1610612763,MEM,62.0,28.3,12.0,7.1,0.592,0.9,0.3,0.368,3.3,2.5,0.773,17.1,1.8,1.6,12.5,4.1,8.4,2.2,0.6355932203389831,0.6041666666666666,29.0,3.0,0.7,0.4,0.55,0.0,0.0,0.0,0.5,0.5,0.933,1.2,0.1,0.1,1.1,0.4,0.7,-0.7,0.6521739130434783,0.5714285714285715,5.0,33.1,11.6,6.6,0.569,1.6,0.4,0.25,1.6,1.4,0.875,15.0,2.6,2.0,9.8,4.0,5.8,-5.8,0.609557867360208,0.5862068965517241,0.6339357747506078,2020-21
202687,Bismack Biyombo,1610612766,CHA,66.0,20.4,3.7,2.2,0.587,0.0,0.0,0.0,1.6,0.7,0.448,5.0,1.2,1.1,5.3,2.1,3.2,-4.2,0.5676657584014533,0.5945945945945946,19.0,1.7,0.1,0.1,1.0,0.0,0.0,0.0,0.4,0.2,0.429,0.3,0.0,0.0,0.6,0.2,0.4,1.0,0.5434782608695652,1.0,,,,,,,,,,,,,,,,,,,,,0.5542434627488335,2020-21
202689,Kemba Walker,1610612760,OKC,43.0,31.8,15.7,6.6,0.42,8.2,3.0,0.36,3.5,3.1,0.899,19.3,4.9,2.0,4.0,0.4,3.6,2.2,0.5597447795823667,0.5159235668789809,23.0,3.1,1.3,0.3,0.226,0.9,0.2,0.25,0.4,0.3,0.778,1.1,0.3,0.0,0.4,0.0,0.3,-1.6,0.3726287262872629,0.3076923076923077,3.0,30.3,13.7,4.3,0.317,5.7,1.0,0.176,3.3,3.0,0.9,12.7,4.0,2.7,4.0,0.0,4.0,-18.0,0.41908658922914466,0.35036496350364965,0.4353239214172637,2020-21
202692,Alec Burks,1610612752,NYK,49.0,25.6,10.2,4.3,0.42,5.0,2.1,0.415,2.4,2.1,0.856,12.7,2.2,1.0,4.6,0.4,4.2,2.6,0.5641435678749112,0.5245098039215687,22.0,3.4,1.9,0.8,0.429,1.0,0.5,0.476,0.9,0.8,0.9,2.9,0.1,0.1,0.6,0.0,0.6,0.7,0.6315331010452963,0.5526315789473685,5.0,25.6,11.2,4.8,0.429,4.8,1.6,0.333,3.8,2.8,0.737,14.0,2.6,0.8,5.0,1.0,4.0,1.8,0.5438160348042262,0.5,0.5950704300415963,2020-21
202693,Markieff Morris,1610612747,LAL,61.0,19.7,6.2,2.5,0.405,3.4,1.1,0.311,0.8,0.6,0.72,6.7,1.2,0.9,4.4,0.8,3.6,0.3,0.5112942612942613,0.4919354838709677,12.0,2.5,0.8,0.3,0.333,0.8,0.3,0.333,0.0,0.0,0.0,0.8,0.2,0.0,0.6,0.2,0.4,1.3,0.5,0.5624999999999999,4.0,9.5,2.3,0.5,0.222,1.0,0.3,0.25,1.5,1.0,0.667,2.3,0.8,0.5,1.0,1.0,0.0,-5.3,0.3885135135135135,0.28260869565217395,0.459042359443504,2020-21
202694,Marcus Morris Sr.,1610612746,LAC,57.0,26.3,10.2,4.8,0.473,5.2,2.5,0.473,1.6,1.3,0.82,13.4,1.0,1.0,4.1,0.6,3.5,2.3,0.6144534115920763,0.5931372549019608,20.0,2.4,0.4,0.3,0.75,0.3,0.2,0.8,0.1,0.1,1.0,0.9,0.1,0.1,0.4,0.1,0.3,0.1,1.0135135135135136,1.0,19.0,31.8,10.5,4.5,0.43,5.1,1.9,0.375,1.7,1.3,0.75,12.2,1.5,0.4,4.3,0.7,3.6,-0.6,0.5423186344238976,0.5190476190476191,0.7153276256088659,2020-21
202695,Kawhi Leonard,1610612746,LAC,52.0,34.1,17.5,8.9,0.512,4.9,1.9,0.398,5.7,5.0,0.885,24.8,5.2,2.0,6.5,1.1,5.4,8.6,0.6197520991603359,0.5628571428571428,21.0,2.7,1.7,0.5,0.314,0.5,0.1,0.2,0.9,0.8,0.895,2.0,0.3,0.4,0.9,0.2,0.7,-1.1,0.47709923664122134,0.3235294117647059,11.0,39.2,19.4,11.1,0.573,5.5,2.2,0.393,6.8,6.0,0.88,30.4,4.4,2.2,7.7,2.0,5.7,2.5,0.6788138620936048,0.6288659793814433,0.6114463121676628,2020-21
202696,Nikola Vučević,1610612741,CHI,70.0,33.5,19.9,9.5,0.477,6.3,2.5,0.4,2.2,1.9,0.84,23.4,3.8,1.8,11.7,2.1,9.6,-4.9,0.5606670500287522,0.5402010050251257,28.0,3.1,1.4,0.6,0.447,0.3,0.1,0.222,0.2,0.2,0.833,1.5,0.4,0.2,1.1,0.2,0.9,-0.1,0.5040322580645161,0.46428571428571436,,,,,,,,,,,,,,,,,,,,,0.5299456979316383,2020-21
202699,Tobias Harris,1610612755,PHI,62.0,32.5,14.9,7.6,0.512,3.4,1.3,0.394,3.3,2.9,0.892,19.5,3.5,1.7,6.8,1.0,5.8,5.2,0.5962573385518591,0.5536912751677853,28.0,3.7,1.8,0.9,0.531,0.3,0.1,0.444,0.8,0.8,0.913,2.8,0.2,0.3,0.6,0.1,0.5,2.4,0.6505576208178437,0.5277777777777778,12.0,36.5,17.9,8.8,0.488,3.6,1.3,0.372,3.3,2.9,0.875,21.8,3.5,1.5,8.5,0.8,7.7,4.4,0.5632492765605623,0.5279329608938549,0.6099339385568132,2020-21
202704,Reggie Jackson,1610612746,LAC,67.0,23.0,8.7,3.9,0.45,4.2,1.8,0.433,1.2,1.0,0.817,10.7,3.1,1.1,2.9,0.4,2.5,3.7,0.5797572605114868,0.5517241379310345,19.0,1.8,0.6,0.4,0.667,0.4,0.2,0.571,0.2,0.2,0.75,1.2,0.2,0.1,0.3,0.0,0.3,-1.2,0.872093023255814,0.8333333333333334,19.0,32.7,13.3,6.4,0.484,7.5,3.1,0.408,2.2,1.9,0.878,17.8,3.4,1.5,3.2,0.4,2.8,5.6,0.6237734791141015,0.5977443609022556,0.7061071757842485,2020-21
202709,Cory Joseph,1610612765,DET,63.0,23.0,6.8,3.2,0.469,2.1,0.7,0.341,1.4,1.1,0.818,8.2,3.4,1.3,2.5,0.6,2.0,-3.1,0.5528586839266451,0.5220588235294118,16.0,1.8,0.5,0.1,0.25,0.1,0.0,0.0,0.1,0.1,0.5,0.3,0.1,0.0,0.1,0.1,0.1,-1.5,0.275735294117647,0.2,,,,,,,,,,,,,,,,,,,,,0.3754626985627023,2020-21
202710,Jimmy Butler III,1610612748,MIA,52.0,33.6,14.2,7.0,0.497,2.0,0.5,0.245,8.0,6.9,0.863,21.5,7.1,2.1,6.9,1.8,5.1,3.8,0.6066591422121896,0.5105633802816901,26.0,3.5,1.8,0.6,0.348,0.3,0.0,0.125,1.3,1.2,0.857,2.4,0.5,0.3,0.9,0.2,0.7,-0.4,0.5059021922428331,0.3333333333333333,4.0,38.5,16.0,4.8,0.297,3.8,1.0,0.267,5.5,4.0,0.727,14.5,7.0,2.3,7.5,1.5,6.0,-21.5,0.3935939196525515,0.33125,0.47921693727972053,2020-21
202711,Bojan Bogdanovic,1610612762,UTA,72.0,30.8,12.8,5.6,0.439,6.4,2.5,0.39,3.7,3.2,0.879,17.0,1.9,1.8,3.9,0.6,3.3,5.8,0.5891322428611033,0.5351562499999999,28.0,2.7,1.2,0.3,0.265,1.1,0.3,0.25,0.3,0.3,1.0,1.2,0.1,0.0,0.2,0.0,0.1,1.1,0.45045045045045046,0.375,11.0,35.5,12.5,5.8,0.467,6.9,3.2,0.461,3.7,3.3,0.878,18.1,1.5,2.1,4.3,0.5,3.7,0.9,0.6405719139297849,0.5920000000000001,0.5779998142578274,2020-21
202722,Davis Bertans,1610612764,WAS,57.0,25.7,8.4,3.4,0.404,7.5,3.0,0.395,2.0,1.8,0.87,11.5,0.9,0.6,2.9,0.3,2.6,1.9,0.6196120689655171,0.5833333333333334,29.0,3.8,0.9,0.3,0.37,0.8,0.3,0.391,0.4,0.4,1.0,1.4,0.1,0.0,0.6,0.1,0.5,0.6,0.6505576208178437,0.49999999999999994,4.0,26.5,6.8,2.8,0.407,5.8,2.0,0.348,1.8,1.8,1.0,9.3,0.3,0.3,2.8,0.0,2.8,-8.5,0.612486828240253,0.5588235294117647,0.6370789182666708,2020-21
202734,E'Twaun Moore,1610612756,PHX,27.0,14.4,4.5,2.0,0.455,1.3,0.4,0.314,0.5,0.4,0.857,4.9,1.5,0.9,1.7,0.5,1.1,0.3,0.5190677966101696,0.48888888888888893,2.0,3.8,1.0,1.0,1.0,1.0,1.0,1.0,0.0,0.0,0.0,3.0,0.0,0.0,0.0,0.0,0.0,3.5,1.5,1.5,7.0,6.6,2.6,1.1,0.444,0.7,0.1,0.2,0.0,0.0,0.0,2.4,1.3,0.4,1.4,0.0,1.4,0.6,0.4615384615384615,0.44230769230769235,0.839502752421543,2020-21
202738,Isaiah Thomas,1610612740,NOP,3.0,16.1,9.0,3.0,0.333,4.0,1.0,0.25,0.7,0.7,1.0,7.7,1.7,2.0,1.3,0.3,1.0,2.7,0.41362269015900305,0.3888888888888889,,,,,,,,,,,,,,,,,,,,,,,,,,,,,,,,,,,,,,,,,0.41362269015900305,2020-21
202954,Brad Wanamaker,1610612766,CHA,61.0,17.3,4.9,1.9,0.385,1.4,0.3,0.188,1.7,1.5,0.891,5.5,2.9,1.2,1.7,0.3,1.4,-2.1,0.4868980169971671,0.4183673469387754,10.0,1.6,0.4,0.2,0.5,0.2,0.1,0.5,0.2,0.1,0.5,0.6,0.0,0.1,0.0,0.0,0.0,-1.4,0.6147540983606556,0.625,,,,,,,,,,,,,,,,,,,,,0.5802986698772825,2020-21
203076,Anthony Davis,1610612747,LAL,36.0,32.3,17.0,8.4,0.491,2.8,0.7,0.26,5.9,4.4,0.738,21.8,3.1,2.1,7.9,1.7,6.2,3.2,0.5562359665237804,0.5147058823529411,18.0,3.8,2.1,0.8,0.395,0.4,0.2,0.429,0.4,0.4,1.0,2.2,0.4,0.2,0.9,0.4,0.6,2.2,0.4833040421792619,0.42857142857142855,5.0,28.8,12.4,5.0,0.403,2.2,0.4,0.182,8.4,7.0,0.833,17.4,2.6,1.2,6.6,1.4,5.2,-3.2,0.540506958250497,0.41935483870967744,0.5364137621147098,2020-21
203078,Bradley Beal,1610612764,WAS,60.0,35.8,23.0,11.2,0.485,6.2,2.2,0.349,7.7,6.8,0.889,31.3,4.4,3.1,4.7,1.2,3.5,-0.1,0.5930726087615583,0.5347826086956521,32.0,4.4,3.1,1.5,0.475,0.8,0.2,0.24,1.8,1.6,0.847,4.7,0.4,0.4,0.8,0.2,0.6,0.4,0.6038026721479959,0.5161290322580645,5.0,39.1,24.6,11.2,0.455,6.4,1.4,0.219,7.2,6.2,0.861,30.0,4.2,4.0,6.2,1.2,5.0,-12.2,0.54019014693172,0.4837398373983739,0.5836863265110975,2020-21
203081,Damian Lillard,1610612757,POR,67.0,35.8,19.9,9.0,0.451,10.5,4.1,0.391,7.2,6.7,0.928,28.8,7.5,3.0,4.2,0.5,3.7,3.0,0.6242413733310214,0.5552763819095479,34.0,3.7,2.6,1.3,0.511,1.4,0.5,0.391,1.7,1.6,0.947,4.8,0.7,0.3,0.7,0.0,0.7,2.9,0.7168458781362007,0.5961538461538461,6.0,41.3,22.3,10.3,0.463,13.0,5.8,0.449,8.3,7.8,0.94,34.3,10.2,2.2,4.3,0.2,4.2,4.5,0.6608353884093711,0.5919282511210763,0.6864718757710986,2020-21
203082,Terrence Ross,1610612753,ORL,46.0,29.3,13.4,5.5,0.412,5.7,1.9,0.337,3.0,2.6,0.87,15.6,2.3,1.6,3.4,0.3,3.1,-5.1,0.529891304347826,0.48134328358208955,20.0,3.0,1.4,0.6,0.393,0.9,0.4,0.471,0.3,0.2,0.8,1.7,0.2,0.1,0.2,0.0,0.2,0.4,0.5548302872062663,0.5714285714285715,,,,,,,,,,,,,,,,,,,,,0.5569650541133697,2020-21
203083,Andre Drummond,1610612747,LAL,46.0,27.0,12.4,6.1,0.493,0.2,0.0,0.0,4.5,2.7,0.6,14.9,2.0,2.7,12.0,3.6,8.4,-2.3,0.5180806675938804,0.4919354838709677,19.0,3.5,0.8,0.3,0.375,0.0,0.0,0.0,0.9,0.6,0.611,1.2,0.2,0.3,1.6,0.5,1.1,-0.7,0.5016722408026755,0.37499999999999994,5.0,21.0,6.4,3.8,0.594,0.0,0.0,0.0,2.0,1.4,0.7,9.0,0.0,2.2,11.0,3.8,7.2,-0.8,0.6181318681318682,0.5937499999999999,0.5690884051685114,2020-21
203084,Harrison Barnes,1610612758,SAC,58.0,36.2,11.1,5.5,0.497,4.4,1.7,0.391,4.1,3.4,0.83,16.1,3.5,1.6,6.6,1.1,5.5,-1.0,0.6238375697458153,0.5720720720720721,34.0,3.5,1.1,0.5,0.444,0.4,0.1,0.231,0.8,0.6,0.846,1.7,0.3,0.1,0.5,0.1,0.4,-0.5,0.5853994490358125,0.5,,,,,,,,,,,,,,,,,,,,,0.6081220658481639,2020-21
203085,Austin Rivers,1610612743,DEN,36.0,23.5,6.8,2.9,0.424,4.1,1.5,0.369,0.9,0.6,0.71,7.9,2.3,1.0,2.3,0.2,2.1,0.3,0.5489160644802669,0.5367647058823529,14.0,2.0,0.7,0.4,0.6,0.4,0.3,0.667,0.3,0.1,0.5,1.3,0.0,0.1,0.2,0.0,0.2,0.4,0.7812500000000001,0.7857142857142858,10.0,30.5,6.9,3.0,0.435,4.6,1.9,0.413,1.6,1.3,0.813,9.2,2.1,0.9,1.7,0.1,1.6,-7.4,0.6049447659126774,0.572463768115942,0.6646691780152616,2020-21
203087,Jeremy Lamb,1610612754,IND,36.0,21.3,7.7,3.3,0.435,3.6,1.4,0.406,2.1,2.0,0.947,10.1,1.5,0.6,3.6,0.7,2.9,-0.4,0.5855751391465677,0.5194805194805194,9.0,3.5,1.7,0.8,0.467,0.6,0.2,0.4,0.4,0.4,1.0,2.2,0.0,0.2,0.9,0.4,0.4,0.0,0.5863539445628999,0.5294117647058824,,,,,,,,,,,,,,,,,,,,,0.6081722648325106,2020-21
203090,Maurice Harkless,1610612758,SAC,37.0,20.9,4.5,1.9,0.418,2.3,0.6,0.274,1.2,0.9,0.767,5.2,1.2,0.6,2.4,0.4,2.1,-1.2,0.5171042163882259,0.4888888888888888,12.0,1.8,0.1,0.1,1.0,0.0,0.0,0.0,0.0,0.0,0.0,0.2,0.2,0.0,0.2,0.0,0.2,0.3,1.0,1.0,,,,,,,,,,,,,,,,,,,,,0.8412569610178037,2020-21
203095,Evan Fournier,1610612738,BOS,42.0,30.0,12.9,5.9,0.457,6.7,2.8,0.413,3.3,2.6,0.788,17.1,3.4,1.7,3.0,0.2,2.8,-0.8,0.5957357859531773,0.5658914728682171,17.0,2.9,1.4,0.6,0.435,0.8,0.2,0.231,0.6,0.5,0.818,1.9,0.5,0.1,0.2,0.0,0.2,0.6,0.5709134615384616,0.5,5.0,33.3,12.6,5.4,0.429,6.0,2.6,0.433,2.4,2.0,0.833,15.4,1.4,1.0,3.6,1.0,2.6,-9.2,0.5638547158758056,0.5317460317460317,0.5823738559537062,2020-21
203107,Tomas Satoransky,1610612741,CHI,58.0,22.5,5.7,2.9,0.514,2.0,0.7,0.356,1.4,1.2,0.848,7.7,4.7,1.7,2.4,0.5,1.9,0.0,0.6095630145661811,0.5701754385964912,13.0,1.8,0.2,0.1,0.333,0.1,0.0,0.0,0.2,0.2,1.0,0.3,0.1,0.2,0.2,0.1,0.1,-2.4,0.5208333333333333,0.5,,,,,,,,,,,,,,,,,,,,,0.5539186656734916,2020-21
203109,Jae Crowder,1610612756,PHX,60.0,27.5,8.2,3.3,0.404,6.3,2.5,0.389,1.3,1.0,0.76,10.1,2.1,0.9,4.7,0.5,4.2,3.6,0.5756953944368446,0.5548780487804879,25.0,4.3,1.1,0.4,0.321,1.0,0.3,0.28,0.0,0.0,0.0,1.0,0.2,0.1,0.8,0.1,0.7,0.0,0.45454545454545453,0.5,22.0,33.1,8.4,3.5,0.413,6.5,2.5,0.38,1.6,1.4,0.886,10.8,1.9,0.9,6.1,0.5,5.6,5.2,0.5931458699472759,0.5654761904761905,0.5574519530396358,2020-21
203110,Draymond Green,1610612744,GSW,63.0,31.5,6.0,2.7,0.447,2.0,0.5,0.27,1.4,1.1,0.795,7.0,8.9,3.0,7.1,0.9,6.2,3.8,0.5290205562273277,0.4916666666666667,28.0,3.3,0.8,0.4,0.435,0.2,0.1,0.4,0.2,0.1,0.4,0.9,0.9,0.2,0.6,0.2,0.4,-1.3,0.5067567567567568,0.5625,,,,,,,,,,,,,,,,,,,,,0.5275113565780583,2020-21
203114,Khris Middleton,1610612749,MIL,68.0,33.4,15.8,7.5,0.476,5.4,2.2,0.414,3.5,3.1,0.898,20.4,5.4,2.6,6.0,0.8,5.2,4.3,0.588235294117647,0.5443037974683543,24.0,3.6,1.8,0.7,0.386,1.0,0.3,0.304,0.8,0.8,1.0,2.5,0.3,0.5,0.8,0.0,0.8,0.2,0.5808550185873605,0.4722222222222222,23.0,40.1,19.7,8.6,0.438,7.6,2.6,0.343,4.2,3.7,0.887,23.6,5.1,3.2,7.6,1.1,6.5,5.2,0.5476146278076852,0.5025380710659899,0.5768572741818074,2020-21
203115,Will Barton,1610612743,DEN,56.0,31.0,10.9,4.6,0.426,4.6,1.8,0.381,2.2,1.7,0.785,12.7,3.2,1.7,4.0,0.7,3.3,4.1,0.5350522413211998,0.5045871559633027,20.0,4.9,1.5,0.8,0.517,0.5,0.3,0.556,0.7,0.7,1.0,2.4,0.4,0.2,0.7,0.1,0.6,1.5,0.663716814159292,0.6333333333333334,3.0,27.7,14.3,6.3,0.442,7.0,2.3,0.333,1.3,1.3,1.0,16.3,2.7,1.3,4.3,0.3,4.0,0.0,0.5480096826250672,0.5209790209790209,0.59818062080781,2020-21
203118,Mike Scott,1610612755,PHI,51.0,16.7,4.1,1.5,0.36,3.0,1.0,0.342,0.2,0.2,0.667,4.2,0.8,0.4,2.4,0.2,2.1,-0.2,0.5014326647564471,0.48780487804878053,4.0,4.3,1.0,0.0,0.0,0.8,0.0,0.0,0.0,0.0,0.0,0.0,0.5,0.0,0.5,0.5,0.0,-0.8,0.0,0.0,5.0,6.9,1.8,0.4,0.222,1.4,0.4,0.286,0.0,0.0,0.0,1.2,0.6,0.0,0.6,0.2,0.4,1.8,0.3333333333333333,0.33333333333333337,0.27462902135589806,2020-21
203121,Darius Miller,1610612760,OKC,18.0,10.9,2.7,1.2,0.458,2.3,0.9,0.405,0.7,0.7,1.0,4.1,1.2,0.4,1.3,0.1,1.2,2.1,0.6815159574468085,0.611111111111111,1.0,0.5,0.0,0.0,0.0,0.0,0.0,0.0,0.0,0.0,0.0,0.0,0.0,0.0,0.0,0.0,0.0,3.0,,,,,,,,,,,,,,,,,,,,,,,0.22717198581560283,2020-21
203145,Kent Bazemore,1610612744,GSW,67.0,19.9,5.9,2.6,0.449,2.7,1.1,0.408,1.2,0.8,0.692,7.2,1.6,1.2,3.4,0.4,3.0,2.5,0.5600497822028624,0.5338983050847458,18.0,2.8,1.0,0.4,0.444,0.3,0.1,0.2,0.2,0.1,0.5,1.1,0.1,0.1,0.4,0.1,0.3,-1.0,0.5055147058823529,0.45,,,,,,,,,,,,,,,,,,,,,0.5406422171953562,2020-21
203200,Justin Holiday,1610612754,IND,72.0,30.3,8.7,3.6,0.413,6.3,2.4,0.382,1.2,0.9,0.788,10.5,1.7,0.8,3.6,0.4,3.1,-0.6,0.5689206762028609,0.5517241379310345,36.0,3.9,0.8,0.3,0.333,0.6,0.2,0.348,0.1,0.1,1.0,0.8,0.2,0.1,0.6,0.0,0.6,-0.6,0.4739336492890995,0.5,,,,,,,,,,,,,,,,,,,,,0.5147913938914802,2020-21
203210,JaMychal Green,1610612743,DEN,58.0,19.3,6.4,3.0,0.463,3.4,1.4,0.399,1.0,0.8,0.807,8.1,0.9,0.9,4.8,1.5,3.3,1.7,0.5921052631578947,0.578125,9.0,1.6,0.4,0.2,0.5,0.2,0.0,0.0,0.1,0.1,1.0,0.6,0.1,0.1,0.2,0.1,0.1,-0.2,0.6756756756756757,0.5,10.0,19.0,4.5,2.0,0.444,2.0,0.6,0.3,0.9,0.8,0.889,5.4,1.1,0.3,5.2,1.7,3.5,0.0,0.5514705882352942,0.5111111111111111,0.6058947298682116,2020-21
203382,Aron Baynes,1610612761,TOR,53.0,18.5,5.7,2.5,0.441,1.9,0.5,0.262,0.8,0.5,0.707,6.1,0.9,0.9,5.2,1.6,3.5,-1.5,0.5039656311962987,0.4824561403508772,13.0,0.9,0.2,0.0,0.0,0.2,0.0,0.0,0.0,0.0,0.0,0.0,0.0,0.1,0.1,0.1,0.0,-1.2,0.0,0.0,,,,,,,,,,,,,,,,,,,,,0.17149731566130855,2020-21
203457,Nerlens Noel,1610612752,NYK,64.0,24.2,3.5,2.1,0.614,0.0,0.0,0.0,1.1,0.8,0.714,5.1,0.7,1.0,6.4,2.2,4.1,0.0,0.6400602409638554,0.6,17.0,4.7,0.3,0.2,0.6,0.0,0.0,0.0,0.5,0.3,0.556,0.6,0.1,0.0,0.8,0.2,0.6,0.2,0.5769230769230769,0.6666666666666667,5.0,18.4,2.0,1.0,0.5,0.0,0.0,0.0,3.2,2.6,0.813,4.6,0.2,0.8,4.0,2.0,2.0,-6.8,0.6748826291079811,0.5,0.6449971422579717,2020-21
203458,Alex Len,1610612764,WAS,64.0,15.3,4.3,2.7,0.615,0.4,0.1,0.32,1.8,1.1,0.629,6.6,0.8,0.9,4.1,1.2,2.8,-1.5,0.6480754124116261,0.6395348837209303,11.0,3.5,0.4,0.1,0.25,0.1,0.0,0.0,0.4,0.3,0.75,0.5,0.0,0.1,0.9,0.3,0.6,-2.2,0.43402777777777773,0.25,5.0,8.4,2.8,1.6,0.571,0.0,0.0,0.0,1.4,0.8,0.571,4.0,0.4,0.2,2.2,0.8,1.4,-8.2,0.585480093676815,0.5714285714285715,0.5547308670788365,2020-21
203460,Andre Roberson,1610612751,BKN,5.0,12.6,2.8,0.4,0.143,1.6,0.2,0.125,0.4,0.2,0.5,1.2,0.8,0.4,3.0,1.4,1.6,-3.8,0.20161290322580644,0.17857142857142858,,,,,,,,,,,,,,,,,,,,,,,,,,,,,,,,,,,,,,,,,0.20161290322580644,2020-21
203463,Ben McLemore,1610612747,LAL,53.0,17.1,6.9,2.5,0.37,5.3,1.8,0.346,1.0,0.7,0.736,7.7,0.7,0.8,1.9,0.3,1.6,-1.9,0.5245231607629427,0.49275362318840576,10.0,0.8,0.1,0.0,0.0,0.1,0.0,0.0,0.0,0.0,0.0,0.0,0.0,0.0,0.0,0.0,0.0,-1.6,0.0,0.0,4.0,8.9,2.3,0.5,0.222,1.5,0.5,0.333,0.0,0.0,0.0,1.5,0.3,0.3,1.8,0.3,1.5,-2.5,0.32608695652173914,0.32608695652173914,0.25191328041680217,2020-21
203468,CJ McCollum,1610612757,POR,47.0,34.0,18.8,8.6,0.458,8.9,3.6,0.402,2.8,2.3,0.812,23.1,4.7,1.4,3.9,0.6,3.3,4.4,0.5765774760383386,0.5531914893617021,20.0,3.8,2.3,1.3,0.543,1.0,0.4,0.4,0.2,0.1,0.667,3.0,0.3,0.1,0.4,0.2,0.3,3.8,0.628140703517588,0.6521739130434783,6.0,39.9,19.0,8.3,0.439,7.0,2.3,0.333,2.2,1.7,0.769,20.7,4.3,2.0,6.0,1.0,5.0,-1.2,0.5183293269230769,0.4973684210526316,0.5768751865263317,2020-21
203469,Cody Zeller,1610612766,CHA,48.0,20.9,6.8,3.8,0.559,0.6,0.1,0.143,2.5,1.8,0.714,9.4,1.8,1.1,6.8,2.5,4.4,0.9,0.5949367088607594,0.5661764705882353,13.0,3.3,0.6,0.5,0.75,0.0,0.0,0.0,0.3,0.2,0.5,1.1,0.2,0.0,0.6,0.5,0.2,0.5,0.7513661202185793,0.8333333333333334,,,,,,,,,,,,,,,,,,,,,0.7080465125097732,2020-21
203471,Dennis Schröder,1610612747,LAL,61.0,32.1,12.5,5.4,0.437,3.5,1.2,0.335,4.0,3.4,0.848,15.4,5.8,2.7,3.5,0.5,3.0,1.4,0.5399719495091164,0.48,28.0,3.7,1.4,0.6,0.462,0.3,0.1,0.375,0.8,0.7,0.87,2.1,0.5,0.2,0.4,0.0,0.4,2.1,0.5993150684931507,0.46428571428571436,6.0,32.7,11.7,4.7,0.4,4.3,1.3,0.308,4.3,3.7,0.846,14.3,2.8,1.7,3.0,0.2,2.8,-3.3,0.5260447321954091,0.45726495726495736,0.5639893805127116,2020-21
203473,Dewayne Dedmon,1610612748,MIA,16.0,13.2,4.1,2.9,0.708,0.3,0.1,0.2,1.7,1.3,0.741,7.1,0.8,0.8,5.4,1.8,3.6,4.3,0.7322607260726073,0.7195121951219512,1.0,0.4,0.0,0.0,0.0,0.0,0.0,0.0,0.0,0.0,0.0,0.0,0.0,0.0,0.0,0.0,0.0,-2.0,,,4.0,14.3,4.5,2.5,0.556,0.8,0.3,0.333,1.3,1.0,0.8,6.3,0.8,1.5,4.5,2.0,2.5,-9.3,0.6210567823343849,0.5888888888888889,0.432571845512627,2020-21
203476,Gorgui Dieng,1610612759,SAS,38.0,14.5,4.3,2.2,0.521,1.8,0.8,0.429,1.8,1.5,0.866,6.8,1.3,0.8,3.7,1.1,2.6,-1.8,0.6677140612725845,0.6046511627906977,6.0,2.6,0.2,0.2,1.0,0.0,0.0,0.0,0.0,0.0,0.0,0.3,0.2,0.3,0.5,0.2,0.3,0.2,0.7499999999999999,1.0,,,,,,,,,,,,,,,,,,,,,0.7272225165471441,2020-21
203482,Kelly Olynyk,1610612745,HOU,70.0,28.5,10.0,4.8,0.484,5.3,1.8,0.342,2.5,2.1,0.829,13.5,2.9,1.8,7.0,1.2,5.7,-1.4,0.6081081081081081,0.5700000000000001,27.0,2.5,0.7,0.3,0.35,0.4,0.1,0.25,0.4,0.4,0.917,1.0,0.1,0.1,0.5,0.1,0.4,0.3,0.5707762557077626,0.5,,,,,,,,,,,,,,,,,,,,,0.5902202065071778,2020-21
203484,Kentavious Caldwell-Pope,1610612747,LAL,67.0,28.4,7.6,3.3,0.431,4.4,1.8,0.41,1.7,1.4,0.866,9.7,1.9,1.0,2.7,0.4,2.3,2.1,0.5809774796358409,0.5526315789473685,26.0,4.2,0.6,0.2,0.4,0.4,0.2,0.364,0.2,0.2,1.0,0.8,0.3,0.0,0.4,0.0,0.4,1.8,0.5813953488372093,0.5000000000000001,5.0,29.1,5.8,2.2,0.379,3.8,0.8,0.211,1.0,1.0,1.0,6.2,1.0,0.4,2.8,0.4,2.4,-0.6,0.4967948717948718,0.4482758620689655,0.5469202022902123,2020-21
203486,Mason Plumlee,1610612765,DET,56.0,26.8,6.8,4.2,0.614,0.1,0.0,0.0,3.0,2.0,0.669,10.4,3.6,1.9,9.3,2.6,6.7,-2.7,0.6403940886699508,0.6176470588235294,23.0,3.6,0.6,0.3,0.571,0.0,0.0,0.0,1.1,0.7,0.577,1.3,0.2,0.1,1.4,0.6,0.8,-1.2,0.5996309963099631,0.5,,,,,,,,,,,,,,,,,,,,,0.6220422231737595,2020-21
203487,Michael Carter-Williams,1610612753,ORL,31.0,25.8,8.7,3.4,0.389,2.0,0.5,0.246,2.6,1.6,0.613,8.8,4.2,2.2,4.5,1.3,3.2,-1.6,0.4469727752945958,0.4195402298850575,11.0,2.6,0.5,0.3,0.6,0.0,0.0,0.0,0.7,0.5,0.75,1.1,0.3,0.4,0.7,0.3,0.5,-0.4,0.6806930693069307,0.6,,,,,,,,,,,,,,,,,,,,,0.6085334310722735,2020-21
203488,Mike Muscala,1610612760,OKC,35.0,18.4,7.6,3.4,0.446,5.3,1.9,0.37,1.0,0.9,0.917,9.7,0.8,0.6,3.8,0.5,3.2,0.5,0.6032338308457712,0.5723684210526315,3.0,2.6,1.3,0.7,0.5,1.0,0.7,0.667,0.0,0.0,0.0,2.0,0.0,0.0,0.7,0.3,0.3,0.7,0.7692307692307692,0.8076923076923075,,,,,,,,,,,,,,,,,,,,,0.731003719591414,2020-21
203490,Otto Porter Jr.,1610612753,ORL,28.0,21.7,8.1,3.5,0.432,3.7,1.4,0.375,1.5,1.3,0.857,9.7,2.0,0.9,5.4,1.0,4.4,-1.5,0.5536529680365296,0.5185185185185186,11.0,3.3,1.1,0.6,0.583,0.5,0.2,0.333,0.2,0.2,1.0,1.6,0.3,0.0,1.0,0.3,0.7,-0.9,0.6734006734006733,0.6363636363636362,,,,,,,,,,,,,,,,,,,,,0.647065018524529,2020-21
203493,Reggie Bullock Jr.,1610612752,NYK,65.0,30.0,8.6,3.8,0.442,6.1,2.5,0.41,0.8,0.8,0.909,10.9,1.5,0.7,3.4,0.2,3.2,1.6,0.6088025022341377,0.5872093023255814,28.0,4.2,0.6,0.3,0.5,0.5,0.2,0.429,0.2,0.1,0.8,0.9,0.1,0.3,0.7,0.1,0.6,0.3,0.6540697674418605,0.6666666666666667,5.0,32.5,7.8,3.0,0.385,5.8,2.0,0.345,1.0,0.8,0.8,8.8,1.2,0.8,3.4,1.0,2.4,-7.0,0.5339805825242718,0.5128205128205129,0.5934573749670143,2020-21
203496,Robert Covington,1610612757,POR,70.0,32.0,7.3,2.9,0.401,5.1,1.9,0.379,0.9,0.7,0.806,8.5,1.7,0.9,6.7,0.9,5.8,2.9,0.5522349272349273,0.5273972602739726,33.0,3.3,0.8,0.4,0.519,0.5,0.3,0.5,0.4,0.2,0.583,1.3,0.2,0.2,0.9,0.2,0.7,2.9,0.665983606557377,0.6875,6.0,38.0,6.0,3.0,0.5,3.7,1.8,0.5,1.7,1.5,0.9,9.3,1.2,1.3,7.8,1.5,6.3,4.7,0.6890930646117368,0.65,0.6695391264722365,2020-21
203497,Rudy Gobert,1610612762,UTA,71.0,30.8,8.2,5.5,0.675,0.1,0.0,0.0,5.3,3.3,0.623,14.3,1.3,1.7,13.5,3.4,10.1,10.3,0.6788834029624004,0.6707317073170732,29.0,2.8,0.7,0.5,0.789,0.0,0.0,0.0,0.3,0.2,0.875,1.3,0.1,0.2,1.0,0.4,0.6,1.5,0.7812500000000001,0.7142857142857143,11.0,34.2,7.4,5.5,0.741,0.1,0.0,0.0,6.0,3.8,0.636,14.7,0.8,1.5,12.3,3.9,8.4,3.0,0.7320717131474103,0.7432432432432432,0.7481363424322511,2020-21
203500,Steven Adams,1610612740,NOP,58.0,27.7,5.3,3.3,0.614,0.1,0.0,0.0,2.3,1.0,0.444,7.6,1.9,1.3,8.9,3.7,5.2,0.3,0.6020278833967048,0.6226415094339622,26.0,3.9,0.4,0.2,0.6,0.0,0.0,0.0,0.5,0.3,0.643,0.8,0.1,0.3,1.2,0.5,0.7,-0.4,0.6451612903225807,0.5,,,,,,,,,,,,,,,,,,,,,0.6383306578238522,2020-21
203501,Tim Hardaway Jr.,1610612742,DAL,70.0,28.4,13.0,5.8,0.447,7.6,3.0,0.391,2.5,2.0,0.816,16.6,1.8,0.9,3.3,0.3,3.0,1.0,0.5886524822695036,0.5615384615384615,25.0,2.7,0.8,0.2,0.286,0.5,0.1,0.231,0.5,0.4,0.769,1.0,0.2,0.0,0.1,0.0,0.1,-1.9,0.49019607843137253,0.3125,7.0,37.4,14.4,6.0,0.416,8.1,3.3,0.404,2.3,1.7,0.75,17.0,1.4,0.9,3.3,0.7,2.6,-0.3,0.5515182974305736,0.53125,0.5434204347240343,2020-21
203503,Tony Snell,1610612737,ATL,47.0,21.1,3.6,1.9,0.515,2.3,1.3,0.569,0.2,0.2,1.0,5.3,1.3,0.4,2.4,0.4,2.0,1.4,0.7185466377440346,0.7083333333333333,11.0,3.9,0.6,0.4,0.571,0.5,0.4,0.8,0.0,0.0,0.0,1.1,0.0,0.0,0.2,0.1,0.1,0.3,0.9166666666666667,1.0000000000000002,9.0,7.3,1.8,0.2,0.125,1.2,0.1,0.091,0.0,0.0,0.0,0.6,0.2,0.4,0.6,0.0,0.6,-4.3,0.16666666666666666,0.1388888888888889,0.5253133285082652,2020-21
203504,Trey Burke,1610612742,DAL,62.0,14.7,5.7,2.4,0.428,2.6,0.9,0.354,0.9,0.8,0.895,6.6,1.3,0.5,0.9,0.2,0.7,0.2,0.5413385826771653,0.5,10.0,2.2,0.5,0.1,0.2,0.3,0.1,0.333,0.0,0.0,0.0,0.3,0.0,0.0,0.0,0.0,0.0,-1.4,0.3,0.30000000000000004,2.0,8.3,3.5,0.0,0.0,1.5,0.0,0.0,1.0,0.5,0.5,0.5,0.5,0.0,0.5,0.5,0.0,-9.0,0.06345177664974619,0.0,0.23072091526075647,2020-21
203506,Victor Oladipo,1610612748,MIA,33.0,32.7,17.5,7.1,0.408,7.2,2.4,0.326,4.2,3.2,0.754,19.8,4.6,2.5,4.8,0.4,4.5,-2.2,0.5116807938805045,0.4742857142857142,11.0,4.2,2.1,0.8,0.391,0.9,0.2,0.2,0.5,0.4,0.8,2.2,0.3,0.4,0.7,0.0,0.7,-2.4,0.47413793103448276,0.42857142857142855,,,,,,,,,,,,,,,,,,,,,0.49865221864913756,2020-21
203507,Giannis Antetokounmpo,1610612749,MIL,61.0,33.0,18.0,10.3,0.569,3.6,1.1,0.303,9.5,6.5,0.685,28.1,5.9,3.4,11.0,1.6,9.4,6.7,0.633453561767358,0.6027777777777779,22.0,3.3,1.7,1.0,0.568,0.2,0.1,0.4,0.7,0.5,0.688,2.5,0.4,0.2,1.1,0.2,1.0,1.3,0.6225099601593626,0.6176470588235294,21.0,38.1,20.9,11.9,0.569,3.3,0.6,0.186,9.8,5.8,0.587,30.2,5.1,3.0,12.8,2.8,10.0,6.2,0.5989211486593685,0.583732057416268,0.6219839324546179,2020-21
203516,James Ennis III,1610612753,ORL,41.0,24.1,5.9,2.8,0.473,2.5,1.1,0.433,2.1,1.7,0.805,8.4,1.5,0.9,4.0,1.0,3.0,-1.8,0.6154747948417351,0.5677966101694915,13.0,2.5,0.5,0.2,0.5,0.1,0.0,0.0,0.5,0.3,0.667,0.8,0.2,0.1,0.7,0.2,0.5,0.1,0.5555555555555556,0.4,,,,,,,,,,,,,,,,,,,,,0.5840032115873655,2020-21
203521,Matthew Dellavedova,1610612739,CLE,13.0,17.2,4.3,1.1,0.25,1.9,0.3,0.16,0.3,0.3,1.0,2.8,4.5,0.5,1.8,0.5,1.4,-1.4,0.315884476534296,0.29069767441860467,1.0,4.2,2.0,0.0,0.0,2.0,0.0,0.0,0.0,0.0,0.0,0.0,1.0,0.0,1.0,0.0,1.0,-4.0,0.0,0.0,,,,,,,,,,,,,,,,,,,,,0.15180645340759208,2020-21
203524,Solomon Hill,1610612737,ATL,71.0,21.3,4.2,1.5,0.359,3.0,1.0,0.321,0.6,0.5,0.761,4.5,1.1,0.6,3.0,0.6,2.4,0.4,0.5040322580645161,0.47619047619047616,14.0,1.9,0.3,0.1,0.25,0.1,0.1,0.5,0.1,0.1,1.0,0.4,0.0,0.0,0.4,0.0,0.4,-0.3,0.5813953488372093,0.5000000000000001,14.0,10.4,1.7,0.4,0.25,1.3,0.2,0.167,0.3,0.1,0.5,1.2,0.2,0.1,1.4,0.2,1.1,-4.7,0.3275109170305677,0.29411764705882354,0.44870214161292954,2020-21
203526,Raul Neto,1610612764,WAS,64.0,21.9,7.0,3.3,0.468,2.6,1.0,0.39,1.3,1.2,0.882,8.7,2.3,0.8,2.4,0.4,2.0,-0.3,0.5744849445324881,0.5428571428571428,24.0,3.1,0.5,0.1,0.273,0.2,0.1,0.5,0.3,0.3,1.0,0.7,0.1,0.1,0.3,0.0,0.3,0.7,0.5537974683544303,0.30000000000000004,5.0,22.5,6.8,2.4,0.353,3.0,0.8,0.267,1.0,0.8,0.8,6.4,1.0,0.2,2.2,0.6,1.6,-5.6,0.44198895027624313,0.4117647058823529,0.5084839791535164,2020-21
203552,Seth Curry,1610612755,PHI,57.0,28.7,9.7,4.5,0.467,4.9,2.2,0.45,1.4,1.2,0.896,12.5,2.7,1.1,2.4,0.2,2.2,5.6,0.6058549825513766,0.577319587628866,24.0,3.3,0.7,0.2,0.294,0.4,0.1,0.333,0.3,0.3,1.0,0.8,0.4,0.1,0.2,0.0,0.2,1.8,0.48076923076923084,0.35714285714285715,12.0,31.8,12.3,7.1,0.578,6.8,3.4,0.506,1.6,1.3,0.789,18.8,2.3,0.8,2.3,0.3,2.0,9.9,0.722854506305752,0.7154471544715446,0.6298759886791325,2020-21
203585,Rodney McGruder,1610612765,DET,16.0,12.1,4.4,2.3,0.529,1.5,0.7,0.458,0.5,0.4,0.75,5.7,1.0,0.4,1.4,0.5,0.9,-1.1,0.6168831168831169,0.6022727272727272,3.0,1.2,0.3,0.3,1.0,0.0,0.0,0.0,0.0,0.0,0.0,0.7,0.0,0.0,0.3,0.0,0.3,-1.7,1.1666666666666667,1.0,,,,,,,,,,,,,,,,,,,,,0.9902236652221157,2020-21
203897,Zach LaVine,1610612741,CHI,58.0,35.1,19.4,9.8,0.507,8.2,3.4,0.419,5.1,4.4,0.849,27.4,4.9,3.5,5.0,0.6,4.4,-0.2,0.6329698761781556,0.5927835051546392,27.0,3.9,3.2,1.3,0.391,1.4,0.4,0.263,1.7,1.5,0.889,4.4,0.3,0.4,0.7,0.0,0.7,-0.9,0.5572441742654508,0.46875,,,,,,,,,,,,,,,,,,,,,0.5989809202629935,2020-21
203901,Elfrid Payton,1610612752,NYK,63.0,23.6,9.9,4.3,0.432,1.6,0.4,0.286,1.7,1.2,0.682,10.1,3.2,1.6,3.4,1.0,2.4,-1.6,0.47426746806912096,0.45454545454545453,14.0,2.8,0.9,0.3,0.308,0.1,0.0,0.0,0.2,0.1,0.667,0.7,0.2,0.1,0.1,0.1,0.0,-0.2,0.35425101214574894,0.3333333333333333,2.0,6.5,2.5,0.0,0.0,0.0,0.0,0.0,1.0,0.5,0.5,0.5,0.5,0.0,0.0,0.0,0.0,-4.5,0.08503401360544217,0.0,0.24873616461948173,2020-21
203903,Jordan Clarkson,1610612762,UTA,68.0,26.7,15.8,6.7,0.425,8.8,3.1,0.347,2.1,1.9,0.896,18.4,2.5,1.7,4.0,0.7,3.3,4.4,0.5501076297536474,0.5221518987341772,14.0,1.8,1.1,0.4,0.375,0.6,0.3,0.5,0.4,0.3,0.8,1.4,0.1,0.0,0.0,0.0,0.0,0.1,0.54858934169279,0.5,11.0,27.1,15.0,6.1,0.406,8.8,3.1,0.351,2.4,2.3,0.962,17.5,1.5,2.1,3.1,0.5,2.5,-4.6,0.5449676133532635,0.51,0.5539935508491847,2020-21
203914,Gary Harris,1610612753,ORL,39.0,27.7,8.8,3.5,0.4,3.6,1.2,0.34,2.0,1.6,0.821,9.9,2.0,0.9,2.0,0.5,1.5,-2.1,0.5113636363636364,0.46590909090909083,13.0,5.1,0.8,0.3,0.364,0.3,0.1,0.25,0.2,0.2,1.0,0.8,0.3,0.0,0.2,0.0,0.2,0.2,0.45045045045045046,0.43749999999999994,,,,,,,,,,,,,,,,,,,,,0.4798457548447218,2020-21
203915,Spencer Dinwiddie,1610612751,BKN,3.0,21.4,5.3,2.0,0.375,2.3,0.7,0.286,2.0,2.0,1.0,6.7,3.0,1.7,4.3,0.0,4.3,14.0,0.5420711974110033,0.44339622641509435,,,,,,,,,,,,,,,,,,,,,,,,,,,,,,,,,,,,,,,,,0.5420711974110033,2020-21
203918,Rodney Hood,1610612761,TOR,55.0,17.1,4.7,1.7,0.362,2.1,0.6,0.301,0.5,0.4,0.857,4.5,1.0,0.7,1.9,0.4,1.5,-2.4,0.4573170731707317,0.425531914893617,12.0,1.8,0.4,0.2,0.4,0.3,0.1,0.333,0.0,0.0,0.0,0.4,0.1,0.0,0.1,0.0,0.1,1.8,0.5,0.625,,,,,,,,,,,,,,,,,,,,,0.4942829960196388,2020-21
203920,Khem Birch,1610612761,TOR,67.0,22.8,5.7,2.8,0.497,0.8,0.2,0.25,1.9,1.4,0.705,7.2,1.3,0.7,5.8,2.6,3.2,-1.9,0.5507955936352509,0.5087719298245613,14.0,2.8,0.4,0.1,0.167,0.0,0.0,0.0,0.0,0.0,0.0,0.1,0.1,0.1,0.5,0.3,0.2,-1.9,0.125,0.25,,,,,,,,,,,,,,,,,,,,,0.27394940840350157,2020-21
203922,Glenn Robinson III,1610612758,SAC,23.0,16.1,4.3,1.8,0.424,1.9,0.7,0.364,1.0,0.9,0.913,5.3,0.9,0.5,2.0,0.5,1.5,-5.7,0.5590717299578059,0.5,2.0,2.9,0.5,0.5,1.0,0.5,0.5,1.0,0.0,0.0,0.0,1.5,0.0,0.0,0.0,0.0,0.0,4.0,1.5,1.5,,,,,,,,,,,,,,,,,,,,,1.1979851502933085,2020-21
203924,Jerami Grant,1610612765,DET,54.0,33.9,17.3,7.4,0.429,6.1,2.1,0.35,6.4,5.4,0.845,22.3,2.8,2.0,4.6,0.6,4.0,-2.2,0.5542851461523166,0.48843930635838156,25.0,4.0,2.3,1.0,0.421,0.7,0.2,0.235,1.6,1.2,0.775,3.3,0.2,0.3,0.6,0.1,0.5,-2.0,0.5492676431424767,0.47826086956521746,,,,,,,,,,,,,,,,,,,,,0.5642349418328494,2020-21
203925,Joe Harris,1610612751,BKN,69.0,31.0,10.2,5.2,0.505,6.4,3.1,0.475,0.9,0.7,0.778,14.1,1.9,0.9,3.6,0.6,3.0,5.1,0.6653454133635334,0.661764705882353,37.0,3.7,0.8,0.3,0.414,0.3,0.1,0.417,0.1,0.1,0.6,0.9,0.1,0.1,0.5,0.1,0.4,1.2,0.533175355450237,0.43749999999999994,12.0,36.2,10.3,4.1,0.398,6.8,2.8,0.402,0.3,0.3,0.75,11.2,1.6,0.8,3.6,0.4,3.2,4.2,0.5368098159509201,0.5339805825242718,0.564864065940261,2020-21
203926,Doug McDermott,1610612754,IND,66.0,24.5,10.1,5.4,0.532,4.3,1.7,0.388,1.5,1.2,0.816,13.6,1.3,0.8,3.3,0.9,2.4,-0.7,0.6319702602230484,0.6188118811881188,20.0,2.1,0.4,0.2,0.375,0.3,0.1,0.4,0.0,0.0,0.0,0.4,0.1,0.0,0.2,0.1,0.2,0.2,0.5,0.625,,,,,,,,,,,,,,,,,,,,,0.547950482780228,2020-21
203932,Aaron Gordon,1610612743,DEN,50.0,27.7,10.0,4.6,0.463,3.5,1.2,0.335,3.0,1.9,0.651,12.4,3.2,1.9,5.7,1.5,4.1,1.2,0.5477031802120141,0.5199999999999999,19.0,2.9,0.6,0.3,0.455,0.1,0.1,0.5,0.2,0.1,0.333,0.6,0.2,0.3,0.5,0.2,0.3,0.6,0.436046511627907,0.5833333333333334,10.0,29.9,9.9,4.3,0.434,2.3,0.9,0.391,2.5,1.6,0.64,11.1,2.0,1.4,5.4,2.1,3.3,-5.1,0.5045454545454545,0.4797979797979798,0.4949054278500986,2020-21
203933,T.J. Warren,1610612754,IND,4.0,29.3,12.8,6.8,0.529,1.8,0.0,0.0,2.5,2.0,0.8,15.5,1.3,1.0,3.5,0.5,3.0,0.3,0.5575539568345323,0.53125,2.0,2.7,1.0,0.0,0.0,0.5,0.0,0.0,0.0,0.0,0.0,0.0,0.0,0.5,0.5,0.0,0.5,-3.0,0.0,0.0,,,,,,,,,,,,,,,,,,,,,0.19366381894423376,2020-21
203935,Marcus Smart,1610612738,BOS,48.0,32.9,10.6,4.2,0.398,5.9,1.9,0.33,3.4,2.7,0.79,13.1,5.7,2.0,3.5,0.8,2.7,1.9,0.5415013227513227,0.48584905660377364,27.0,3.5,1.1,0.4,0.414,0.5,0.2,0.357,0.5,0.3,0.643,1.4,0.5,0.1,0.6,0.2,0.4,-0.8,0.5303030303030303,0.45454545454545453,5.0,36.6,13.2,5.8,0.439,8.6,3.2,0.372,4.2,3.0,0.714,17.8,6.0,2.8,4.4,0.8,3.6,-9.2,0.5914407230196704,0.5606060606060607,0.5731156172256529,2020-21
203937,Kyle Anderson,1610612763,MEM,69.0,27.4,9.5,4.5,0.468,3.8,1.4,0.36,2.7,2.1,0.783,12.4,3.6,1.2,5.7,0.8,5.0,0.7,0.5800898203592815,0.5473684210526316,36.0,3.1,0.6,0.2,0.348,0.2,0.1,0.375,0.5,0.4,0.824,0.9,0.3,0.1,0.6,0.1,0.5,-0.6,0.5487804878048781,0.4166666666666667,5.0,28.4,8.4,3.6,0.429,2.4,0.6,0.25,0.8,0.6,0.75,8.4,3.2,0.8,5.0,0.8,4.2,-3.8,0.479890310786106,0.46428571428571425,0.525869410860912,2020-21
203939,Dwight Powell,1610612742,DAL,58.0,16.6,3.3,2.1,0.619,0.4,0.1,0.238,2.1,1.7,0.782,5.9,1.1,0.7,4.0,1.4,2.7,1.3,0.6983901515151515,0.6515151515151515,7.0,2.0,0.3,0.1,0.5,0.0,0.0,0.0,0.6,0.6,1.0,0.9,0.1,0.0,0.7,0.3,0.4,3.9,0.7978723404255319,0.33333333333333337,7.0,7.5,1.1,1.0,0.875,0.0,0.0,0.0,0.9,0.7,0.833,2.7,0.9,0.1,1.9,0.7,1.1,1.4,0.9024064171122995,0.9090909090909091,0.8426499230386733,2020-21
203944,Julius Randle,1610612752,NYK,71.0,37.6,18.6,8.5,0.456,5.5,2.3,0.411,6.0,4.9,0.811,24.1,6.0,3.4,10.2,1.2,9.0,2.2,0.5673258003766478,0.5188172043010753,35.0,4.5,2.4,0.9,0.386,0.5,0.2,0.444,1.0,0.8,0.794,2.8,0.5,0.3,1.3,0.2,1.1,1.3,0.49295774647887325,0.4166666666666667,5.0,36.1,18.8,5.6,0.298,6.6,2.2,0.333,5.4,4.6,0.852,18.0,4.0,4.6,11.6,2.2,9.4,-8.4,0.4250094446543256,0.3563829787234042,0.48428149702198636,2020-21
203952,Andrew Wiggins,1610612744,GSW,71.0,33.3,14.9,7.1,0.477,5.2,2.0,0.38,3.4,2.4,0.714,18.6,2.4,1.8,4.9,1.2,3.7,0.0,0.5672115150036594,0.5436241610738255,30.0,3.3,1.2,0.5,0.389,0.4,0.1,0.333,0.1,0.0,0.0,1.1,0.3,0.1,0.6,0.4,0.2,0.0,0.44212218649517687,0.45833333333333337,,,,,,,,,,,,,,,,,,,,,0.49187232060596503,2020-21
203953,Jabari Parker,1610612738,BOS,13.0,12.7,4.2,2.3,0.545,0.8,0.2,0.182,1.0,0.8,0.769,5.5,0.8,0.8,3.2,0.8,2.5,-1.1,0.5926724137931034,0.5714285714285714,3.0,2.2,0.3,0.0,0.0,0.3,0.0,0.0,0.0,0.0,0.0,0.0,0.0,0.0,0.3,0.0,0.3,0.3,0.0,0.0,4.0,14.8,5.3,3.3,0.619,1.3,0.5,0.4,2.0,1.5,0.75,8.5,0.5,1.5,3.8,0.5,3.3,4.0,0.6877022653721683,0.6698113207547169,0.4497727254594244,2020-21
203954,Joel Embiid,1610612755,PHI,51.0,31.1,17.6,9.0,0.513,3.0,1.1,0.377,10.7,9.2,0.859,28.5,2.8,3.1,10.6,2.2,8.4,7.9,0.6387842926304464,0.5426136363636364,25.0,3.7,2.2,1.0,0.429,0.4,0.1,0.333,2.2,1.9,0.87,3.9,0.3,0.4,1.4,0.2,1.1,1.8,0.615530303030303,0.47727272727272724,11.0,32.4,17.9,9.2,0.513,3.7,1.5,0.39,9.9,8.3,0.835,28.1,3.4,3.8,10.5,1.5,9.1,11.0,0.6312904385334293,0.5558659217877095,0.6397860357145131,2020-21
203957,Danté Exum,1610612745,HOU,6.0,19.4,4.3,1.7,0.385,1.8,0.3,0.182,0.3,0.2,0.5,3.8,2.2,1.2,2.8,0.3,2.5,1.0,0.42870036101083037,0.43023255813953487,1.0,5.1,2.0,0.0,0.0,1.0,0.0,0.0,0.0,0.0,0.0,0.0,0.0,1.0,1.0,0.0,1.0,7.0,0.0,0.0,,,,,,,,,,,,,,,,,,,,,0.18941174823310356,2020-21
203960,JaKarr Sampson,1610612754,IND,29.0,10.9,3.9,1.9,0.496,0.5,0.1,0.2,1.0,0.7,0.655,4.6,0.1,0.5,2.7,0.9,1.7,0.1,0.5299539170506912,0.5,3.0,0.9,0.0,0.0,0.0,0.0,0.0,0.0,0.0,0.0,0.0,0.0,0.0,0.0,0.0,0.0,0.0,1.7,,,,,,,,,,,,,,,,,,,,,,,0.17665130568356371,2020-21
203967,Dario Šarić,1610612756,PHX,50.0,17.4,6.8,3.1,0.447,2.7,0.9,0.348,2.0,1.7,0.848,8.7,1.3,1.1,3.8,0.9,2.9,4.4,0.56640625,0.5220588235294118,10.0,1.1,0.1,0.0,0.0,0.1,0.0,0.0,0.6,0.2,0.333,0.2,0.0,0.0,0.0,0.0,0.0,0.0,0.27472527472527475,0.0,14.0,10.5,3.2,1.5,0.467,1.3,0.6,0.444,1.0,0.9,0.929,4.5,1.0,0.4,2.5,0.6,1.9,2.7,0.6181318681318682,0.5625,0.4965126555427702,2020-21
203991,Clint Capela,1610612737,ATL,63.0,30.1,11.0,6.6,0.594,0.0,0.0,0.0,3.6,2.1,0.573,15.2,0.8,1.2,14.3,4.7,9.6,4.0,0.6039415130324222,0.6,28.0,3.1,1.0,0.8,0.786,0.0,0.0,0.0,0.4,0.2,0.5,1.8,0.0,0.0,0.9,0.3,0.6,0.0,0.7653061224489797,0.8,18.0,31.6,7.6,4.6,0.603,0.0,0.0,0.0,2.2,0.9,0.436,10.1,0.9,1.0,11.2,3.4,7.8,0.1,0.5894024276377218,0.6052631578947368,0.6595510825640072,2020-21
203992,Bogdan Bogdanović,1610612737,ATL,44.0,29.7,12.8,6.1,0.473,7.6,3.3,0.438,1.0,0.9,0.909,16.4,3.3,1.2,3.6,0.5,3.2,2.5,0.6193353474320241,0.60546875,19.0,3.6,1.3,0.6,0.5,0.9,0.5,0.529,0.1,0.1,1.0,1.8,0.2,0.2,0.5,0.1,0.4,1.1,0.6696428571428571,0.6538461538461539,18.0,33.2,13.8,5.4,0.39,7.9,2.6,0.329,0.9,0.7,0.706,14.1,2.9,1.5,4.2,0.6,3.6,1.8,0.496618765849535,0.4855072463768116,0.5849024765435971,2020-21
203994,Jusuf Nurkić,1610612757,POR,37.0,23.8,9.0,4.6,0.514,0.8,0.3,0.4,3.1,1.9,0.619,11.5,3.4,2.0,9.0,2.3,6.6,3.4,0.5548050945580857,0.5277777777777778,14.0,3.6,1.3,0.5,0.389,0.1,0.0,0.0,0.4,0.1,0.4,1.1,0.8,0.1,1.1,0.6,0.5,2.6,0.3726287262872629,0.3846153846153846,6.0,28.9,9.2,5.0,0.545,0.8,0.2,0.2,4.2,3.0,0.72,13.2,2.7,2.3,10.3,3.0,7.3,7.5,0.5973931933381608,0.5543478260869565,0.5298181323006884,2020-21
203999,Nikola Jokić,1610612743,DEN,72.0,34.6,18.0,10.2,0.566,3.3,1.3,0.388,5.5,4.8,0.868,26.4,8.3,3.1,10.8,2.8,8.0,5.3,0.6464250734573946,0.6027777777777777,31.0,4.7,3.1,1.5,0.495,0.6,0.2,0.263,1.2,1.0,0.889,4.2,0.7,0.5,1.5,0.5,1.1,1.0,0.5788313120176406,0.5161290322580645,10.0,34.5,22.8,11.6,0.509,5.3,2.0,0.377,5.5,4.6,0.836,29.8,5.0,2.4,11.6,3.7,7.9,-5.9,0.5908009516256939,0.5526315789473684,0.6133039809495584,2020-21
204001,Kristaps Porziņģis,1610612742,DAL,43.0,30.9,15.9,7.6,0.476,6.0,2.3,0.376,3.2,2.7,0.855,20.1,1.6,1.2,8.9,1.9,7.0,0.2,0.5806563438872199,0.550314465408805,17.0,2.4,0.8,0.4,0.429,0.3,0.1,0.2,0.4,0.3,0.833,1.1,0.0,0.2,0.5,0.1,0.4,0.5,0.5635245901639344,0.5625,7.0,33.3,10.3,4.9,0.472,3.9,1.1,0.296,2.7,2.3,0.842,13.1,1.3,0.4,5.4,1.0,4.4,-1.1,0.5701601671309191,0.529126213592233,0.574729117475205,2020-21
204020,Tyler Johnson,1610612751,BKN,39.0,17.5,4.7,1.8,0.393,3.4,1.2,0.364,0.5,0.5,0.857,5.4,1.2,0.4,2.0,0.2,1.8,1.2,0.5487804878048781,0.5106382978723404,8.0,1.7,0.3,0.1,0.5,0.0,0.0,0.0,0.1,0.1,1.0,0.4,0.3,0.0,0.3,0.0,0.3,1.1,0.5813953488372093,0.33333333333333337,8.0,8.6,2.1,0.8,0.353,1.4,0.4,0.273,0.3,0.3,1.0,2.1,0.6,0.1,0.8,0.3,0.5,-0.3,0.4704301075268817,0.47619047619047616,0.5268598967320365,2020-21
204025,Tim Frazier,1610612763,MEM,5.0,12.4,4.0,0.6,0.15,1.6,0.0,0.0,1.2,0.4,0.333,1.6,3.2,0.8,1.6,0.0,1.6,1.0,0.17667844522968196,0.15,1.0,5.0,3.0,1.0,0.333,2.0,0.0,0.0,4.0,1.0,0.25,3.0,2.0,0.0,0.0,0.0,0.0,1.0,0.31512605042016806,0.3333333333333333,,,,,,,,,,,,,,,,,,,,,0.343976848671256,2020-21
204038,Langston Galloway,1610612756,PHX,40.0,10.9,3.7,1.7,0.449,2.1,0.9,0.424,0.6,0.6,0.957,4.8,0.7,0.3,1.1,0.2,0.9,0.9,0.6054490413723511,0.581081081081081,1.0,2.8,3.0,0.0,0.0,3.0,0.0,0.0,0.0,0.0,0.0,0.0,0.0,0.0,0.0,0.0,0.0,-2.0,0.0,0.0,2.0,7.4,3.5,0.5,0.143,1.0,0.0,0.0,0.5,0.0,0.0,1.0,0.5,0.0,1.0,0.0,1.0,-2.5,0.13440860215053763,0.14285714285714285,0.24919355569649462,2020-21
204060,Joe Ingles,1610612762,UTA,67.0,27.9,8.4,4.1,0.489,6.1,2.7,0.451,1.3,1.1,0.844,12.1,4.7,1.7,3.6,0.4,3.2,6.8,0.674320106999554,0.6488095238095237,25.0,2.0,0.4,0.2,0.444,0.3,0.1,0.429,0.2,0.1,0.5,0.5,0.3,0.0,0.3,0.0,0.3,1.4,0.5122950819672131,0.625,11.0,27.8,7.2,3.5,0.494,5.3,2.2,0.414,1.2,0.9,0.769,10.2,3.5,0.8,3.1,0.1,3.0,-0.2,0.6599378881987578,0.6388888888888888,0.6178825606830468,2020-21
204456,T.J. McConnell,1610612754,IND,69.0,26.0,7.1,4.0,0.559,0.7,0.2,0.313,0.7,0.5,0.688,8.6,6.6,2.0,3.7,0.8,2.9,1.0,0.5804535637149029,0.5774647887323944,29.0,3.0,0.6,0.4,0.706,0.1,0.0,0.333,0.3,0.2,0.778,1.1,0.6,0.2,0.6,0.1,0.4,0.8,0.7513661202185793,0.6666666666666667,,,,,,,,,,,,,,,,,,,,,0.702845972274849,2020-21
1626143,Jahlil Okafor,1610612765,DET,27.0,12.9,3.8,2.3,0.618,0.3,0.1,0.222,0.9,0.6,0.708,5.4,0.5,0.8,2.4,0.9,1.6,-3.1,0.6434699714013347,0.6184210526315789,1.0,1.0,0.0,0.0,0.0,0.0,0.0,0.0,0.0,0.0,0.0,0.0,0.0,0.0,0.0,0.0,0.0,-6.0,,,,,,,,,,,,,,,,,,,,,,,0.21448999046711156,2020-21
1626145,Tyus Jones,1610612763,MEM,70.0,17.5,5.9,2.5,0.431,2.0,0.6,0.321,0.6,0.6,0.911,6.3,3.7,0.7,2.0,0.3,1.7,-1.2,0.5110317975340687,0.47457627118644063,7.0,4.5,1.7,0.7,0.417,0.4,0.0,0.0,0.4,0.3,0.667,1.7,0.6,0.1,1.1,0.1,1.0,0.3,0.45309168443496806,0.4117647058823529,5.0,9.3,3.4,1.2,0.353,0.8,0.2,0.25,0.4,0.4,1.0,3.0,1.2,0.0,1.4,0.2,1.2,3.6,0.41946308724832215,0.3823529411764706,0.4747476306753121,2020-21
1626149,Montrezl Harrell,1610612747,LAL,69.0,22.9,8.7,5.4,0.622,0.1,0.0,0.0,3.7,2.6,0.707,13.5,1.1,1.1,6.2,2.3,3.9,0.6,0.6535631293570876,0.6206896551724139,18.0,2.8,1.1,0.5,0.474,0.0,0.0,0.0,0.3,0.2,0.6,1.2,0.1,0.1,0.7,0.3,0.4,1.4,0.4870129870129869,0.45454545454545453,4.0,9.8,3.5,2.0,0.571,0.0,0.0,0.0,2.3,1.8,0.778,5.8,0.0,0.5,2.5,1.3,1.3,-3.3,0.6427304964539007,0.5714285714285714,0.6052737769502601,2020-21
1626153,Delon Wright,1610612758,SAC,63.0,27.7,8.2,3.8,0.463,2.7,1.0,0.372,2.0,1.6,0.802,10.2,4.4,1.3,4.3,1.0,3.2,-1.7,0.5616740088105726,0.524390243902439,27.0,3.1,0.7,0.3,0.35,0.1,0.0,0.25,0.1,0.1,0.667,0.6,0.3,0.2,0.2,0.0,0.1,-0.8,0.4032258064516129,0.4285714285714286,,,,,,,,,,,,,,,,,,,,,0.46457845926941205,2020-21
1626156,D'Angelo Russell,1610612750,MIN,42.0,28.5,15.5,6.7,0.431,7.4,2.9,0.387,3.5,2.7,0.765,19.0,5.8,2.7,2.6,0.4,2.3,-4.6,0.5575117370892019,0.5258064516129033,22.0,3.2,2.5,1.1,0.446,1.0,0.4,0.364,0.6,0.5,0.857,3.2,0.5,0.2,0.3,0.0,0.3,-1.3,0.5788712011577424,0.52,,,,,,,,,,,,,,,,,,,,,0.5878804120585861,2020-21
1626157,Karl-Anthony Towns,1610612750,MIN,50.0,33.8,17.5,8.5,0.486,6.3,2.4,0.387,6.2,5.3,0.859,24.8,4.5,3.2,10.6,2.7,7.9,0.2,0.6130116669962428,0.5542857142857143,30.0,3.6,1.7,0.9,0.51,0.9,0.5,0.577,1.0,0.9,0.9,3.1,0.4,0.4,1.0,0.1,0.9,-1.5,0.7242990654205608,0.676470588235294,,,,,,,,,,,,,,,,,,,,,0.6969175516595187,2020-21
1626158,Richaun Holmes,1610612758,SAC,61.0,29.2,9.4,6.0,0.637,0.2,0.0,0.182,2.8,2.2,0.794,14.2,1.7,1.2,8.3,2.4,5.9,0.1,0.6677953348382242,0.6382978723404255,35.0,3.2,0.8,0.4,0.519,0.1,0.0,0.25,0.5,0.4,0.722,1.2,0.1,0.3,0.9,0.4,0.5,0.1,0.5882352941176471,0.5,,,,,,,,,,,,,,,,,,,,,0.6232659459881398,2020-21
1626159,Justise Winslow,1610612763,MEM,26.0,19.5,8.1,2.8,0.352,2.1,0.4,0.185,1.3,0.8,0.571,6.8,1.9,1.4,4.5,0.7,3.8,-3.0,0.3920664206642066,0.3703703703703704,5.0,2.8,0.2,0.0,0.0,0.0,0.0,0.0,0.8,0.2,0.25,0.2,0.2,0.2,0.8,0.0,0.8,-2.6,0.18115942028985507,0.0,1.0,2.8,0.0,0.0,0.0,0.0,0.0,0.0,0.0,0.0,0.0,0.0,1.0,0.0,1.0,0.0,1.0,4.0,,,0.12820001267615044,2020-21
1626161,Willie Cauley-Stein,1610612742,DAL,53.0,17.1,3.4,2.2,0.632,0.2,0.0,0.091,1.5,0.9,0.628,5.3,0.7,0.5,4.5,1.2,3.2,2.6,0.6527093596059114,0.6470588235294118,12.0,3.0,0.2,0.2,1.0,0.0,0.0,0.0,0.6,0.3,0.429,0.6,0.1,0.0,0.5,0.1,0.4,-0.3,0.6465517241379309,1.0,6.0,10.5,1.5,1.0,0.667,0.0,0.0,0.0,0.5,0.5,1.0,2.5,0.5,0.5,2.7,0.5,2.2,-4.5,0.7267441860465116,0.6666666666666666,0.6935565806096644,2020-21
1626162,Kelly Oubre Jr.,1610612744,GSW,55.0,30.7,13.2,5.8,0.439,5.2,1.6,0.316,3.2,2.2,0.695,15.4,1.3,1.3,6.0,1.5,4.5,-3.5,0.5271084337349398,0.5,20.0,3.3,1.4,0.7,0.481,0.6,0.1,0.182,0.4,0.4,1.0,1.8,0.0,0.0,0.6,0.2,0.4,-0.4,0.5710659898477158,0.5357142857142857,,,,,,,,,,,,,,,,,,,,,0.5670195317487143,2020-21
1626163,Frank Kaminsky,1610612756,PHX,47.0,15.2,5.5,2.6,0.471,1.8,0.7,0.365,1.3,0.8,0.617,6.6,1.7,0.5,4.0,0.8,3.2,1.2,0.5434782608695652,0.5363636363636364,6.0,1.3,0.0,0.0,0.0,0.0,0.0,0.0,0.0,0.0,0.0,0.0,0.2,0.0,0.0,0.0,0.0,-0.5,,,10.0,6.8,2.2,1.0,0.455,0.5,0.1,0.2,0.1,0.1,1.0,2.2,1.4,0.4,1.4,0.2,1.2,-0.9,0.49019607843137253,0.47727272727272724,0.3356777493606138,2020-21
1626164,Devin Booker,1610612756,PHX,67.0,33.9,19.2,9.3,0.484,5.5,1.9,0.34,5.9,5.1,0.867,25.6,4.3,3.1,4.2,0.5,3.7,4.9,0.5872637181134154,0.5338541666666667,33.0,4.0,2.6,0.8,0.329,0.9,0.2,0.172,1.3,1.0,0.81,2.9,0.5,0.3,0.5,0.0,0.4,1.1,0.45712484237074397,0.34615384615384615,22.0,40.4,21.5,9.6,0.447,6.2,2.0,0.321,6.7,6.0,0.905,27.3,4.5,3.7,5.6,0.7,5.0,5.1,0.5583278795811518,0.49302325581395345,0.5429578402656878,2020-21
1626166,Cameron Payne,1610612756,PHX,60.0,18.0,6.6,3.2,0.484,2.8,1.2,0.44,0.9,0.8,0.893,8.4,3.6,1.0,2.4,0.3,2.1,3.0,0.6003430531732419,0.5757575757575758,5.0,1.5,0.4,0.2,0.5,0.2,0.2,1.0,0.0,0.0,0.0,0.6,0.0,0.2,0.0,0.0,0.0,1.0,0.7499999999999999,0.7500000000000001,22.0,19.0,8.8,3.7,0.425,3.1,1.1,0.362,0.8,0.7,0.889,9.3,3.2,1.1,2.5,0.3,2.2,2.1,0.5080856643356643,0.4829545454545454,0.6101606137563935,2020-21
1626167,Myles Turner,1610612754,IND,47.0,31.0,9.2,4.4,0.477,4.4,1.5,0.335,3.0,2.4,0.782,12.6,1.0,1.4,6.5,1.3,5.2,0.5,0.5988593155893536,0.5597826086956522,28.0,3.5,1.3,0.6,0.432,0.8,0.2,0.261,0.3,0.3,0.875,1.6,0.0,0.2,0.6,0.1,0.5,-2.3,0.558659217877095,0.5384615384615384,,,,,,,,,,,,,,,,,,,,,0.5861896852289207,2020-21
1626168,Trey Lyles,1610612759,SAS,23.0,15.6,3.9,1.9,0.478,1.7,0.6,0.35,1.0,0.7,0.652,5.0,0.6,0.3,3.7,0.4,3.3,-4.7,0.5760368663594471,0.5641025641025641,5.0,2.8,0.4,0.2,0.5,0.2,0.0,0.0,0.0,0.0,0.0,0.4,0.0,0.0,0.4,0.0,0.4,-2.2,0.5,0.5,,,,,,,,,,,,,,,,,,,,,0.5356020323735962,2020-21
1626169,Stanley Johnson,1610612761,TOR,61.0,16.5,3.8,1.5,0.382,2.2,0.7,0.328,0.9,0.7,0.8,4.4,1.5,0.9,2.5,0.5,2.0,-2.6,0.5243088655862728,0.48684210526315796,14.0,2.2,0.5,0.2,0.429,0.4,0.1,0.4,0.3,0.1,0.5,0.7,0.1,0.1,0.2,0.0,0.2,-2.3,0.5537974683544303,0.5,,,,,,,,,,,,,,,,,,,,,0.5571258288317572,2020-21
1626171,Bobby Portis,1610612749,MIL,66.0,20.8,9.1,4.7,0.523,2.4,1.1,0.471,1.1,0.8,0.74,11.4,1.1,0.8,7.1,1.9,5.2,2.1,0.5947412353923206,0.576923076923077,5.0,1.7,0.4,0.2,0.5,0.2,0.0,0.0,0.0,0.0,0.0,0.4,0.0,0.0,0.2,0.2,0.0,-2.8,0.5,0.5,20.0,18.3,7.6,3.5,0.464,2.6,0.9,0.346,1.3,0.9,0.72,8.8,0.6,0.5,5.0,1.7,3.4,3.5,0.5384238864415076,0.5197368421052632,0.5393977535145953,2020-21
1626172,Kevon Looney,1610612744,GSW,61.0,19.0,3.2,1.8,0.548,0.3,0.1,0.235,0.8,0.5,0.646,4.1,2.0,0.6,5.3,1.9,3.4,2.1,0.5771396396396395,0.578125,13.0,2.1,0.2,0.2,1.0,0.0,0.0,0.0,0.0,0.0,0.0,0.3,0.2,0.0,0.7,0.3,0.4,0.6,0.7499999999999999,1.0,,,,,,,,,,,,,,,,,,,,,0.6986298798779267,2020-21
1626174,Christian Wood,1610612745,HOU,41.0,32.3,15.6,8.0,0.514,5.0,1.9,0.374,4.8,3.0,0.631,21.0,1.7,2.0,9.6,1.9,7.8,-2.4,0.5928184281842819,0.5737179487179487,17.0,3.5,1.4,0.5,0.375,0.5,0.1,0.222,0.9,0.8,0.813,1.9,0.1,0.1,1.0,0.4,0.6,-1.6,0.5289532293986637,0.3928571428571429,,,,,,,,,,,,,,,,,,,,,0.5592159879676535,2020-21
1626179,Terry Rozier,1610612766,CHA,69.0,34.5,16.4,7.4,0.45,8.3,3.2,0.389,2.9,2.4,0.817,20.4,4.2,1.9,4.4,0.7,3.7,-1.3,0.5770536320434487,0.5487804878048781,27.0,3.5,2.1,1.0,0.5,1.1,0.5,0.452,0.8,0.7,0.818,3.3,0.2,0.1,0.6,0.2,0.4,2.1,0.6729200652528547,0.5952380952380952,,,,,,,,,,,,,,,,,,,,,0.6537694655643858,2020-21
1626181,Norman Powell,1610612757,POR,69.0,32.0,13.3,6.3,0.477,6.0,2.5,0.411,3.9,3.4,0.871,18.6,1.9,1.7,3.1,0.6,2.5,1.1,0.6193393713372404,0.5676691729323308,30.0,2.8,0.9,0.4,0.481,0.4,0.1,0.333,0.3,0.1,0.333,1.1,0.2,0.2,0.1,0.1,0.1,0.6,0.5329457364341086,0.5,6.0,36.0,12.7,6.3,0.5,4.3,1.7,0.385,3.0,2.7,0.889,17.0,2.0,1.2,2.2,0.5,1.7,1.3,0.6062767475035663,0.562992125984252,0.5907770984120836,2020-21
1626184,Chasson Randle,1610612753,ORL,41.0,20.4,5.8,2.2,0.388,3.2,1.1,0.338,1.2,0.9,0.792,6.5,1.8,1.1,2.0,0.2,1.8,-6.5,0.513590391908976,0.47413793103448276,8.0,2.3,0.8,0.1,0.167,0.4,0.0,0.0,0.4,0.3,0.667,0.5,0.1,0.0,0.3,0.0,0.3,-0.9,0.25614754098360654,0.125,,,,,,,,,,,,,,,,,,,,,0.3557549280712941,2020-21
1626192,Pat Connaughton,1610612749,MIL,69.0,22.8,5.6,2.4,0.434,3.9,1.5,0.371,0.6,0.4,0.775,6.8,1.2,0.5,4.8,0.9,3.9,3.2,0.5798090040927695,0.5625,21.0,2.8,0.8,0.4,0.5,0.6,0.3,0.583,0.3,0.2,0.667,1.3,0.1,0.0,0.5,0.1,0.4,0.1,0.6974248927038627,0.6875,23.0,23.7,5.2,2.4,0.462,4.1,1.6,0.389,0.6,0.5,0.846,6.9,0.9,0.5,4.4,1.3,3.1,1.8,0.6314055636896047,0.6153846153846154,0.6590982943780481,2020-21
1626195,Willy Hernangomez,1610612740,NOP,47.0,18.0,5.7,3.2,0.563,0.2,0.0,0.1,2.0,1.3,0.667,7.8,1.1,0.7,7.1,2.5,4.6,-0.3,0.5927051671732523,0.5614035087719298,9.0,2.6,0.8,0.4,0.571,0.0,0.0,0.0,0.1,0.0,0.0,0.9,0.3,0.2,1.8,0.6,1.2,2.3,0.533175355450237,0.5,,,,,,,,,,,,,,,,,,,,,0.5670537137414113,2020-21
1626196,Josh Richardson,1610612742,DAL,59.0,30.3,10.5,4.5,0.427,4.5,1.5,0.33,1.8,1.7,0.917,12.1,2.6,1.3,3.3,0.9,2.4,-0.8,0.5357775416223876,0.5,24.0,2.1,0.5,0.3,0.538,0.2,0.1,0.4,0.5,0.5,0.917,1.1,0.0,0.1,0.3,0.1,0.2,-0.4,0.763888888888889,0.7,7.0,13.4,4.0,1.6,0.393,1.4,0.4,0.3,1.3,1.3,1.0,4.9,0.7,0.9,1.6,0.4,1.1,-8.3,0.5358705161854769,0.45,0.6166230494208839,2020-21
1626204,Larry Nance Jr.,1610612739,CLE,35.0,31.2,7.8,3.7,0.471,3.3,1.2,0.36,1.4,0.9,0.612,9.3,3.1,1.6,6.7,1.5,5.2,-3.9,0.5525190114068441,0.5512820512820513,13.0,3.2,0.5,0.3,0.571,0.3,0.2,0.5,0.4,0.2,0.6,1.0,0.2,0.2,0.4,0.0,0.4,1.0,0.7396449704142012,0.8,,,,,,,,,,,,,,,,,,,,,0.6836799071545168,2020-21
1626220,Royce O'Neale,1610612762,UTA,71.0,31.6,5.5,2.5,0.444,3.9,1.5,0.385,0.6,0.5,0.848,7.0,2.5,1.2,6.8,1.2,5.6,6.6,0.6072172102706453,0.5909090909090909,30.0,2.9,0.4,0.2,0.545,0.3,0.1,0.5,0.2,0.2,1.0,0.7,0.1,0.1,0.6,0.1,0.5,0.7,0.7172131147540982,0.625,11.0,36.7,7.7,3.9,0.506,5.5,2.5,0.467,1.1,0.9,0.833,11.3,2.1,0.7,7.3,1.5,5.8,-0.5,0.6903714565004887,0.6688311688311689,0.6927323621514563,2020-21
1626224,Cedi Osman,1610612739,CLE,59.0,25.6,9.9,3.7,0.374,5.5,1.7,0.306,1.6,1.3,0.8,10.4,2.9,1.4,3.4,0.6,2.8,-5.5,0.4903809883062995,0.45959595959595956,12.0,3.7,1.4,0.6,0.412,0.7,0.2,0.25,0.2,0.2,1.0,1.5,0.5,0.2,0.3,0.1,0.2,-1.0,0.5040322580645161,0.5,,,,,,,,,,,,,,,,,,,,,0.513623248951763,2020-21
1627732,Ben Simmons,1610612755,PHI,58.0,32.4,10.1,5.6,0.557,0.2,0.1,0.3,4.9,3.0,0.613,14.3,6.9,3.0,7.2,1.6,5.6,5.7,0.58338772845953,0.5594059405940593,30.0,3.9,0.7,0.5,0.667,0.0,0.0,1.0,0.7,0.5,0.682,1.5,0.4,0.4,1.1,0.4,0.7,1.7,0.7440476190476191,0.7142857142857143,12.0,33.5,7.9,4.9,0.621,0.1,0.0,0.0,6.1,2.1,0.342,11.9,8.8,2.3,7.9,2.1,5.8,9.4,0.5621693121693122,0.620253164556962,0.6332625102457382,2020-21
1627734,Domantas Sabonis,1610612754,IND,62.0,36.0,14.6,7.8,0.535,2.6,0.8,0.321,5.3,3.9,0.732,20.3,6.7,3.4,12.0,2.4,9.5,-1.5,0.5994566501299315,0.5616438356164383,32.0,4.2,1.2,0.6,0.462,0.2,0.0,0.2,0.6,0.5,0.789,1.6,0.3,0.2,0.9,0.2,0.8,-2.0,0.546448087431694,0.5,,,,,,,,,,,,,,,,,,,,,0.5723367864127353,2020-21
1627736,Malik Beasley,1610612750,MIN,37.0,32.8,16.2,7.1,0.44,8.7,3.5,0.399,2.2,1.8,0.85,19.6,2.4,1.6,4.4,0.8,3.6,-5.3,0.570829450139795,0.5462962962962963,21.0,3.9,1.6,0.5,0.294,1.0,0.2,0.2,0.0,0.0,0.0,1.1,0.1,0.2,0.4,0.1,0.3,-2.4,0.34375,0.37499999999999994,,,,,,,,,,,,,,,,,,,,,0.4293196932558652,2020-21
1627737,Marquese Chriss,1610612744,GSW,2.0,13.4,7.0,2.5,0.357,2.5,0.5,0.2,2.0,1.0,0.5,6.5,1.0,1.0,6.5,1.5,5.0,-12.5,0.41243654822335024,0.39285714285714285,,,,,,,,,,,,,,,,,,,,,,,,,,,,,,,,,,,,,,,,,0.41243654822335024,2020-21
1627739,Kris Dunn,1610612737,ATL,4.0,11.4,3.0,0.3,0.083,0.5,0.0,0.0,1.0,0.8,0.75,1.3,0.5,0.8,1.5,0.0,1.5,-7.8,0.18895348837209303,0.09999999999999999,,,,,,,,,,,,,,,,,,,,,5.0,6.6,1.0,0.2,0.2,0.2,0.0,0.0,0.8,0.8,1.0,1.2,1.0,0.8,1.0,0.0,1.0,1.8,0.44378698224852065,0.2,0.3800786087794138,2020-21
1627740,Henry Ellenson,1610612761,TOR,2.0,19.2,7.0,2.5,0.357,4.5,1.0,0.222,2.0,1.5,0.75,7.5,2.5,0.0,6.0,1.5,4.5,3.5,0.47588832487309646,0.42857142857142855,,,,,,,,,,,,,,,,,,,,,,,,,,,,,,,,,,,,,,,,,0.47588832487309646,2020-21
1627741,Buddy Hield,1610612758,SAC,71.0,34.3,14.0,5.7,0.406,10.2,4.0,0.391,1.5,1.2,0.846,16.6,3.6,1.8,4.7,0.4,4.3,-0.8,0.5661664392905866,0.55,39.0,3.5,1.2,0.5,0.383,0.9,0.3,0.294,0.4,0.3,0.765,1.5,0.1,0.2,0.7,0.2,0.5,-0.4,0.5450581395348838,0.5416666666666667,,,,,,,,,,,,,,,,,,,,,0.5606656680242678,2020-21
1627742,Brandon Ingram,1610612740,NOP,61.0,34.3,18.0,8.4,0.466,6.1,2.3,0.381,5.2,4.6,0.878,23.8,4.9,2.5,4.9,0.6,4.3,0.7,0.5865536277602523,0.5305555555555556,32.0,3.8,2.3,0.8,0.333,0.9,0.2,0.214,1.2,1.0,0.838,2.7,0.3,0.3,0.5,0.1,0.4,0.4,0.4773691654879774,0.391304347826087,,,,,,,,,,,,,,,,,,,,,0.5265417640224702,2020-21
1627745,Damian Jones,1610612758,SAC,39.0,14.0,2.6,1.8,0.68,0.1,0.0,0.2,1.5,1.1,0.724,4.7,0.7,0.7,3.1,0.9,2.2,-1.7,0.7208588957055214,0.6923076923076923,4.0,2.7,0.0,0.0,0.0,0.0,0.0,0.0,0.0,0.0,0.0,0.0,0.3,0.0,1.8,0.3,1.5,0.8,,,,,,,,,,,,,,,,,,,,,,,0.24028629856850714,2020-21
1627747,Caris LeVert,1610612754,IND,47.0,31.6,17.3,7.6,0.441,5.5,1.8,0.326,3.8,3.1,0.811,20.2,5.2,2.2,4.6,0.7,3.9,-0.1,0.5323634830276196,0.4913294797687861,22.0,3.7,2.5,1.0,0.407,0.7,0.2,0.313,0.8,0.5,0.611,2.7,0.4,0.3,0.6,0.1,0.5,1.5,0.4733520336605891,0.44000000000000006,,,,,,,,,,,,,,,,,,,,,0.5074733838341203,2020-21
1627749,Dejounte Murray,1610612759,SAS,67.0,31.9,14.5,6.6,0.453,3.0,0.9,0.317,2.0,1.6,0.791,15.7,5.4,1.7,7.1,0.9,6.2,1.3,0.5104031209362808,0.4862068965517241,35.0,4.0,1.3,0.7,0.511,0.3,0.1,0.444,0.2,0.2,0.857,1.6,0.4,0.3,0.8,0.2,0.7,-0.4,0.5763688760806917,0.5769230769230769,,,,,,,,,,,,,,,,,,,,,0.5633458082733157,2020-21
1627750,Jamal Murray,1610612743,DEN,48.0,35.5,16.5,7.9,0.477,6.6,2.7,0.408,3.2,2.8,0.869,21.2,4.8,2.3,4.0,0.8,3.3,6.3,0.5919142282778646,0.5606060606060606,19.0,5.0,2.8,1.4,0.509,1.1,0.6,0.571,0.8,0.8,1.0,4.3,0.6,0.2,0.3,0.0,0.3,1.6,0.6821065989847717,0.6071428571428572,,,,,,,,,,,,,,,,,,,,,0.6690121723844711,2020-21
1627751,Jakob Poeltl,1610612759,SAS,69.0,26.7,6.2,3.8,0.616,0.0,0.0,0.0,1.8,0.9,0.508,8.6,1.9,1.2,7.9,3.2,4.8,1.6,0.6149885583524027,0.6129032258064515,26.0,3.6,0.5,0.3,0.583,0.0,0.0,0.0,0.4,0.3,0.7,0.8,0.0,0.1,0.9,0.2,0.7,-0.5,0.591715976331361,0.6,,,,,,,,,,,,,,,,,,,,,0.6075380197994397,2020-21
1627752,Taurean Prince,1610612739,CLE,41.0,22.1,8.0,3.2,0.401,3.8,1.5,0.4,1.9,1.6,0.855,9.5,1.9,1.1,3.5,0.5,3.0,-3.1,0.5375735626980535,0.49375,5.0,1.6,0.2,0.0,0.0,0.2,0.0,0.0,0.4,0.4,1.0,0.4,0.2,0.0,0.2,0.0,0.2,1.6,0.5319148936170213,0.0,,,,,,,,,,,,,,,,,,,,,0.5363011166437196,2020-21
1627756,Denzel Valentine,1610612741,CHI,62.0,16.7,6.7,2.5,0.373,3.9,1.3,0.331,0.3,0.3,0.941,6.5,1.7,0.7,3.2,0.4,2.8,0.7,0.4757025761124122,0.47014925373134325,15.0,1.3,0.3,0.1,0.25,0.3,0.1,0.25,0.0,0.0,0.0,0.2,0.0,0.1,0.2,0.0,0.2,0.0,0.33333333333333337,0.5000000000000001,,,,,,,,,,,,,,,,,,,,,0.38526735953265656,2020-21
1627759,Jaylen Brown,1610612738,BOS,58.0,34.5,19.2,9.3,0.484,7.1,2.8,0.397,4.3,3.3,0.764,24.7,3.4,2.7,6.0,1.2,4.8,1.2,0.5855300587900626,0.5572916666666667,36.0,3.6,1.6,0.7,0.414,0.8,0.2,0.296,0.6,0.4,0.609,1.9,0.1,0.1,0.4,0.0,0.4,-1.1,0.5096566523605149,0.49999999999999994,,,,,,,,,,,,,,,,,,,,,0.5432811211699302,2020-21
1627761,DeAndre' Bembry,1610612761,TOR,51.0,19.1,4.5,2.3,0.513,1.0,0.3,0.264,1.3,0.9,0.682,5.7,2.1,1.4,2.9,0.6,2.2,0.1,0.5619085173501578,0.5444444444444444,11.0,2.4,0.4,0.2,0.5,0.0,0.0,0.0,0.1,0.1,1.0,0.5,0.3,0.0,0.5,0.2,0.3,-1.5,0.5630630630630631,0.5,,,,,,,,,,,,,,,,,,,,,0.5715671033790082,2020-21
1627763,Malcolm Brogdon,1610612754,IND,56.0,34.5,17.5,7.9,0.453,6.7,2.6,0.388,3.2,2.7,0.864,21.2,5.9,2.1,5.3,1.0,4.2,-0.6,0.5606092659191876,0.5257142857142858,31.0,4.0,2.0,0.8,0.381,0.8,0.3,0.333,0.7,0.6,0.857,2.4,0.7,0.4,0.5,0.1,0.4,-1.3,0.5199306759098787,0.47500000000000003,,,,,,,,,,,,,,,,,,,,,0.5449187773409001,2020-21
1627774,Jake Layman,1610612750,MIN,45.0,13.9,4.1,2.0,0.495,1.7,0.5,0.295,0.8,0.6,0.703,5.1,0.6,0.6,1.5,0.3,1.2,-1.8,0.5727762803234501,0.5487804878048781,5.0,2.3,1.0,0.2,0.2,0.6,0.0,0.0,0.0,0.0,0.0,0.4,0.0,0.0,0.0,0.0,0.0,-1.8,0.2,0.2,,,,,,,,,,,,,,,,,,,,,0.3486490040043069,2020-21
1627777,Georges Niang,1610612762,UTA,72.0,16.0,5.6,2.5,0.437,4.1,1.7,0.425,0.3,0.3,0.957,6.9,0.8,0.7,2.4,0.4,2.1,4.9,0.6018841591067691,0.5982142857142858,3.0,2.7,0.7,0.0,0.0,0.3,0.0,0.0,0.0,0.0,0.0,0.0,0.3,0.0,0.7,0.3,0.3,6.7,0.0,0.0,11.0,11.7,3.5,1.0,0.282,2.7,0.8,0.3,0.4,0.4,1.0,3.2,0.7,0.7,1.7,0.2,1.5,-0.5,0.4352557127312296,0.39999999999999997,0.33044188288117754,2020-21
1627783,Pascal Siakam,1610612761,TOR,56.0,35.8,17.2,7.8,0.455,4.4,1.3,0.297,5.4,4.4,0.827,21.4,4.5,2.3,7.2,1.7,5.5,2.3,0.546587658357172,0.49127906976744184,29.0,3.2,1.4,0.5,0.35,0.2,0.0,0.143,0.8,0.6,0.727,1.6,0.5,0.2,0.6,0.1,0.5,-1.3,0.4566210045662101,0.35714285714285715,,,,,,,,,,,,,,,,,,,,,0.49474942404644506,2020-21
1627788,Furkan Korkmaz,1610612755,PHI,55.0,19.3,7.7,3.1,0.401,4.9,1.8,0.375,1.5,1.1,0.732,9.1,1.5,0.8,2.1,0.3,1.7,2.6,0.5442583732057417,0.5194805194805194,7.0,3.7,1.7,0.9,0.5,1.0,0.4,0.429,0.7,0.4,0.6,2.6,0.1,0.0,0.3,0.0,0.3,1.6,0.647410358565737,0.6470588235294118,12.0,16.2,6.1,2.5,0.411,3.7,1.2,0.318,1.2,0.8,0.714,7.0,0.6,0.4,2.0,0.3,1.7,3.3,0.528062764031382,0.5081967213114754,0.5926224858136151,2020-21
1627789,Timothe Luwawu-Cabarrot,1610612751,BKN,58.0,18.1,6.1,2.2,0.365,4.1,1.3,0.314,0.7,0.6,0.814,6.4,1.2,0.7,2.2,0.5,1.7,-0.4,0.49937578027465673,0.4672131147540984,16.0,2.3,0.5,0.2,0.375,0.3,0.1,0.2,0.1,0.1,1.0,0.5,0.1,0.3,0.6,0.3,0.3,0.3,0.45955882352941174,0.5,7.0,3.5,1.4,0.4,0.3,0.9,0.3,0.333,0.0,0.0,0.0,1.1,0.3,0.1,0.4,0.0,0.4,1.7,0.3928571428571429,0.3928571428571429,0.4410408639609499,2020-21
1627812,Yogi Ferrell,1610612746,LAC,10.0,13.7,5.7,2.0,0.351,2.8,0.9,0.321,0.9,0.7,0.778,5.6,2.2,0.3,1.9,0.5,1.4,-0.1,0.45931758530183725,0.4298245614035088,2.0,2.7,1.5,0.0,0.0,1.0,0.0,0.0,0.0,0.0,0.0,0.0,1.0,0.0,0.5,0.0,0.5,-0.5,0.0,0.0,9.0,1.6,0.6,0.2,0.4,0.1,0.0,0.0,0.0,0.0,0.0,0.4,0.3,0.0,0.3,0.0,0.3,-0.2,0.33333333333333337,0.33333333333333337,0.26953538701937363,2020-21
1627814,Damion Lee,1610612744,GSW,57.0,18.9,4.8,2.2,0.467,3.4,1.4,0.397,0.8,0.7,0.909,6.5,1.3,0.5,3.2,0.4,2.8,0.7,0.6308229813664596,0.6041666666666667,17.0,1.6,0.6,0.2,0.4,0.5,0.1,0.25,0.1,0.1,1.0,0.7,0.1,0.1,0.4,0.1,0.2,-0.4,0.5434782608695652,0.4166666666666667,,,,,,,,,,,,,,,,,,,,,0.5850931676992591,2020-21
1627823,Juancho Hernangomez,1610612750,MIN,52.0,17.3,5.8,2.5,0.435,3.2,1.1,0.327,1.9,1.2,0.619,7.2,0.7,0.5,3.9,0.9,3.1,-1.4,0.5424954792043399,0.5258620689655172,12.0,1.6,0.3,0.2,0.667,0.2,0.1,0.5,0.4,0.3,0.6,0.7,0.1,0.0,0.5,0.2,0.3,1.5,0.7352941176470588,0.8333333333333334,,,,,,,,,,,,,,,,,,,,,0.6762003186250309,2020-21
1627826,Ivica Zubac,1610612746,LAC,72.0,22.3,5.5,3.6,0.652,0.1,0.0,0.25,2.4,1.9,0.789,9.0,1.3,1.1,7.2,2.6,4.6,2.5,0.6863941427699817,0.6545454545454545,19.0,1.3,0.2,0.2,0.75,0.0,0.0,0.0,0.2,0.2,0.75,0.5,0.0,0.0,0.3,0.2,0.2,0.7,0.8680555555555555,1.0,17.0,17.7,3.4,2.0,0.596,0.0,0.0,0.0,2.9,2.3,0.796,6.3,0.4,0.9,5.8,2.5,3.3,-0.9,0.6736526946107784,0.5882352941176471,0.7442135865879406,2020-21
1627827,Dorian Finney-Smith,1610612742,DAL,60.0,32.0,7.8,3.7,0.472,5.0,2.0,0.394,0.7,0.5,0.756,9.8,1.7,0.8,5.4,1.6,3.8,3.3,0.6043413912185496,0.6025641025641026,27.0,2.9,0.7,0.4,0.5,0.5,0.3,0.615,0.0,0.0,0.0,1.0,0.1,0.0,0.3,0.1,0.1,-0.2,0.7142857142857143,0.7857142857142858,7.0,38.7,9.1,3.7,0.406,5.3,2.3,0.432,0.7,0.6,0.8,10.3,2.1,1.7,6.6,2.4,4.1,3.7,0.5474064625850341,0.532967032967033,0.6214963935640552,2020-21
1627832,Fred VanVleet,1610612761,TOR,52.0,36.5,16.7,6.5,0.389,9.2,3.3,0.366,3.7,3.3,0.885,19.6,6.3,1.8,4.2,0.6,3.6,2.7,0.5347010039284156,0.4880239520958084,30.0,3.2,1.6,0.5,0.286,1.1,0.3,0.235,0.3,0.3,0.889,1.5,0.4,0.1,0.3,0.1,0.3,-1.5,0.4330254041570438,0.40625,,,,,,,,,,,,,,,,,,,,,0.4764981090702807,2020-21
1627846,Abdel Nader,1610612756,PHX,24.0,14.8,4.8,2.4,0.491,1.8,0.8,0.419,1.5,1.2,0.757,6.7,0.8,0.8,2.6,0.3,2.3,1.2,0.6135531135531136,0.5833333333333334,3.0,2.7,0.0,0.0,0.0,0.0,0.0,0.0,1.0,0.3,0.333,0.3,0.0,0.0,0.0,0.0,0.0,-2.7,0.3409090909090909,,5.0,5.8,1.2,0.4,0.333,0.4,0.0,0.0,0.0,0.0,0.0,0.8,0.0,0.0,1.0,0.0,1.0,-3.8,0.33333333333333337,0.33333333333333337,0.38256188256188256,2020-21
1627853,Ryan Arcidiacono,1610612741,CHI,44.0,10.2,2.7,1.1,0.419,1.5,0.6,0.373,0.5,0.3,0.65,3.1,1.3,0.2,1.5,0.1,1.4,0.2,0.5308219178082191,0.5185185185185185,2.0,0.9,0.0,0.0,0.0,0.0,0.0,0.0,0.0,0.0,0.0,0.0,0.0,0.0,0.0,0.0,0.0,0.5,,,,,,,,,,,,,,,,,,,,,,,0.17694063926940637,2020-21
1627854,Bryn Forbes,1610612749,MIL,70.0,19.3,7.6,3.6,0.473,4.9,2.2,0.452,0.9,0.7,0.77,10.0,0.6,0.6,1.6,0.2,1.4,1.4,0.6253126563281641,0.618421052631579,8.0,2.4,0.5,0.1,0.25,0.4,0.1,0.333,0.0,0.0,0.0,0.4,0.0,0.0,0.0,0.0,0.0,-1.4,0.4,0.30000000000000004,20.0,13.7,5.6,2.3,0.411,4.5,1.7,0.371,0.4,0.3,0.75,6.6,0.3,0.4,1.4,0.1,1.3,-0.1,0.5713296398891967,0.5625,0.5297958767001811,2020-21
1627863,Danuel House Jr.,1610612745,HOU,36.0,25.9,7.6,3.1,0.404,4.3,1.5,0.346,1.8,1.1,0.651,8.8,1.9,1.0,3.7,0.5,3.2,-6.2,0.5243088655862728,0.5065789473684211,8.0,2.4,0.8,0.3,0.333,0.5,0.1,0.25,0.1,0.1,1.0,0.8,0.0,0.1,0.5,0.1,0.4,-2.1,0.4739336492890995,0.43749999999999994,,,,,,,,,,,,,,,,,,,,,0.5012517038429125,2020-21
1627884,Derrick Jones Jr.,1610612757,POR,58.0,22.7,5.2,2.5,0.484,2.3,0.7,0.316,1.6,1.0,0.648,6.8,0.8,0.6,3.5,1.3,2.2,-1.1,0.575880758807588,0.5480769230769231,22.0,2.7,0.6,0.3,0.462,0.2,0.0,0.0,0.3,0.2,0.667,0.7,0.2,0.0,0.3,0.2,0.1,1.9,0.4781420765027322,0.5,2.0,5.2,2.5,1.0,0.4,1.0,0.0,0.0,0.0,0.0,0.0,2.0,0.0,0.0,0.0,0.0,0.0,2.5,0.4,0.4,0.46689928017175136,2020-21
1627936,Alex Caruso,1610612747,LAL,58.0,21.0,5.3,2.3,0.436,2.4,0.9,0.401,1.3,0.8,0.645,6.4,2.8,1.3,2.9,0.5,2.4,2.1,0.5449591280653951,0.5188679245283019,19.0,2.4,0.8,0.4,0.467,0.3,0.2,0.667,0.4,0.4,1.0,1.3,0.2,0.0,0.3,0.2,0.1,0.9,0.665983606557377,0.625,6.0,20.1,6.3,2.3,0.368,2.8,0.8,0.294,0.3,0.3,1.0,5.8,0.5,1.2,1.3,0.3,1.0,-3.3,0.45087064676616917,0.42857142857142855,0.5533507198662363,2020-21
1628021,David Nwaba,1610612745,HOU,30.0,22.6,7.3,3.5,0.486,2.1,0.6,0.27,2.3,1.6,0.691,9.2,1.0,0.6,3.9,1.3,2.6,-0.9,0.5534167468719923,0.5205479452054794,8.0,1.6,0.3,0.0,0.0,0.0,0.0,0.0,0.0,0.0,0.0,0.0,0.1,0.0,0.1,0.0,0.1,-0.5,0.0,0.0,,,,,,,,,,,,,,,,,,,,,0.18858183799786368,2020-21
1628365,Markelle Fultz,1610612753,ORL,8.0,26.9,13.0,5.1,0.394,2.0,0.5,0.25,2.4,2.1,0.895,12.9,5.4,2.3,3.1,0.6,2.5,-3.6,0.45887877063175864,0.4115384615384615,5.0,2.4,1.4,1.2,0.857,0.2,0.2,1.0,0.6,0.6,1.0,3.2,0.8,0.4,0.4,0.0,0.4,3.8,0.9615384615384617,0.9285714285714287,,,,,,,,,,,,,,,,,,,,,0.8047544620046297,2020-21
1628366,Lonzo Ball,1610612740,NOP,55.0,31.8,12.7,5.3,0.414,8.3,3.1,0.378,1.2,0.9,0.781,14.6,5.7,2.2,4.8,0.6,4.2,0.9,0.5518596915633505,0.5393700787401575,28.0,4.0,1.3,0.5,0.378,0.8,0.3,0.348,0.4,0.3,0.7,1.5,0.6,0.2,0.8,0.1,0.6,0.1,0.508130081300813,0.5,,,,,,,,,,,,,,,,,,,,,0.5329428385266272,2020-21
1628367,Josh Jackson,1610612765,DET,62.0,25.2,11.4,4.8,0.419,4.1,1.2,0.3,3.5,2.6,0.729,13.4,2.3,2.3,4.1,0.9,3.2,-2.0,0.517774343122102,0.4736842105263157,23.0,2.4,0.9,0.3,0.381,0.3,0.1,0.333,0.6,0.4,0.769,1.2,0.1,0.1,0.6,0.2,0.3,-1.4,0.5154639175257731,0.38888888888888884,,,,,,,,,,,,,,,,,,,,,0.5241287962326289,2020-21
1628368,De'Aaron Fox,1610612758,SAC,58.0,35.1,19.1,9.1,0.477,5.5,1.8,0.322,7.2,5.2,0.719,25.2,7.2,3.0,3.5,0.6,2.9,-3.4,0.5658343811747799,0.5235602094240838,32.0,3.5,2.7,1.3,0.46,0.7,0.1,0.174,1.2,1.0,0.816,3.6,0.3,0.2,0.4,0.1,0.3,-0.8,0.5576208178438662,0.5,,,,,,,,,,,,,,,,,,,,,0.5744947979412143,2020-21
1628369,Jayson Tatum,1610612738,BOS,64.0,35.8,20.6,9.5,0.459,7.6,2.9,0.386,5.3,4.6,0.868,26.4,4.3,2.7,7.4,0.8,6.6,2.5,0.575614861329147,0.5315533980582523,38.0,3.4,2.1,0.9,0.45,0.6,0.2,0.348,1.2,1.1,0.889,3.2,0.3,0.3,0.8,0.0,0.8,-0.8,0.60882800608828,0.47619047619047616,5.0,36.9,22.2,9.4,0.423,7.2,2.8,0.389,9.8,9.0,0.918,30.6,4.6,2.6,5.8,0.6,5.2,-11.6,0.5770971635485818,0.4864864864864865,0.5976212354486955,2020-21
1628370,Malik Monk,1610612766,CHA,42.0,20.9,9.5,4.1,0.434,5.0,2.0,0.401,1.7,1.4,0.819,11.7,2.1,1.3,2.4,0.3,2.1,0.8,0.5708430913348946,0.5368421052631579,9.0,1.6,0.7,0.2,0.333,0.3,0.1,0.333,0.1,0.1,1.0,0.7,0.1,0.1,0.1,0.0,0.1,1.3,0.4704301075268817,0.35714285714285715,,,,,,,,,,,,,,,,,,,,,0.5112695231814086,2020-21
1628372,Dennis Smith Jr.,1610612765,DET,23.0,18.3,6.3,2.5,0.4,2.5,0.8,0.328,1.1,0.8,0.731,6.7,3.3,1.1,2.4,0.5,1.9,-0.8,0.493808962264151,0.4603174603174603,3.0,2.0,1.0,0.0,0.0,0.3,0.0,0.0,0.7,0.3,0.5,0.3,0.3,0.0,0.3,0.3,0.0,-4.0,0.1146788990825688,0.0,,,,,,,,,,,,,,,,,,,,,0.25692860268025924,2020-21
1628374,Lauri Markkanen,1610612741,CHI,51.0,25.8,10.2,4.9,0.48,5.8,2.3,0.402,1.8,1.5,0.826,13.6,0.9,1.0,5.3,0.7,4.6,-0.9,0.6186317321688501,0.5931372549019609,15.0,2.2,0.9,0.3,0.357,0.7,0.3,0.364,0.0,0.0,0.0,0.9,0.0,0.1,0.3,0.0,0.3,-0.5,0.5,0.49999999999999994,,,,,,,,,,,,,,,,,,,,,0.5483674401338497,2020-21
1628378,Donovan Mitchell,1610612762,UTA,53.0,33.4,20.6,9.0,0.438,8.7,3.4,0.386,6.0,5.0,0.845,26.4,5.2,2.8,4.4,0.9,3.5,5.4,0.567986230636833,0.5194174757281552,22.0,2.6,2.5,0.9,0.37,1.1,0.3,0.25,1.0,0.7,0.762,2.8,0.4,0.2,0.5,0.2,0.3,0.5,0.47619047619047616,0.42000000000000004,10.0,34.6,23.5,10.5,0.447,11.5,5.0,0.435,7.6,6.3,0.829,32.3,5.5,2.8,4.2,0.3,3.9,1.9,0.6016241990761436,0.5531914893617021,0.566342552370544,2020-21
1628379,Luke Kennard,1610612746,LAC,63.0,19.6,6.6,3.1,0.476,3.6,1.6,0.446,0.5,0.4,0.839,8.3,1.7,0.8,2.6,0.2,2.3,-0.4,0.6085043988269796,0.5909090909090909,16.0,1.3,0.4,0.2,0.429,0.3,0.1,0.2,0.0,0.0,0.0,0.4,0.1,0.1,0.3,0.0,0.3,0.5,0.5,0.625,15.0,14.6,4.3,2.1,0.477,3.4,1.4,0.412,0.1,0.1,0.5,5.6,0.5,0.2,0.9,0.3,0.6,1.2,0.6445672191528545,0.6511627906976744,0.5964282821072784,2020-21
1628381,John Collins,1610612737,ATL,63.0,29.3,12.2,6.8,0.556,3.3,1.3,0.399,3.2,2.7,0.833,17.6,1.2,1.3,7.4,1.9,5.5,2.9,0.6466784244562024,0.6106557377049181,29.0,3.1,0.6,0.3,0.5,0.1,0.1,0.75,0.8,0.8,0.958,1.4,0.1,0.1,0.4,0.1,0.3,-0.9,0.7352941176470588,0.5833333333333334,18.0,32.0,10.1,5.6,0.549,3.1,1.1,0.357,2.0,1.7,0.833,13.9,0.9,1.3,8.7,2.0,6.7,0.8,0.6329690346083788,0.6089108910891089,0.6742803267157249,2020-21
1628382,Justin Jackson,1610612749,MIL,34.0,17.0,6.5,2.6,0.403,3.4,1.1,0.308,1.1,0.9,0.838,7.2,1.5,0.9,2.3,0.5,1.8,-1.2,0.5154639175257733,0.48461538461538467,7.0,1.8,0.6,0.3,0.5,0.4,0.3,0.667,0.0,0.0,0.0,0.9,0.0,0.0,0.3,0.0,0.3,0.0,0.75,0.75,5.0,3.0,1.0,0.6,0.6,0.4,0.0,0.0,0.0,0.0,0.0,1.2,0.2,0.2,0.4,0.2,0.2,-1.4,0.6,0.6,0.6451414221503112,2020-21
1628383,Justin Patton,1610612745,HOU,13.0,19.0,5.4,2.2,0.414,2.6,0.7,0.265,0.3,0.2,0.75,5.4,1.1,0.3,3.8,1.1,2.7,-6.2,0.48806941431670287,0.47222222222222227,,,,,,,,,,,,,,,,,,,,,,,,,,,,,,,,,,,,,,,,,0.48806941431670287,2020-21
1628384,OG Anunoby,1610612761,TOR,43.0,33.3,12.1,5.8,0.48,6.1,2.4,0.398,2.4,1.9,0.784,15.9,2.2,1.7,5.5,1.3,4.3,2.7,0.6042870173304956,0.578512396694215,23.0,2.8,0.4,0.1,0.333,0.3,0.1,0.286,0.3,0.3,0.75,0.6,0.1,0.2,0.5,0.0,0.4,-1.3,0.5639097744360901,0.37500000000000006,,,,,,,,,,,,,,,,,,,,,0.5806746405245856,2020-21
1628386,Jarrett Allen,1610612739,CLE,63.0,29.6,7.7,4.7,0.618,0.3,0.1,0.316,4.6,3.2,0.703,12.8,1.7,1.6,10.0,3.1,6.9,-3.2,0.658165364047717,0.6168831168831169,22.0,3.5,0.5,0.3,0.636,0.0,0.0,0.0,0.1,0.1,0.667,0.7,0.2,0.2,1.1,0.2,0.9,-1.0,0.6433823529411764,0.6,,,,,,,,,,,,,,,,,,,,,0.6548035298026865,2020-21
1628389,Bam Adebayo,1610612748,MIA,64.0,33.5,12.5,7.1,0.57,0.1,0.0,0.25,5.5,4.4,0.799,18.7,5.4,2.6,9.0,2.2,6.7,0.4,0.6266756032171582,0.568,29.0,3.5,1.2,0.7,0.618,0.1,0.0,0.0,0.8,0.6,0.739,2.0,0.3,0.3,0.9,0.2,0.7,-0.8,0.6443298969072164,0.5833333333333334,4.0,34.0,14.3,6.5,0.456,0.0,0.0,0.0,3.3,2.5,0.769,15.5,4.3,2.8,9.3,3.5,5.8,-11.8,0.4920010157440325,0.45454545454545453,0.57482307404318,2020-21
1628391,D.J. Wilson,1610612745,HOU,35.0,12.4,4.8,1.9,0.405,2.5,0.9,0.345,0.7,0.5,0.68,5.2,0.7,0.6,3.2,0.6,2.6,-3.0,0.5090054815974941,0.48958333333333337,1.0,3.6,0.0,0.0,0.0,0.0,0.0,0.0,0.0,0.0,0.0,0.0,0.0,0.0,0.0,0.0,0.0,7.0,,,,,,,,,,,,,,,,,,,,,,,0.16966849386583138,2020-21
1628392,Isaiah Hartenstein,1610612739,CLE,46.0,12.1,3.7,2.0,0.55,0.1,0.0,0.333,1.5,1.0,0.648,5.1,1.2,1.0,3.9,1.4,2.5,0.0,0.5848623853211008,0.5405405405405405,2.0,1.2,0.0,0.0,0.0,0.0,0.0,0.0,0.0,0.0,0.0,0.0,0.0,0.0,0.0,0.0,0.0,-3.0,,,,,,,,,,,,,,,,,,,,,,,0.19495412844036694,2020-21
1628395,Jordan Bell,1610612744,GSW,6.0,13.6,3.7,1.2,0.318,0.3,0.0,0.0,0.3,0.2,0.5,2.5,1.2,0.7,4.0,1.2,2.8,-5.3,0.32620041753653445,0.3243243243243243,1.0,0.1,0.0,0.0,0.0,0.0,0.0,0.0,0.0,0.0,0.0,0.0,0.0,0.0,0.0,0.0,0.0,-2.0,,,,,,,,,,,,,,,,,,,,,,,0.10873347251217814,2020-21
1628396,Tony Bradley,1610612760,OKC,42.0,16.3,4.7,3.1,0.665,0.1,0.0,0.0,1.3,0.9,0.691,7.1,0.9,0.8,5.7,2.0,3.7,-0.4,0.6733687405159332,0.6595744680851063,3.0,0.8,0.0,0.0,0.0,0.0,0.0,0.0,0.0,0.0,0.0,0.0,0.0,0.0,0.0,0.0,0.0,1.3,,,,,,,,,,,,,,,,,,,,,,,0.2244562468386444,2020-21
1628398,Kyle Kuzma,1610612747,LAL,68.0,28.7,11.1,4.9,0.443,5.6,2.0,0.361,1.4,1.0,0.691,12.9,1.9,1.7,6.1,1.6,4.5,0.0,0.5505291908501195,0.5315315315315315,23.0,3.6,1.4,0.5,0.364,0.8,0.1,0.167,0.3,0.2,0.667,1.3,0.2,0.2,1.0,0.4,0.7,0.7,0.42428198433420367,0.3928571428571429,6.0,21.6,8.0,2.3,0.292,3.8,0.7,0.174,1.5,1.0,0.667,6.3,1.2,1.0,3.8,0.7,3.2,-2.5,0.36374133949191684,0.33125,0.42766547561052254,2020-21
1628400,Semi Ojeleye,1610612738,BOS,56.0,17.0,3.9,1.6,0.403,2.8,1.0,0.367,0.6,0.4,0.75,4.6,0.7,0.4,2.6,0.6,2.1,0.1,0.5523535062439962,0.5384615384615385,15.0,1.8,0.2,0.0,0.0,0.1,0.0,0.0,0.0,0.0,0.0,0.0,0.0,0.0,0.5,0.1,0.4,-1.8,0.0,0.0,2.0,6.0,2.0,0.0,0.0,1.5,0.0,0.0,1.0,0.5,0.5,0.5,0.0,0.0,0.0,0.0,0.0,-2.5,0.10245901639344263,0.0,0.1484166310309442,2020-21
1628401,Derrick White,1610612759,SAS,36.0,29.5,12.6,5.2,0.411,6.8,2.3,0.346,3.2,2.7,0.851,15.4,3.5,1.3,3.0,0.4,2.6,2.6,0.5496858937749858,0.503968253968254,17.0,3.8,0.9,0.4,0.375,0.5,0.1,0.222,0.4,0.4,1.0,1.2,0.2,0.1,0.3,0.0,0.3,-1.0,0.5576208178438661,0.5,,,,,,,,,,,,,,,,,,,,,0.5621187002965295,2020-21
1628402,Frank Jackson,1610612765,DET,40.0,18.5,7.3,3.4,0.457,3.8,1.5,0.407,1.9,1.5,0.813,9.8,0.9,0.9,2.2,0.4,1.8,-0.3,0.6022615535889874,0.5684931506849316,10.0,2.5,0.9,0.5,0.556,0.3,0.1,0.333,0.3,0.1,0.333,1.2,0.1,0.0,0.2,0.0,0.2,0.0,0.5813953488372092,0.6111111111111112,,,,,,,,,,,,,,,,,,,,,0.6006795175427341,2020-21
1628404,Josh Hart,1610612740,NOP,47.0,28.7,7.3,3.2,0.439,4.1,1.3,0.326,1.9,1.5,0.775,9.2,2.3,1.0,8.0,1.1,6.9,0.0,0.5653883972468043,0.5273972602739726,23.0,2.5,0.3,0.1,0.286,0.1,0.0,0.0,0.6,0.4,0.714,0.6,0.1,0.1,0.7,0.2,0.6,-1.1,0.5319148936170212,0.33333333333333337,,,,,,,,,,,,,,,,,,,,,0.5471823172008151,2020-21
1628407,Dwayne Bacon,1610612753,ORL,72.0,25.7,10.1,4.1,0.402,2.9,0.8,0.285,2.4,2.0,0.824,10.9,1.3,0.6,3.1,0.4,2.7,-6.2,0.48852635353173185,0.44554455445544555,20.0,1.8,0.7,0.0,0.0,0.3,0.0,0.0,0.2,0.2,1.0,0.2,0.0,0.1,0.2,0.0,0.2,-2.3,0.1269035532994924,0.0,,,,,,,,,,,,,,,,,,,,,0.2543751797788596,2020-21
1628408,PJ Dozier,1610612743,DEN,50.0,21.8,7.1,3.0,0.417,3.0,0.9,0.315,1.3,0.8,0.636,7.7,1.8,0.9,3.6,0.7,2.9,3.9,0.5018248175182483,0.48591549295774655,16.0,2.2,0.4,0.1,0.333,0.1,0.0,0.0,0.3,0.1,0.5,0.4,0.1,0.1,0.5,0.2,0.3,-1.7,0.37593984962406013,0.25,,,,,,,,,,,,,,,,,,,,,0.42353530840489745,2020-21
1628410,Edmond Sumner,1610612754,IND,53.0,16.2,5.3,2.8,0.525,1.7,0.7,0.398,1.6,1.3,0.819,7.5,0.9,1.0,1.8,0.3,1.4,-0.6,0.6245836109260493,0.5943396226415094,12.0,2.5,0.5,0.3,0.667,0.2,0.2,1.0,0.0,0.0,0.0,0.8,0.1,0.0,0.2,0.0,0.2,0.3,0.8,0.8,,,,,,,,,,,,,,,,,,,,,0.750961832571054,2020-21
1628411,Wes Iwundu,1610612740,NOP,41.0,13.1,2.5,0.8,0.333,1.0,0.1,0.122,0.8,0.6,0.839,2.4,0.4,0.5,2.2,0.4,1.8,-2.3,0.42075736325385693,0.34,6.0,1.1,0.3,0.2,0.5,0.3,0.2,0.5,1.2,1.0,0.857,1.5,0.0,0.0,0.3,0.0,0.3,1.7,0.9057971014492753,1.0000000000000002,,,,,,,,,,,,,,,,,,,,,0.7561171887126692,2020-21
1628412,Frank Mason III,1610612753,ORL,4.0,19.8,6.0,2.3,0.375,1.3,0.5,0.4,1.8,1.3,0.714,6.3,3.0,1.3,3.0,0.8,2.3,-4.8,0.4637809187279152,0.425,,,,,,,,,,,,,,,,,,,,,,,,,,,,,,,,,,,,,,,,,0.4637809187279152,2020-21
1628414,Sindarius Thornwell,1610612753,ORL,21.0,10.3,2.2,0.7,0.326,1.1,0.3,0.304,0.4,0.2,0.5,2.0,1.0,0.3,0.9,0.1,0.7,-0.4,0.4208754208754208,0.3863636363636363,,,,,,,,,,,,,,,,,,,,,,,,,,,,,,,,,,,,,,,,,0.4208754208754208,2020-21
1628415,Dillon Brooks,1610612763,MEM,67.0,29.8,15.4,6.4,0.419,5.6,1.9,0.344,2.9,2.4,0.815,17.2,2.3,1.8,2.9,0.8,2.1,2.3,0.5157112017270328,0.4772727272727273,31.0,3.5,1.9,0.7,0.397,0.7,0.2,0.304,0.3,0.2,0.75,1.9,0.2,0.2,0.3,0.1,0.3,-0.6,0.46751968503937,0.42105263157894735,5.0,34.9,19.4,10.0,0.515,4.0,1.6,0.4,5.2,4.2,0.808,25.8,2.2,1.8,4.2,1.0,3.2,-1.2,0.5947989671707857,0.5567010309278352,0.5515289078898828,2020-21
1628418,Thomas Bryant,1610612764,WAS,10.0,27.1,9.1,5.9,0.648,2.1,0.9,0.429,2.4,1.6,0.667,14.3,1.5,1.1,6.1,1.8,4.3,-1.4,0.7040173296573455,0.6978021978021979,7.0,3.7,1.4,1.0,0.7,0.1,0.0,0.0,0.4,0.1,0.333,2.1,0.1,0.0,1.4,0.6,0.9,-5.0,0.6662436548223352,0.7142857142857143,,,,,,,,,,,,,,,,,,,,,0.6942194951502634,2020-21
1628419,Cameron Oliver,1610612745,HOU,4.0,21.8,8.3,4.8,0.576,3.3,1.0,0.308,1.0,0.3,0.25,10.8,1.3,0.8,5.3,1.3,4.0,-2.8,0.6178489702517163,0.6385542168674698,,,,,,,,,,,,,,,,,,,,,,,,,,,,,,,,,,,,,,,,,0.6178489702517163,2020-21
1628420,Monté Morris,1610612743,DEN,47.0,25.5,8.2,4.0,0.481,2.9,1.1,0.381,1.6,1.2,0.795,10.2,3.2,0.7,2.0,0.2,1.8,3.3,0.5727762803234501,0.5548780487804879,14.0,4.3,0.6,0.4,0.625,0.2,0.1,0.667,0.4,0.4,1.0,1.2,0.3,0.1,0.5,0.1,0.4,0.7,0.7731958762886597,0.75,10.0,28.6,11.6,5.0,0.431,4.0,1.6,0.4,2.9,2.1,0.724,13.7,5.5,0.7,2.4,0.7,1.7,-3.3,0.5319975147561354,0.5,0.6265105026980353,2020-21
1628422,Damyean Dotson,1610612739,CLE,46.0,19.7,6.4,2.6,0.406,3.5,1.0,0.289,0.8,0.5,0.667,6.7,2.0,0.9,2.0,0.1,1.9,-4.7,0.49614928909952605,0.484375,8.0,2.0,0.6,0.3,0.4,0.4,0.1,0.333,0.8,0.5,0.667,1.1,0.4,0.1,0.1,0.0,0.1,0.9,0.5777310924369748,0.5833333333333334,,,,,,,,,,,,,,,,,,,,,0.5599121579896937,2020-21
1628425,Sterling Brown,1610612745,HOU,51.0,24.1,6.6,2.9,0.448,4.2,1.8,0.423,0.6,0.5,0.806,8.2,1.4,0.8,4.4,0.7,3.6,-3.0,0.5973193473193473,0.5757575757575758,10.0,2.0,0.4,0.1,0.25,0.0,0.0,0.0,0.1,0.1,1.0,0.3,0.0,0.0,0.6,0.1,0.5,-3.2,0.33783783783783783,0.25,,,,,,,,,,,,,,,,,,,,,0.4303922803913621,2020-21
1628436,Luke Kornet,1610612738,BOS,31.0,11.2,3.3,1.4,0.436,1.9,0.5,0.254,0.2,0.1,0.5,3.4,0.8,0.2,2.2,0.5,1.7,1.7,0.5017709563164109,0.5,5.0,1.2,0.4,0.0,0.0,0.4,0.0,0.0,0.0,0.0,0.0,0.0,0.0,0.0,0.0,0.0,0.0,0.2,0.0,0.0,2.0,2.7,0.5,0.5,1.0,0.0,0.0,0.0,1.0,0.5,0.5,1.5,0.0,0.0,1.5,0.0,1.5,0.5,0.797872340425532,1.0,0.49468587504970685,2020-21
1628449,Chris Boucher,1610612761,TOR,60.0,24.2,9.3,4.8,0.514,3.9,1.5,0.383,3.2,2.5,0.788,13.6,1.1,0.8,6.7,2.0,4.8,1.6,0.635039223010833,0.596774193548387,23.0,2.3,0.7,0.5,0.733,0.2,0.1,0.6,0.6,0.5,0.846,1.6,0.0,0.1,0.6,0.2,0.4,-0.3,0.8298755186721992,0.7857142857142858,,,,,,,,,,,,,,,,,,,,,0.7724569685046979,2020-21
1628455,Mike James,1610612751,BKN,13.0,18.2,7.1,2.6,0.37,2.4,0.8,0.355,2.1,1.6,0.778,7.7,4.2,1.5,2.5,0.2,2.2,1.5,0.4798105682951147,0.4225352112676057,1.0,0.4,1.0,1.0,1.0,0.0,0.0,0.0,0.0,0.0,0.0,2.0,0.0,0.0,0.0,0.0,0.0,2.0,1.0,1.0,9.0,11.4,4.8,1.6,0.326,1.8,0.6,0.313,0.0,0.0,0.0,3.7,1.3,0.3,1.8,0.2,1.6,2.3,0.3854166666666667,0.39583333333333337,0.6200946017561222,2020-21
1628464,Daniel Theis,1610612741,CHI,65.0,24.6,7.2,3.9,0.541,2.3,0.8,0.322,1.7,1.1,0.673,9.6,1.7,1.0,5.5,1.4,4.0,-0.5,0.6039255158530448,0.5972222222222222,29.0,2.7,0.7,0.4,0.55,0.2,0.0,0.143,0.3,0.2,0.667,1.0,0.2,0.2,0.6,0.2,0.4,-0.9,0.6009615384615384,0.5714285714285715,,,,,,,,,,,,,,,,,,,,,0.6116717531462458,2020-21
1628467,Maxi Kleber,1610612742,DAL,50.0,26.8,5.5,2.3,0.422,4.2,1.7,0.41,0.7,0.7,0.919,7.1,1.4,0.6,5.2,0.9,4.3,2.7,0.6112258953168044,0.5727272727272728,19.0,2.4,0.5,0.2,0.4,0.4,0.2,0.5,0.2,0.2,1.0,0.8,0.3,0.1,0.6,0.2,0.4,-0.8,0.6802721088435375,0.6000000000000001,7.0,26.8,4.3,1.7,0.4,2.9,1.1,0.4,1.0,0.7,0.714,5.3,1.4,0.1,3.6,0.7,2.9,-4.9,0.5590717299578059,0.5232558139534884,0.6172551262354724,2020-21
1628470,Torrey Craig,1610612756,PHX,50.0,16.1,4.5,2.2,0.48,2.1,0.8,0.368,0.4,0.3,0.773,5.5,1.0,0.5,3.9,1.1,2.8,-1.9,0.588109495295124,0.5777777777777778,13.0,0.6,0.2,0.0,0.0,0.0,0.0,0.0,0.0,0.0,0.0,0.0,0.1,0.1,0.3,0.2,0.2,-1.1,0.0,0.0,22.0,12.1,3.4,1.5,0.427,1.7,0.7,0.405,0.6,0.4,0.615,4.0,0.4,0.5,2.9,0.9,2.0,1.0,0.5458515283842795,0.5441176470588236,0.37538845785145053,2020-21
1628539,Mychal Mulder,1610612744,GSW,60.0,12.8,4.4,2.0,0.449,3.6,1.4,0.397,0.4,0.2,0.636,5.6,0.4,0.3,1.0,0.1,0.9,1.1,0.6118881118881118,0.6136363636363636,6.0,1.4,0.3,0.0,0.0,0.3,0.0,0.0,0.0,0.0,0.0,0.0,0.0,0.2,0.2,0.2,0.0,-0.2,0.0,0.0,,,,,,,,,,,,,,,,,,,,,0.21078088577933615,2020-21
1628778,Paul Watson,1610612761,TOR,27.0,11.0,3.0,1.4,0.463,2.4,1.1,0.469,0.3,0.2,0.625,4.1,0.6,0.3,1.7,0.1,1.5,-0.1,0.6545338441890165,0.65,1.0,0.7,0.0,0.0,0.0,0.0,0.0,0.0,0.0,0.0,0.0,0.0,0.0,0.0,0.0,0.0,0.0,-4.0,,,,,,,,,,,,,,,,,,,,,,,0.2181779480630055,2020-21
1628960,Grayson Allen,1610612763,MEM,50.0,25.2,8.3,3.5,0.418,5.5,2.1,0.391,1.8,1.6,0.868,10.6,2.2,1.0,3.2,0.4,2.8,0.2,0.5829300483941926,0.5481927710843373,20.0,2.9,0.7,0.2,0.286,0.6,0.2,0.273,0.5,0.3,0.667,0.9,0.1,0.1,0.2,0.1,0.2,-0.5,0.48913043478260876,0.42857142857142866,5.0,23.1,6.6,2.4,0.364,4.2,1.6,0.381,0.2,0.0,0.0,6.4,0.2,0.2,2.6,0.6,2.0,-11.0,0.47846889952153115,0.4848484848484849,0.5078666710260769,2020-21
1628963,Marvin Bagley III,1610612758,SAC,43.0,25.9,11.4,5.7,0.504,2.5,0.9,0.343,3.1,1.8,0.575,14.1,1.0,1.4,7.4,2.5,4.9,-2.0,0.5523346913193355,0.5394736842105263,9.0,1.2,0.2,0.1,0.5,0.2,0.1,0.5,0.2,0.0,0.0,0.3,0.0,0.0,0.1,0.0,0.1,-1.7,0.5208333333333333,0.7500000000000001,,,,,,,,,,,,,,,,,,,,,0.5330881719600925,2020-21
1628964,Mo Bamba,1610612753,ORL,46.0,15.8,6.5,3.1,0.472,2.6,0.8,0.322,1.4,1.0,0.682,8.0,0.8,0.8,5.8,1.7,4.1,-4.4,0.5621135469364812,0.5384615384615384,3.0,1.0,0.3,0.3,1.0,0.0,0.0,0.0,0.0,0.0,0.0,0.7,0.3,0.0,0.0,0.0,0.0,-0.3,1.1666666666666667,1.0,,,,,,,,,,,,,,,,,,,,,0.9697643447046128,2020-21
1628969,Mikal Bridges,1610612756,PHX,72.0,32.6,9.3,5.0,0.543,4.4,1.9,0.425,1.8,1.5,0.84,13.5,2.1,0.8,4.3,1.1,3.2,4.7,0.66884661117717,0.6397849462365591,36.0,3.9,1.3,0.6,0.458,0.7,0.3,0.4,0.4,0.3,0.8,1.8,0.1,0.0,0.7,0.3,0.4,0.8,0.6097560975609756,0.5769230769230769,22.0,32.1,8.6,4.2,0.484,4.3,1.6,0.368,1.3,1.1,0.893,11.1,1.6,0.7,4.3,0.9,3.4,2.8,0.6051024858264282,0.5813953488372093,0.6312562052518872,2020-21
1628970,Miles Bridges,1610612766,CHA,66.0,29.3,9.4,4.7,0.503,4.4,1.8,0.4,1.7,1.5,0.867,12.7,2.2,1.6,6.0,1.2,4.8,-0.1,0.6257390618841151,0.5957446808510639,28.0,2.3,0.7,0.3,0.474,0.5,0.1,0.308,0.0,0.0,1.0,0.8,0.0,0.1,0.4,0.0,0.4,0.6,0.5714285714285715,0.5,,,,,,,,,,,,,,,,,,,,,0.5969788767569322,2020-21
1628971,Bruce Brown,1610612751,BKN,65.0,22.3,6.5,3.6,0.556,0.9,0.3,0.288,1.8,1.3,0.735,8.8,1.6,0.8,5.4,1.7,3.7,1.1,0.603400987383434,0.5769230769230769,25.0,1.4,0.3,0.2,0.857,0.0,0.0,1.0,0.2,0.1,0.5,0.6,0.0,0.0,0.3,0.1,0.2,-0.5,0.7731958762886597,0.6666666666666667,12.0,23.1,6.6,3.3,0.506,0.9,0.2,0.182,1.3,1.1,0.813,7.9,2.1,0.9,5.1,1.9,3.2,1.0,0.5507529280535416,0.5151515151515151,0.6382906386349042,2020-21
1628972,Troy Brown Jr.,1610612741,CHI,34.0,15.4,4.2,1.8,0.431,2.1,0.6,0.314,0.6,0.4,0.714,4.7,0.9,0.6,3.1,0.6,2.5,0.8,0.5264336917562724,0.5,5.0,2.3,0.8,0.2,0.25,0.4,0.0,0.0,0.0,0.0,0.0,0.4,0.0,0.0,0.4,0.2,0.2,-4.0,0.25,0.25,,,,,,,,,,,,,,,,,,,,,0.36119218296184136,2020-21
1628973,Jalen Brunson,1610612742,DAL,68.0,25.0,9.2,4.8,0.523,2.9,1.2,0.405,2.2,1.8,0.795,12.6,3.5,1.2,3.4,0.4,3.0,2.4,0.6195908733280882,0.5869565217391304,19.0,2.4,0.9,0.4,0.444,0.2,0.1,0.333,0.4,0.4,0.875,1.3,0.3,0.2,0.4,0.2,0.2,-0.4,0.604089219330855,0.5,7.0,16.3,6.3,2.9,0.455,1.9,0.9,0.462,1.9,1.4,0.769,8.0,1.4,0.6,2.6,0.9,1.7,-8.0,0.5605381165919282,0.5317460317460317,0.5946798856555192,2020-21
1628975,Jevon Carter,1610612756,PHX,60.0,11.9,3.7,1.6,0.422,2.5,0.9,0.371,0.1,0.1,0.571,4.1,1.2,0.3,1.5,0.3,1.3,0.5,0.547542735042735,0.5540540540540541,4.0,0.8,0.0,0.0,0.0,0.0,0.0,0.0,0.0,0.0,0.0,0.0,0.0,0.0,0.3,0.0,0.3,-1.3,,,7.0,3.1,1.1,0.4,0.375,0.3,0.0,0.0,0.3,0.0,0.0,0.9,0.6,0.0,0.3,0.0,0.3,-1.0,0.36525974025974023,0.36363636363636365,0.2738869926369926,2020-21
1628976,Wendell Carter Jr.,1610612753,ORL,54.0,25.5,8.5,4.3,0.503,0.9,0.3,0.294,3.3,2.4,0.732,11.2,1.9,1.4,8.2,2.4,5.8,-4.5,0.562700964630225,0.5235294117647059,24.0,2.6,0.5,0.3,0.615,0.0,0.0,0.0,0.6,0.5,0.733,1.1,0.3,0.2,0.8,0.2,0.5,-0.5,0.7198952879581152,0.6,,,,,,,,,,,,,,,,,,,,,0.6733795331226363,2020-21
1628977,Hamidou Diallo,1610612765,DET,52.0,23.6,9.0,4.3,0.477,1.6,0.5,0.341,3.8,2.5,0.64,11.6,1.9,1.5,5.2,1.1,4.1,-3.7,0.5434782608695652,0.5055555555555555,10.0,4.3,1.1,0.4,0.364,0.4,0.1,0.25,0.2,0.1,0.5,1.0,0.1,0.5,0.4,0.1,0.3,-5.2,0.4208754208754208,0.40909090909090906,,,,,,,,,,,,,,,,,,,,,0.47396525642766646,2020-21
1628978,Donte DiVincenzo,1610612749,MIL,66.0,27.5,9.1,3.8,0.42,5.2,2.0,0.379,1.1,0.8,0.718,10.4,3.1,1.4,5.8,1.2,4.5,4.6,0.5425709515859767,0.5274725274725275,22.0,3.1,0.3,0.1,0.429,0.1,0.0,0.333,0.4,0.3,0.75,0.6,0.1,0.1,0.6,0.1,0.5,0.4,0.6302521008403361,0.33333333333333337,3.0,23.3,5.3,1.0,0.188,4.0,0.7,0.167,0.0,0.0,0.0,2.7,2.7,2.0,6.3,0.7,5.7,4.0,0.25471698113207547,0.25471698113207547,0.43116771940682025,2020-21
1628983,Shai Gilgeous-Alexander,1610612760,OKC,35.0,33.7,16.1,8.2,0.508,4.9,2.0,0.418,6.5,5.3,0.808,23.7,5.9,3.0,4.7,0.5,4.2,-5.3,0.625,0.5714285714285713,15.0,3.4,2.5,1.3,0.514,0.8,0.3,0.417,2.3,1.9,0.8,4.7,0.6,0.3,0.6,0.1,0.5,1.9,0.6691343963553531,0.58,,,,,,,,,,,,,,,,,,,,,0.6699508812131633,2020-21
1628984,Devonte' Graham,1610612766,CHA,55.0,30.2,12.2,4.6,0.377,8.7,3.3,0.375,2.9,2.4,0.842,14.8,5.4,1.5,2.7,0.4,2.3,1.8,0.5491243692490354,0.5122950819672132,26.0,2.8,1.2,0.5,0.452,1.1,0.5,0.429,0.4,0.4,0.909,1.9,0.4,0.3,0.3,0.1,0.2,2.1,0.690406976744186,0.625,,,,,,,,,,,,,,,,,,,,,0.6531488398187667,2020-21
1628988,Aaron Holiday,1610612754,IND,66.0,17.8,6.6,2.6,0.39,2.8,1.0,0.368,1.3,1.0,0.819,7.2,1.9,1.0,1.3,0.2,1.1,0.0,0.501952035694367,0.4696969696969697,12.0,2.2,0.8,0.5,0.667,0.1,0.1,1.0,0.2,0.2,1.0,1.3,0.3,0.0,0.2,0.0,0.2,2.6,0.7319819819819819,0.6875,,,,,,,,,,,,,,,,,,,,,0.6674265453388192,2020-21
1628989,Kevin Huerter,1610612737,ATL,69.0,30.8,10.6,4.6,0.432,5.6,2.0,0.363,0.9,0.7,0.781,11.9,3.5,1.1,3.3,0.6,2.8,1.0,0.5411058566751547,0.5283018867924528,33.0,2.8,0.5,0.2,0.375,0.4,0.2,0.417,0.2,0.2,0.714,0.7,0.3,0.1,0.2,0.0,0.2,-1.3,0.5952380952380952,0.6000000000000001,18.0,31.0,10.0,4.3,0.428,5.3,1.8,0.347,0.9,0.7,0.706,11.1,2.8,1.1,3.8,0.6,3.2,-2.6,0.533859176606387,0.52,0.5602435772933815,2020-21
1628990,Chandler Hutchison,1610612764,WAS,25.0,13.8,4.1,1.6,0.379,0.9,0.3,0.364,1.0,0.8,0.84,4.3,0.7,0.8,3.1,0.2,2.9,-2.3,0.47356828193832595,0.426829268292683,4.0,1.0,0.3,0.3,1.0,0.0,0.0,0.0,0.0,0.0,0.0,0.5,0.0,0.0,0.0,0.0,0.0,0.3,0.8333333333333334,1.0,2.0,9.1,2.5,1.0,0.4,0.0,0.0,0.0,1.0,1.0,1.0,3.0,0.5,0.5,1.5,0.0,1.5,-7.5,0.5102040816326531,0.4,0.6191249387527724,2020-21
1628991,Jaren Jackson Jr.,1610612763,MEM,11.0,23.5,11.4,4.8,0.424,5.5,1.5,0.283,3.8,3.2,0.833,14.4,1.1,1.4,5.6,1.5,4.1,-5.8,0.5507955936352509,0.48684210526315785,7.0,1.8,0.4,0.3,0.667,0.1,0.0,0.0,0.7,0.6,0.8,1.1,0.0,0.3,0.4,0.3,0.1,-1.3,0.7768361581920905,0.7499999999999999,5.0,27.5,10.8,4.6,0.426,5.6,1.6,0.286,3.2,2.8,0.875,13.6,1.0,0.8,5.6,1.8,3.8,-7.6,0.5570117955439056,0.49999999999999994,0.6327593213713749,2020-21
1628993,Alize Johnson,1610612751,BKN,18.0,10.5,3.8,2.2,0.588,0.3,0.1,0.167,0.7,0.7,1.0,5.2,0.8,0.5,5.0,1.5,3.5,-1.0,0.6329113924050633,0.5921052631578948,1.0,1.9,2.0,1.0,0.5,0.0,0.0,0.0,0.0,0.0,0.0,2.0,0.0,1.0,2.0,2.0,0.0,-2.0,0.5,0.5,5.0,4.5,1.4,0.8,0.571,0.0,0.0,0.0,0.0,0.0,0.0,1.6,0.0,0.6,2.6,0.6,2.0,2.4,0.5714285714285715,0.5714285714285715,0.6104977633819809,2020-21
1628995,Kevin Knox II,1610612752,NYK,42.0,11.1,3.4,1.3,0.392,2.1,0.8,0.393,0.5,0.4,0.8,3.9,0.5,0.4,1.5,0.2,1.2,-0.8,0.5386740331491713,0.5000000000000001,5.0,0.3,0.2,0.0,0.0,0.2,0.0,0.0,0.0,0.0,0.0,0.0,0.0,0.0,0.0,0.0,0.0,0.4,0.0,0.0,1.0,3.5,0.0,0.0,0.0,0.0,0.0,0.0,2.0,2.0,1.0,2.0,1.0,0.0,1.0,0.0,1.0,9.0,1.1363636363636365,,0.6638431766461265,2020-21
1628997,Caleb Martin,1610612766,CHA,53.0,15.4,4.8,1.8,0.375,2.4,0.6,0.248,1.2,0.8,0.641,5.0,1.3,0.6,2.7,0.6,2.1,-1.9,0.4692192192192193,0.43750000000000006,7.0,1.2,0.1,0.0,0.0,0.0,0.0,0.0,0.0,0.0,0.0,0.0,0.1,0.1,0.0,0.0,0.0,-2.0,0.0,0.0,,,,,,,,,,,,,,,,,,,,,0.15848973973930575,2020-21
1628998,Cody Martin,1610612766,CHA,52.0,16.3,3.6,1.6,0.441,1.1,0.3,0.276,0.8,0.5,0.581,4.0,1.7,0.8,3.1,1.0,2.1,-0.1,0.5060728744939271,0.4861111111111111,9.0,0.6,0.4,0.3,0.75,0.0,0.0,0.0,0.1,0.1,1.0,0.8,0.0,0.0,0.0,0.0,0.0,-2.1,0.9009009009009009,0.7499999999999999,,,,,,,,,,,,,,,,,,,,,0.7804026698732676,2020-21
1629001,De'Anthony Melton,1610612763,MEM,52.0,20.1,7.6,3.3,0.438,4.1,1.7,0.412,1.0,0.8,0.804,9.1,2.5,1.3,3.1,0.6,2.5,2.3,0.5659203980099503,0.5460526315789473,15.0,2.2,0.7,0.3,0.5,0.5,0.3,0.571,0.3,0.3,1.0,1.3,0.1,0.1,0.3,0.1,0.1,1.1,0.7812500000000001,0.6428571428571428,5.0,16.7,6.2,2.2,0.355,4.0,1.2,0.3,1.0,0.6,0.6,6.2,1.0,0.6,3.2,0.8,2.4,-2.2,0.46686746987951805,0.4516129032258065,0.597380994255995,2020-21
1629002,Chimezie Metu,1610612758,SAC,36.0,13.6,5.0,2.5,0.508,1.0,0.4,0.351,1.2,0.9,0.721,6.3,0.8,0.8,3.1,0.9,2.3,-1.6,0.5698263386396526,0.54,4.0,1.8,0.5,0.3,0.5,0.5,0.3,0.5,0.0,0.0,0.0,0.8,0.0,0.0,0.0,0.0,0.0,0.0,0.8,0.8999999999999999,,,,,,,,,,,,,,,,,,,,,0.7332754462112177,2020-21
1629003,Shake Milton,1610612755,PHI,63.0,23.2,10.6,4.8,0.45,3.2,1.1,0.35,2.8,2.3,0.83,13.0,3.1,1.6,2.3,0.5,1.8,2.1,0.5493576741041245,0.5047169811320754,13.0,4.0,0.7,0.2,0.222,0.5,0.1,0.167,0.6,0.4,0.625,0.8,0.3,0.5,0.5,0.0,0.5,2.8,0.4149377593360996,0.35714285714285715,12.0,10.1,3.9,1.3,0.319,1.6,0.7,0.421,1.3,1.2,0.933,4.3,0.8,0.9,0.8,0.0,0.8,-1.3,0.4807692307692308,0.4230769230769231,0.476860587764952,2020-21
1629004,Svi Mykhailiuk,1610612760,OKC,66.0,20.1,7.7,3.2,0.411,4.8,1.6,0.334,0.8,0.6,0.76,8.5,1.7,1.3,2.5,0.4,2.1,-3.5,0.527819175360159,0.5194805194805194,16.0,2.1,0.6,0.2,0.333,0.6,0.2,0.333,0.1,0.1,1.0,0.7,0.3,0.3,0.2,0.0,0.2,-2.2,0.5434782608695652,0.5000000000000001,,,,,,,,,,,,,,,,,,,,,0.5460507734909589,2020-21
1629006,Josh Okogie,1610612750,MIN,59.0,20.3,4.3,1.7,0.402,1.8,0.5,0.269,1.8,1.4,0.769,5.4,1.1,0.7,2.6,1.1,1.6,-3.3,0.530243519245876,0.4534883720930233,17.0,2.5,0.4,0.1,0.333,0.1,0.0,0.0,0.2,0.1,0.5,0.4,0.0,0.0,0.2,0.1,0.2,-0.8,0.4098360655737705,0.25,,,,,,,,,,,,,,,,,,,,,0.45927420904370436,2020-21
1629008,Michael Porter Jr.,1610612743,DEN,61.0,31.3,13.4,7.3,0.542,6.3,2.8,0.445,2.2,1.7,0.791,19.0,1.1,1.3,7.3,1.5,5.8,5.9,0.6611915367483296,0.6492537313432835,25.0,4.1,1.0,0.6,0.615,0.5,0.2,0.333,0.2,0.1,0.5,1.6,0.0,0.1,0.8,0.3,0.5,2.6,0.7352941176470588,0.7,10.0,33.2,13.5,6.4,0.474,7.3,2.9,0.397,2.1,1.7,0.81,17.4,1.3,1.6,6.2,1.2,5.0,-3.2,0.6031613976705491,0.5814814814814815,0.664340014075623,2020-21
1629010,Jerome Robinson,1610612764,WAS,17.0,17.9,5.6,1.6,0.295,2.5,0.6,0.262,1.2,0.9,0.8,4.9,1.5,1.1,2.2,0.2,2.0,-5.9,0.3998041775456919,0.33928571428571436,1.0,2.1,1.0,0.0,0.0,0.0,0.0,0.0,0.0,0.0,0.0,0.0,0.0,0.0,1.0,0.0,1.0,-3.0,0.0,0.0,,,,,,,,,,,,,,,,,,,,,0.1511252020358514,2020-21
1629011,Mitchell Robinson,1610612752,NYK,31.0,27.5,5.7,3.7,0.653,0.0,0.0,0.0,1.7,0.8,0.491,8.3,0.5,0.8,8.1,3.6,4.5,-0.5,0.6436104218362283,0.6491228070175439,11.0,3.3,0.5,0.4,0.667,0.0,0.0,0.0,0.4,0.1,0.25,0.8,0.0,0.0,0.9,0.2,0.7,1.5,0.591715976331361,0.8,,,,,,,,,,,,,,,,,,,,,0.6177860546560058,2020-21
1629012,Collin Sexton,1610612739,CLE,60.0,35.3,18.4,8.8,0.475,4.4,1.6,0.371,6.4,5.2,0.815,24.3,4.4,2.8,3.1,1.0,2.2,-6.3,0.5726809954751132,0.5217391304347827,20.0,4.0,2.5,1.3,0.52,0.8,0.5,0.667,0.9,0.7,0.824,3.8,0.4,0.3,0.4,0.1,0.3,-0.3,0.6560773480662984,0.62,,,,,,,,,,,,,,,,,,,,,0.6418655203902374,2020-21
1629013,Landry Shamet,1610612751,BKN,61.0,23.0,7.5,3.0,0.408,5.5,2.1,0.387,1.3,1.1,0.846,9.3,1.6,0.8,1.8,0.2,1.7,0.9,0.5760654112983152,0.5399999999999999,18.0,1.5,0.3,0.2,0.667,0.3,0.2,0.6,0.3,0.3,1.0,0.9,0.1,0.0,0.1,0.0,0.1,0.8,1.0416666666666667,1.0000000000000002,12.0,17.2,3.4,1.5,0.439,2.2,0.8,0.385,0.4,0.3,0.8,4.2,0.6,0.5,1.8,0.3,1.5,0.6,0.587248322147651,0.5588235294117647,0.740857285178567,2020-21
1629014,Anfernee Simons,1610612757,POR,64.0,17.3,6.3,2.6,0.419,4.4,1.9,0.426,0.9,0.7,0.807,7.8,1.4,0.7,2.2,0.2,2.0,0.7,0.5824372759856631,0.5634920634920635,11.0,1.4,0.6,0.2,0.286,0.4,0.1,0.25,0.0,0.0,0.0,0.5,0.0,0.0,0.2,0.0,0.2,1.0,0.4166666666666667,0.4166666666666667,6.0,17.9,4.2,2.3,0.56,3.0,1.8,0.611,0.0,0.0,0.0,6.5,0.8,0.2,2.7,0.5,2.2,-7.3,0.7738095238095237,0.7619047619047619,0.6323903396468924,2020-21
1629017,Khyri Thomas,1610612745,HOU,5.0,30.6,13.2,6.4,0.485,5.4,1.8,0.333,1.8,1.8,1.0,16.4,5.0,1.2,3.6,1.4,2.2,2.8,0.5860491709548313,0.5530303030303031,1.0,1.4,0.0,0.0,0.0,0.0,0.0,0.0,0.0,0.0,0.0,0.0,0.0,0.0,0.0,0.0,0.0,-6.0,,,,,,,,,,,,,,,,,,,,,,,0.19534972365161044,2020-21
1629018,Gary Trent Jr.,1610612761,TOR,58.0,31.1,13.5,5.5,0.408,7.4,2.8,0.385,1.8,1.4,0.783,15.3,1.4,0.7,2.6,0.5,2.2,-1.0,0.535264483627204,0.5111111111111112,29.0,3.2,1.1,0.4,0.375,0.7,0.3,0.476,0.3,0.3,1.0,1.4,0.1,0.0,0.3,0.1,0.2,1.3,0.568181818181818,0.5,,,,,,,,,,,,,,,,,,,,,0.5653575214778246,2020-21
1629020,Jarred Vanderbilt,1610612750,MIN,64.0,17.8,3.7,2.2,0.606,0.1,0.0,0.2,1.6,0.9,0.559,5.4,1.2,0.8,5.8,1.8,3.9,-0.8,0.6130790190735695,0.5945945945945946,18.0,1.4,0.2,0.2,0.75,0.0,0.0,0.0,0.2,0.1,0.5,0.4,0.1,0.1,0.3,0.1,0.2,-1.4,0.6944444444444444,1.0,,,,,,,,,,,,,,,,,,,,,0.6727280413914307,2020-21
1629021,Moritz Wagner,1610612753,ORL,45.0,16.0,5.1,2.3,0.454,2.0,0.7,0.341,1.9,1.6,0.816,6.9,1.1,1.0,3.2,0.6,2.6,-3.2,0.581199460916442,0.5196078431372549,4.0,2.3,1.3,0.5,0.4,0.8,0.5,0.667,0.0,0.0,0.0,1.5,0.0,0.3,0.5,0.0,0.5,2.8,0.5769230769230769,0.5769230769230769,,,,,,,,,,,,,,,,,,,,,0.6038387343276319,2020-21
1629022,Lonnie Walker IV,1610612759,SAS,60.0,25.4,10.2,4.3,0.42,4.7,1.7,0.355,1.2,1.0,0.814,11.2,1.7,1.1,2.6,0.2,2.4,-3.5,0.5219985085756897,0.5049019607843137,20.0,3.0,0.7,0.4,0.538,0.2,0.0,0.0,0.1,0.1,1.0,0.8,0.2,0.1,0.3,0.0,0.3,-0.4,0.5376344086021506,0.5714285714285715,,,,,,,,,,,,,,,,,,,,,0.53928518702403,2020-21
1629023,P.J. Washington,1610612766,CHA,64.0,30.5,10.7,4.7,0.44,4.5,1.8,0.386,2.3,1.7,0.745,12.9,2.5,2.0,6.5,1.5,5.1,0.5,0.5507172131147541,0.5233644859813085,20.0,2.9,0.7,0.2,0.231,0.5,0.1,0.222,0.3,0.2,0.667,0.6,0.4,0.1,0.6,0.2,0.4,3.0,0.3605769230769231,0.35714285714285715,,,,,,,,,,,,,,,,,,,,,0.430499075830355,2020-21
1629026,Kenrich Williams,1610612760,OKC,66.0,21.6,6.2,3.3,0.533,1.8,0.8,0.444,1.0,0.5,0.571,8.0,2.3,1.2,4.1,1.3,2.9,-2.7,0.6024096385542168,0.596774193548387,17.0,2.8,0.4,0.2,0.571,0.1,0.0,0.0,0.0,0.0,0.0,0.5,0.2,0.1,0.8,0.2,0.6,0.2,0.625,0.5,,,,,,,,,,,,,,,,,,,,,0.6239214924202575,2020-21
1629027,Trae Young,1610612737,ATL,63.0,33.7,17.7,7.7,0.438,6.3,2.2,0.343,8.7,7.7,0.886,25.3,9.4,4.1,3.9,0.6,3.3,4.2,0.5876068376068376,0.49717514124293793,32.0,3.5,2.4,1.1,0.447,0.8,0.3,0.296,0.9,0.8,0.833,3.2,0.9,0.5,0.5,0.0,0.5,-0.9,0.5722460658082976,0.5208333333333334,16.0,37.7,22.4,9.4,0.418,9.0,2.8,0.313,8.4,7.3,0.866,28.8,9.5,4.0,2.8,0.4,2.4,-0.4,0.5518087063151441,0.4821428571428572,0.5781468367279431,2020-21
1629028,Deandre Ayton,1610612756,PHX,69.0,30.6,10.0,6.2,0.626,0.3,0.1,0.2,2.5,1.9,0.769,14.4,1.4,1.5,10.5,3.3,7.2,4.0,0.6486486486486487,0.625,35.0,4.0,0.7,0.5,0.615,0.0,0.0,0.0,0.4,0.3,0.8,1.3,0.1,0.2,1.5,0.7,0.8,1.5,0.7420091324200914,0.7142857142857143,22.0,36.4,10.6,7.0,0.658,0.0,0.0,0.0,2.4,1.8,0.736,15.8,1.1,1.3,11.8,3.0,8.8,3.7,0.6777625257378175,0.6603773584905661,0.7013257484496808,2020-21
1629029,Luka Dončić,1610612742,DAL,66.0,34.3,20.5,9.8,0.479,8.3,2.9,0.35,7.1,5.2,0.73,27.7,8.6,4.3,8.0,0.8,7.2,2.5,0.5862682018286488,0.5487804878048781,29.0,3.1,2.2,1.0,0.476,0.8,0.2,0.261,0.6,0.5,0.833,2.8,0.7,0.2,0.9,0.0,0.9,0.2,0.568181818181818,0.5,7.0,40.1,28.0,13.7,0.49,10.9,4.4,0.408,7.3,3.9,0.529,35.7,10.3,4.6,7.9,0.6,7.3,1.0,0.5718954248366014,0.5678571428571428,0.5837847261002311,2020-21
1629048,Goga Bitadze,1610612754,IND,45.0,12.5,4.3,1.8,0.428,1.8,0.4,0.253,1.4,1.0,0.738,5.1,0.8,0.4,3.3,1.3,2.0,-0.4,0.5187144019528072,0.46511627906976744,8.0,1.5,0.4,0.0,0.0,0.4,0.0,0.0,0.0,0.0,0.0,0.0,0.0,0.1,0.3,0.0,0.3,1.1,0.0,0.0,,,,,,,,,,,,,,,,,,,,,0.18220712623016774,2020-21
1629052,Oshae Brissett,1610612754,IND,21.0,24.7,7.2,3.5,0.483,3.7,1.6,0.423,3.1,2.4,0.769,10.9,0.9,0.5,5.5,1.4,4.1,2.8,0.6363848668846334,0.5972222222222222,4.0,2.7,0.3,0.3,1.0,0.0,0.0,0.0,0.0,0.0,0.0,0.5,0.0,0.0,1.0,0.0,1.0,5.8,0.8333333333333334,1.0,,,,,,,,,,,,,,,,,,,,,0.771850511183188,2020-21
1629056,Terence Davis,1610612758,SAC,61.0,17.6,7.5,3.2,0.428,4.4,1.6,0.367,0.9,0.7,0.818,8.7,1.4,1.0,2.5,0.3,2.2,-1.1,0.5509118541033434,0.5333333333333333,13.0,2.2,1.1,0.5,0.5,0.8,0.4,0.455,0.3,0.3,1.0,1.8,0.0,0.0,0.6,0.0,0.6,-0.1,0.7305194805194805,0.6363636363636362,,,,,,,,,,,,,,,,,,,,,0.6853169383788126,2020-21
1629057,Robert Williams III,1610612738,BOS,52.0,18.9,5.0,3.6,0.721,0.0,0.0,0.0,1.4,0.9,0.616,8.0,1.8,1.0,6.9,2.6,4.3,0.2,0.7122507122507123,0.72,17.0,2.5,0.4,0.3,0.833,0.0,0.0,0.0,0.4,0.2,0.571,0.8,0.1,0.1,0.9,0.3,0.6,-0.7,0.6944444444444444,0.7499999999999999,3.0,15.2,4.7,3.0,0.643,0.0,0.0,0.0,0.7,0.3,0.5,6.3,0.7,0.3,5.0,2.7,2.3,4.7,0.6289936102236422,0.6382978723404255,0.6726867386334879,2020-21
1629060,Rui Hachimura,1610612764,WAS,57.0,31.5,11.4,5.4,0.478,2.4,0.8,0.328,2.8,2.2,0.77,13.8,1.4,1.2,5.5,0.9,4.6,-1.9,0.546231792273591,0.5087719298245614,28.0,4.2,0.8,0.4,0.522,0.4,0.2,0.455,0.2,0.1,0.667,1.2,0.2,0.1,0.9,0.2,0.7,0.4,0.6756756756756757,0.625,5.0,34.6,9.4,5.8,0.617,3.0,1.8,0.6,2.4,1.4,0.583,14.8,1.0,1.0,7.2,1.0,6.2,-11.4,0.7077276205049733,0.7127659574468085,0.6771452113823438,2020-21
1629067,Isaac Bonga,1610612764,WAS,40.0,10.8,2.0,0.8,0.37,1.2,0.3,0.277,0.2,0.1,0.625,2.0,0.6,0.6,1.7,0.5,1.2,-0.9,0.4789272030651341,0.47500000000000003,6.0,0.4,0.2,0.0,0.0,0.0,0.0,0.0,0.0,0.0,0.0,0.0,0.0,0.0,0.2,0.2,0.0,-1.5,0.0,0.0,4.0,2.4,1.3,0.0,0.0,0.8,0.0,0.0,0.0,0.0,0.0,0.0,0.0,0.0,0.0,0.0,0.0,0.5,0.0,0.0,0.08982120050585568,2020-21
1629076,Tyler Cook,1610612765,DET,32.0,13.7,3.2,2.2,0.67,0.1,0.0,0.5,1.1,0.5,0.486,4.9,0.5,0.7,3.0,0.9,2.1,-1.1,0.6650380021715527,0.6875,2.0,0.8,0.0,0.0,0.0,0.0,0.0,0.0,0.0,0.0,0.0,0.0,0.0,0.0,0.0,0.0,0.0,-1.0,,,,,,,,,,,,,,,,,,,,,,,0.22167933405718424,2020-21
1629091,Elijah Bryant,1610612749,MIL,1.0,31.6,13.0,6.0,0.462,5.0,1.0,0.2,3.0,3.0,1.0,16.0,3.0,4.0,6.0,2.0,4.0,11.0,0.5586592178770949,0.5,1.0,0.1,0.0,0.0,0.0,0.0,0.0,0.0,0.0,0.0,0.0,0.0,0.0,0.0,0.0,0.0,0.0,-2.0,,,11.0,4.5,1.8,0.6,0.35,0.7,0.0,0.0,0.0,0.0,0.0,1.3,0.4,0.2,1.1,0.2,0.9,-1.9,0.3611111111111111,0.3333333333333333,0.27366542520173803,2020-21
1629109,Gary Clark,1610612755,PHI,39.0,16.8,3.4,1.0,0.303,2.8,0.8,0.287,0.3,0.2,0.8,3.1,0.8,0.4,2.9,0.8,2.1,-2.8,0.4388448471121178,0.4117647058823529,7.0,1.3,0.1,0.0,0.0,0.1,0.0,0.0,0.0,0.0,0.0,0.0,0.0,0.0,0.3,0.0,0.3,-0.7,0.0,0.0,,,,,,,,,,,,,,,,,,,,,0.14922279217376247,2020-21
1629117,Wenyen Gabriel,1610612740,NOP,21.0,11.5,2.9,1.1,0.4,1.5,0.6,0.406,0.8,0.5,0.647,3.4,0.5,0.7,2.6,1.0,1.6,0.1,0.5227552275522755,0.48275862068965525,2.0,1.9,0.0,0.0,0.0,0.0,0.0,0.0,0.0,0.0,0.0,0.0,0.0,0.0,0.5,0.0,0.5,0.5,,,,,,,,,,,,,,,,,,,,,,,0.17425174251742517,2020-21
1629130,Duncan Robinson,1610612748,MIA,72.0,31.4,10.0,4.4,0.439,8.5,3.5,0.408,1.0,0.9,0.827,13.1,1.8,1.1,3.5,0.1,3.4,1.6,0.6273946360153256,0.615,27.0,3.4,0.8,0.3,0.318,0.7,0.1,0.222,0.3,0.2,0.857,0.9,0.1,0.0,0.5,0.0,0.5,0.5,0.48283261802575106,0.43749999999999994,4.0,24.9,7.3,2.8,0.379,6.8,2.5,0.37,2.5,2.3,0.9,10.3,0.8,1.0,2.8,0.0,2.8,-8.5,0.6130952380952381,0.5547945205479452,0.5800575977246237,2020-21
1629134,Kendrick Nunn,1610612748,MIA,56.0,29.5,11.8,5.7,0.485,5.7,2.2,0.381,1.1,1.0,0.933,14.6,2.6,1.4,3.2,0.4,2.8,-0.1,0.5942689677629436,0.576271186440678,15.0,2.5,0.7,0.2,0.3,0.4,0.1,0.333,0.1,0.1,1.0,0.7,0.3,0.1,0.2,0.1,0.1,-0.1,0.4704301075268817,0.35714285714285715,4.0,23.3,10.8,4.3,0.395,4.5,1.3,0.278,0.5,0.5,1.0,10.3,1.5,0.8,1.5,0.0,1.5,-10.3,0.4673321234119782,0.4583333333333333,0.4954531288981014,2020-21
1629139,Yuta Watanabe,1610612761,TOR,50.0,14.5,3.6,1.6,0.439,1.8,0.7,0.4,0.6,0.5,0.828,4.4,0.8,0.4,3.2,0.7,2.5,-0.8,0.5693581780538303,0.5416666666666667,4.0,3.3,0.3,0.3,1.0,0.0,0.0,0.0,1.0,0.8,0.75,1.3,0.3,0.0,0.8,0.3,0.5,0.0,0.8783783783783784,1.0,,,,,,,,,,,,,,,,,,,,,0.7837049782678809,2020-21
1629162,Jordan McLaughlin,1610612750,MIN,51.0,18.4,4.7,2.0,0.413,1.8,0.6,0.359,0.6,0.5,0.767,5.0,3.8,1.0,2.1,0.4,1.7,-2.6,0.5036261079774375,0.4893617021276595,7.0,0.6,0.1,0.1,1.0,0.0,0.0,0.0,0.4,0.4,1.0,0.7,0.1,0.0,0.0,0.0,0.0,-2.6,1.2681159420289854,1.0,,,,,,,,,,,,,,,,,,,,,1.0154136569191514,2020-21
1629164,Brandon Goodwin,1610612737,ATL,47.0,13.2,4.7,1.8,0.377,2.2,0.7,0.311,0.9,0.6,0.651,4.9,2.0,0.8,1.5,0.2,1.3,-1.3,0.4807692307692308,0.45744680851063824,5.0,2.7,0.2,0.0,0.0,0.2,0.0,0.0,1.6,0.8,0.5,0.8,0.8,0.2,1.0,0.0,1.0,-2.4,0.44247787610619466,0.0,,,,,,,,,,,,,,,,,,,,,0.45949698014190415,2020-21
1629185,Chris Chiozza,1610612751,BKN,22.0,10.6,4.0,1.4,0.352,1.9,0.6,0.31,0.8,0.6,0.765,4.0,3.0,0.7,1.1,0.1,1.0,0.9,0.45955882352941174,0.425,2.0,4.8,2.0,0.0,0.0,0.5,0.0,0.0,0.0,0.0,0.0,0.0,0.5,0.0,0.0,0.0,0.0,0.5,0.0,0.0,6.0,3.2,1.2,0.3,0.286,0.5,0.2,0.333,0.0,0.0,0.0,0.8,0.2,0.2,0.2,0.0,0.2,1.2,0.33333333333333337,0.33333333333333337,0.29325980390906864,2020-21
1629216,Gabe Vincent,1610612748,MIA,50.0,13.1,4.7,1.8,0.378,3.0,0.9,0.309,0.5,0.4,0.87,4.8,1.3,0.7,1.1,0.2,0.9,-1.5,0.4878048780487805,0.4787234042553191,4.0,3.5,1.5,0.3,0.167,0.8,0.0,0.0,0.3,0.3,1.0,0.8,0.0,0.0,0.0,0.0,0.0,-1.3,0.24509803921568626,0.19999999999999998,3.0,4.7,1.0,0.7,0.667,0.7,0.3,0.5,0.0,0.0,0.0,1.7,0.7,0.3,0.3,0.0,0.3,-0.7,0.85,0.85,0.6199150530235897,2020-21
1629234,Drew Eubanks,1610612759,SAS,54.0,14.0,3.8,2.1,0.566,0.0,0.0,1.0,2.0,1.4,0.726,5.8,0.8,0.8,4.5,1.4,3.1,-1.8,0.6196581196581197,0.5526315789473685,3.0,1.4,0.0,0.0,0.0,0.0,0.0,0.0,0.0,0.0,0.0,0.0,0.0,0.3,0.3,0.0,0.3,1.3,,,,,,,,,,,,,,,,,,,,,,,0.20655270655270655,2020-21
1629308,Juan Toscano-Anderson,1610612744,GSW,53.0,20.9,3.9,2.3,0.579,1.7,0.7,0.402,0.6,0.4,0.71,5.7,2.8,1.2,4.4,0.5,3.9,1.8,0.6844380403458213,0.6794871794871795,17.0,1.9,0.3,0.1,0.4,0.2,0.1,0.5,0.0,0.0,0.0,0.4,0.0,0.2,0.5,0.2,0.3,-1.1,0.6666666666666667,0.5000000000000001,,,,,,,,,,,,,,,,,,,,,0.680282765583387,2020-21
1629603,Mamadi Diakite,1610612749,MIL,14.0,10.1,2.9,1.1,0.4,0.6,0.1,0.125,1.0,0.8,0.786,3.1,0.6,0.2,2.4,0.6,1.9,0.6,0.4640718562874252,0.3965517241379311,2.0,1.4,0.5,0.5,1.0,0.0,0.0,0.0,0.0,0.0,0.0,1.0,0.0,0.0,1.0,0.0,1.0,-1.0,1.0,1.0,7.0,5.0,1.4,0.3,0.2,0.3,0.1,0.5,0.3,0.3,1.0,1.0,0.0,0.1,1.0,0.1,0.9,-0.3,0.3263707571801567,0.25,0.5911054006090487,2020-21
1629606,Robert Franks,1610612753,ORL,7.0,14.4,4.0,1.9,0.464,2.1,0.7,0.333,1.9,1.7,0.923,6.1,0.7,0.3,2.0,0.9,1.1,-3.6,0.6306865177832919,0.5625,1.0,0.5,0.0,0.0,0.0,0.0,0.0,0.0,0.0,0.0,0.0,0.0,0.0,0.0,0.0,0.0,0.0,-4.0,,,,,,,,,,,,,,,,,,,,,,,0.21022883926109728,2020-21
1629610,DaQuan Jeffries,1610612759,SAS,31.0,15.9,3.9,1.6,0.417,2.2,0.6,0.299,0.3,0.2,0.875,4.1,0.7,0.5,2.3,0.6,1.7,-1.8,0.5084325396825397,0.4871794871794872,1.0,0.2,0.0,0.0,0.0,0.0,0.0,0.0,0.0,0.0,0.0,0.0,0.0,0.0,0.0,0.0,0.0,-2.0,,,,,,,,,,,,,,,,,,,,,,,0.16947751322751323,2020-21
1629611,Terance Mann,1610612746,LAC,67.0,18.9,5.2,2.7,0.509,1.4,0.6,0.418,1.4,1.2,0.83,7.0,1.6,0.6,3.6,0.8,2.8,0.5,0.6017881705639615,0.5769230769230769,16.0,1.4,0.7,0.4,0.545,0.3,0.1,0.4,0.0,0.0,0.0,0.9,0.1,0.0,0.4,0.1,0.3,-0.6,0.6428571428571429,0.6428571428571429,19.0,19.9,5.5,2.8,0.519,1.9,0.8,0.432,1.5,1.1,0.714,7.6,0.7,0.2,2.7,0.9,1.8,5.4,0.6168831168831168,0.5818181818181818,0.6364868396135493,2020-21
1629622,Max Strus,1610612748,MIA,39.0,13.0,4.8,2.2,0.455,3.8,1.3,0.338,0.6,0.4,0.667,6.1,0.6,0.2,1.1,0.1,0.9,-1.0,0.6022906793048973,0.59375,5.0,1.3,0.4,0.2,0.5,0.2,0.0,0.0,0.2,0.2,1.0,0.6,0.0,0.0,0.0,0.0,0.0,0.2,0.6147540983606556,0.5,2.0,2.9,0.5,0.0,0.0,0.0,0.0,0.0,0.0,0.0,0.0,0.0,0.0,0.0,0.0,0.0,0.0,0.5,0.0,0.0,0.313633146002632,2020-21
1629627,Zion Williamson,1610612740,NOP,61.0,33.2,17.0,10.4,0.611,0.6,0.2,0.294,8.7,6.0,0.698,27.0,3.7,2.7,7.2,2.7,4.5,1.5,0.6481659304782025,0.6176470588235294,31.0,3.5,1.7,1.0,0.574,0.0,0.0,0.0,1.3,1.1,0.854,3.1,0.5,0.2,0.8,0.3,0.5,1.2,0.6822183098591549,0.5882352941176471,,,,,,,,,,,,,,,,,,,,,0.6808675167315825,2020-21
1629628,RJ Barrett,1610612752,NYK,72.0,34.9,14.7,6.5,0.441,4.3,1.7,0.401,3.8,2.9,0.746,17.6,3.0,1.9,5.8,0.9,4.8,1.9,0.5375030539946251,0.5,34.0,3.8,1.6,0.7,0.472,0.5,0.2,0.438,0.5,0.4,0.765,2.1,0.4,0.1,0.8,0.1,0.7,1.4,0.576923076923077,0.49999999999999994,5.0,32.3,13.4,5.2,0.388,5.6,1.6,0.286,3.0,2.4,0.8,14.4,3.0,0.4,7.2,0.8,6.4,-7.4,0.4891304347826087,0.44776119402985076,0.5373411057721903,2020-21
1629629,Cam Reddish,1610612737,ATL,26.0,28.9,10.1,3.7,0.365,4.8,1.3,0.262,3.2,2.6,0.817,11.2,1.3,1.3,4.0,0.8,3.2,-1.9,0.48661800486618007,0.43069306930693074,10.0,2.9,0.9,0.4,0.444,0.5,0.0,0.0,0.2,0.2,1.0,1.0,0.0,0.0,0.5,0.0,0.5,-3.4,0.5060728744939271,0.4444444444444445,4.0,23.0,9.0,4.8,0.528,3.5,2.3,0.643,1.3,1.0,0.8,12.8,1.8,1.3,3.5,0.3,3.3,-0.3,0.6686167989970749,0.661111111111111,0.5930132495624365,2020-21
1629630,Ja Morant,1610612763,MEM,63.0,32.6,15.2,6.8,0.449,3.8,1.2,0.303,5.9,4.3,0.728,19.1,7.4,3.2,4.0,0.9,3.1,1.7,0.5366374466172175,0.4868421052631579,31.0,3.4,2.2,0.9,0.403,0.4,0.1,0.308,1.1,0.8,0.714,2.7,0.7,0.4,0.4,0.1,0.3,-0.9,0.5029806259314457,0.4318181818181818,5.0,40.5,22.6,11.0,0.487,6.2,2.0,0.323,8.0,6.2,0.775,30.2,8.2,3.4,4.8,1.4,3.4,-10.0,0.5781010719754976,0.5309734513274336,0.560624003277341,2020-21
1629631,De'Andre Hunter,1610612737,ATL,23.0,29.5,10.8,5.2,0.484,4.1,1.3,0.326,3.7,3.2,0.859,15.0,1.9,1.3,4.8,0.7,4.0,3.7,0.6034760218860636,0.5416666666666666,11.0,3.7,1.4,0.4,0.267,0.8,0.3,0.333,0.2,0.2,1.0,1.2,0.4,0.0,0.5,0.2,0.4,-2.7,0.4032258064516129,0.3928571428571429,5.0,30.3,9.0,3.6,0.4,3.2,1.2,0.375,3.2,2.4,0.75,10.8,0.6,1.4,4.0,0.4,3.6,6.8,0.5188316679477326,0.4666666666666667,0.5073667360671772,2020-21
1629632,Coby White,1610612741,CHI,69.0,31.2,13.1,5.4,0.416,6.6,2.4,0.359,2.1,1.9,0.901,15.1,4.8,2.3,4.1,0.4,3.7,-1.6,0.5383628066172277,0.5038167938931298,33.0,3.3,1.2,0.5,0.474,0.7,0.2,0.304,0.7,0.6,0.87,1.9,0.3,0.1,0.5,0.0,0.5,0.5,0.629973474801061,0.5,,,,,,,,,,,,,,,,,,,,,0.6085968907492622,2020-21
1629633,Jarrett Culver,1610612750,MIN,34.0,14.7,4.9,2.0,0.411,1.6,0.4,0.245,1.4,0.9,0.604,5.3,0.7,0.8,3.1,1.0,2.1,-3.9,0.4804205946337926,0.4489795918367347,5.0,0.6,0.0,0.0,0.0,0.0,0.0,0.0,0.0,0.0,0.0,0.0,0.0,0.0,0.2,0.0,0.2,-2.4,,,,,,,,,,,,,,,,,,,,,,,0.1601401982112642,2020-21
1629634,Brandon Clarke,1610612763,MEM,59.0,24.0,8.4,4.3,0.517,1.3,0.3,0.26,1.9,1.3,0.69,10.3,1.6,0.6,5.6,1.6,3.9,-0.3,0.5576006929406669,0.5297619047619048,21.0,2.5,0.8,0.4,0.529,0.0,0.0,0.0,0.1,0.0,0.5,0.9,0.1,0.0,0.4,0.2,0.2,-0.3,0.533175355450237,0.5,2.0,4.7,1.0,0.5,0.5,0.0,0.0,0.0,0.0,0.0,0.0,1.0,0.0,0.0,0.5,0.0,0.5,4.0,0.5,0.5,0.5301823768295325,2020-21
1629635,Sekou Doumbouya,1610612765,DET,56.0,15.5,5.0,1.9,0.379,2.1,0.5,0.226,1.1,0.8,0.703,5.1,0.8,0.8,2.6,0.7,1.9,-2.4,0.4649890590809628,0.43,7.0,1.3,0.3,0.3,1.0,0.0,0.0,0.0,0.0,0.0,0.0,0.6,0.0,0.0,0.1,0.1,0.0,-1.7,1.0,1.0,,,,,,,,,,,,,,,,,,,,,0.8276630196924543,2020-21
1629636,Darius Garland,1610612739,CLE,54.0,33.1,14.9,6.7,0.451,4.9,1.9,0.395,2.4,2.1,0.848,17.4,6.1,3.0,2.4,0.4,2.0,-4.4,0.5452494359488593,0.5134228187919463,18.0,3.3,1.3,0.6,0.435,0.2,0.1,0.333,1.1,0.8,0.7,1.9,0.3,0.4,0.2,0.0,0.2,-0.1,0.5325112107623318,0.5,,,,,,,,,,,,,,,,,,,,,0.5454821180386872,2020-21
1629637,Jaxson Hayes,1610612740,NOP,60.0,16.1,4.7,2.9,0.625,0.2,0.1,0.429,2.0,1.6,0.775,7.5,0.6,0.7,4.3,1.5,2.8,-0.4,0.6720430107526881,0.6276595744680851,10.0,1.9,0.7,0.4,0.571,0.1,0.1,1.0,0.1,0.0,0.0,0.9,0.0,0.0,0.3,0.1,0.2,0.1,0.6048387096774194,0.6428571428571429,,,,,,,,,,,,,,,,,,,,,0.6421337603872834,2020-21
1629638,Nickeil Alexander-Walker,1610612740,NOP,46.0,21.9,10.0,4.2,0.419,4.8,1.7,0.347,1.4,1.0,0.727,11.0,2.2,1.5,3.1,0.3,2.8,-1.1,0.5180859080633007,0.505,13.0,3.0,2.1,0.6,0.296,1.1,0.4,0.357,0.5,0.3,0.667,1.9,0.3,0.2,0.9,0.2,0.8,0.2,0.4094827586206896,0.38095238095238093,,,,,,,,,,,,,,,,,,,,,0.46668380843279333,2020-21
1629639,Tyler Herro,1610612748,MIA,54.0,30.3,12.9,5.7,0.439,5.5,2.0,0.36,2.2,1.7,0.803,15.1,3.4,1.9,5.0,0.5,4.5,-1.6,0.5444188058840496,0.5193798449612403,23.0,3.8,1.6,0.5,0.324,1.0,0.3,0.261,0.3,0.3,0.857,1.6,0.3,0.3,0.6,0.1,0.5,-0.8,0.4618937644341801,0.40625,4.0,23.2,9.5,3.0,0.316,4.8,1.5,0.316,1.8,1.8,1.0,9.3,1.8,0.8,3.3,0.3,3.0,-9.0,0.4518072289156627,0.39473684210526316,0.48300777102413195,2020-21
1629640,Keldon Johnson,1610612759,SAS,69.0,28.5,10.2,4.9,0.479,2.6,0.9,0.331,2.8,2.1,0.74,12.8,1.8,1.1,6.0,1.3,4.6,-2.5,0.5598320503848846,0.5245098039215688,27.0,3.5,1.0,0.4,0.462,0.1,0.0,0.333,0.2,0.1,0.667,1.1,0.0,0.1,0.8,0.1,0.7,-0.7,0.5055147058823529,0.4,,,,,,,,,,,,,,,,,,,,,0.5334244089508631,2020-21
1629641,Romeo Langford,1610612738,BOS,18.0,15.7,3.3,1.2,0.356,1.0,0.3,0.278,0.7,0.5,0.75,3.1,0.7,0.6,1.9,0.7,1.3,-3.7,0.42960088691796017,0.40909090909090906,6.0,1.3,0.7,0.2,0.25,0.2,0.0,0.0,0.3,0.2,0.5,0.5,0.0,0.0,0.7,0.2,0.5,-3.0,0.3004807692307692,0.28571428571428575,4.0,27.2,8.0,3.3,0.406,4.3,1.5,0.353,1.0,1.0,1.0,9.0,1.3,0.3,2.5,1.3,1.3,-0.5,0.533175355450237,0.50625,0.4595602031607282,2020-21
1629642,Nassir Little,1610612757,POR,48.0,13.3,3.5,1.6,0.467,1.7,0.6,0.35,0.9,0.8,0.8,4.6,0.5,0.4,2.7,0.7,2.0,-0.8,0.5903490759753593,0.5428571428571429,3.0,1.2,0.0,0.0,0.0,0.0,0.0,0.0,0.0,0.0,0.0,0.0,0.0,0.0,0.3,0.0,0.3,-0.7,,,3.0,3.0,1.3,0.3,0.25,1.3,0.3,0.25,1.3,0.7,0.5,1.7,0.0,0.3,0.3,0.0,0.3,-0.3,0.454059829059829,0.3461538461538461,0.3254214271924744,2020-21
1629643,Chuma Okeke,1610612753,ORL,45.0,25.2,7.2,3.0,0.417,3.1,1.1,0.348,0.9,0.7,0.75,7.8,2.2,0.8,4.0,0.9,3.1,-4.0,0.5134281200631912,0.4930555555555555,15.0,2.5,0.4,0.2,0.5,0.3,0.1,0.25,0.1,0.1,1.0,0.5,0.2,0.0,0.5,0.1,0.5,-0.7,0.5630630630630631,0.625,,,,,,,,,,,,,,,,,,,,,0.5520736376178897,2020-21
1629644,KZ Okpala,1610612748,MIA,37.0,12.1,2.6,1.0,0.375,1.4,0.3,0.24,0.4,0.2,0.533,2.5,0.5,0.4,1.8,0.6,1.3,-1.8,0.4502881844380403,0.44230769230769224,3.0,0.4,0.0,0.0,0.0,0.0,0.0,0.0,0.0,0.0,0.0,0.0,0.0,0.0,0.0,0.0,0.0,-1.3,,,2.0,2.9,0.5,0.0,0.0,0.5,0.0,0.0,0.0,0.0,0.0,0.0,0.0,0.0,0.0,0.0,0.0,0.5,0.0,0.0,0.07504803073967338,2020-21
1629645,Kevin Porter Jr.,1610612745,HOU,26.0,32.1,14.1,6.0,0.425,6.2,1.9,0.311,3.6,2.7,0.734,16.6,6.3,3.5,3.8,0.8,3.0,-8.6,0.5292017342514665,0.49290780141843976,7.0,2.5,1.4,0.7,0.5,0.9,0.6,0.667,0.3,0.3,1.0,2.3,0.0,0.1,0.4,0.0,0.4,-1.9,0.7506527415143602,0.7142857142857143,,,,,,,,,,,,,,,,,,,,,0.6867648171068758,2020-21
1629647,Darius Bazley,1610612760,OKC,55.0,31.2,12.5,5.0,0.396,5.2,1.5,0.29,3.2,2.3,0.702,13.7,1.8,2.2,7.2,0.9,6.3,-8.7,0.49252228932988207,0.46,25.0,3.2,0.9,0.2,0.273,0.3,0.0,0.0,0.2,0.2,1.0,0.7,0.2,0.2,0.7,0.0,0.7,-1.1,0.35425101214574894,0.22222222222222224,,,,,,,,,,,,,,,,,,,,,0.4075414378732173,2020-21
1629648,Jordan Bone,1610612753,ORL,14.0,14.0,3.9,1.6,0.426,2.3,0.7,0.313,0.0,0.0,0.0,4.0,1.3,0.2,1.7,0.3,1.4,-4.2,0.5128205128205129,0.5000000000000001,,,,,,,,,,,,,,,,,,,,,,,,,,,,,,,,,,,,,,,,,0.5128205128205129,2020-21
1629649,Ignas Brazdeikis,1610612753,ORL,13.0,19.1,6.4,2.7,0.422,2.2,0.8,0.393,1.1,0.8,0.714,7.0,1.3,0.9,3.5,0.8,2.6,-2.1,0.5084253341080767,0.484375,1.0,2.2,2.0,2.0,1.0,1.0,1.0,1.0,0.0,0.0,0.0,5.0,0.0,0.0,0.0,0.0,0.0,5.0,1.25,1.25,,,,,,,,,,,,,,,,,,,,,1.0340584446978094,2020-21
1629650,Moses Brown,1610612738,BOS,43.0,21.4,6.2,3.4,0.545,0.0,0.0,0.0,2.9,1.8,0.619,8.6,0.2,1.0,8.9,3.6,5.3,-8.4,0.5751738897806313,0.5483870967741935,7.0,2.3,0.9,0.4,0.5,0.0,0.0,0.0,0.0,0.0,0.0,0.9,0.0,0.0,1.4,0.7,0.7,0.4,0.5,0.4444444444444445,,,,,,,,,,,,,,,,,,,,,0.5395740922901272,2020-21
1629651,Nic Claxton,1610612751,BKN,32.0,18.6,4.5,2.8,0.621,0.2,0.0,0.2,2.0,1.0,0.484,6.6,0.9,0.6,5.2,1.3,3.8,4.9,0.6133828996282528,0.6222222222222222,7.0,2.6,0.7,0.4,0.6,0.0,0.0,0.0,0.4,0.3,0.667,1.1,0.1,0.0,0.6,0.3,0.3,1.6,0.6278538812785389,0.5714285714285715,12.0,10.8,2.4,1.2,0.483,0.0,0.0,0.0,0.3,0.2,0.667,2.5,0.6,0.3,2.8,1.2,1.6,0.9,0.49368088467614535,0.5,0.5739111082543932,2020-21
1629652,Luguentz Dort,1610612760,OKC,52.0,29.7,12.3,4.8,0.387,6.3,2.2,0.343,3.2,2.3,0.744,14.0,1.7,1.5,3.6,0.7,2.9,-4.8,0.5106507149110009,0.4796747967479675,24.0,3.7,1.1,0.5,0.444,0.7,0.3,0.353,0.5,0.5,0.846,1.7,0.1,0.2,0.3,0.1,0.2,-0.1,0.6439393939393939,0.5909090909090908,,,,,,,,,,,,,,,,,,,,,0.6084529236934301,2020-21
1629655,Daniel Gafford,1610612764,WAS,54.0,14.7,4.2,2.9,0.684,0.0,0.0,0.0,2.0,1.3,0.667,7.0,0.5,0.8,4.3,1.7,2.5,0.9,0.6889763779527559,0.6904761904761905,12.0,3.6,0.8,0.3,0.444,0.0,0.0,0.0,0.5,0.3,0.667,1.0,0.1,0.1,0.8,0.3,0.5,2.1,0.49019607843137253,0.37499999999999994,5.0,23.4,5.2,4.4,0.846,0.0,0.0,0.0,4.8,3.0,0.625,11.8,0.6,0.6,5.8,2.8,3.0,1.4,0.8068927789934355,0.8461538461538461,0.7007220976757185,2020-21
1629658,Jaylen Hoard,1610612760,OKC,19.0,16.8,4.6,2.3,0.5,0.6,0.0,0.0,2.2,1.5,0.683,6.1,1.3,0.9,3.4,1.1,2.3,-3.3,0.5477729885057472,0.5,4.0,1.4,0.3,0.0,0.0,0.0,0.0,0.0,0.0,0.0,0.0,0.0,0.0,0.0,0.0,0.0,0.0,0.3,0.0,0.0,,,,,,,,,,,,,,,,,,,,,0.18911273529759942,2020-21
1629659,Talen Horton-Tucker,1610612747,LAL,65.0,20.1,7.5,3.4,0.458,2.0,0.6,0.282,2.0,1.5,0.775,9.0,2.8,1.6,2.6,0.4,2.2,0.2,0.5369928400954653,0.4933333333333333,11.0,2.1,0.6,0.4,0.571,0.2,0.2,1.0,0.5,0.4,0.8,1.3,0.2,0.4,0.2,0.1,0.1,0.9,0.7926829268292683,0.8333333333333334,4.0,12.1,6.0,2.8,0.458,1.3,0.3,0.2,1.3,0.8,0.6,6.5,0.5,0.8,3.5,0.5,3.0,-3.5,0.49452221545952524,0.49166666666666664,0.6089875566876962,2020-21
1629660,Ty Jerome,1610612760,OKC,33.0,23.9,8.7,3.9,0.446,5.1,2.2,0.423,1.0,0.8,0.765,10.7,3.6,1.4,2.8,0.3,2.5,-4.1,0.5853391684901532,0.574712643678161,5.0,1.2,0.0,0.0,0.0,0.0,0.0,0.0,0.0,0.0,0.0,0.0,0.2,0.4,0.4,0.0,0.4,1.4,,,,,,,,,,,,,,,,,,,,,,,0.1951130561633844,2020-21
1629661,Cameron Johnson,1610612756,PHX,60.0,24.0,8.1,3.4,0.42,5.6,2.0,0.349,1.0,0.8,0.847,9.6,1.4,0.7,3.3,0.6,2.8,2.9,0.5620608899297425,0.54320987654321,24.0,3.1,0.5,0.2,0.455,0.5,0.2,0.455,0.1,0.1,1.0,0.8,0.2,0.0,0.4,0.2,0.2,1.6,0.7352941176470588,0.6000000000000001,21.0,21.1,5.2,2.6,0.5,3.5,1.6,0.446,1.5,1.4,0.906,8.2,0.8,0.7,3.1,0.8,2.4,-0.6,0.6996587030716722,0.6538461538461539,0.6947770452452237,2020-21
1629663,Louis King,1610612758,SAC,6.0,14.2,5.7,2.8,0.5,1.8,0.7,0.364,1.0,1.0,1.0,7.3,1.5,0.7,3.0,0.8,2.2,-0.5,0.5944625407166123,0.5526315789473684,1.0,5.0,2.0,1.0,0.5,1.0,0.0,0.0,0.0,0.0,0.0,2.0,2.0,0.0,0.0,0.0,0.0,-1.0,0.5,0.5,,,,,,,,,,,,,,,,,,,,,0.566575232864294,2020-21
1629667,Jalen McDaniels,1610612766,CHA,47.0,19.2,6.0,2.8,0.468,2.2,0.7,0.333,1.4,1.0,0.703,7.4,1.1,1.0,3.6,1.0,2.6,-3.8,0.5592503022974608,0.525,9.0,2.2,0.2,0.1,0.5,0.1,0.0,0.0,0.0,0.0,0.0,0.2,0.0,0.1,0.7,0.0,0.7,-1.8,0.5,0.5,,,,,,,,,,,,,,,,,,,,,0.523083434098598,2020-21
1629669,Jaylen Nowell,1610612750,MIN,42.0,18.1,8.0,3.4,0.424,3.6,1.2,0.333,1.3,1.1,0.818,9.0,1.5,0.7,2.3,0.5,1.8,-2.4,0.5249650023331779,0.5,8.0,1.3,0.4,0.0,0.0,0.3,0.0,0.0,0.0,0.0,0.0,0.0,0.0,0.0,0.4,0.1,0.3,1.0,0.0,0.0,,,,,,,,,,,,,,,,,,,,,0.1799883341104343,2020-21
1629672,Eric Paschall,1610612744,GSW,40.0,17.4,7.5,3.7,0.497,1.4,0.5,0.333,2.4,1.7,0.713,9.5,1.3,1.1,3.2,0.7,2.5,-2.8,0.5551659654043946,0.5266666666666667,6.0,3.3,0.7,0.5,0.75,0.0,0.0,0.0,0.5,0.3,0.667,1.3,0.0,0.0,0.7,0.2,0.5,2.2,0.7065217391304348,0.7142857142857143,,,,,,,,,,,,,,,,,,,,,0.6654031478871769,2020-21
1629673,Jordan Poole,1610612744,GSW,51.0,19.4,9.3,4.0,0.432,5.4,1.9,0.351,2.3,2.1,0.882,12.0,1.9,1.0,1.8,0.3,1.5,0.6,0.5818463925523661,0.532258064516129,9.0,2.4,1.1,0.6,0.5,0.7,0.3,0.5,0.4,0.4,1.0,1.9,0.0,0.1,0.3,0.1,0.2,-0.4,0.744514106583072,0.6818181818181818,,,,,,,,,,,,,,,,,,,,,0.7021194922274789,2020-21
1629675,Naz Reid,1610612750,MIN,70.0,19.2,8.3,4.3,0.523,2.5,0.9,0.351,2.4,1.6,0.693,11.2,1.0,1.0,4.6,1.2,3.4,-4.2,0.5985463873450191,0.5722891566265059,18.0,2.1,0.8,0.6,0.714,0.1,0.0,0.0,0.2,0.2,1.0,1.3,0.1,0.1,0.7,0.3,0.4,0.1,0.7319819819819819,0.7499999999999999,,,,,,,,,,,,,,,,,,,,,0.6971420046520339,2020-21
1629676,Isaiah Roby,1610612760,OKC,61.0,23.4,7.0,3.4,0.483,1.8,0.5,0.294,1.9,1.4,0.744,8.7,1.8,1.9,5.6,1.5,4.1,-7.2,0.5551301684532924,0.5214285714285715,15.0,1.7,0.3,0.1,0.25,0.2,0.0,0.0,0.5,0.4,0.857,0.5,0.0,0.1,0.4,0.1,0.3,-0.1,0.4807692307692307,0.33333333333333337,,,,,,,,,,,,,,,,,,,,,0.5098419242823534,2020-21
1629680,Matisse Thybulle,1610612755,PHI,65.0,20.0,3.7,1.6,0.42,2.2,0.7,0.301,0.3,0.1,0.444,3.9,1.0,0.5,1.9,0.5,1.4,1.5,0.5088726513569937,0.5270270270270271,23.0,1.1,0.2,0.1,0.75,0.1,0.0,0.5,0.0,0.0,1.0,0.3,0.0,0.0,0.1,0.0,0.1,-0.7,0.7499999999999999,0.5,12.0,18.3,4.3,2.1,0.481,2.8,0.9,0.324,0.4,0.2,0.4,5.3,0.3,0.2,1.4,0.3,1.1,-3.6,0.5920464700625558,0.5930232558139535,0.6362407489947214,2020-21
1629681,Killian Tillie,1610612763,MEM,18.0,10.1,3.2,1.1,0.333,1.8,0.6,0.303,0.6,0.5,0.818,3.2,0.4,0.1,1.3,0.3,1.0,2.2,0.4618937644341801,0.4375,1.0,5.0,1.0,1.0,1.0,1.0,1.0,1.0,2.0,1.0,0.5,4.0,1.0,0.0,1.0,0.0,1.0,1.0,1.0638297872340425,1.5,,,,,,,,,,,,,,,,,,,,,0.8944344462909894,2020-21
1629684,Grant Williams,1610612738,BOS,63.0,18.1,3.9,1.7,0.437,2.0,0.8,0.372,0.8,0.5,0.588,4.7,1.0,0.9,2.8,0.8,2.1,-0.8,0.5526810912511759,0.5384615384615385,24.0,1.8,0.1,0.0,0.333,0.1,0.0,0.5,0.4,0.2,0.5,0.3,0.0,0.0,0.4,0.2,0.2,-0.3,0.5434782608695652,0.0,5.0,11.4,2.4,1.2,0.5,0.8,0.4,0.5,0.6,0.6,1.0,3.4,0.8,0.2,2.0,0.6,1.4,1.0,0.6381381381381382,0.5833333333333334,0.5949061071308985,2020-21
1629685,Dylan Windler,1610612739,CLE,31.0,16.5,4.2,1.8,0.438,2.5,0.8,0.338,0.9,0.7,0.778,5.2,1.1,1.0,3.5,0.6,2.8,-2.0,0.5657093124456049,0.5238095238095238,3.0,2.8,0.3,0.3,1.0,0.0,0.0,0.0,0.7,0.3,0.5,1.0,0.3,0.3,1.0,0.3,0.7,0.0,0.8223684210526316,1.0,,,,,,,,,,,,,,,,,,,,,0.7439582419914459,2020-21
1629712,Didi Louzada,1610612740,NOP,3.0,18.8,4.3,1.0,0.231,2.7,0.7,0.25,0.0,0.0,0.0,2.7,1.0,1.0,1.0,0.3,0.7,-3.7,0.3139534883720931,0.3139534883720931,1.0,0.0,0.0,0.0,0.0,0.0,0.0,0.0,0.0,0.0,0.0,0.0,0.0,0.0,0.0,0.0,0.0,0.0,,,,,,,,,,,,,,,,,,,,,,,0.1046511627906977,2020-21
1629717,Armoni Brooks,1610612745,HOU,20.0,26.0,9.6,3.9,0.406,7.9,3.0,0.382,0.6,0.4,0.583,11.2,1.5,1.1,3.4,0.5,2.9,-6.8,0.5677210056772101,0.5625000000000001,3.0,3.1,0.3,0.0,0.0,0.3,0.0,0.0,1.0,0.3,0.333,0.3,0.0,0.0,0.0,0.0,0.0,1.3,0.2027027027027027,0.0,,,,,,,,,,,,,,,,,,,,,0.3275004703605463,2020-21
1629718,Charlie Brown Jr.,1610612760,OKC,9.0,16.9,4.8,1.4,0.302,2.3,0.6,0.238,1.1,1.0,0.9,4.4,1.0,0.7,1.9,0.3,1.6,-4.8,0.4163512490537472,0.3541666666666667,1.0,5.1,1.0,0.0,0.0,0.0,0.0,0.0,0.0,0.0,0.0,0.0,0.0,0.0,1.0,0.0,1.0,4.0,0.0,0.0,,,,,,,,,,,,,,,,,,,,,0.15961708301357547,2020-21
1629723,John Konchar,1610612763,MEM,43.0,13.4,3.2,1.6,0.5,1.3,0.5,0.375,0.7,0.6,0.833,4.3,1.1,0.4,3.0,0.8,2.2,0.4,0.612884834663626,0.578125,3.0,0.7,0.0,0.0,0.0,0.0,0.0,0.0,0.0,0.0,0.0,0.0,0.0,0.0,0.7,0.0,0.7,-1.7,,,1.0,2.8,1.0,0.0,0.0,1.0,0.0,0.0,0.0,0.0,0.0,0.0,0.0,0.0,1.0,0.0,1.0,4.0,0.0,0.0,0.10214747244393767,2020-21
1629726,Garrison Mathews,1610612764,WAS,64.0,16.2,3.7,1.5,0.409,3.1,1.2,0.384,1.5,1.3,0.884,5.5,0.4,0.2,1.4,0.3,1.1,-2.1,0.6307339449541284,0.5675675675675675,10.0,2.4,0.6,0.1,0.167,0.6,0.1,0.167,0.3,0.2,0.667,0.5,0.3,0.0,0.3,0.2,0.1,-0.6,0.34153005464480873,0.25000000000000006,3.0,5.7,1.3,0.0,0.0,1.3,0.0,0.0,1.7,1.3,0.8,1.3,0.0,0.0,0.7,0.0,0.7,-1.7,0.3173828125,0.0,0.3938732981691245,2020-21
1629731,Dean Wade,1610612739,CLE,63.0,19.2,4.9,2.1,0.431,3.4,1.2,0.366,0.6,0.5,0.769,6.0,1.2,0.5,3.4,0.6,2.8,-3.5,0.5809450038729667,0.5510204081632653,9.0,3.2,0.6,0.1,0.2,0.3,0.0,0.0,0.3,0.2,0.667,0.4,0.0,0.1,0.8,0.1,0.7,-1.1,0.273224043715847,0.16666666666666669,,,,,,,,,,,,,,,,,,,,,0.3880425950582383,2020-21
1629740,Nicolo Melli,1610612742,DAL,45.0,12.6,3.1,1.0,0.326,1.9,0.5,0.271,0.6,0.4,0.76,3.0,1.0,0.3,2.7,0.6,2.1,0.5,0.44589774078478006,0.4032258064516129,1.0,10.2,5.0,1.0,0.2,5.0,1.0,0.2,0.0,0.0,0.0,3.0,0.0,0.0,1.0,0.0,1.0,10.0,0.3,0.3,3.0,6.4,1.3,0.0,0.0,0.7,0.0,0.0,0.0,0.0,0.0,0.0,0.0,0.0,2.0,0.7,1.3,-5.7,0.0,0.0,0.27431629013079667,2020-21
1629743,Donta Hall,1610612753,ORL,13.0,13.8,2.7,1.9,0.714,0.0,0.0,0.0,2.6,1.8,0.676,5.6,0.8,0.6,4.8,1.8,2.9,-1.5,0.7284079084287199,0.7037037037037036,,,,,,,,,,,,,,,,,,,,,,,,,,,,,,,,,,,,,,,,,0.7284079084287199,2020-21
1629750,Javonte Green,1610612741,CHI,41.0,11.6,2.5,1.3,0.52,0.7,0.2,0.333,1.0,0.7,0.75,3.6,0.4,0.5,1.7,0.6,1.1,0.4,0.6122448979591837,0.56,7.0,1.3,0.1,0.0,0.0,0.0,0.0,0.0,0.0,0.0,0.0,0.0,0.0,0.0,0.0,0.0,0.0,-2.6,0.0,0.0,,,,,,,,,,,,,,,,,,,,,0.20808163265146123,2020-21
1629751,Dakota Mathias,1610612755,PHI,8.0,15.4,6.0,2.4,0.396,3.3,1.0,0.308,0.8,0.3,0.333,6.0,1.6,0.1,0.9,0.1,0.8,-3.9,0.4722921914357682,0.48333333333333334,1.0,5.5,1.0,1.0,1.0,1.0,1.0,1.0,2.0,0.0,0.0,3.0,0.0,0.0,1.0,0.0,1.0,8.0,0.797872340425532,1.5,,,,,,,,,,,,,,,,,,,,,0.7060122907594997,2020-21
1630162,Anthony Edwards,1610612750,MIN,72.0,32.1,16.8,7.0,0.417,7.2,2.4,0.329,3.8,2.9,0.776,19.3,2.9,2.2,4.7,0.8,3.8,-3.2,0.5224122996968384,0.488095238095238,32.0,3.5,1.3,0.5,0.4,0.4,0.1,0.167,0.4,0.3,0.643,1.3,0.3,0.3,0.8,0.3,0.6,-2.1,0.44037940379403795,0.4230769230769231,,,,,,,,,,,,,,,,,,,,,0.4754617976659394,2020-21
1630163,LaMelo Ball,1610612766,CHA,51.0,28.8,13.2,5.7,0.436,5.1,1.8,0.352,3.2,2.5,0.758,15.7,6.1,2.8,5.9,1.2,4.7,-1.6,0.5373767798466594,0.5000000000000001,18.0,2.4,0.8,0.4,0.467,0.3,0.0,0.0,0.3,0.2,0.667,1.0,0.6,0.1,0.4,0.1,0.3,2.1,0.5364806866952789,0.5,,,,,,,,,,,,,,,,,,,,,0.5428399904725526,2020-21
1630164,James Wiseman,1610612744,GSW,39.0,21.4,9.4,4.9,0.519,1.0,0.3,0.316,2.2,1.4,0.628,11.5,0.7,1.5,5.8,1.4,4.4,-4.7,0.5545910493827161,0.5372340425531915,5.0,1.4,0.2,0.2,1.0,0.0,0.0,0.0,0.0,0.0,0.0,0.4,0.0,0.0,0.2,0.0,0.2,-3.8,1.0,1.0,,,,,,,,,,,,,,,,,,,,,0.8536580093684805,2020-21
1630165,Killian Hayes,1610612765,DET,26.0,25.8,7.7,2.7,0.353,2.8,0.8,0.278,0.7,0.5,0.824,6.8,5.3,3.2,2.7,0.2,2.4,-5.0,0.4245754245754245,0.4025974025974026,10.0,2.5,0.8,0.2,0.25,0.2,0.0,0.0,0.2,0.1,0.5,0.5,0.6,0.4,0.0,0.0,0.0,-1.6,0.28153153153153154,0.25,,,,,,,,,,,,,,,,,,,,,0.33960243960109027,2020-21
1630166,Deni Avdija,1610612764,WAS,54.0,23.3,5.8,2.4,0.417,3.1,1.0,0.315,0.8,0.5,0.644,6.3,1.2,0.6,4.9,0.4,4.4,-1.5,0.5120286085825747,0.5,14.0,1.9,0.3,0.1,0.25,0.3,0.1,0.25,0.0,0.0,0.0,0.2,0.0,0.1,0.4,0.0,0.4,-1.4,0.33333333333333337,0.5000000000000001,,,,,,,,,,,,,,,,,,,,,0.39807083887529215,2020-21
1630167,Obi Toppin,1610612752,NYK,62.0,11.0,3.4,1.7,0.498,1.4,0.4,0.306,0.4,0.3,0.731,4.1,0.5,0.4,2.2,0.4,1.8,0.4,0.5732662192393735,0.5588235294117647,,,,,,,,,,,,,,,,,,,,,5.0,13.1,4.6,2.4,0.522,1.8,0.6,0.333,1.2,1.0,0.833,6.4,0.4,0.6,2.6,0.8,1.8,0.8,0.62402496099844,0.5869565217391304,0.6113352755586734,2020-21
1630168,Onyeka Okongwu,1610612737,ATL,50.0,12.0,3.0,1.9,0.644,0.1,0.0,0.0,1.1,0.7,0.632,4.6,0.4,0.6,3.3,1.2,2.0,-1.8,0.6601607347876004,0.6333333333333333,,,,,,,,,,,,,,,,,,,,,18.0,9.2,1.7,0.9,0.548,0.1,0.0,0.0,1.2,0.8,0.667,2.7,0.1,0.2,2.7,1.2,1.5,-1.3,0.6059245960502694,0.5294117647058824,0.6194836307346021,2020-21
1630169,Tyrese Haliburton,1610612758,SAC,58.0,30.1,10.7,5.0,0.472,5.1,2.1,0.409,1.0,0.8,0.857,13.0,5.3,1.6,3.0,0.7,2.3,-3.1,0.5834829443447038,0.5654205607476636,32.0,3.3,0.8,0.4,0.583,0.5,0.2,0.467,0.2,0.2,1.0,1.3,0.4,0.1,0.3,0.1,0.3,0.3,0.7319819819819819,0.625,,,,,,,,,,,,,,,,,,,,,0.6899589382828758,2020-21
1630170,Devin Vassell,1610612759,SAS,62.0,17.0,4.9,2.0,0.406,2.4,0.8,0.347,0.8,0.7,0.843,5.5,0.9,0.4,2.8,0.4,2.4,-1.0,0.5236100533130236,0.48979591836734687,6.0,0.7,0.5,0.0,0.0,0.5,0.0,0.0,0.0,0.0,0.0,0.0,0.2,0.0,0.0,0.0,0.0,-1.7,0.0,0.0,,,,,,,,,,,,,,,,,,,,,0.18474076606824513,2020-21
1630171,Isaac Okoro,1610612739,CLE,67.0,32.4,8.3,3.5,0.42,3.2,0.9,0.29,2.3,1.7,0.726,9.6,1.9,1.3,3.1,1.0,2.1,-6.1,0.5154639175257731,0.4759036144578313,24.0,3.9,0.5,0.3,0.462,0.2,0.0,0.25,0.5,0.3,0.727,0.9,0.0,0.2,0.2,0.0,0.1,-2.1,0.625,0.6,,,,,,,,,,,,,,,,,,,,,0.5945120688934075,2020-21
1630172,Patrick Williams,1610612741,CHI,71.0,27.9,7.4,3.6,0.483,1.9,0.8,0.391,1.8,1.3,0.728,9.2,1.4,1.4,4.6,0.9,3.7,-4.1,0.5615234375,0.5405405405405405,28.0,1.9,0.2,0.1,0.667,0.1,0.0,0.5,0.1,0.1,0.667,0.4,0.0,0.0,0.3,0.0,0.3,-1.3,0.819672131147541,0.5,,,,,,,,,,,,,,,,,,,,,0.7363252693006982,2020-21
1630173,Precious Achiuwa,1610612748,MIA,61.0,12.1,3.7,2.0,0.544,0.0,0.0,0.0,1.8,0.9,0.509,5.0,0.5,0.7,3.4,1.2,2.2,-1.9,0.5565449688334817,0.5405405405405405,1.0,8.1,6.0,3.0,0.5,0.0,0.0,0.0,2.0,2.0,1.0,8.0,0.0,0.0,6.0,4.0,2.0,-2.0,0.5813953488372093,0.5,3.0,4.1,1.3,1.0,0.75,0.0,0.0,0.0,1.3,0.3,0.25,2.3,0.0,1.3,2.0,0.0,2.0,0.0,0.6143162393162392,0.7692307692307692,0.693714064076103,2020-21
1630174,Aaron Nesmith,1610612738,BOS,46.0,14.5,3.9,1.7,0.438,2.3,0.9,0.37,0.6,0.5,0.786,4.7,0.5,0.5,2.8,0.6,2.2,-0.2,0.564361191162344,0.5512820512820513,4.0,3.5,0.8,0.5,0.667,0.0,0.0,0.0,0.0,0.0,0.0,1.0,0.0,0.0,1.0,0.3,0.8,-2.0,0.625,0.625,5.0,15.0,3.6,1.0,0.278,2.8,0.8,0.286,0.4,0.4,1.0,3.2,0.2,0.4,2.6,0.4,2.2,-1.6,0.423728813559322,0.38888888888888884,0.5347707591476125,2020-21
1630175,Cole Anthony,1610612753,ORL,47.0,27.1,11.7,4.7,0.397,3.7,1.2,0.337,2.8,2.3,0.832,12.9,4.1,2.3,4.7,0.8,3.9,-6.9,0.49876275904732453,0.452991452991453,10.0,3.4,1.3,0.8,0.615,0.6,0.4,0.667,0.9,0.8,0.889,2.8,0.1,0.3,0.8,0.2,0.6,-1.7,0.8254716981132074,0.7692307692307692,,,,,,,,,,,,,,,,,,,,,0.7276798295347413,2020-21
1630177,Theo Maledon,1610612760,OKC,65.0,27.3,9.4,3.5,0.368,4.8,1.6,0.335,2.1,1.6,0.748,10.1,3.5,2.2,3.2,0.4,2.9,-9.6,0.48915149166989536,0.45744680851063824,15.0,2.5,0.7,0.4,0.6,0.3,0.1,0.25,0.3,0.3,1.0,1.1,0.1,0.2,0.3,0.1,0.3,-0.1,0.6610576923076924,0.6428571428571429,,,,,,,,,,,,,,,,,,,,,0.6112024339382729,2020-21
1630178,Tyrese Maxey,1610612755,PHI,61.0,15.3,7.0,3.2,0.462,1.7,0.5,0.301,1.1,1.0,0.871,8.0,2.0,0.7,1.7,0.2,1.5,-0.9,0.5344735435595938,0.4928571428571429,5.0,1.7,0.6,0.2,0.333,0.6,0.2,0.333,0.0,0.0,0.0,0.6,0.0,0.2,0.0,0.0,0.0,-5.2,0.5,0.5000000000000001,12.0,13.0,5.5,2.4,0.439,1.0,0.3,0.333,1.8,1.2,0.636,6.3,1.3,0.4,1.8,0.1,1.8,0.9,0.5006357279084552,0.4636363636363636,0.5146348831176973,2020-21
1630180,Saddiq Bey,1610612765,DET,70.0,27.3,9.9,4.0,0.404,6.6,2.5,0.38,2.1,1.8,0.844,12.2,1.4,0.9,4.5,0.6,3.9,-3.0,0.5635624538063562,0.5303030303030303,23.0,2.9,1.0,0.4,0.435,0.8,0.3,0.316,0.5,0.3,0.636,1.4,0.2,0.2,0.6,0.2,0.4,0.3,0.5737704918032787,0.55,,,,,,,,,,,,,,,,,,,,,0.5804688225709609,2020-21
1630181,R.J. Hampton,1610612753,ORL,51.0,17.4,6.1,2.7,0.435,1.7,0.5,0.31,1.6,1.1,0.671,6.9,1.7,1.0,3.5,0.6,2.9,-5.6,0.5070546737213405,0.4836065573770492,7.0,1.2,0.0,0.0,0.0,0.0,0.0,0.0,0.3,0.0,0.0,0.0,0.1,0.0,0.0,0.0,0.0,-1.4,0.0,,,,,,,,,,,,,,,,,,,,,,0.16901822457378016,2020-21
1630182,Josh Green,1610612742,DAL,39.0,11.4,2.4,1.1,0.452,0.6,0.1,0.16,0.6,0.3,0.565,2.6,0.7,0.4,2.0,0.7,1.3,0.4,0.48798798798798804,0.47916666666666674,1.0,0.0,0.0,0.0,0.0,0.0,0.0,0.0,0.0,0.0,0.0,0.0,0.0,0.0,0.0,0.0,0.0,-1.0,,,1.0,4.2,0.0,0.0,0.0,0.0,0.0,0.0,0.0,0.0,0.0,0.0,0.0,0.0,0.0,0.0,0.0,-1.0,,,0.08133133133133134,2020-21
1630183,Jaden McDaniels,1610612750,MIN,63.0,24.0,5.8,2.6,0.447,3.1,1.1,0.364,0.7,0.4,0.6,6.8,1.1,0.7,3.7,0.8,2.9,-1.6,0.5566470203012442,0.5431034482758621,22.0,3.2,0.4,0.1,0.375,0.2,0.0,0.2,0.1,0.1,1.0,0.5,0.0,0.0,0.2,0.0,0.2,-1.9,0.5630630630630631,0.25,,,,,,,,,,,,,,,,,,,,,0.5678209338654057,2020-21
1630184,Kira Lewis Jr.,1610612740,NOP,54.0,16.7,6.2,2.4,0.386,2.2,0.7,0.333,0.9,0.8,0.843,6.4,2.3,0.6,1.3,0.2,1.1,0.4,0.4851425106124924,0.4435483870967742,7.0,2.1,0.4,0.3,0.667,0.4,0.3,0.667,0.0,0.0,0.0,0.9,0.1,0.1,0.1,0.1,0.0,1.3,1.125,1.1249999999999998,,,,,,,,,,,,,,,,,,,,,0.9181657831063493,2020-21
1630185,Nico Mannion,1610612744,GSW,30.0,12.1,3.8,1.3,0.342,2.0,0.7,0.367,0.9,0.8,0.821,4.1,2.3,1.0,1.5,0.2,1.3,-2.5,0.488560533841754,0.4342105263157895,1.0,3.2,2.0,0.0,0.0,1.0,0.0,0.0,0.0,0.0,0.0,0.0,1.0,0.0,2.0,0.0,2.0,-1.0,0.0,0.0,,,,,,,,,,,,,,,,,,,,,0.21548509021410267,2020-21
1630191,Isaiah Stewart,1610612765,DET,68.0,21.4,6.0,3.3,0.553,0.9,0.3,0.333,1.4,0.9,0.696,7.9,0.9,1.0,6.7,2.3,4.3,-0.9,0.597037484885127,0.575,13.0,2.3,0.6,0.6,1.0,0.2,0.2,1.0,0.2,0.1,0.5,1.5,0.1,0.1,1.0,0.3,0.7,-1.1,1.0901162790697676,1.1666666666666667,,,,,,,,,,,,,,,,,,,,,0.9357566810065541,2020-21
1630193,Immanuel Quickley,1610612752,NYK,64.0,19.4,9.1,3.6,0.395,4.7,1.8,0.389,2.7,2.4,0.891,11.4,2.0,0.9,2.1,0.4,1.8,2.8,0.5540435458786936,0.4945054945054945,23.0,2.8,1.0,0.3,0.364,0.4,0.1,0.2,0.7,0.7,0.938,1.4,0.5,0.1,0.3,0.1,0.2,3.0,0.5351681957186544,0.35,5.0,15.4,6.6,2.0,0.303,2.2,0.8,0.364,1.4,1.0,0.714,5.8,1.0,1.2,1.4,0.0,1.4,0.0,0.4018847006651885,0.36363636363636365,0.4826613508730647,2020-21
1630197,Aleksej Pokusevski,1610612760,OKC,45.0,24.2,9.1,3.1,0.341,4.6,1.3,0.28,0.9,0.7,0.738,8.2,2.2,2.2,4.7,0.7,4.0,-8.7,0.4317607413647851,0.4120879120879121,7.0,2.7,1.6,0.4,0.273,0.9,0.4,0.5,0.6,0.4,0.75,1.7,0.0,0.0,0.7,0.0,0.7,2.0,0.45600858369098707,0.37500000000000006,,,,,,,,,,,,,,,,,,,,,0.4655083871627385,2020-21
1630201,Malachi Flynn,1610612761,TOR,47.0,19.7,7.2,2.7,0.374,3.6,1.1,0.321,1.2,1.0,0.804,7.5,2.9,0.9,2.5,0.2,2.3,-2.1,0.48524844720496896,0.4513888888888889,8.0,2.7,1.6,0.4,0.231,0.9,0.1,0.143,0.5,0.4,0.75,1.3,0.4,0.0,0.4,0.0,0.4,-0.5,0.35714285714285715,0.28125,,,,,,,,,,,,,,,,,,,,,0.4220669427160303,2020-21
1630202,Payton Pritchard,1610612738,BOS,66.0,19.2,6.3,2.8,0.44,3.8,1.5,0.411,0.7,0.6,0.889,7.7,1.8,0.8,2.4,0.5,1.9,0.6,0.5826271186440678,0.5634920634920635,18.0,1.0,0.2,0.1,0.333,0.1,0.0,0.0,0.2,0.2,1.0,0.3,0.1,0.1,0.1,0.1,0.0,-0.2,0.5208333333333333,0.5,5.0,13.5,3.4,1.2,0.353,2.0,0.6,0.3,0.4,0.4,1.0,3.4,2.4,0.6,1.8,0.4,1.4,-2.6,0.47539149888143173,0.4411764705882353,0.5115859834999374,2020-21
1630205,Lamar Stevens,1610612739,CLE,40.0,12.5,3.4,1.6,0.456,0.6,0.1,0.16,1.3,0.9,0.725,4.1,0.6,0.6,2.4,0.6,1.8,-2.9,0.5161127895266868,0.4852941176470589,6.0,0.6,0.2,0.2,1.0,0.0,0.0,0.0,0.3,0.2,0.5,0.5,0.0,0.0,0.5,0.2,0.3,-0.5,0.753012048192771,1.0,,,,,,,,,,,,,,,,,,,,,0.679927981576856,2020-21
1630206,Jay Scrubb,1610612746,LAC,4.0,21.0,9.0,3.5,0.389,2.3,0.5,0.222,1.3,1.3,1.0,8.8,0.3,1.8,3.5,0.5,3.0,0.5,0.459674049310489,0.4166666666666667,1.0,5.1,0.0,0.0,0.0,0.0,0.0,0.0,0.0,0.0,0.0,0.0,1.0,0.0,3.0,1.0,2.0,-4.0,,,6.0,1.3,0.0,0.0,0.0,0.0,0.0,0.0,0.0,0.0,0.0,0.0,0.0,0.0,0.2,0.0,0.2,-1.3,,,0.07661234155174816,2020-21
1630214,Xavier Tillman,1610612763,MEM,59.0,18.4,5.1,2.8,0.559,1.1,0.4,0.338,0.9,0.6,0.642,6.6,1.3,0.8,4.3,1.3,3.1,0.6,0.6004366812227074,0.5882352941176471,13.0,2.7,0.4,0.3,0.8,0.0,0.0,0.0,0.5,0.3,0.571,0.9,0.1,0.2,0.9,0.3,0.6,0.8,0.7258064516129032,0.7499999999999999,3.0,5.9,1.7,0.3,0.2,0.3,0.0,0.0,0.0,0.0,0.0,0.7,0.3,0.3,1.0,0.3,0.7,-4.7,0.20588235294117646,0.17647058823529413,0.45279257779870463,2020-21
1630217,Desmond Bane,1610612763,MEM,68.0,22.3,7.3,3.4,0.469,4.0,1.7,0.432,0.7,0.6,0.816,9.2,1.7,0.9,3.1,0.5,2.6,0.2,0.6046267087276551,0.5821917808219178,20.0,1.6,0.6,0.2,0.364,0.4,0.1,0.286,0.4,0.3,0.857,0.8,0.0,0.0,0.2,0.0,0.2,-0.1,0.5154639175257733,0.4166666666666667,5.0,19.8,3.8,2.2,0.579,2.4,1.2,0.5,0.0,0.0,0.0,5.6,2.0,0.6,3.4,0.4,3.0,-4.4,0.7368421052631579,0.736842105263158,0.649232654675845,2020-21
1630221,Josh Hall,1610612760,OKC,21.0,16.0,4.7,1.4,0.303,1.8,0.2,0.108,2.1,1.0,0.5,4.1,1.3,1.2,2.8,0.3,2.5,-4.8,0.3645092460881934,0.3191489361702127,1.0,5.1,1.0,1.0,1.0,0.0,0.0,0.0,1.0,0.0,0.0,2.0,0.0,1.0,0.0,0.0,0.0,4.0,0.6944444444444444,1.0,,,,,,,,,,,,,,,,,,,,,0.6057426407325147,2020-21
1630222,Mason Jones,1610612755,PHI,32.0,10.5,3.8,1.6,0.423,2.1,0.8,0.364,2.0,1.3,0.625,5.3,1.3,0.9,1.7,0.2,1.5,-2.8,0.5662393162393162,0.5263157894736842,1.0,0.9,0.0,0.0,0.0,0.0,0.0,0.0,0.0,0.0,0.0,0.0,0.0,1.0,0.0,0.0,0.0,-3.0,,,,,,,,,,,,,,,,,,,,,,,0.18874643874643873,2020-21
1630223,Jalen Harris,1610612761,TOR,13.0,13.2,5.5,2.8,0.5,2.8,1.3,0.472,0.7,0.5,0.778,7.4,1.3,1.1,1.4,0.2,1.2,-0.1,0.6370523415977962,0.6272727272727272,3.0,0.3,0.3,0.0,0.0,0.3,0.0,0.0,0.0,0.0,0.0,0.0,0.0,0.0,0.0,0.0,0.0,-1.7,0.0,0.0,,,,,,,,,,,,,,,,,,,,,0.21780532598615246,2020-21
1630230,Naji Marshall,1610612740,NOP,32.0,21.9,6.5,2.6,0.392,2.6,0.9,0.349,2.3,1.7,0.707,7.7,2.8,1.2,4.6,0.5,4.2,-0.9,0.5125133120340788,0.4692307692307693,13.0,2.5,0.8,0.2,0.3,0.5,0.1,0.167,0.5,0.3,0.667,0.8,0.2,0.0,0.4,0.1,0.3,0.1,0.39215686274509803,0.3125,,,,,,,,,,,,,,,,,,,,,0.44458337148055704,2020-21
1630231,KJ Martin,1610612745,HOU,45.0,23.7,7.1,3.6,0.509,2.1,0.8,0.365,1.9,1.3,0.714,9.3,1.1,0.8,5.4,1.6,3.8,-6.3,0.5859375,0.5633802816901409,3.0,1.8,0.0,0.0,0.0,0.0,0.0,0.0,0.7,0.3,0.5,0.3,0.0,0.0,0.7,0.0,0.7,-2.7,0.487012987012987,,,,,,,,,,,,,,,,,,,,,,0.5199878246753247,2020-21
1630235,Trent Forrest,1610612762,UTA,30.0,10.1,2.4,1.1,0.451,0.9,0.2,0.192,0.6,0.6,1.0,2.9,1.5,0.7,1.5,0.4,1.1,-1.6,0.5442942942942943,0.5000000000000001,,,,,,,,,,,,,,,,,,,,,4.0,2.4,1.0,0.5,0.5,0.0,0.0,0.0,0.0,0.0,0.0,1.0,0.0,0.0,0.0,0.0,0.0,-3.0,0.5,0.5,0.5110735735735736,2020-21
1630237,Anthony Lamb,1610612745,HOU,24.0,17.3,4.9,1.9,0.39,3.0,1.0,0.324,0.9,0.8,0.857,5.5,1.0,0.8,2.9,1.1,1.8,-3.7,0.5192598187311178,0.48979591836734687,1.0,0.9,0.0,0.0,0.0,0.0,0.0,0.0,0.0,0.0,0.0,0.0,0.0,0.0,0.0,0.0,0.0,-4.0,,,,,,,,,,,,,,,,,,,,,,,0.17308660624370595,2020-21
1630240,Saben Lee,1610612765,DET,48.0,16.3,4.4,2.1,0.471,0.5,0.2,0.348,1.9,1.3,0.685,5.6,3.6,1.1,2.0,0.4,1.6,-1.9,0.53475935828877,0.5,,,,,,,,,,,,,,,,,,,,,,,,,,,,,,,,,,,,,,,,,0.53475935828877,2020-21
1630256,Jae'Sean Tate,1610612745,HOU,70.0,29.2,8.9,4.5,0.506,2.8,0.9,0.308,2.1,1.5,0.694,11.3,2.5,1.4,5.3,1.9,3.5,-2.7,0.5751221498371336,0.5561797752808989,20.0,2.7,0.7,0.3,0.385,0.4,0.1,0.286,0.3,0.2,0.667,0.8,0.2,0.2,0.4,0.2,0.2,-1.6,0.48076923076923084,0.5,,,,,,,,,,,,,,,,,,,,,0.5200853723303073,2020-21
1630267,Facundo Campazzo,1610612743,DEN,65.0,21.9,4.8,1.8,0.381,3.3,1.2,0.352,1.4,1.2,0.879,6.1,3.6,1.1,2.1,0.3,1.7,1.2,0.5631462333825702,0.5,14.0,3.1,0.4,0.1,0.2,0.4,0.1,0.2,0.3,0.3,1.0,0.5,0.4,0.4,0.4,0.0,0.4,1.4,0.4699248120300752,0.37500000000000006,10.0,27.0,7.4,2.9,0.392,4.8,1.9,0.396,1.9,1.6,0.842,9.3,4.1,1.5,3.0,0.7,2.3,-4.7,0.5645944633317144,0.5202702702702702,0.5411298745712412,2020-21
1630271,Brodric Thomas,1610612739,CLE,32.0,12.5,3.4,1.2,0.361,1.8,0.5,0.271,1.4,1.0,0.674,3.9,0.9,0.7,1.7,0.3,1.4,-1.5,0.4855577689243028,0.4264705882352941,3.0,1.3,0.3,0.0,0.0,0.0,0.0,0.0,0.0,0.0,0.0,0.0,0.0,0.0,0.0,0.0,0.0,-5.3,0.0,0.0,,,,,,,,,,,,,,,,,,,,,0.17067611905060381,2020-21
1630273,Freddie Gillespie,1610612761,TOR,20.0,19.6,4.2,2.2,0.524,0.0,0.0,0.0,1.7,1.2,0.697,5.6,0.5,0.6,4.9,2.1,2.8,-3.9,0.5658852061438965,0.5238095238095238,4.0,0.6,0.0,0.0,0.0,0.0,0.0,0.0,0.5,0.5,1.0,0.5,0.0,0.0,0.0,0.0,0.0,-2.5,1.1363636363636365,,,,,,,,,,,,,,,,,,,,,,0.9462041596237231,2020-21
1630466,Gabriel Deck,1610612760,OKC,10.0,21.2,6.7,3.2,0.478,1.5,0.2,0.133,2.2,1.8,0.818,8.4,2.4,0.6,4.0,1.6,2.4,-5.1,0.5477308294209703,0.49253731343283585,,,,,,,,,,,,,,,,,,,,,,,,,,,,,,,,,,,,,,,,,0.5477308294209703,2020-21
2544,LeBron James,1610612747,LAL,56.0,37.2,21.8,11.4,0.524,8.0,2.9,0.359,6.0,4.5,0.756,30.3,6.2,3.5,8.2,1.1,7.1,-2.1,0.619885433715221,0.5894495412844036,31.0,4.7,2.9,1.1,0.385,1.4,0.4,0.256,1.1,0.8,0.686,3.4,0.7,0.4,0.9,0.2,0.7,-0.9,0.5023640661938534,0.4482758620689655,,,,,,,,,,,,,,,,,,,,,0.5548406076606103,2021-22
2546,Carmelo Anthony,1610612747,LAL,69.0,26.0,10.5,4.6,0.441,5.8,2.2,0.375,2.3,1.9,0.83,13.3,1.0,0.9,4.2,0.9,3.3,-1.3,0.5776580958999306,0.5428571428571428,32.0,3.8,1.1,0.4,0.412,0.7,0.3,0.435,0.3,0.2,0.778,1.4,0.0,0.1,0.5,0.1,0.4,-0.6,0.568181818181818,0.5,,,,,,,,,,,,,,,,,,,,,0.5818167678963816,2021-22
2730,Dwight Howard,1610612747,LAL,60.0,16.2,3.7,2.2,0.612,0.3,0.1,0.533,2.4,1.6,0.658,6.2,0.6,0.8,5.9,2.0,4.0,-2.1,0.6518082422203533,0.6081081081081081,5.0,1.1,0.0,0.0,0.0,0.0,0.0,0.0,0.0,0.0,0.0,0.0,0.0,0.0,0.2,0.0,0.2,-1.4,,,,,,,,,,,,,,,,,,,,,,,0.2172694140734511,2021-22
2738,Andre Iguodala,1610612744,GSW,31.0,19.4,3.9,1.5,0.38,2.4,0.5,0.23,0.6,0.5,0.75,4.0,3.7,0.9,3.2,0.7,2.5,3.7,0.48030739673390976,0.44871794871794873,11.0,2.9,0.4,0.1,0.25,0.2,0.1,0.5,0.0,0.0,0.0,0.3,0.5,0.3,0.5,0.2,0.4,0.0,0.37499999999999994,0.37500000000000006,7.0,8.8,1.3,0.6,0.444,0.4,0.1,0.333,0.4,0.3,0.667,1.6,1.7,0.6,1.0,0.4,0.6,-2.7,0.5420054200542006,0.5,0.48631035306986564,2021-22
2772,Trevor Ariza,1610612747,LAL,24.0,19.3,4.1,1.4,0.333,3.1,0.8,0.27,0.8,0.4,0.556,4.0,1.1,0.5,3.4,0.4,3.0,-2.3,0.44923629829290207,0.43902439024390244,3.0,3.7,1.0,0.7,0.667,0.7,0.3,0.5,0.7,0.3,0.5,2.0,0.3,0.0,0.7,0.0,0.7,1.0,0.764525993883792,0.85,,,,,,,,,,,,,,,,,,,,,0.6838196725833189,2021-22
101108,Chris Paul,1610612756,PHX,65.0,32.9,11.3,5.6,0.493,3.1,1.0,0.317,3.1,2.6,0.837,14.7,10.8,2.4,4.4,0.3,4.0,7.1,0.5803853442830068,0.5398230088495575,29.0,3.1,1.5,0.9,0.568,0.3,0.1,0.4,1.1,0.9,0.813,2.8,1.2,0.2,0.6,0.0,0.6,4.0,0.7056451612903225,0.6333333333333334,13.0,34.4,11.9,6.7,0.561,3.8,1.5,0.388,2.8,2.7,0.946,17.5,8.3,2.4,4.2,0.5,3.6,0.5,0.6663113006396588,0.6260504201680672,0.6783759310791159,2021-22
101150,Lou Williams,1610612737,ATL,56.0,14.3,5.7,2.2,0.391,1.8,0.7,0.363,1.4,1.2,0.859,6.3,1.9,0.8,1.6,0.3,1.3,0.3,0.4987333755541482,0.44736842105263164,5.0,0.6,0.0,0.0,0.0,0.0,0.0,0.0,0.0,0.0,0.0,0.0,0.2,0.0,0.0,0.0,0.0,1.4,,,,,,,,,,,,,,,,,,,,,,,0.1662444585180494,2021-22
200746,LaMarcus Aldridge,1610612751,BKN,47.0,22.3,9.7,5.4,0.55,1.0,0.3,0.304,2.2,1.9,0.873,12.9,0.9,0.9,5.5,1.6,3.9,0.4,0.6046119235095614,0.5721649484536083,16.0,3.5,1.3,0.6,0.45,0.0,0.0,0.0,0.8,0.7,0.846,1.8,0.2,0.0,1.1,0.6,0.6,1.9,0.5447941888619855,0.4615384615384615,,,,,,,,,,,,,,,,,,,,,0.5781354955987993,2021-22
200752,Rudy Gay,1610612762,UTA,55.0,18.9,6.9,2.9,0.414,3.7,1.3,0.345,1.4,1.1,0.785,8.1,1.0,0.9,4.4,1.0,3.4,3.3,0.538850452368281,0.5144927536231884,6.0,1.1,0.7,0.5,0.75,0.3,0.2,0.5,0.3,0.0,0.0,1.2,0.0,0.0,0.0,0.0,0.0,0.3,0.7211538461538461,0.8571428571428572,,,,,,,,,,,,,,,,,,,,,0.670530975760086,2021-22
200765,Rajon Rondo,1610612739,CLE,39.0,17.9,4.5,1.7,0.386,2.3,0.8,0.352,0.7,0.5,0.731,4.8,4.4,1.7,2.8,0.4,2.4,-2.8,0.49916805324459235,0.4666666666666667,7.0,2.5,0.6,0.1,0.25,0.4,0.1,0.333,0.1,0.1,1.0,0.6,0.1,0.1,0.3,0.0,0.3,1.1,0.4658385093167702,0.25000000000000006,,,,,,,,,,,,,,,,,,,,,0.49028169062308125,2021-22
200768,Kyle Lowry,1610612748,MIA,63.0,33.9,10.0,4.4,0.44,6.1,2.3,0.377,2.8,2.3,0.851,13.4,7.5,2.7,4.5,0.5,4.0,4.0,0.5965099715099715,0.555,26.0,3.5,1.5,0.7,0.5,0.7,0.2,0.278,0.5,0.4,0.769,2.0,0.4,0.2,0.5,0.1,0.4,0.4,0.5813953488372093,0.5333333333333333,10.0,29.5,8.6,2.5,0.291,5.4,1.3,0.241,1.9,1.5,0.789,7.8,4.7,1.9,3.6,0.3,3.3,1.6,0.4133107248834252,0.36627906976744184,0.514872140637611,2021-22
200782,P.J. Tucker,1610612748,MIA,71.0,27.9,6.0,2.9,0.484,2.7,1.1,0.415,0.9,0.6,0.738,7.6,2.1,0.9,5.5,1.4,4.0,3.2,0.5941213258286429,0.5750000000000001,26.0,3.7,0.3,0.2,0.444,0.2,0.1,0.6,0.4,0.3,0.8,0.7,0.0,0.2,0.7,0.2,0.5,-0.2,0.7352941176470588,0.8333333333333334,18.0,28.3,6.1,3.0,0.495,2.8,1.3,0.451,0.9,0.6,0.688,7.9,1.8,0.7,5.7,1.9,3.7,2.9,0.6080665024630543,0.5983606557377049,0.6531515114178206,2021-22
200794,Paul Millsap,1610612755,PHI,33.0,11.4,3.5,1.4,0.391,1.1,0.2,0.229,0.7,0.5,0.708,3.5,0.9,0.6,3.5,1.2,2.2,-0.7,0.4595588235294118,0.42857142857142855,6.0,0.7,0.0,0.0,0.0,0.0,0.0,0.0,0.0,0.0,0.0,0.0,0.0,0.0,0.0,0.0,0.0,1.7,,,1.0,5.6,0.0,0.0,0.0,0.0,0.0,0.0,0.0,0.0,0.0,0.0,1.0,0.0,1.0,0.0,1.0,-2.0,,,0.07659313725490197,2021-22
201142,Kevin Durant,1610612751,BKN,55.0,37.2,20.3,10.5,0.518,5.5,2.1,0.383,7.4,6.8,0.91,29.9,6.4,3.5,7.4,0.5,6.9,4.9,0.6346578366445915,0.5689655172413793,28.0,4.1,3.2,1.3,0.416,1.0,0.3,0.286,1.0,1.0,0.931,3.9,0.5,0.2,1.0,0.1,0.9,1.0,0.5357142857142857,0.45312499999999994,4.0,44.0,20.8,8.0,0.386,5.3,1.8,0.333,9.5,8.5,0.895,26.3,6.3,5.3,5.8,0.5,5.3,-7.8,0.5264211369095276,0.42788461538461536,0.5633218499308773,2021-22
201143,Al Horford,1610612738,BOS,69.0,29.1,8.2,3.9,0.467,3.8,1.3,0.336,1.4,1.2,0.842,10.2,3.4,0.9,7.7,1.6,6.1,5.6,0.5784936479128857,0.5548780487804879,22.0,3.1,0.7,0.3,0.375,0.3,0.1,0.429,0.0,0.0,0.0,0.7,0.2,0.0,0.6,0.0,0.5,-1.6,0.5,0.5,23.0,35.4,8.4,4.4,0.523,4.3,2.0,0.48,1.6,1.2,0.778,12.0,3.3,1.3,9.3,1.5,7.8,4.3,0.6590509666080843,0.6428571428571429,0.6011443433210024,2021-22
201144,Mike Conley,1610612762,UTA,72.0,28.6,11.0,4.8,0.435,5.8,2.3,0.408,2.3,1.8,0.796,13.7,5.3,1.7,3.0,0.7,2.4,4.8,0.5702630702630702,0.5409090909090909,34.0,3.6,1.5,0.7,0.481,0.8,0.4,0.5,0.5,0.4,0.778,2.3,0.4,0.1,0.4,0.1,0.3,0.4,0.6686046511627907,0.6,6.0,29.0,9.5,3.2,0.333,4.2,0.8,0.2,2.5,2.0,0.8,9.2,4.8,2.2,3.2,0.3,2.8,-4.3,0.43396226415094336,0.37894736842105264,0.5485295578087043,2021-22
201145,Jeff Green,1610612743,DEN,75.0,24.7,7.1,3.7,0.524,2.2,0.7,0.315,2.6,2.2,0.833,10.3,1.3,0.9,3.1,0.5,2.5,0.8,0.6246967491508977,0.5704225352112676,21.0,3.3,0.5,0.2,0.455,0.1,0.0,0.333,0.3,0.3,1.0,0.8,0.1,0.0,0.3,0.2,0.1,-0.2,0.6329113924050633,0.4,5.0,22.7,3.4,1.2,0.353,1.6,0.6,0.375,1.0,0.8,0.8,3.8,0.4,0.4,3.6,1.4,2.2,-4.8,0.4947916666666667,0.4411764705882353,0.5695246758469722,2021-22
201152,Thaddeus Young,1610612761,TOR,52.0,16.3,5.2,2.7,0.518,0.9,0.3,0.354,0.9,0.4,0.469,6.2,2.0,1.0,4.0,1.5,2.5,0.4,0.5539671193709793,0.5480769230769231,12.0,2.5,0.7,0.3,0.5,0.2,0.0,0.0,0.2,0.2,1.0,0.8,0.0,0.0,0.4,0.2,0.3,0.3,0.5076142131979696,0.4285714285714286,6.0,14.5,3.0,1.5,0.5,1.2,0.2,0.143,0.7,0.2,0.25,3.3,1.7,0.5,3.0,1.2,1.8,-1.0,0.4987908101571947,0.5333333333333333,0.5243895344987001,2021-22
201565,Derrick Rose,1610612752,NYK,26.0,24.5,10.5,4.7,0.445,3.5,1.4,0.402,1.2,1.2,0.968,12.0,4.0,1.5,3.0,0.8,2.2,3.5,0.544069640914037,0.5142857142857143,12.0,2.6,1.2,0.5,0.429,0.4,0.1,0.2,0.0,0.0,0.0,1.1,0.6,0.1,0.3,0.2,0.2,-2.3,0.45833333333333337,0.45833333333333337,,,,,,,,,,,,,,,,,,,,,0.49834067395438425,2021-22
201566,Russell Westbrook,1610612747,LAL,78.0,34.3,15.8,7.0,0.444,3.4,1.0,0.298,5.1,3.4,0.667,18.5,7.1,3.8,7.4,1.4,6.0,-2.7,0.5126357792063844,0.47468354430379744,44.0,4.1,1.8,0.8,0.43,0.3,0.1,0.2,0.6,0.4,0.64,2.0,0.7,0.4,1.0,0.3,0.6,-0.8,0.4844961240310077,0.47222222222222227,,,,,,,,,,,,,,,,,,,,,0.5052684141520366,2021-22
201567,Kevin Love,1610612739,CLE,74.0,22.5,10.3,4.4,0.43,6.4,2.5,0.392,2.7,2.2,0.838,13.6,2.2,1.3,7.2,1.2,6.1,1.3,0.5919220055710306,0.5485436893203883,16.0,1.6,0.8,0.3,0.385,0.4,0.2,0.429,0.2,0.2,1.0,1.0,0.1,0.3,0.5,0.3,0.3,-0.3,0.5630630630630631,0.5,,,,,,,,,,,,,,,,,,,,,0.580449700856227,2021-22
201568,Danilo Gallinari,1610612737,ATL,66.0,25.3,9.0,3.9,0.434,4.5,1.7,0.381,2.4,2.1,0.904,11.7,1.5,0.6,4.7,0.5,4.1,1.6,0.5817422434367541,0.5277777777777778,23.0,1.9,0.6,0.1,0.214,0.3,0.0,0.125,0.3,0.2,0.833,0.5,0.1,0.0,0.2,0.0,0.1,-0.7,0.34153005464480873,0.16666666666666669,5.0,22.3,9.0,3.6,0.4,3.0,0.8,0.267,2.2,2.2,1.0,10.2,0.8,1.0,4.2,0.4,3.8,-7.2,0.511637239165329,0.4444444444444444,0.4732856783696523,2021-22
201569,Eric Gordon,1610612745,HOU,57.0,29.3,9.9,4.7,0.475,5.3,2.2,0.412,2.4,1.8,0.778,13.4,2.7,1.9,2.0,0.3,1.7,-3.1,0.6115370573201899,0.5858585858585859,22.0,3.4,1.4,0.8,0.548,0.8,0.2,0.294,0.5,0.4,0.667,2.1,0.5,0.3,0.3,0.0,0.3,0.2,0.6481481481481483,0.6428571428571429,,,,,,,,,,,,,,,,,,,,,0.6500858653454812,2021-22
201571,D.J. Augustin,1610612747,LAL,55.0,16.1,4.0,1.7,0.423,3.0,1.2,0.415,0.8,0.7,0.884,5.3,1.9,1.0,1.2,0.2,1.0,-3.2,0.6089154411764706,0.575,5.0,1.2,0.6,0.4,0.667,0.2,0.2,1.0,0.4,0.4,1.0,1.4,0.0,0.0,0.2,0.0,0.2,3.0,0.902061855670103,0.8333333333333334,,,,,,,,,,,,,,,,,,,,,0.8193463841684755,2021-22
201572,Brook Lopez,1610612749,MIL,13.0,23.0,10.1,4.7,0.466,4.1,1.5,0.358,1.8,1.5,0.87,12.4,0.5,0.9,4.1,1.5,2.6,-0.5,0.569225119353654,0.5396039603960396,3.0,1.8,0.7,0.0,0.0,0.7,0.0,0.0,0.0,0.0,0.0,0.0,0.0,0.3,0.3,0.0,0.3,-1.7,0.0,0.0,12.0,27.7,8.5,4.2,0.49,2.3,0.5,0.214,1.9,1.8,0.913,10.6,0.7,0.9,5.9,2.3,3.7,-2.7,0.567694944301628,0.5235294117647059,0.38564901844504373,2021-22
201577,Robin Lopez,1610612753,ORL,36.0,17.0,5.5,3.1,0.553,0.2,0.1,0.333,1.5,0.9,0.593,7.1,1.5,1.2,3.5,1.9,1.6,-1.8,0.5762987012987013,0.5727272727272728,4.0,1.0,0.8,0.0,0.0,0.0,0.0,0.0,0.0,0.0,0.0,0.0,0.3,0.0,0.3,0.3,0.0,-1.0,0.0,0.0,,,,,,,,,,,,,,,,,,,,,0.20664502164237702,2021-22
201580,JaVale McGee,1610612756,PHX,74.0,15.8,6.2,3.9,0.629,0.1,0.0,0.222,2.0,1.4,0.699,9.2,0.6,1.3,6.7,2.2,4.5,1.6,0.6497175141242937,0.6290322580645161,5.0,1.6,0.8,0.6,0.75,0.0,0.0,0.0,1.0,0.8,0.8,2.0,0.2,0.0,0.2,0.2,0.0,-0.8,0.8064516129032259,0.7499999999999999,12.0,11.1,4.2,2.9,0.7,0.1,0.0,0.0,1.1,0.9,0.846,6.8,0.6,0.8,4.0,1.3,2.7,-0.6,0.7258753202391118,0.6904761904761905,0.7529443425790504,2021-22
201586,Serge Ibaka,1610612749,MIL,54.0,16.3,5.5,2.7,0.5,1.8,0.7,0.374,0.8,0.6,0.727,6.8,0.9,0.8,4.6,1.1,3.5,-1.0,0.580997949419002,0.5545454545454546,8.0,1.8,0.3,0.0,0.0,0.1,0.0,0.0,0.0,0.0,0.0,0.0,0.3,0.0,0.4,0.1,0.3,-0.5,0.0,0.0,6.0,3.7,2.7,0.7,0.25,0.5,0.0,0.0,0.3,0.2,0.5,1.5,0.0,0.3,1.7,0.3,1.3,-2.3,0.26483050847457623,0.25925925925925924,0.2347027912606755,2021-22
201587,Nicolas Batum,1610612746,LAC,59.0,24.8,6.6,3.0,0.463,4.6,1.8,0.4,0.6,0.4,0.658,8.3,1.7,0.7,4.3,0.5,3.8,-2.2,0.6046037296037297,0.5909090909090909,23.0,2.5,0.6,0.3,0.615,0.6,0.3,0.615,0.0,0.0,0.0,1.0,0.2,0.2,0.3,0.1,0.3,1.2,0.8333333333333334,0.75,,,,,,,,,,,,,,,,,,,,,0.7661810411796638,2021-22
201588,George Hill,1610612749,MIL,54.0,23.2,5.1,2.2,0.429,2.5,0.8,0.306,1.1,1.1,0.919,6.2,2.2,0.8,2.9,0.7,2.2,5.8,0.5551575931232092,0.5098039215686275,21.0,2.1,0.4,0.2,0.5,0.1,0.0,0.333,0.1,0.1,1.0,0.5,0.1,0.1,0.3,0.1,0.1,-0.3,0.5630630630630631,0.5,5.0,15.3,1.0,0.2,0.2,0.4,0.2,0.5,0.4,0.4,1.0,1.0,0.6,0.2,1.2,0.2,1.0,-6.0,0.4251700680272109,0.30000000000000004,0.5006421244751921,2021-22
201599,DeAndre Jordan,1610612755,PHI,48.0,13.0,3.0,1.9,0.643,0.0,0.0,0.0,0.8,0.5,0.55,4.3,0.4,0.8,5.5,1.7,3.8,-3.1,0.6414081145584726,0.6333333333333333,1.0,0.4,0.0,0.0,0.0,0.0,0.0,0.0,0.0,0.0,0.0,0.0,0.0,0.0,0.0,0.0,0.0,2.0,,,3.0,10.2,1.7,1.7,1.0,0.0,0.0,0.0,0.0,0.0,0.0,3.3,0.3,0.7,2.3,0.3,2.0,-10.3,0.9705882352941176,1.0,0.592195470073471,2021-22
201609,Goran Dragic,1610612751,BKN,21.0,23.7,7.2,2.7,0.377,3.0,0.8,0.254,1.6,1.3,0.818,7.5,4.1,1.6,3.1,0.6,2.5,0.3,0.4744433198380567,0.4305555555555556,12.0,2.0,0.3,0.1,0.333,0.2,0.0,0.0,0.2,0.2,1.0,0.3,0.2,0.2,0.2,0.1,0.1,0.5,0.38659793814432986,0.33333333333333337,4.0,19.8,8.0,4.5,0.563,3.0,1.0,0.333,0.5,0.5,1.0,10.5,1.5,1.3,4.5,1.5,3.0,3.0,0.6386861313868613,0.625,0.531449598380638,2021-22
201933,Blake Griffin,1610612751,BKN,56.0,17.1,5.6,2.4,0.425,2.6,0.7,0.262,1.4,1.0,0.724,6.4,1.9,0.6,4.1,1.1,3.0,-1.7,0.5148005148005149,0.4910714285714286,15.0,2.2,0.3,0.2,0.6,0.2,0.1,0.333,0.0,0.0,0.0,0.5,0.5,0.1,0.5,0.2,0.3,1.6,0.8333333333333334,0.8333333333333334,2.0,12.7,3.5,1.0,0.286,2.5,1.0,0.4,1.0,1.0,1.0,4.0,2.0,0.5,2.0,1.0,1.0,3.0,0.5076142131979695,0.42857142857142855,0.6227421130330347,2021-22
201935,James Harden,1610612755,PHI,65.0,37.2,15.3,6.3,0.41,6.9,2.3,0.33,8.2,7.2,0.877,22.0,10.3,4.4,7.7,0.8,6.8,2.7,0.5817643325576475,0.48692810457516333,33.0,3.6,1.3,0.5,0.372,0.6,0.1,0.158,1.5,1.2,0.76,2.2,0.6,0.3,0.6,0.1,0.5,1.0,0.5612244897959184,0.4230769230769231,12.0,39.9,13.2,5.3,0.405,6.3,2.3,0.368,6.3,5.6,0.893,18.6,8.6,4.2,5.7,0.9,4.8,1.4,0.5822689706987229,0.4886363636363636,0.583666769399864,2021-22
201937,Ricky Rubio,1610612754,IND,34.0,28.5,12.1,4.4,0.363,5.1,1.7,0.339,3.0,2.6,0.854,13.1,6.6,2.6,4.1,0.4,3.7,5.4,0.4880774962742176,0.43388429752066116,13.0,3.1,1.2,0.2,0.188,0.8,0.1,0.1,0.7,0.4,0.556,0.9,0.3,0.2,0.5,0.2,0.3,-1.0,0.2984084880636605,0.20833333333333334,,,,,,,,,,,,,,,,,,,,,0.3715488461715941,2021-22
201939,Stephen Curry,1610612744,GSW,64.0,34.5,19.1,8.4,0.437,11.7,4.5,0.38,4.7,4.3,0.923,25.5,6.3,3.2,5.2,0.5,4.7,8.0,0.6023242630385487,0.5575916230366492,29.0,3.4,2.6,0.9,0.36,1.3,0.2,0.179,0.7,0.6,0.9,2.7,0.6,0.2,0.6,0.0,0.6,0.1,0.46423658872077034,0.3846153846153846,22.0,34.7,20.0,9.2,0.459,10.4,4.1,0.397,5.9,4.9,0.829,27.4,5.9,2.6,5.2,0.5,4.7,5.5,0.6063020003540449,0.5625,0.5718964723680174,2021-22
201942,DeMar DeRozan,1610612741,CHI,76.0,36.1,20.2,10.2,0.504,1.9,0.7,0.352,7.8,6.8,0.877,27.9,4.9,2.4,5.2,0.7,4.4,1.0,0.5903012863913338,0.5222772277227723,38.0,3.4,2.3,1.2,0.535,0.1,0.1,0.5,1.9,1.7,0.887,4.1,0.4,0.2,0.7,0.1,0.6,1.4,0.6536989795918368,0.5434782608695653,5.0,40.7,19.0,7.8,0.411,1.8,0.0,0.0,6.0,5.2,0.867,20.8,4.8,2.2,5.4,0.2,5.2,-13.0,0.4805914972273567,0.4105263157894737,0.5679650948228107,2021-22
201949,James Johnson,1610612751,BKN,62.0,19.2,5.0,2.3,0.469,1.4,0.4,0.271,0.9,0.5,0.527,5.5,2.1,0.8,3.5,0.8,2.6,-1.0,0.5096367679762788,0.5,18.0,3.8,0.8,0.3,0.429,0.3,0.1,0.2,0.4,0.3,0.625,1.0,0.5,0.1,0.8,0.2,0.7,0.2,0.5122950819672131,0.43749999999999994,,,,,,,,,,,,,,,,,,,,,0.5274089773003683,2021-22
201950,Jrue Holiday,1610612749,MIL,67.0,32.9,14.2,7.1,0.501,4.8,2.0,0.411,2.7,2.0,0.761,18.3,6.8,2.7,4.5,1.0,3.5,6.4,0.5946191837795686,0.5704225352112676,33.0,3.1,1.5,0.7,0.5,0.5,0.2,0.353,0.5,0.3,0.688,2.0,0.4,0.2,0.8,0.2,0.6,2.0,0.5813953488372093,0.5333333333333333,12.0,38.6,19.6,7.4,0.379,6.6,2.1,0.316,2.6,2.2,0.839,19.1,6.5,2.8,5.6,1.0,4.6,1.8,0.4603740840725029,0.43112244897959184,0.5336520692261956,2021-22
201954,Darren Collison,1610612747,LAL,3.0,12.4,2.3,0.7,0.286,1.0,0.0,0.0,0.0,0.0,0.0,1.3,0.7,0.3,1.3,0.0,1.3,-4.7,0.28260869565217395,0.30434782608695654,,,,,,,,,,,,,,,,,,,,,,,,,,,,,,,,,,,,,,,,,0.28260869565217395,2021-22
201959,Taj Gibson,1610612752,NYK,52.0,18.2,3.2,1.7,0.518,0.7,0.3,0.395,1.0,0.8,0.808,4.4,0.6,0.5,4.4,1.7,2.7,0.8,0.6043956043956045,0.5781249999999999,14.0,2.0,0.2,0.1,0.667,0.0,0.0,0.0,0.0,0.0,0.0,0.3,0.1,0.1,0.2,0.1,0.1,-0.3,0.7499999999999999,0.5,,,,,,,,,,,,,,,,,,,,,0.7077152014632482,2021-22
201961,Wayne Ellington,1610612747,LAL,43.0,18.8,5.5,2.3,0.414,4.9,1.9,0.389,0.3,0.2,0.818,6.7,0.7,0.4,1.8,0.2,1.6,-1.4,0.5948153409090909,0.5909090909090909,10.0,3.0,0.6,0.2,0.333,0.6,0.2,0.333,0.0,0.0,0.0,0.6,0.3,0.0,0.3,0.1,0.2,2.3,0.5,0.5000000000000001,,,,,,,,,,,,,,,,,,,,,0.5425142045434711,2021-22
201976,Patrick Beverley,1610612750,MIN,58.0,25.4,7.5,3.1,0.406,4.2,1.4,0.343,2.3,1.7,0.722,9.2,4.6,1.3,4.1,1.1,3.1,1.9,0.5404135338345863,0.5066666666666666,25.0,2.6,0.6,0.3,0.5,0.2,0.1,0.5,0.6,0.3,0.5,1.0,0.2,0.0,0.6,0.2,0.4,1.0,0.5787037037037037,0.5833333333333334,6.0,32.3,8.2,3.5,0.429,4.3,1.5,0.346,3.7,2.5,0.682,11.0,4.8,2.0,3.2,0.7,2.5,-4.2,0.5596255596255597,0.5182926829268293,0.5707829366853788,2021-22
201980,Danny Green,1610612755,PHI,62.0,21.8,5.2,2.0,0.394,4.4,1.7,0.38,0.2,0.2,0.786,5.9,1.0,0.7,2.5,0.5,2.0,1.3,0.5578668683812406,0.5480769230769231,21.0,2.6,0.7,0.3,0.429,0.6,0.3,0.462,0.0,0.0,0.0,0.9,0.1,0.1,0.3,0.1,0.2,-0.1,0.6428571428571429,0.6428571428571428,12.0,26.6,7.4,3.0,0.404,6.3,2.6,0.408,0.1,0.0,0.0,8.6,0.8,1.1,3.1,0.8,2.3,2.5,0.5776464266523375,0.581081081081081,0.6095482774677061,2021-22
201988,Patty Mills,1610612751,BKN,81.0,29.0,9.8,4.0,0.408,7.0,2.8,0.4,0.7,0.6,0.814,11.4,2.3,0.9,1.9,0.2,1.7,1.4,0.5639097744360902,0.5510204081632653,36.0,3.1,0.8,0.4,0.481,0.5,0.2,0.389,0.1,0.1,0.75,1.0,0.1,0.1,0.4,0.1,0.3,1.1,0.5924170616113743,0.625,4.0,18.1,4.0,2.3,0.563,3.3,1.8,0.538,0.0,0.0,0.0,6.3,0.0,0.3,1.0,0.0,1.0,0.5,0.7875,0.7999999999999999,0.6933705815817626,2021-22
202066,Garrett Temple,1610612740,NOP,59.0,18.6,5.0,1.9,0.376,3.1,1.0,0.319,0.7,0.5,0.683,5.2,1.3,0.7,2.4,0.5,1.9,-5.5,0.4898266767143934,0.48,15.0,1.4,0.2,0.1,0.667,0.2,0.1,0.667,0.0,0.0,0.0,0.4,0.1,0.0,0.0,0.0,0.0,-1.5,1.0,0.7500000000000001,1.0,1.9,0.0,0.0,0.0,0.0,0.0,0.0,0.0,0.0,0.0,0.0,0.0,0.0,1.0,0.0,1.0,-2.0,,,0.4189711127849322,2021-22
202083,Wesley Matthews,1610612749,MIL,49.0,20.5,4.5,1.8,0.395,3.2,1.1,0.338,0.6,0.4,0.786,5.1,0.7,0.4,1.9,0.6,1.3,2.8,0.5352644836272039,0.5222222222222223,18.0,2.7,0.4,0.2,0.5,0.4,0.2,0.429,0.0,0.0,0.0,0.6,0.1,0.0,0.2,0.1,0.2,0.2,0.7499999999999999,0.7500000000000001,12.0,28.7,5.3,2.1,0.391,3.8,1.5,0.4,0.8,0.5,0.667,6.2,1.2,0.5,3.1,0.8,2.3,0.7,0.5484784147204529,0.5377358490566038,0.6223388435183406,2021-22
202324,Derrick Favors,1610612760,OKC,39.0,16.7,4.7,2.4,0.516,0.4,0.1,0.125,0.6,0.4,0.64,5.3,0.6,0.2,4.7,1.5,3.2,-3.7,0.5338436744560837,0.5212765957446808,7.0,1.9,0.6,0.6,1.0,0.0,0.0,0.0,0.0,0.0,0.0,1.1,0.1,0.0,0.4,0.1,0.3,3.1,0.9166666666666667,1.0,,,,,,,,,,,,,,,,,,,,,0.8018249600405647,2021-22
202326,DeMarcus Cousins,1610612743,DEN,48.0,14.9,6.8,3.1,0.46,2.5,0.8,0.303,2.6,2.0,0.76,9.0,1.5,1.8,5.6,1.5,4.1,0.8,0.5664652567975831,0.5147058823529412,2.0,0.3,0.0,0.0,0.0,0.0,0.0,0.0,0.0,0.0,0.0,0.0,0.0,0.0,0.0,0.0,0.0,1.0,,,5.0,11.4,5.8,3.8,0.655,1.2,0.8,0.667,3.0,2.2,0.733,10.6,1.2,1.4,3.4,0.6,2.8,0.6,0.7443820224719101,0.7241379310344828,0.4666018873688856,2021-22
202328,Greg Monroe,1610612750,MIN,14.0,13.9,4.1,2.3,0.561,0.0,0.0,0.0,1.6,0.9,0.522,5.4,1.6,0.9,4.6,2.1,2.4,0.4,0.5620316402997503,0.5609756097560976,2.0,1.5,0.0,0.0,0.0,0.0,0.0,0.0,0.0,0.0,0.0,0.0,0.0,0.0,0.5,0.0,0.5,-3.5,,,2.0,3.6,2.5,1.0,0.4,0.0,0.0,0.0,0.0,0.0,0.0,2.0,0.5,0.5,1.0,0.5,0.5,-1.5,0.4,0.4,0.2936719400499584,2021-22
202330,Gordon Hayward,1610612766,CHA,49.0,31.9,12.6,5.8,0.459,4.5,1.8,0.391,3.0,2.6,0.846,15.9,3.6,1.7,4.6,0.8,3.8,-0.4,0.5711206896551724,0.5317460317460317,20.0,3.7,1.3,0.3,0.24,0.3,0.2,0.6,0.4,0.4,0.875,1.1,0.5,0.2,0.3,0.1,0.2,-0.8,0.3726287262872629,0.3076923076923077,,,,,,,,,,,,,,,,,,,,,0.4491101743932075,2021-22
202331,Paul George,1610612746,LAC,31.0,34.8,20.5,8.6,0.421,8.3,2.9,0.354,4.8,4.1,0.858,24.3,5.7,4.1,6.9,0.4,6.5,3.0,0.5373253139925703,0.4902439024390243,14.0,3.1,1.9,0.9,0.481,0.8,0.3,0.364,0.6,0.6,1.0,2.8,0.7,0.1,1.0,0.1,0.9,2.3,0.6469500924214419,0.5526315789473685,,,,,,,,,,,,,,,,,,,,,0.6196767922942928,2021-22
202339,Eric Bledsoe,1610612757,POR,54.0,25.2,8.7,3.6,0.421,3.0,0.9,0.313,2.2,1.6,0.761,9.9,4.2,2.1,3.4,0.5,2.9,-0.7,0.5119983450558544,0.4655172413793104,13.0,2.6,0.9,0.3,0.333,0.2,0.1,0.333,0.5,0.3,0.667,1.0,0.2,0.0,0.1,0.0,0.1,0.2,0.4464285714285714,0.38888888888888884,,,,,,,,,,,,,,,,,,,,,0.4786299902226835,2021-22
202340,Avery Bradley,1610612747,LAL,62.0,22.7,5.6,2.4,0.423,3.4,1.3,0.39,0.3,0.3,0.889,6.4,0.8,0.6,2.2,0.5,1.7,-2.9,0.5582693649685975,0.5446428571428571,26.0,3.0,0.5,0.2,0.5,0.3,0.2,0.5,0.1,0.1,1.0,0.7,0.0,0.1,0.3,0.0,0.3,-0.8,0.6433823529411764,0.6000000000000001,,,,,,,,,,,,,,,,,,,,,0.6239399283772937,2021-22
202355,Hassan Whiteside,1610612762,UTA,65.0,17.9,5.1,3.3,0.652,0.0,0.0,0.0,2.6,1.6,0.623,8.2,0.4,0.8,7.6,2.6,5.0,3.5,0.6566303651505445,0.6470588235294118,10.0,0.5,0.3,0.2,0.667,0.0,0.0,0.0,0.0,0.0,0.0,0.4,0.0,0.1,0.1,0.1,0.0,-1.1,0.6666666666666667,0.6666666666666667,6.0,10.9,2.0,0.8,0.417,0.0,0.0,0.0,0.7,0.2,0.25,1.8,0.0,0.0,5.2,1.3,3.8,-3.3,0.38994800693240905,0.4,0.5325169728202073,2021-22
202357,Nemanja Bjelica,1610612744,GSW,71.0,16.1,4.8,2.3,0.468,2.1,0.8,0.362,1.1,0.8,0.728,6.1,2.2,1.2,4.1,0.9,3.3,1.8,0.5772142316426949,0.5625,8.0,0.7,0.4,0.1,0.333,0.4,0.1,0.333,0.0,0.0,0.0,0.4,0.0,0.0,0.3,0.0,0.3,0.3,0.5,0.37500000000000006,15.0,10.0,2.3,1.2,0.529,0.5,0.2,0.375,0.5,0.3,0.571,2.9,1.1,0.5,2.1,0.4,1.7,-1.1,0.5753968253968254,0.5652173913043479,0.5589007846371258,2021-22
202362,Lance Stephenson,1610612754,IND,46.0,17.7,7.0,3.2,0.455,2.0,0.6,0.3,1.7,1.4,0.788,8.3,3.6,1.6,2.8,0.3,2.5,-2.5,0.5356220960247806,0.5,7.0,4.1,1.6,0.3,0.182,0.9,0.3,0.333,0.1,0.1,1.0,1.0,0.6,0.0,0.6,0.1,0.4,-2.7,0.3041362530413625,0.28124999999999994,,,,,,,,,,,,,,,,,,,,,0.40415534355637944,2021-22
202397,Ish Smith,1610612764,WAS,65.0,17.3,6.6,2.8,0.43,1.0,0.4,0.373,0.4,0.2,0.625,6.3,3.8,1.2,2.2,0.4,1.8,-2.4,0.46487603305785125,0.4545454545454546,10.0,2.3,1.0,0.5,0.5,0.3,0.1,0.333,0.2,0.1,0.5,1.2,0.3,0.0,0.5,0.0,0.5,3.9,0.551470588235294,0.55,,,,,,,,,,,,,,,,,,,,,0.5377572516586991,2021-22
202681,Kyrie Irving,1610612751,BKN,29.0,37.6,21.2,10.0,0.469,8.2,3.4,0.418,4.4,4.1,0.915,27.4,5.8,2.5,4.4,0.6,3.8,4.2,0.5921507607192255,0.5518867924528301,15.0,3.5,2.1,0.7,0.355,0.8,0.2,0.25,1.1,1.0,0.882,2.7,0.5,0.1,0.4,0.1,0.3,0.3,0.5224458204334366,0.38095238095238093,4.0,42.6,15.8,7.0,0.444,5.3,2.0,0.381,5.3,5.3,1.0,21.3,5.3,2.3,5.3,1.5,3.8,-2.3,0.587359364659166,0.5063291139240506,0.576425742970824,2021-22
202683,Enes Freedom,1610612738,BOS,35.0,11.8,2.8,1.5,0.526,0.1,0.1,0.4,0.8,0.7,0.857,3.7,0.2,0.6,4.6,1.7,2.8,2.0,0.5869289340101523,0.5535714285714286,3.0,1.9,0.3,0.3,1.0,0.0,0.0,0.0,0.7,0.3,0.5,1.0,0.0,0.0,0.7,0.3,0.3,-2.0,0.8223684210526316,1.0,,,,,,,,,,,,,,,,,,,,,0.754602877748931,2021-22
202684,Tristan Thompson,1610612741,CHI,57.0,15.7,4.7,2.5,0.528,0.1,0.0,0.333,2.0,1.1,0.526,6.0,0.6,0.8,5.1,2.1,2.9,-1.1,0.5376344086021505,0.5319148936170213,7.0,2.2,0.7,0.3,0.4,0.0,0.0,0.0,0.0,0.0,0.0,0.6,0.1,0.0,0.7,0.6,0.1,-1.3,0.4285714285714286,0.4285714285714286,5.0,7.6,1.0,0.4,0.4,0.0,0.0,0.0,0.0,0.0,0.0,0.8,0.4,1.0,1.6,0.4,1.2,-6.0,0.4,0.4,0.4473564946422757,2021-22
202685,Jonas Valančiūnas,1610612740,NOP,74.0,30.3,12.7,6.9,0.544,2.1,0.8,0.361,3.9,3.2,0.82,17.8,2.6,2.4,11.4,3.1,8.3,0.9,0.6173695893451722,0.5748031496062993,28.0,3.5,1.0,0.6,0.667,0.0,0.0,1.0,0.6,0.5,0.938,1.9,0.4,0.3,1.1,0.5,0.6,0.3,0.7515822784810127,0.6,6.0,29.1,11.3,5.5,0.485,1.0,0.2,0.167,4.3,3.3,0.769,14.5,3.0,2.0,14.3,5.5,8.8,-2.5,0.5495755003032141,0.495575221238938,0.6360841236168849,2021-22
202687,Bismack Biyombo,1610612756,PHX,36.0,14.1,4.0,2.4,0.593,0.0,0.0,0.0,2.0,1.1,0.535,5.8,0.6,0.7,4.6,1.8,2.9,1.4,0.5942622950819673,0.6,10.0,1.4,0.4,0.4,1.0,0.0,0.0,0.0,0.7,0.4,0.571,1.2,0.2,0.1,0.2,0.2,0.0,1.4,0.847457627118644,1.0,9.0,9.5,1.9,1.2,0.647,0.0,0.0,0.0,0.7,0.3,0.5,2.8,0.6,0.7,2.1,0.9,1.2,1.7,0.6340579710144928,0.631578947368421,0.7085585770579557,2021-22
202688,Brandon Knight,1610612742,DAL,5.0,12.9,5.0,2.0,0.4,3.4,0.8,0.235,1.6,1.6,1.0,6.4,1.6,0.8,1.6,0.0,1.6,-1.2,0.5610098176718094,0.48,1.0,3.0,0.0,0.0,0.0,0.0,0.0,0.0,0.0,0.0,0.0,0.0,2.0,0.0,0.0,0.0,0.0,-3.0,,,,,,,,,,,,,,,,,,,,,,,0.18700327255726978,2021-22
202689,Kemba Walker,1610612752,NYK,37.0,25.6,10.0,4.0,0.403,5.4,2.0,0.367,1.9,1.6,0.845,11.6,3.5,1.3,3.0,0.4,2.6,-4.9,0.5352528608342562,0.5,11.0,2.5,1.3,0.2,0.143,0.6,0.2,0.286,0.2,0.2,1.0,0.7,0.5,0.2,0.6,0.2,0.5,-1.0,0.2521613832853026,0.23076923076923078,,,,,,,,,,,,,,,,,,,,,0.35952520913365377,2021-22
202691,Klay Thompson,1610612744,GSW,32.0,29.4,17.9,7.7,0.429,9.3,3.6,0.385,1.6,1.4,0.902,20.4,2.8,1.3,3.9,0.5,3.4,2.1,0.5482691894216297,0.5307262569832403,16.0,3.5,1.7,0.6,0.333,1.3,0.3,0.25,0.1,0.1,1.0,1.6,0.2,0.1,0.4,0.0,0.4,-0.8,0.45871559633027525,0.4411764705882353,22.0,36.0,16.7,7.2,0.429,9.1,3.5,0.385,1.4,1.2,0.867,19.0,2.3,1.3,3.9,0.3,3.6,1.9,0.5486255486255487,0.5359281437125748,0.528093378029851,2021-22
202692,Alec Burks,1610612752,NYK,81.0,28.6,9.0,3.5,0.391,4.8,1.9,0.404,3.3,2.7,0.822,11.7,3.0,1.1,4.9,0.6,4.3,1.5,0.5597014925373134,0.49444444444444446,41.0,2.8,1.0,0.3,0.302,0.5,0.2,0.35,0.2,0.2,0.8,1.0,0.4,0.1,0.3,0.0,0.3,-2.7,0.45955882352941174,0.4,,,,,,,,,,,,,,,,,,,,,0.5040508243085888,2021-22
202693,Markieff Morris,1610612748,MIA,17.0,17.5,6.7,3.2,0.474,2.3,0.8,0.333,0.5,0.5,0.889,7.6,1.4,1.2,2.6,1.0,1.6,1.1,0.5491329479768786,0.5373134328358209,1.0,0.4,1.0,0.0,0.0,1.0,0.0,0.0,0.0,0.0,0.0,0.0,0.0,0.0,0.0,0.0,0.0,0.0,0.0,0.0,1.0,3.5,1.0,0.0,0.0,0.0,0.0,0.0,0.0,0.0,0.0,0.0,0.0,1.0,1.0,0.0,1.0,2.0,0.0,0.0,0.10644753112824712,2021-22
202694,Marcus Morris Sr.,1610612746,LAC,54.0,29.0,12.8,5.6,0.434,5.1,1.9,0.367,2.7,2.4,0.872,15.4,2.1,1.3,4.4,0.5,3.9,-2.6,0.550471832999714,0.51171875,24.0,3.7,1.1,0.5,0.462,0.6,0.3,0.4,0.6,0.4,0.714,1.7,0.1,0.2,0.3,0.1,0.2,0.8,0.6231671554252198,0.5909090909090908,,,,,,,,,,,,,,,,,,,,,0.6075291312827131,2021-22
202696,Nikola Vučević,1610612741,CHI,73.0,33.1,15.8,7.5,0.473,4.5,1.4,0.314,1.7,1.3,0.76,17.6,3.2,1.9,11.0,1.9,9.1,-0.7,0.531786318588349,0.5189873417721518,36.0,3.3,1.1,0.5,0.474,0.5,0.1,0.176,0.3,0.2,0.727,1.3,0.0,0.2,0.9,0.2,0.8,1.6,0.5275974025974025,0.5,5.0,36.2,18.2,8.0,0.44,8.4,2.6,0.31,1.0,0.8,0.8,19.4,3.2,1.6,12.4,2.8,9.6,-7.8,0.5203862660944205,0.5109890109890111,0.5316520123270844,2021-22
202699,Tobias Harris,1610612755,PHI,73.0,34.8,14.0,6.8,0.482,3.8,1.4,0.367,2.8,2.3,0.842,17.2,3.5,1.6,6.8,1.1,5.7,2.3,0.5646008403361344,0.5357142857142857,38.0,4.0,1.1,0.4,0.35,0.3,0.1,0.273,0.5,0.4,0.789,1.2,0.2,0.1,0.8,0.2,0.6,-0.1,0.45454545454545453,0.40909090909090906,12.0,38.8,13.5,6.8,0.5,4.8,1.8,0.386,1.8,1.6,0.864,16.9,2.9,1.5,7.6,0.8,6.8,-0.9,0.5912398544640358,0.5703703703703704,0.5490923616597735,2021-22
202704,Reggie Jackson,1610612746,LAC,75.0,31.2,16.3,6.4,0.392,6.8,2.2,0.326,2.2,1.8,0.847,16.8,4.8,2.3,3.6,0.5,3.1,-0.9,0.4864489228630994,0.460122699386503,36.0,3.4,2.1,0.9,0.44,0.7,0.2,0.333,1.1,0.9,0.805,3.0,0.8,0.2,0.4,0.1,0.3,1.0,0.5804953560371516,0.47619047619047616,,,,,,,,,,,,,,,,,,,,,0.5620299805611658,2021-22
202709,Cory Joseph,1610612765,DET,65.0,24.6,6.2,2.7,0.445,2.4,1.0,0.414,1.7,1.5,0.885,8.0,3.6,1.3,2.7,0.4,2.2,-3.1,0.5757052389176741,0.5161290322580645,27.0,2.8,0.7,0.3,0.444,0.4,0.1,0.4,0.1,0.1,1.0,0.9,0.1,0.1,0.3,0.1,0.3,-1.4,0.6048387096774194,0.5,,,,,,,,,,,,,,,,,,,,,0.6064178753363284,2021-22
202710,Jimmy Butler III,1610612748,MIA,57.0,33.9,14.5,7.0,0.48,2.0,0.5,0.233,8.0,6.9,0.87,21.4,5.5,2.1,5.9,1.8,4.1,4.3,0.5937846836847946,0.5,23.0,4.0,2.2,0.7,0.314,0.5,0.0,0.083,0.8,0.7,0.833,2.1,0.5,0.3,0.3,0.0,0.3,0.6,0.4114420062695925,0.3181818181818181,17.0,37.0,19.3,9.8,0.506,4.0,1.4,0.338,7.8,6.5,0.841,27.4,4.6,1.5,7.4,2.4,4.9,5.6,0.6026746436741157,0.544041450777202,0.5526211849997782,2021-22
202711,Bojan Bogdanovic,1610612762,UTA,69.0,30.9,13.4,6.1,0.455,6.8,2.6,0.387,3.8,3.2,0.858,18.1,1.7,1.7,4.3,0.8,3.4,3.2,0.6004511677282378,0.5522388059701492,34.0,3.5,1.2,0.5,0.405,1.0,0.3,0.333,0.4,0.3,0.769,1.6,0.0,0.0,0.4,0.0,0.4,0.6,0.5813953488372093,0.5416666666666667,6.0,35.7,13.5,6.5,0.481,5.5,1.8,0.333,4.0,3.2,0.792,18.0,1.7,2.0,4.2,0.5,3.7,-7.5,0.5897771952817824,0.5481481481481482,0.5977174657545961,2021-22
202722,Davis Bertans,1610612742,DAL,56.0,14.4,4.9,1.8,0.36,4.1,1.4,0.335,0.7,0.6,0.9,5.6,0.6,0.3,2.1,0.2,1.9,0.5,0.5376344086021505,0.5102040816326531,5.0,1.3,0.8,0.2,0.25,0.8,0.2,0.25,0.4,0.4,1.0,1.0,0.0,0.0,0.4,0.0,0.4,4.0,0.5122950819672131,0.37500000000000006,18.0,10.7,3.1,1.2,0.4,2.8,1.1,0.373,0.7,0.6,0.833,4.1,0.3,0.2,1.4,0.2,1.2,0.7,0.6015258215962441,0.564516129032258,0.5774602034964644,2021-22
202738,Isaiah Thomas,1610612766,CHA,22.0,15.2,7.6,3.0,0.401,3.8,1.3,0.337,1.2,1.0,0.846,8.4,1.5,0.7,1.3,0.2,1.1,-0.5,0.5167322834645669,0.48026315789473684,3.0,1.7,0.7,0.0,0.0,0.3,0.0,0.0,0.0,0.0,0.0,0.0,0.3,0.0,0.0,0.0,0.0,1.7,0.0,0.0,,,,,,,,,,,,,,,,,,,,,0.18145462080276653,2021-22
202954,Brad Wanamaker,1610612764,WAS,23.0,13.9,3.3,1.2,0.364,0.7,0.2,0.235,1.1,1.0,0.92,3.6,2.4,1.0,1.7,0.3,1.4,-1.9,0.4756871035940804,0.393939393939394,1.0,0.4,0.0,0.0,0.0,0.0,0.0,0.0,0.0,0.0,0.0,0.0,0.0,0.0,0.0,0.0,0.0,-1.0,,,,,,,,,,,,,,,,,,,,,,,0.15856236786469347,2021-22
203076,Anthony Davis,1610612747,LAL,40.0,35.1,17.4,9.3,0.532,1.8,0.3,0.186,6.1,4.4,0.713,23.2,3.1,2.1,9.9,2.7,7.2,-2.3,0.5775741884086836,0.5431034482758622,23.0,5.0,2.1,1.1,0.542,0.3,0.0,0.0,1.0,0.7,0.708,3.0,0.5,0.1,1.8,0.6,1.2,0.0,0.5905511811023622,0.5238095238095238,,,,,,,,,,,,,,,,,,,,,0.5982944823876838,2021-22
203078,Bradley Beal,1610612764,WAS,40.0,36.0,19.3,8.7,0.451,5.3,1.6,0.3,5.1,4.2,0.833,23.2,6.6,3.4,4.7,1.0,3.8,-2.6,0.5384329743780171,0.49222797927461137,18.0,4.2,2.3,0.9,0.415,0.6,0.1,0.2,1.1,0.9,0.895,2.9,0.9,0.7,0.8,0.2,0.7,1.9,0.5208333333333334,0.4130434782608696,,,,,,,,,,,,,,,,,,,,,0.5386169787932062,2021-22
203081,Damian Lillard,1610612757,POR,29.0,36.4,19.0,7.7,0.402,9.8,3.2,0.324,6.2,5.5,0.878,24.0,7.3,2.9,4.1,0.4,3.7,-1.0,0.5522827687776141,0.48947368421052634,12.0,3.7,2.5,0.7,0.267,1.4,0.3,0.176,1.0,0.8,0.833,2.4,0.6,0.3,0.9,0.3,0.7,-1.3,0.40816326530612246,0.33999999999999997,,,,,,,,,,,,,,,,,,,,,0.4693609945327692,2021-22
203082,Terrence Ross,1610612753,ORL,63.0,23.0,8.8,3.5,0.397,4.2,1.2,0.292,2.1,1.8,0.862,10.0,1.8,1.2,2.6,0.3,2.2,-5.5,0.5141916906622789,0.46590909090909083,15.0,2.4,0.8,0.3,0.333,0.5,0.1,0.143,1.1,1.1,0.941,1.7,0.0,0.0,0.3,0.1,0.2,-1.2,0.661993769470405,0.43749999999999994,,,,,,,,,,,,,,,,,,,,,0.6218173189575723,2021-22
203083,Andre Drummond,1610612751,BKN,73.0,19.7,5.9,3.4,0.57,0.0,0.0,0.0,2.2,1.2,0.524,7.9,1.8,1.6,9.3,3.1,6.2,0.5,0.5751310425160163,0.5762711864406779,15.0,2.8,0.7,0.5,0.636,0.0,0.0,0.0,0.7,0.3,0.455,1.3,0.0,0.1,1.7,0.9,0.7,-0.1,0.6448412698412699,0.7142857142857143,4.0,15.0,2.8,1.5,0.545,0.0,0.0,0.0,1.3,0.8,0.6,3.8,0.8,1.5,3.0,0.8,2.3,-6.3,0.5634638196915777,0.5357142857142857,0.6043985803231983,2021-22
203084,Harrison Barnes,1610612758,SAC,77.0,33.6,10.8,5.1,0.469,4.7,1.8,0.394,5.4,4.4,0.826,16.4,2.4,1.5,5.6,1.1,4.5,-4.9,0.6223436551305402,0.5555555555555555,34.0,3.4,1.3,0.5,0.386,0.4,0.2,0.4,0.5,0.5,0.941,1.6,0.1,0.2,0.4,0.1,0.3,-0.9,0.5263157894736842,0.4615384615384615,,,,,,,,,,,,,,,,,,,,,0.570362115061892,2021-22
203085,Austin Rivers,1610612743,DEN,67.0,22.1,5.2,2.2,0.417,3.4,1.2,0.342,0.7,0.5,0.727,6.0,1.3,0.8,1.7,0.3,1.4,0.8,0.5446623093681917,0.5384615384615385,25.0,2.8,0.6,0.2,0.375,0.4,0.1,0.3,0.0,0.0,0.0,0.6,0.0,0.1,0.2,0.0,0.2,0.8,0.5,0.4166666666666667,5.0,21.7,3.6,1.6,0.444,2.4,0.8,0.333,0.2,0.2,1.0,4.2,1.2,0.8,0.6,0.0,0.6,-1.6,0.56941431670282,0.5555555555555556,0.5536893381156845,2021-22
203087,Jeremy Lamb,1610612758,SAC,56.0,16.7,6.2,2.4,0.383,3.0,1.0,0.324,1.9,1.6,0.84,7.3,1.4,0.7,2.8,0.5,2.3,0.4,0.5187606594656055,0.46774193548387094,12.0,2.0,0.8,0.3,0.3,0.3,0.1,0.25,0.6,0.3,0.429,0.8,0.0,0.1,0.6,0.1,0.5,1.5,0.37593984962406013,0.43749999999999994,,,,,,,,,,,,,,,,,,,,,0.43645001204227896,2021-22
203090,Maurice Harkless,1610612758,SAC,47.0,18.4,3.9,1.8,0.459,2.1,0.7,0.307,0.6,0.4,0.714,4.6,0.5,0.7,2.4,0.3,2.1,-1.9,0.5523535062439962,0.5512820512820513,9.0,0.7,0.0,0.0,0.0,0.0,0.0,0.0,0.0,0.0,0.0,0.0,0.0,0.0,0.0,0.0,0.0,-1.7,,,,,,,,,,,,,,,,,,,,,,,0.1841178354146654,2021-22
203095,Evan Fournier,1610612752,NYK,80.0,29.5,12.1,5.0,0.417,7.7,3.0,0.389,1.4,1.0,0.708,14.1,2.1,1.3,2.6,0.4,2.2,-1.2,0.5544196288140925,0.5371900826446281,27.0,3.4,1.6,0.6,0.349,1.1,0.4,0.355,0.2,0.1,0.8,1.7,0.3,0.2,0.4,0.0,0.4,-0.7,0.5035545023696681,0.5,,,,,,,,,,,,,,,,,,,,,0.5337326850125845,2021-22
203107,Tomas Satoransky,1610612764,WAS,55.0,16.5,3.5,1.3,0.377,1.0,0.2,0.208,1.0,0.8,0.796,3.6,3.3,0.8,2.3,0.5,1.8,-3.0,0.4568527918781726,0.4,7.0,2.1,0.3,0.1,0.5,0.0,0.0,0.0,0.4,0.4,1.0,0.7,0.7,0.0,0.1,0.1,0.0,1.4,0.7352941176470588,0.33333333333333337,,,,,,,,,,,,,,,,,,,,,0.651051770959743,2021-22
203109,Jae Crowder,1610612756,PHX,67.0,28.1,8.1,3.2,0.399,5.4,1.9,0.348,1.3,1.1,0.789,9.4,1.9,0.8,5.3,0.4,4.8,5.9,0.5419741697416974,0.5123456790123457,30.0,3.1,0.7,0.3,0.45,0.5,0.2,0.5,0.4,0.3,0.75,1.1,0.2,0.1,0.8,0.1,0.7,3.0,0.6278538812785389,0.5714285714285715,13.0,29.5,8.1,3.2,0.4,4.8,1.5,0.302,2.0,1.5,0.731,9.4,2.4,1.5,4.7,0.6,4.1,-1.9,0.5233853006681515,0.4876543209876544,0.56994828102478,2021-22
203110,Draymond Green,1610612744,GSW,46.0,28.9,5.6,2.9,0.525,1.2,0.3,0.296,2.0,1.3,0.659,7.5,7.0,3.0,7.3,1.0,6.3,4.2,0.5787037037037037,0.5446428571428571,20.0,3.3,0.6,0.4,0.667,0.1,0.1,1.0,0.4,0.3,0.857,1.2,0.6,0.3,0.8,0.3,0.5,1.3,0.7731958762886597,0.75,22.0,32.0,6.5,3.1,0.479,1.8,0.4,0.205,2.1,1.4,0.638,8.0,6.3,2.7,7.2,1.2,6.0,5.3,0.5387931034482758,0.5076923076923078,0.6342934134833476,2021-22
203114,Khris Middleton,1610612749,MIL,66.0,32.4,15.5,6.8,0.443,6.6,2.5,0.373,4.4,3.9,0.89,20.1,5.4,2.9,5.4,0.6,4.8,4.6,0.5763936682725396,0.5193548387096775,34.0,2.6,1.3,0.6,0.442,0.6,0.2,0.4,0.7,0.6,0.88,2.0,0.2,0.2,0.6,0.1,0.6,1.1,0.6218905472636815,0.5384615384615384,2.0,35.7,12.0,5.0,0.417,7.0,3.0,0.429,1.5,1.5,1.0,14.5,7.0,5.5,5.0,0.5,4.5,1.5,0.5726698262243286,0.5416666666666666,0.5980844703524671,2021-22
203115,Will Barton,1610612743,DEN,71.0,32.1,12.6,5.5,0.438,6.1,2.2,0.365,1.8,1.4,0.803,14.7,3.9,1.8,4.8,0.6,4.2,1.4,0.5488351254480287,0.5238095238095238,31.0,4.0,1.5,0.4,0.277,0.8,0.2,0.2,0.5,0.3,0.714,1.3,0.3,0.1,0.7,0.1,0.6,0.3,0.37790697674418605,0.3333333333333333,5.0,34.4,13.2,5.4,0.409,5.6,2.2,0.393,1.2,0.8,0.667,13.8,2.8,2.0,5.6,1.0,4.6,-8.0,0.5026223776223776,0.49242424242424243,0.4806574638710727,2021-22
203145,Kent Bazemore,1610612747,LAL,39.0,14.0,3.6,1.2,0.324,2.1,0.7,0.363,0.4,0.3,0.765,3.4,0.9,0.5,1.8,0.3,1.4,-3.0,0.4502118644067796,0.43055555555555547,5.0,2.7,0.4,0.2,0.5,0.2,0.2,1.0,0.0,0.0,0.0,0.6,0.0,0.0,0.2,0.0,0.2,-0.4,0.7499999999999999,0.7500000000000001,,,,,,,,,,,,,,,,,,,,,0.6611817325769511,2021-22
203200,Justin Holiday,1610612758,SAC,74.0,27.8,8.9,3.5,0.394,6.5,2.4,0.367,0.8,0.7,0.806,10.1,1.7,0.9,2.6,0.4,2.2,-2.8,0.5458279290964115,0.5280898876404494,31.0,3.5,0.7,0.2,0.318,0.5,0.1,0.2,0.3,0.3,0.889,0.8,0.2,0.1,0.4,0.1,0.3,-2.1,0.48076923076923084,0.35714285714285715,,,,,,,,,,,,,,,,,,,,,0.5103206320833998,2021-22
203210,JaMychal Green,1610612743,DEN,67.0,16.2,4.9,2.4,0.486,1.9,0.5,0.266,1.4,1.2,0.871,6.4,0.9,0.9,4.2,1.2,3.0,-1.3,0.580130529369108,0.5408163265306122,7.0,0.9,0.3,0.3,1.0,0.0,0.0,0.0,0.0,0.0,0.0,0.6,0.0,0.0,0.3,0.0,0.3,-0.6,1.0,1.0,5.0,13.7,3.2,1.2,0.375,1.0,0.2,0.2,1.4,1.4,1.0,4.0,0.4,0.4,2.4,0.6,1.8,-4.2,0.5241090146750523,0.40625,0.69819871121072,2021-22
203457,Nerlens Noel,1610612752,NYK,25.0,22.5,2.4,1.3,0.533,0.1,0.0,0.0,1.2,0.8,0.7,3.4,0.9,0.8,5.6,1.9,3.7,-2.7,0.5806010928961749,0.5416666666666667,4.0,2.6,0.0,0.0,0.0,0.0,0.0,0.0,0.0,0.0,0.0,0.0,0.3,0.0,1.3,0.3,1.0,1.0,,,,,,,,,,,,,,,,,,,,,,,0.1935336976320583,2021-22
203458,Alex Len,1610612758,SAC,39.0,15.9,4.5,2.4,0.534,0.5,0.2,0.286,1.6,1.1,0.651,6.0,1.2,1.1,4.1,1.3,2.8,-1.9,0.5764796310530361,0.5555555555555556,6.0,2.8,0.3,0.3,1.0,0.2,0.2,1.0,0.0,0.0,0.0,0.8,0.0,0.0,0.5,0.5,0.0,-0.7,1.3333333333333335,1.3333333333333335,,,,,,,,,,,,,,,,,,,,,1.0877154325717528,2021-22
203463,Ben McLemore,1610612757,POR,64.0,20.1,8.4,3.4,0.401,6.5,2.4,0.362,1.4,1.1,0.818,10.2,0.9,0.9,1.6,0.2,1.4,-5.5,0.5656610470275066,0.5476190476190476,10.0,2.3,1.0,0.2,0.2,1.0,0.2,0.2,0.6,0.4,0.667,1.0,0.0,0.0,0.3,0.0,0.3,1.8,0.39556962025316456,0.30000000000000004,,,,,,,,,,,,,,,,,,,,,0.4641715244146232,2021-22
203468,CJ McCollum,1610612740,NOP,62.0,34.6,18.8,8.6,0.46,7.6,2.9,0.388,2.7,1.9,0.682,22.1,5.1,2.0,4.3,0.9,3.5,-1.1,0.5528316990194116,0.5345744680851063,24.0,2.8,1.3,0.5,0.419,0.3,0.0,0.167,0.3,0.2,0.714,1.3,0.5,0.2,0.4,0.1,0.3,0.0,0.4539106145251397,0.3846153846153846,6.0,39.0,20.8,8.2,0.392,8.5,2.8,0.333,4.3,3.0,0.692,22.2,4.8,2.5,6.7,1.8,4.8,-1.7,0.48915917503966155,0.4615384615384615,0.49493663581476605,2021-22
203469,Cody Zeller,1610612757,POR,27.0,13.1,3.3,1.9,0.567,0.1,0.0,0.0,1.8,1.4,0.776,5.2,0.8,0.7,4.6,1.9,2.8,-1.0,0.6353861192570871,0.5757575757575758,1.0,0.0,0.0,0.0,0.0,0.0,0.0,0.0,0.0,0.0,0.0,0.0,0.0,0.0,0.0,0.0,0.0,0.0,,,,,,,,,,,,,,,,,,,,,,,0.2117953730856957,2021-22
203471,Dennis Schröder,1610612745,HOU,64.0,28.7,11.3,4.9,0.431,3.9,1.3,0.344,2.9,2.5,0.853,13.5,4.6,2.2,3.3,0.5,2.8,-0.5,0.536736641221374,0.49115044247787615,24.0,4.3,1.6,0.7,0.447,0.5,0.1,0.167,0.8,0.6,0.833,2.1,0.6,0.2,0.4,0.0,0.4,0.1,0.5379098360655737,0.46875,,,,,,,,,,,,,,,,,,,,,0.5516780631516524,2021-22
203473,Dewayne Dedmon,1610612748,MIA,67.0,15.9,4.3,2.4,0.566,0.7,0.3,0.404,1.5,1.1,0.75,6.3,0.7,1.0,5.8,1.6,4.2,0.7,0.6350806451612903,0.5930232558139534,7.0,0.8,0.0,0.0,0.0,0.0,0.0,0.0,0.3,0.0,0.0,0.0,0.0,0.0,0.3,0.0,0.3,-1.0,0.0,,14.0,9.8,3.2,1.5,0.467,0.7,0.1,0.1,0.9,0.7,0.833,3.8,0.4,0.5,3.0,1.1,1.9,-0.7,0.5283648498331479,0.484375,0.37002919911012233,2021-22
203482,Kelly Olynyk,1610612765,DET,40.0,19.1,7.2,3.2,0.448,3.0,1.0,0.336,2.2,1.7,0.775,9.1,2.8,1.5,4.4,1.4,3.1,-1.8,0.5570519098922624,0.513888888888889,11.0,0.5,0.1,0.1,1.0,0.0,0.0,0.0,0.2,0.1,0.5,0.3,0.0,0.2,0.2,0.0,0.2,1.0,0.7978723404255319,1.0,,,,,,,,,,,,,,,,,,,,,0.7189877524698047,2021-22
203484,Kentavious Caldwell-Pope,1610612764,WAS,77.0,30.2,10.8,4.7,0.435,5.3,2.1,0.39,2.0,1.8,0.89,13.2,1.9,1.3,3.4,0.5,2.9,-3.0,0.5650684931506849,0.5324074074074073,37.0,4.2,1.0,0.5,0.5,0.6,0.3,0.435,0.2,0.2,0.889,1.5,0.1,0.2,0.4,0.0,0.4,1.1,0.6893382352941176,0.65,,,,,,,,,,,,,,,,,,,,,0.6571742471713753,2021-22
203486,Mason Plumlee,1610612766,CHA,73.0,24.6,4.4,2.8,0.641,0.0,0.0,0.0,2.3,0.9,0.392,6.5,3.1,1.4,7.7,2.4,5.3,0.1,0.6005173688100517,0.6363636363636362,24.0,2.6,0.4,0.4,0.9,0.0,0.0,0.0,0.1,0.0,0.0,0.8,0.0,0.0,0.5,0.1,0.4,-1.4,0.9009009009009009,1.0,,,,,,,,,,,,,,,,,,,,,0.8098639659594609,2021-22
203488,Mike Muscala,1610612760,OKC,43.0,13.8,5.8,2.6,0.456,3.8,1.6,0.429,1.3,1.1,0.842,8.0,0.5,0.3,3.0,0.5,2.5,0.5,0.6277463904582549,0.5862068965517242,17.0,2.4,0.9,0.5,0.533,0.6,0.3,0.5,0.6,0.4,0.7,1.6,0.1,0.1,0.6,0.1,0.5,-0.8,0.6872852233676976,0.7222222222222222,,,,,,,,,,,,,,,,,,,,,0.6829561871078516,2021-22
203490,Otto Porter Jr.,1610612744,GSW,63.0,22.2,6.6,3.1,0.464,3.4,1.3,0.37,1.0,0.8,0.803,8.2,1.5,0.6,5.7,1.4,4.4,3.7,0.5823863636363635,0.5681818181818182,25.0,3.0,0.4,0.2,0.545,0.2,0.0,0.25,0.2,0.2,0.8,0.7,0.2,0.2,0.8,0.2,0.6,0.4,0.7172131147540982,0.5,19.0,19.5,4.1,2.0,0.494,2.5,1.0,0.404,0.5,0.4,0.778,5.4,1.8,0.6,3.4,0.6,2.8,5.7,0.6250000000000001,0.6097560975609757,0.6546960382504479,2021-22
203493,Reggie Bullock Jr.,1610612742,DAL,68.0,28.0,7.4,3.0,0.401,5.8,2.1,0.36,0.7,0.6,0.833,8.6,1.2,0.6,3.5,0.5,3.1,4.0,0.5578619615983393,0.5472972972972973,22.0,2.8,0.7,0.2,0.313,0.5,0.1,0.273,0.1,0.1,0.667,0.7,0.0,0.0,0.2,0.1,0.1,-0.5,0.4704301075268817,0.35714285714285715,18.0,39.3,8.4,3.4,0.404,7.3,2.9,0.397,1.0,0.9,0.889,10.6,1.7,0.4,4.6,0.4,4.1,1.9,0.5995475113122172,0.5773809523809523,0.5590202445563068,2021-22
203496,Robert Covington,1610612746,LAC,71.0,27.3,7.0,2.9,0.42,4.8,1.8,0.378,1.0,0.8,0.841,8.5,1.3,1.1,5.5,0.8,4.7,0.5,0.5712365591397849,0.5428571428571428,27.0,2.4,0.6,0.2,0.294,0.5,0.2,0.357,0.1,0.1,1.0,0.7,0.0,0.0,0.8,0.1,0.7,0.0,0.5434782608695652,0.5000000000000001,,,,,,,,,,,,,,,,,,,,,0.5613024555298426,2021-22
203497,Rudy Gobert,1610612762,UTA,66.0,32.1,7.7,5.5,0.713,0.1,0.0,0.0,6.7,4.6,0.69,15.6,1.1,1.8,14.7,3.7,11.0,6.3,0.7325319308790383,0.7142857142857143,33.0,3.8,0.8,0.5,0.72,0.1,0.0,0.0,1.4,1.0,0.711,2.1,0.1,0.2,1.6,0.6,1.0,-0.2,0.7415254237288136,0.625,6.0,32.8,5.5,3.5,0.636,0.0,0.0,0.0,7.3,5.0,0.682,12.0,0.5,1.3,13.2,3.5,9.7,-3.8,0.6887052341597797,0.6363636363636364,0.7240060238575952,2021-22
203500,Steven Adams,1610612763,MEM,76.0,26.3,5.1,2.8,0.547,0.0,0.0,0.0,2.6,1.4,0.543,6.9,3.4,1.5,10.0,4.6,5.4,4.6,0.5525304292120437,0.5490196078431373,19.0,3.1,0.2,0.2,1.0,0.0,0.0,0.0,0.2,0.2,0.75,0.5,0.3,0.2,0.7,0.4,0.4,0.7,0.8680555555555555,1.0,7.0,16.2,3.0,1.3,0.429,0.0,0.0,0.0,1.6,0.9,0.545,3.4,2.1,0.6,6.4,2.1,4.3,1.9,0.458963282937365,0.43333333333333335,0.6148434668158903,2021-22
203501,Tim Hardaway Jr.,1610612742,DAL,42.0,29.6,12.6,5.0,0.394,7.2,2.4,0.336,2.5,1.9,0.757,14.2,2.2,0.8,3.7,0.3,3.4,0.9,0.5182481751824818,0.4920634920634921,18.0,3.2,1.2,0.4,0.381,0.7,0.3,0.385,0.3,0.2,0.5,1.3,0.3,0.1,0.1,0.0,0.1,-1.6,0.48798798798798804,0.45833333333333337,,,,,,,,,,,,,,,,,,,,,0.5075985265758729,2021-22
203503,Tony Snell,1610612740,NOP,53.0,15.5,3.2,1.3,0.404,2.4,0.8,0.352,0.1,0.1,1.0,3.5,0.5,0.4,1.9,0.3,1.6,-2.2,0.5394574599260172,0.53125,4.0,2.3,0.0,0.0,0.0,0.0,0.0,0.0,0.0,0.0,0.0,0.0,0.0,0.0,0.0,0.0,0.0,-2.5,,,,,,,,,,,,,,,,,,,,,,,0.1798191533086724,2021-22
203504,Trey Burke,1610612742,DAL,42.0,10.5,5.1,2.0,0.391,2.0,0.6,0.317,0.5,0.5,0.87,5.1,1.4,0.6,0.8,0.1,0.7,-0.2,0.4793233082706767,0.45098039215686275,1.0,1.8,2.0,0.0,0.0,2.0,0.0,0.0,0.0,0.0,0.0,0.0,0.0,0.0,0.0,0.0,0.0,-6.0,0.0,0.0,10.0,3.7,2.2,1.1,0.5,1.0,0.4,0.4,0.6,0.6,1.0,3.2,0.4,0.1,0.3,0.0,0.3,-1.5,0.6493506493506492,0.5909090909090908,0.44377822898725783,2021-22
203506,Victor Oladipo,1610612748,MIA,8.0,21.6,9.1,4.4,0.479,4.5,1.9,0.417,2.4,1.8,0.737,12.4,3.5,2.0,2.9,0.4,2.5,-0.6,0.6104765655769989,0.587912087912088,1.0,2.3,1.0,1.0,1.0,1.0,1.0,1.0,2.0,1.0,0.5,4.0,0.0,0.0,0.0,0.0,0.0,9.0,1.0638297872340425,1.5,15.0,24.5,9.1,3.3,0.368,4.1,1.1,0.274,3.5,2.8,0.792,10.6,2.1,1.7,3.4,0.3,3.1,1.2,0.49812030075187963,0.4230769230769231,0.7164051847045906,2021-22
203507,Giannis Antetokounmpo,1610612749,MIL,67.0,32.9,18.6,10.3,0.553,3.6,1.1,0.293,11.4,8.3,0.722,29.9,5.8,3.3,11.6,2.0,9.6,5.9,0.6330453929539295,0.5833333333333334,33.0,2.9,1.5,0.8,0.51,0.2,0.1,0.286,1.2,0.8,0.737,2.4,0.4,0.3,1.0,0.2,0.8,1.1,0.591715976331361,0.5666666666666668,12.0,37.3,23.8,11.7,0.491,3.4,0.8,0.22,11.2,7.6,0.679,31.7,6.8,4.5,14.2,2.2,12.0,6.6,0.5517265385686438,0.5084033613445378,0.5866740096823625,2021-22
203524,Solomon Hill,1610612737,ATL,13.0,10.7,1.5,0.2,0.15,1.0,0.2,0.154,0.0,0.0,0.0,0.6,0.9,0.1,1.8,0.5,1.3,3.2,0.19999999999999998,0.20000000000000004,1.0,0.1,0.0,0.0,0.0,0.0,0.0,0.0,0.0,0.0,0.0,0.0,0.0,0.0,0.0,0.0,0.0,-2.0,,,,,,,,,,,,,,,,,,,,,,,0.06666666666666667,2021-22
203526,Raul Neto,1610612764,WAS,70.0,19.6,6.3,2.9,0.463,1.7,0.5,0.292,1.5,1.2,0.769,7.5,3.1,1.1,1.9,0.2,1.7,-1.2,0.5387931034482759,0.5,20.0,2.7,0.9,0.4,0.471,0.3,0.1,0.333,0.3,0.3,0.833,1.2,0.6,0.2,0.2,0.1,0.1,-0.9,0.5813953488372092,0.5,,,,,,,,,,,,,,,,,,,,,0.5814803146576781,2021-22
203552,Seth Curry,1610612751,BKN,64.0,33.3,11.5,5.6,0.487,5.8,2.5,0.422,1.5,1.3,0.872,15.0,3.6,1.7,3.1,0.3,2.8,3.0,0.6167763157894737,0.5956521739130435,36.0,4.0,1.0,0.6,0.611,0.5,0.3,0.5,0.2,0.1,0.833,1.6,0.4,0.1,0.4,0.0,0.4,0.9,0.7352941176470588,0.75,4.0,33.1,9.8,5.5,0.564,5.8,3.0,0.522,0.8,0.5,0.667,14.5,3.0,0.8,2.5,0.5,2.0,-2.0,0.7141449960598896,0.7142857142857142,0.7136622420503669,2021-22
203585,Rodney McGruder,1610612765,DET,51.0,14.8,4.4,1.9,0.436,2.9,1.1,0.397,0.5,0.4,0.731,5.4,0.9,0.5,2.2,0.6,1.6,-1.1,0.5844155844155844,0.5568181818181818,7.0,1.5,0.3,0.0,0.0,0.3,0.0,0.0,0.0,0.0,0.0,0.0,0.0,0.1,0.3,0.0,0.3,-0.7,0.0,0.0,,,,,,,,,,,,,,,,,,,,,0.20162337662182703,2021-22
203816,Scotty Hopson,1610612760,OKC,1.0,17.7,4.0,2.0,0.5,1.0,0.0,0.0,0.0,0.0,0.0,4.0,1.0,2.0,1.0,0.0,1.0,-6.0,0.5,0.5,,,,,,,,,,,,,,,,,,,,,,,,,,,,,,,,,,,,,,,,,0.5,2021-22
203897,Zach LaVine,1610612741,CHI,67.0,34.7,17.7,8.4,0.476,7.1,2.8,0.389,5.6,4.8,0.853,24.4,4.5,2.6,4.6,0.3,4.3,-0.4,0.6050386828010316,0.5536723163841809,31.0,3.6,1.9,0.9,0.492,0.6,0.2,0.333,1.0,0.9,0.967,3.0,0.1,0.1,0.6,0.0,0.5,0.6,0.6410256410256411,0.5263157894736842,4.0,38.1,15.8,6.8,0.429,6.0,2.3,0.375,3.8,3.5,0.933,19.3,6.0,3.0,5.3,0.0,5.3,-10.3,0.552312271062271,0.5031645569620252,0.6014055929494175,2021-22
203901,Elfrid Payton,1610612756,PHX,50.0,11.0,3.5,1.3,0.383,0.4,0.1,0.222,0.6,0.2,0.375,3.0,2.0,0.9,1.8,0.4,1.3,-0.9,0.39851222104144524,0.38571428571428573,2.0,0.3,0.0,0.0,0.0,0.0,0.0,0.0,0.0,0.0,0.0,0.0,0.0,0.0,0.0,0.0,0.0,-2.5,,,2.0,3.8,1.5,1.0,0.667,0.0,0.0,0.0,0.0,0.0,0.0,2.0,1.5,0.0,0.0,0.0,0.0,7.0,0.6666666666666666,0.6666666666666666,0.3997520368402409,2021-22
203903,Jordan Clarkson,1610612762,UTA,79.0,27.1,14.1,5.9,0.419,7.6,2.4,0.318,2.2,1.8,0.828,16.0,2.5,1.6,3.5,0.8,2.6,4.8,0.5309264666843643,0.5035460992907802,23.0,1.3,0.3,0.1,0.286,0.2,0.0,0.0,0.1,0.1,1.0,0.3,0.0,0.0,0.1,0.0,0.1,-1.1,0.436046511627907,0.33333333333333337,6.0,28.4,12.2,6.7,0.548,4.0,1.5,0.375,3.0,2.7,0.889,17.5,1.3,1.7,3.2,0.8,2.3,-0.5,0.6471893491124261,0.6106557377049181,0.5595589157872266,2021-22
203914,Gary Harris,1610612753,ORL,61.0,28.4,9.1,3.9,0.434,5.0,1.9,0.384,1.6,1.4,0.874,11.1,1.8,1.0,2.0,0.6,1.4,-3.4,0.56609547123623,0.532967032967033,23.0,2.9,0.5,0.1,0.167,0.5,0.0,0.091,0.1,0.1,1.0,0.3,0.1,0.1,0.1,0.0,0.1,-0.7,0.275735294117647,0.2,,,,,,,,,,,,,,,,,,,,,0.3780165253177431,2021-22
203915,Spencer Dinwiddie,1610612742,DAL,67.0,29.6,11.0,4.6,0.416,4.9,1.7,0.339,3.8,2.9,0.774,13.7,5.2,1.6,4.2,0.7,3.5,-0.7,0.5405618686868686,0.49545454545454537,30.0,3.6,1.3,0.6,0.487,0.6,0.3,0.529,0.4,0.3,0.692,1.9,0.7,0.1,0.4,0.1,0.2,2.5,0.6436314363143631,0.5769230769230769,18.0,27.8,10.7,4.4,0.417,5.3,2.2,0.417,3.7,3.1,0.821,14.2,3.6,1.6,2.4,0.4,2.0,0.7,0.5759247242050617,0.5140186915887851,0.6044180008055707,2021-22
203918,Rodney Hood,1610612746,LAC,52.0,13.6,3.0,1.1,0.369,1.8,0.6,0.33,0.4,0.3,0.895,3.1,0.7,0.2,1.5,0.3,1.2,0.2,0.4880352644836272,0.46666666666666673,1.0,1.8,0.0,0.0,0.0,0.0,0.0,0.0,0.0,0.0,0.0,0.0,0.0,0.0,0.0,0.0,0.0,-1.0,,,,,,,,,,,,,,,,,,,,,,,0.1626784214945424,2021-22
203920,Khem Birch,1610612761,TOR,55.0,18.0,3.6,1.8,0.485,0.3,0.0,0.0,1.3,1.0,0.746,4.5,1.0,0.5,4.3,2.2,2.1,0.4,0.5393096836049855,0.5,9.0,2.8,0.8,0.2,0.286,0.1,0.0,0.0,0.4,0.3,0.75,0.8,0.1,0.0,0.8,0.8,0.0,1.0,0.4098360655737705,0.25,6.0,10.5,2.7,1.3,0.5,0.7,0.3,0.5,0.0,0.0,0.0,3.0,0.5,0.5,1.5,0.7,0.8,0.8,0.5555555555555555,0.537037037037037,0.5264969691192483,2021-22
203924,Jerami Grant,1610612765,DET,47.0,31.9,14.9,6.3,0.426,5.4,1.9,0.358,5.5,4.6,0.838,19.2,2.4,1.8,4.1,0.6,3.5,-4.7,0.5542725173210161,0.48657718120805366,26.0,3.6,1.3,0.5,0.364,0.2,0.0,0.167,1.0,0.8,0.769,1.7,0.3,0.1,0.4,0.0,0.3,-1.5,0.4885057471264368,0.3846153846153846,,,,,,,,,,,,,,,,,,,,,0.5191528360721428,2021-22
203925,Joe Harris,1610612751,BKN,14.0,30.2,8.9,4.0,0.452,6.3,2.9,0.466,0.4,0.4,0.833,11.3,1.0,1.1,4.0,0.4,3.6,1.1,0.6225209343323049,0.6123595505617977,5.0,2.4,0.4,0.4,1.0,0.0,0.0,0.0,0.0,0.0,0.0,0.8,0.0,0.2,0.0,0.0,0.0,3.2,1.0,1.0,,,,,,,,,,,,,,,,,,,,,0.8786680267994019,2021-22
203926,Doug McDermott,1610612759,SAS,51.0,24.0,9.1,4.2,0.462,5.0,2.1,0.422,1.0,0.8,0.784,11.3,1.3,0.8,2.3,0.4,1.9,-0.7,0.5922431865828093,0.576923076923077,12.0,1.9,0.6,0.2,0.286,0.4,0.1,0.2,0.2,0.2,1.0,0.6,0.0,0.1,0.3,0.0,0.3,-2.2,0.436046511627907,0.4166666666666667,,,,,,,,,,,,,,,,,,,,,0.4947054765388898,2021-22
203932,Aaron Gordon,1610612743,DEN,75.0,31.7,11.1,5.8,0.52,3.5,1.2,0.335,3.1,2.3,0.743,15.0,2.5,1.8,5.9,1.7,4.2,4.3,0.6017329910141207,0.5765765765765766,32.0,4.0,0.8,0.4,0.56,0.3,0.1,0.444,0.5,0.4,0.8,1.4,0.2,0.1,0.8,0.3,0.5,0.9,0.6862745098039215,0.5625,5.0,32.0,10.8,4.6,0.426,3.0,0.6,0.2,5.6,4.0,0.714,13.8,2.6,1.6,7.2,3.6,3.6,-4.6,0.520205066344994,0.4537037037037036,0.5963567421493822,2021-22
203935,Marcus Smart,1610612738,BOS,71.0,32.3,10.1,4.2,0.418,5.1,1.7,0.331,2.5,2.0,0.793,12.1,5.9,2.2,3.8,0.6,3.2,6.2,0.5401785714285714,0.5,28.0,4.6,1.2,0.4,0.303,0.6,0.2,0.313,0.7,0.6,0.842,1.5,0.4,0.3,0.6,0.1,0.5,0.0,0.4973474801061008,0.4166666666666667,21.0,36.2,13.3,5.4,0.405,6.5,2.3,0.35,3.0,2.4,0.806,15.4,5.9,2.5,4.5,1.0,3.6,1.5,0.5266757865937072,0.4924812030075188,0.5310313366879512,2021-22
203937,Kyle Anderson,1610612763,MEM,69.0,21.5,6.8,3.0,0.446,1.6,0.5,0.33,1.5,1.0,0.638,7.6,2.7,1.0,5.3,1.0,4.3,0.9,0.5093833780160858,0.47794117647058826,19.0,2.4,0.5,0.1,0.222,0.1,0.0,0.0,0.1,0.1,1.0,0.3,0.3,0.0,0.9,0.5,0.5,1.3,0.275735294117647,0.2,12.0,18.4,4.3,2.4,0.569,1.0,0.3,0.25,1.5,0.9,0.611,6.0,1.8,0.8,4.3,0.8,3.5,0.6,0.6048387096774194,0.5930232558139534,0.48658129038932896,2021-22
203939,Dwight Powell,1610612742,DAL,82.0,21.9,4.9,3.3,0.671,0.5,0.2,0.351,2.6,2.0,0.783,8.7,1.2,0.8,4.9,2.1,2.8,0.9,0.7197220383851752,0.693877551020408,25.0,1.5,0.1,0.1,1.0,0.0,0.0,0.0,0.1,0.0,0.333,0.3,0.0,0.2,0.2,0.1,0.1,0.6,1.0416666666666665,1.0,18.0,13.8,1.9,1.2,0.629,0.1,0.0,0.0,1.3,0.8,0.609,3.2,0.2,0.5,2.6,0.9,1.7,0.9,0.6472491909385114,0.631578947368421,0.7928413070817878,2021-22
203944,Julius Randle,1610612752,NYK,72.0,35.3,17.3,7.1,0.411,5.4,1.7,0.308,5.6,4.2,0.756,20.1,5.1,3.4,9.9,1.7,8.2,-2.3,0.5085003035822708,0.4595375722543352,37.0,3.5,1.3,0.5,0.375,0.4,0.1,0.2,0.9,0.6,0.676,1.7,0.4,0.3,0.9,0.2,0.7,-1.4,0.5011792452830188,0.4230769230769231,,,,,,,,,,,,,,,,,,,,,0.5111340489160537,2021-22
203952,Andrew Wiggins,1610612744,GSW,73.0,31.9,14.0,6.5,0.466,5.5,2.2,0.393,3.2,2.0,0.634,17.2,2.2,1.5,4.5,1.2,3.3,3.6,0.5581516095534788,0.5428571428571428,35.0,3.6,1.2,0.5,0.405,0.4,0.1,0.231,0.1,0.1,0.6,1.1,0.2,0.1,0.4,0.1,0.3,-0.1,0.44212218649517687,0.45833333333333337,22.0,34.9,13.9,6.5,0.469,4.8,1.6,0.333,3.0,1.9,0.646,16.5,1.8,1.4,7.5,2.5,5.0,6.4,0.5420499342969777,0.5251798561151079,0.5199957261432772,2021-22
203954,Joel Embiid,1610612755,PHI,68.0,33.8,19.6,9.8,0.499,3.7,1.4,0.371,11.8,9.6,0.814,30.6,4.2,3.1,11.7,2.1,9.6,5.4,0.6171345595353339,0.5357142857142857,36.0,4.1,2.8,1.3,0.47,0.7,0.3,0.458,1.9,1.5,0.768,4.4,0.5,0.3,1.3,0.3,1.0,0.6,0.6050605060506051,0.5178571428571429,10.0,38.5,16.1,7.8,0.484,3.3,0.7,0.212,8.9,7.3,0.82,23.6,2.1,3.2,10.7,2.1,8.6,2.8,0.5895283772981614,0.5062111801242236,0.6135924982068235,2021-22
203991,Clint Capela,1610612737,ATL,74.0,27.6,8.2,5.0,0.613,0.0,0.0,0.0,2.3,1.1,0.473,11.1,1.2,0.6,11.9,3.8,8.1,1.7,0.6024750325662179,0.6097560975609757,28.0,3.1,0.5,0.4,0.846,0.0,0.0,0.0,0.2,0.0,0.167,0.8,0.0,0.0,0.7,0.3,0.4,-0.7,0.6802721088435375,0.8,2.0,20.2,3.0,1.0,0.333,0.0,0.0,0.0,0.0,0.0,0.0,2.0,0.0,0.5,7.5,2.0,5.5,-13.5,0.3333333333333333,0.3333333333333333,0.49993410268374827,2021-22
203992,Bogdan Bogdanović,1610612737,ATL,63.0,29.3,12.6,5.4,0.431,7.3,2.7,0.368,1.8,1.5,0.843,15.1,3.1,1.1,4.0,0.5,3.5,3.0,0.5637694145758662,0.5357142857142857,22.0,3.2,2.0,0.9,0.442,1.2,0.4,0.296,0.3,0.3,1.0,2.4,0.1,0.1,0.4,0.1,0.3,-0.3,0.5628517823639775,0.55,4.0,26.7,12.3,5.0,0.408,6.5,2.3,0.346,2.5,2.0,0.8,14.3,3.0,1.0,4.8,1.0,3.8,-3.0,0.5335820895522388,0.5,0.5642428905318457,2021-22
203994,Jusuf Nurkić,1610612757,POR,56.0,28.2,10.7,5.7,0.535,1.0,0.3,0.268,4.8,3.3,0.69,15.0,2.8,2.6,11.1,3.0,8.1,0.2,0.5853886980955355,0.5467289719626169,22.0,3.2,1.4,0.9,0.633,0.0,0.0,0.0,0.5,0.4,0.75,2.1,0.2,0.0,1.6,0.7,1.0,1.7,0.6481481481481483,0.6428571428571429,,,,,,,,,,,,,,,,,,,,,0.6403124436122538,2021-22
203999,Nikola Jokić,1610612743,DEN,74.0,33.5,17.7,10.3,0.583,3.9,1.3,0.337,6.3,5.1,0.81,27.1,7.9,3.8,13.8,2.8,11.0,6.0,0.6618796404845644,0.6186440677966103,36.0,3.9,2.6,1.3,0.495,0.3,0.1,0.182,1.8,1.4,0.797,4.0,0.6,0.5,1.5,0.6,0.9,0.8,0.5896226415094339,0.5192307692307693,5.0,34.2,21.2,12.2,0.575,3.6,1.0,0.278,6.6,5.6,0.848,31.0,5.8,4.8,13.2,3.4,9.8,-8.8,0.643046797212081,0.5990566037735849,0.6430668180591724,2021-22
204001,Kristaps Porziņģis,1610612764,WAS,51.0,29.0,15.0,6.9,0.459,4.9,1.5,0.31,5.6,4.9,0.867,20.2,2.3,1.6,8.1,2.0,6.1,0.6,0.5783325698579936,0.51,20.0,3.2,1.7,1.0,0.606,0.3,0.1,0.167,0.4,0.4,1.0,2.5,0.2,0.4,0.8,0.4,0.4,-0.7,0.6663113006396589,0.6176470588235294,,,,,,,,,,,,,,,,,,,,,0.6483183903783483,2021-22
204020,Tyler Johnson,1610612759,SAS,6.0,15.2,3.3,1.0,0.3,2.2,0.8,0.385,0.0,0.0,0.0,2.8,1.2,0.3,2.0,0.5,1.5,-1.0,0.42424242424242425,0.42424242424242425,1.0,0.4,0.0,0.0,0.0,0.0,0.0,0.0,0.0,0.0,0.0,0.0,0.0,0.0,0.0,0.0,0.0,0.0,,,,,,,,,,,,,,,,,,,,,,,0.1414141414141414,2021-22
204025,Tim Frazier,1610612739,CLE,12.0,17.3,3.8,1.2,0.311,1.4,0.5,0.353,0.8,0.4,0.556,3.3,2.8,1.3,1.6,0.4,1.2,-6.7,0.3973988439306358,0.3815789473684211,1.0,7.2,2.0,1.0,0.5,0.0,0.0,0.0,0.0,0.0,0.0,2.0,1.0,2.0,0.0,0.0,0.0,-12.0,0.5,0.5,,,,,,,,,,,,,,,,,,,,,0.5184311935770632,2021-22
204038,Langston Galloway,1610612749,MIL,7.0,15.2,3.7,0.9,0.231,2.3,0.3,0.125,0.0,0.0,0.0,2.0,1.7,0.9,2.6,0.4,2.1,-1.7,0.27027027027027023,0.28378378378378377,1.0,0.8,0.0,0.0,0.0,0.0,0.0,0.0,0.0,0.0,0.0,0.0,0.0,0.0,0.0,0.0,0.0,5.0,,,,,,,,,,,,,,,,,,,,,,,0.09009009009009007,2021-22
204060,Joe Ingles,1610612757,POR,45.0,24.9,6.3,2.6,0.404,5.0,1.7,0.347,0.5,0.4,0.773,7.2,3.5,1.0,2.9,0.3,2.6,4.1,0.5521472392638037,0.5476190476190477,11.0,1.9,0.4,0.1,0.25,0.3,0.0,0.0,0.0,0.0,0.0,0.2,0.2,0.0,0.0,0.0,0.0,-1.5,0.25,0.25,,,,,,,,,,,,,,,,,,,,,0.35706495276946637,2021-22
204456,T.J. McConnell,1610612754,IND,27.0,24.2,7.7,3.7,0.481,1.2,0.4,0.303,0.9,0.7,0.826,8.5,4.9,1.1,3.3,0.7,2.6,-2.7,0.5249505928853755,0.5064935064935066,11.0,3.1,1.1,0.3,0.25,0.3,0.0,0.0,0.4,0.3,0.75,0.8,0.4,0.0,0.6,0.0,0.6,-2.4,0.31347962382445144,0.2727272727272727,,,,,,,,,,,,,,,,,,,,,0.3982556611286185,2021-22
1626145,Tyus Jones,1610612763,MEM,73.0,21.2,7.6,3.4,0.451,2.8,1.1,0.39,0.9,0.7,0.818,8.7,4.4,0.6,2.4,0.2,2.2,3.5,0.5440220110055027,0.5197368421052632,15.0,2.6,0.5,0.3,0.571,0.1,0.1,1.0,0.3,0.3,1.0,0.9,0.3,0.1,0.4,0.1,0.3,1.9,0.7120253164556962,0.7,12.0,21.8,8.3,3.3,0.394,3.8,1.5,0.4,1.3,1.2,0.933,9.2,4.5,1.1,3.3,0.3,2.9,1.4,0.5184851217312895,0.4879518072289156,0.5938336155526827,2021-22
1626147,Justin Anderson,1610612754,IND,16.0,19.7,5.9,2.3,0.379,3.7,0.9,0.254,1.2,0.9,0.789,6.4,2.1,0.5,2.9,0.3,2.6,-0.9,0.4978220286247666,0.4661016949152542,3.0,2.1,0.3,0.0,0.0,0.0,0.0,0.0,0.0,0.0,0.0,0.0,0.0,0.0,0.0,0.0,0.0,-3.0,0.0,0.0,,,,,,,,,,,,,,,,,,,,,0.17102542197010556,2021-22
1626149,Montrezl Harrell,1610612766,CHA,71.0,23.1,7.8,5.0,0.645,0.2,0.1,0.235,4.2,3.0,0.716,13.1,2.0,1.0,6.1,2.1,4.0,1.2,0.6788971807628524,0.6474358974358975,23.0,3.2,1.0,0.6,0.636,0.1,0.0,0.0,0.6,0.3,0.571,1.6,0.1,0.1,1.0,0.5,0.5,-0.6,0.6329113924050633,0.6,,,,,,,,,,,,,,,,,,,,,0.6610605013431955,2021-22
1626153,Delon Wright,1610612737,ATL,77.0,18.9,3.5,1.6,0.454,1.5,0.6,0.379,0.8,0.7,0.857,4.4,2.4,0.6,2.9,0.6,2.2,0.8,0.5711318795430945,0.5428571428571429,10.0,2.6,0.1,0.0,0.0,0.1,0.0,0.0,0.1,0.1,1.0,0.1,0.2,0.0,0.4,0.1,0.3,-2.1,0.3472222222222222,0.0,5.0,27.4,5.8,3.0,0.517,2.6,1.0,0.385,1.8,1.2,0.667,8.2,2.8,1.0,4.8,2.2,2.6,3.6,0.6219660194174758,0.603448275862069,0.5247695398963209,2021-22
1626156,D'Angelo Russell,1610612750,MIN,65.0,31.9,15.0,6.2,0.411,8.0,2.7,0.34,3.7,3.0,0.825,18.1,7.1,2.5,3.3,0.4,2.9,3.2,0.5442626894394996,0.5033333333333334,28.0,3.5,2.2,1.0,0.452,1.1,0.3,0.3,1.1,1.0,0.9,3.3,0.5,0.1,0.4,0.0,0.3,0.8,0.6147540983606556,0.5227272727272726,6.0,32.7,12.0,4.0,0.333,5.2,2.0,0.387,2.7,2.0,0.75,12.0,6.7,2.8,2.5,0.0,2.5,-0.7,0.4549590536851683,0.4166666666666667,0.5377746745350749,2021-22
1626157,Karl-Anthony Towns,1610612750,MIN,74.0,33.5,16.4,8.7,0.529,4.9,2.0,0.41,6.3,5.2,0.822,24.6,3.6,3.1,9.8,2.6,7.2,3.7,0.6415606092217819,0.5914634146341463,31.0,3.0,1.4,0.6,0.452,0.6,0.2,0.389,0.2,0.2,0.714,1.6,0.1,0.2,0.8,0.2,0.6,0.9,0.5376344086021506,0.5,6.0,36.9,13.3,6.5,0.488,3.7,1.7,0.455,8.3,7.2,0.86,21.8,2.2,4.5,10.8,1.8,9.0,-1.7,0.6429919773478056,0.5526315789473684,0.6161708117769163,2021-22
1626158,Richaun Holmes,1610612758,SAC,45.0,23.9,6.7,4.4,0.66,0.1,0.0,0.4,2.0,1.6,0.778,10.4,1.1,1.2,7.0,2.1,5.0,-3.0,0.6860158311345647,0.6567164179104478,17.0,2.6,0.2,0.1,0.333,0.0,0.0,0.0,0.5,0.5,1.0,0.6,0.1,0.1,0.6,0.1,0.5,-1.4,0.7142857142857142,0.5,,,,,,,,,,,,,,,,,,,,,0.7078474945284178,2021-22
1626159,Justise Winslow,1610612757,POR,48.0,16.1,5.4,2.3,0.428,1.4,0.3,0.227,1.4,0.8,0.591,5.7,1.8,1.0,4.2,1.0,3.2,0.6,0.4737367021276596,0.4537037037037036,14.0,2.2,0.6,0.3,0.444,0.1,0.0,0.0,0.7,0.5,0.7,1.1,0.4,0.1,0.6,0.4,0.3,1.0,0.6057268722466962,0.5,,,,,,,,,,,,,,,,,,,,,0.5728412599827375,2021-22
1626162,Kelly Oubre Jr.,1610612766,CHA,76.0,26.3,12.3,5.4,0.44,7.3,2.5,0.345,2.5,1.7,0.667,15.0,1.1,0.9,4.0,1.0,2.9,-0.3,0.5597014925373134,0.540650406504065,22.0,3.3,1.3,0.5,0.414,0.7,0.3,0.438,0.1,0.0,0.5,1.5,0.0,0.0,0.3,0.0,0.3,-0.2,0.5580357142857143,0.5,,,,,,,,,,,,,,,,,,,,,0.5691600793931116,2021-22
1626163,Frank Kaminsky,1610612756,PHX,9.0,20.1,7.3,4.0,0.545,1.7,0.6,0.333,2.2,2.0,0.9,10.6,1.4,0.6,4.6,1.2,3.3,4.3,0.641025641025641,0.589041095890411,2.0,3.7,1.0,0.5,0.5,0.0,0.0,0.0,0.0,0.0,0.0,1.0,0.5,0.5,1.0,0.0,1.0,6.5,0.5,0.5,,,,,,,,,,,,,,,,,,,,,0.5607071771436567,2021-22
1626164,Devin Booker,1610612756,PHX,68.0,34.5,20.9,9.7,0.466,7.0,2.7,0.383,5.3,4.6,0.868,26.8,4.8,2.4,5.0,0.7,4.4,6.9,0.5767906336088154,0.5287081339712919,32.0,3.0,1.6,0.9,0.569,0.7,0.3,0.409,1.1,0.8,0.771,2.9,0.4,0.1,0.4,0.1,0.3,3.0,0.6957773512476008,0.65625,10.0,36.6,17.5,7.9,0.451,6.5,2.8,0.431,5.3,4.7,0.887,23.3,4.4,3.2,4.8,1.0,3.8,-2.2,0.5874344493747479,0.5314285714285715,0.6294302830966882,2021-22
1626166,Cameron Payne,1610612756,PHX,58.0,22.0,10.1,4.1,0.409,3.6,1.2,0.336,1.5,1.3,0.843,10.8,4.9,1.8,3.0,0.4,2.6,2.6,0.5018587360594796,0.4653465346534653,9.0,3.5,1.2,0.6,0.455,0.2,0.1,0.5,1.2,0.9,0.727,2.1,0.7,0.3,0.4,0.0,0.4,0.1,0.607638888888889,0.5416666666666667,13.0,13.2,5.7,1.7,0.297,2.3,0.4,0.167,0.5,0.4,0.833,4.2,2.1,1.0,1.5,0.2,1.4,-1.0,0.35472972972972977,0.3333333333333333,0.4754354719553766,2021-22
1626167,Myles Turner,1610612754,IND,42.0,29.4,9.4,4.8,0.509,4.4,1.5,0.333,2.5,1.9,0.752,12.9,1.0,1.3,7.1,1.5,5.5,-0.3,0.6142857142857143,0.5904255319148936,19.0,2.8,0.6,0.2,0.333,0.4,0.1,0.286,0.0,0.0,0.0,0.5,0.1,0.1,0.6,0.2,0.4,-3.2,0.4166666666666667,0.4166666666666667,,,,,,,,,,,,,,,,,,,,,0.4889226612624078,2021-22
1626168,Trey Lyles,1610612758,SAC,75.0,20.5,7.5,3.5,0.466,2.8,0.9,0.321,3.2,2.6,0.802,10.5,1.2,1.0,5.1,1.2,3.9,-3.0,0.5893578805568029,0.5266666666666667,16.0,3.3,0.6,0.3,0.556,0.1,0.0,0.0,0.6,0.6,1.0,1.3,0.1,0.0,0.7,0.1,0.6,-0.4,0.7523148148148149,0.5,,,,,,,,,,,,,,,,,,,,,0.7059958367277442,2021-22
1626169,Stanley Johnson,1610612747,LAL,48.0,22.8,5.2,2.4,0.466,2.2,0.7,0.314,1.5,1.1,0.716,6.7,1.7,0.7,3.2,0.7,2.5,-1.0,0.5716723549488054,0.5288461538461539,24.0,1.8,0.2,0.1,0.75,0.0,0.0,1.0,0.1,0.1,1.0,0.4,0.1,0.0,0.3,0.1,0.1,-0.8,0.819672131147541,0.5,,,,,,,,,,,,,,,,,,,,,0.74085169292671,2021-22
1626171,Bobby Portis,1610612749,MIL,72.0,28.2,12.1,5.8,0.479,4.7,1.8,0.393,1.6,1.2,0.752,14.6,1.2,1.3,9.1,2.5,6.6,4.4,0.570134333020931,0.5537190082644629,28.0,2.4,0.4,0.2,0.5,0.2,0.1,0.4,0.3,0.2,0.667,0.7,0.1,0.0,0.3,0.2,0.1,0.5,0.6578947368421052,0.625,12.0,24.8,9.6,4.0,0.417,3.9,1.2,0.298,1.8,1.4,0.773,10.6,0.8,1.3,10.0,2.1,7.9,2.3,0.5100076982294073,0.47916666666666663,0.5726302686892543,2021-22
1626172,Kevon Looney,1610612744,GSW,82.0,21.1,4.4,2.5,0.571,0.0,0.0,0.0,1.5,0.9,0.6,6.0,2.0,0.8,7.3,2.5,4.7,2.0,0.592885375494071,0.5681818181818181,27.0,2.0,0.4,0.3,0.8,0.0,0.0,0.0,0.2,0.1,0.333,0.7,0.0,0.1,0.4,0.2,0.2,-0.1,0.7172131147540982,0.7499999999999999,22.0,20.4,4.0,2.6,0.659,0.0,0.0,0.0,0.8,0.5,0.611,5.8,2.2,0.9,7.6,2.9,4.8,2.8,0.666360294117647,0.65,0.6801563236480443,2021-22
1626174,Christian Wood,1610612745,HOU,68.0,30.8,12.9,6.5,0.501,4.9,1.9,0.39,4.9,3.0,0.623,17.9,2.3,1.9,10.1,1.6,8.5,-6.0,0.5944473963868224,0.5775193798449613,23.0,3.5,1.2,0.5,0.444,0.3,0.1,0.375,0.7,0.5,0.688,1.7,0.3,0.4,0.9,0.1,0.8,-1.0,0.5636604774535808,0.45833333333333337,,,,,,,,,,,,,,,,,,,,,0.5832251093453356,2021-22
1626179,Terry Rozier,1610612766,CHA,73.0,33.7,16.0,7.1,0.444,8.1,3.0,0.374,2.4,2.1,0.852,19.3,4.5,1.3,4.3,0.8,3.5,1.0,0.5657833020637899,0.5375,29.0,4.2,2.1,0.9,0.403,1.3,0.4,0.333,0.6,0.4,0.813,2.6,0.3,0.1,0.4,0.1,0.4,0.0,0.5499153976311337,0.5238095238095238,,,,,,,,,,,,,,,,,,,,,0.5683296991078655,2021-22
1626181,Norman Powell,1610612746,LAC,45.0,32.4,13.4,6.2,0.461,5.6,2.4,0.419,5.2,4.2,0.811,19.0,2.1,1.5,3.2,0.4,2.8,-4.9,0.6055583885772565,0.5522388059701493,19.0,3.1,0.8,0.4,0.533,0.3,0.2,0.5,0.9,0.7,0.824,1.7,0.2,0.1,0.2,0.0,0.2,-1.0,0.7107023411371236,0.625,,,,,,,,,,,,,,,,,,,,,0.681624506203787,2021-22
1626192,Pat Connaughton,1610612749,MIL,65.0,26.0,7.6,3.5,0.458,5.7,2.2,0.395,0.8,0.7,0.833,9.9,1.3,0.5,4.2,0.7,3.5,-0.4,0.6224849094567405,0.6052631578947368,28.0,2.1,0.7,0.3,0.421,0.6,0.3,0.438,0.0,0.0,1.0,0.9,0.1,0.0,0.4,0.1,0.3,1.0,0.6428571428571429,0.6428571428571428,12.0,26.5,7.3,3.5,0.477,5.3,2.1,0.391,0.4,0.4,1.0,9.5,0.9,0.6,4.3,0.3,4.0,1.2,0.635366506153023,0.6232876712328766,0.6449269785862601,2021-22
1626195,Willy Hernangomez,1610612740,NOP,50.0,16.8,6.5,3.4,0.52,0.2,0.1,0.333,2.8,2.2,0.773,9.1,1.3,1.0,6.8,2.9,3.9,-0.9,0.5884635281945163,0.5307692307692308,4.0,2.5,0.5,0.0,0.0,0.0,0.0,0.0,0.0,0.0,0.0,0.0,0.0,0.0,0.5,0.0,0.5,-2.3,0.0,0.0,1.0,1.9,4.0,1.0,0.25,1.0,0.0,0.0,0.0,0.0,0.0,2.0,0.0,0.0,2.0,2.0,0.0,-2.0,0.25,0.25,0.2307695623902103,2021-22
1626196,Josh Richardson,1610612759,SAS,65.0,24.6,8.2,3.6,0.438,3.8,1.6,0.415,1.7,1.5,0.889,10.2,1.8,1.0,2.8,0.6,2.2,2.1,0.5699597675458203,0.5365853658536587,23.0,3.7,0.7,0.3,0.375,0.2,0.1,0.6,0.3,0.2,0.667,0.8,0.2,0.1,0.4,0.1,0.3,0.1,0.48076923076923084,0.5,,,,,,,,,,,,,,,,,,,,,0.5190359950595733,2021-22
1626204,Larry Nance Jr.,1610612740,NOP,46.0,22.6,5.4,2.8,0.522,1.5,0.5,0.329,1.2,0.9,0.702,7.0,1.8,0.8,5.4,1.6,3.8,-1.3,0.5904183535762483,0.5648148148148148,13.0,1.4,0.3,0.2,0.75,0.1,0.0,0.0,0.2,0.2,1.0,0.6,0.0,0.0,0.2,0.1,0.1,0.1,0.7731958762886597,0.6666666666666667,6.0,21.6,6.5,3.7,0.564,1.5,0.3,0.222,1.8,1.5,0.818,9.2,1.8,1.0,5.8,3.2,2.7,2.8,0.6308283049917718,0.5923076923076923,0.677104725742674,2021-22
1626208,Keifer Sykes,1610612754,IND,32.0,17.7,5.9,2.2,0.363,2.8,0.8,0.3,0.5,0.5,0.882,5.6,1.9,1.0,1.4,0.3,1.2,-2.2,0.45751633986928103,0.4406779661016949,5.0,2.6,0.8,0.4,0.5,0.4,0.2,0.5,0.0,0.0,0.0,1.0,0.0,0.0,0.2,0.0,0.2,-1.8,0.625,0.625,,,,,,,,,,,,,,,,,,,,,0.5827314353213605,2021-22
1626220,Royce O'Neale,1610612762,UTA,77.0,31.2,5.8,2.6,0.457,4.0,1.5,0.389,0.7,0.6,0.804,7.4,2.5,1.0,4.8,0.8,3.9,3.0,0.6057629338572365,0.5775862068965517,39.0,3.3,0.4,0.1,0.143,0.2,0.0,0.111,0.1,0.1,0.6,0.2,0.4,0.1,0.6,0.2,0.4,-0.2,0.22522522522522523,0.25,6.0,31.4,5.8,2.3,0.4,4.2,1.2,0.28,0.3,0.3,1.0,6.2,1.5,0.5,5.7,1.0,4.7,-8.8,0.5225893459204316,0.5,0.4442267887344458,2021-22
1626224,Cedi Osman,1610612739,CLE,66.0,22.1,8.7,3.7,0.432,5.4,1.9,0.357,2.0,1.3,0.664,10.7,2.0,1.0,2.2,0.4,1.8,-0.9,0.558455114822547,0.5344827586206897,18.0,2.0,0.8,0.2,0.286,0.5,0.2,0.333,0.1,0.1,0.5,0.7,0.2,0.0,0.2,0.1,0.1,-0.8,0.41469194312796204,0.37500000000000006,,,,,,,,,,,,,,,,,,,,,0.471808402657284,2021-22
1627734,Domantas Sabonis,1610612758,SAC,62.0,34.4,12.5,7.1,0.573,2.0,0.6,0.312,5.4,4.0,0.741,18.9,5.2,3.1,12.1,3.2,8.9,-0.2,0.6352514116698036,0.592,33.0,3.4,1.1,0.5,0.514,0.2,0.1,0.286,0.6,0.5,0.762,1.6,0.3,0.2,1.2,0.5,0.7,-1.0,0.5865102639296188,0.5,,,,,,,,,,,,,,,,,,,,,0.6115573131756431,2021-22
1627736,Malik Beasley,1610612750,MIN,79.0,25.0,10.8,4.2,0.391,8.1,3.0,0.377,0.8,0.6,0.817,12.1,1.5,0.5,2.9,0.3,2.5,1.0,0.5425035868005739,0.5277777777777778,22.0,2.4,0.8,0.2,0.294,0.6,0.2,0.286,0.1,0.1,1.0,0.8,0.0,0.0,0.2,0.0,0.2,-0.8,0.4739336492890995,0.37500000000000006,6.0,19.8,7.3,3.2,0.432,4.2,1.3,0.32,1.0,0.8,0.833,8.5,0.7,1.2,3.3,0.3,3.0,-7.3,0.5490956072351421,0.5273972602739726,0.5303503585874214,2021-22
1627737,Marquese Chriss,1610612742,DAL,34.0,10.2,3.9,1.8,0.463,0.7,0.2,0.32,1.0,0.6,0.667,4.5,0.5,0.5,3.0,1.0,2.1,-0.3,0.5184331797235023,0.4871794871794872,2.0,1.1,0.5,0.0,0.0,0.5,0.0,0.0,0.0,0.0,0.0,0.0,0.0,0.0,0.0,0.0,0.0,-2.0,0.0,0.0,8.0,3.8,1.0,0.5,0.5,0.3,0.1,0.5,0.8,0.6,0.833,1.8,0.0,0.1,1.1,0.5,0.6,-1.9,0.665680473372781,0.55,0.43206627945753306,2021-22
1627739,Kris Dunn,1610612757,POR,14.0,24.0,7.3,3.1,0.431,0.8,0.1,0.091,1.3,1.2,0.944,7.6,5.6,2.3,3.5,0.6,2.9,-6.6,0.48272357723577236,0.4315068493150685,6.0,1.7,0.8,0.0,0.0,0.5,0.0,0.0,0.0,0.0,0.0,0.0,0.0,0.0,0.2,0.0,0.2,-2.5,0.0,0.0,,,,,,,,,,,,,,,,,,,,,0.1718667631866786,2021-22
1627741,Buddy Hield,1610612754,IND,81.0,30.8,13.6,5.5,0.406,8.8,3.2,0.366,1.6,1.4,0.874,15.6,2.8,1.9,4.4,0.8,3.5,-2.0,0.5453020134228188,0.5220588235294118,39.0,3.3,1.3,0.4,0.269,0.8,0.2,0.25,0.7,0.7,0.964,1.6,0.2,0.1,0.5,0.1,0.5,-1.0,0.4975124378109453,0.3846153846153846,,,,,,,,,,,,,,,,,,,,,0.5230011198769454,2021-22
1627742,Brandon Ingram,1610612740,NOP,55.0,34.0,17.9,8.2,0.461,4.1,1.3,0.327,5.9,4.8,0.826,22.7,5.6,2.7,5.8,0.6,5.2,2.2,0.5537665886026542,0.49441340782122906,20.0,3.9,2.1,0.8,0.39,0.5,0.2,0.333,1.1,0.8,0.762,2.6,0.4,0.5,0.8,0.1,0.7,0.4,0.5030959752321982,0.42857142857142855,6.0,39.3,19.7,9.3,0.475,4.5,1.8,0.407,7.8,6.5,0.83,27.0,6.2,3.8,6.2,0.7,5.5,0.8,0.5836071243299327,0.517766497461929,0.5635284955842382,2021-22
1627745,Damian Jones,1610612758,SAC,56.0,18.2,4.8,3.1,0.658,0.5,0.2,0.345,2.3,1.7,0.718,8.1,1.2,1.1,4.4,1.3,3.1,-3.1,0.6968341362697867,0.6666666666666667,13.0,4.3,0.8,0.7,0.818,0.0,0.0,0.0,0.6,0.2,0.25,1.5,0.3,0.3,1.2,0.5,0.8,1.4,0.7048872180451128,0.8749999999999999,,,,,,,,,,,,,,,,,,,,,0.7188695241165319,2021-22
1627747,Caris LeVert,1610612739,CLE,58.0,30.7,14.7,6.5,0.444,4.4,1.4,0.32,3.3,2.5,0.756,17.0,4.3,1.9,3.7,0.7,2.9,-1.1,0.5262506191183755,0.489795918367347,28.0,3.7,1.8,0.7,0.373,0.6,0.1,0.235,0.5,0.3,0.6,1.8,0.3,0.3,0.6,0.3,0.4,-0.8,0.44554455445544555,0.41666666666666663,,,,,,,,,,,,,,,,,,,,,0.48469147396810625,2021-22
1627749,Dejounte Murray,1610612759,SAS,68.0,34.8,18.3,8.4,0.462,4.3,1.4,0.327,3.6,2.9,0.794,21.1,9.2,2.6,8.3,1.2,7.1,0.7,0.5305773486220077,0.49726775956284147,34.0,3.7,2.4,1.0,0.432,0.4,0.1,0.214,0.9,0.6,0.677,2.8,0.6,0.4,0.7,0.1,0.6,-1.4,0.5007153075822603,0.43750000000000006,,,,,,,,,,,,,,,,,,,,,0.5237840753598201,2021-22
1627751,Jakob Poeltl,1610612759,SAS,68.0,29.0,9.8,6.0,0.618,0.0,0.0,1.0,2.8,1.4,0.495,13.5,2.8,1.6,9.3,3.9,5.5,1.7,0.6118564176939811,0.6122448979591836,29.0,3.9,0.9,0.6,0.593,0.0,0.0,0.0,0.6,0.3,0.471,1.4,0.2,0.1,1.4,0.6,0.9,-0.7,0.6013745704467353,0.6666666666666666,,,,,,,,,,,,,,,,,,,,,0.6140521929976012,2021-22
1627752,Taurean Prince,1610612750,MIN,69.0,17.1,5.7,2.6,0.454,3.3,1.2,0.376,1.2,0.9,0.756,7.3,1.0,0.8,2.5,0.4,2.1,-0.1,0.5860629415542711,0.5614035087719298,7.0,2.2,0.1,0.1,1.0,0.0,0.0,0.0,0.3,0.3,1.0,0.6,0.1,0.1,0.3,0.0,0.3,0.3,1.2931034482758619,1.0,5.0,13.1,5.4,2.0,0.37,2.8,0.8,0.286,1.4,1.2,0.857,6.0,1.2,0.8,1.6,0.2,1.4,-6.8,0.49867021276595747,0.4444444444444444,0.7798011320319157,2021-22
1627759,Jaylen Brown,1610612738,BOS,66.0,33.6,18.4,8.7,0.473,7.0,2.5,0.358,4.8,3.7,0.758,23.6,3.5,2.7,6.1,0.8,5.3,6.9,0.5752730109204368,0.5407608695652174,27.0,4.7,2.6,1.1,0.414,0.8,0.3,0.381,0.5,0.4,0.714,2.8,0.6,0.3,0.8,0.0,0.8,-0.9,0.4964539007092198,0.4807692307692307,24.0,38.3,17.5,8.2,0.47,6.7,2.5,0.373,5.5,4.2,0.763,23.1,3.5,3.1,6.9,1.4,5.5,3.0,0.5798192771084337,0.5399999999999999,0.5654035420592037,2021-22
1627761,DeAndre' Bembry,1610612749,MIL,56.0,18.3,3.9,2.2,0.561,0.6,0.3,0.417,0.6,0.4,0.6,5.1,1.2,0.6,2.9,0.8,2.2,-0.5,0.6123919308357348,0.6025641025641026,9.0,2.1,0.6,0.2,0.4,0.0,0.0,0.0,0.1,0.1,1.0,0.6,0.0,0.0,0.1,0.0,0.1,-1.7,0.4658385093167702,0.33333333333333337,,,,,,,,,,,,,,,,,,,,,0.5300742652037623,2021-22
1627763,Malcolm Brogdon,1610612754,IND,36.0,33.5,15.1,6.8,0.448,5.2,1.6,0.312,4.6,4.0,0.856,19.1,5.9,2.1,5.1,0.9,4.2,0.0,0.5576967998131278,0.5033112582781457,17.0,4.9,2.9,1.2,0.42,0.9,0.3,0.313,0.8,0.8,0.929,3.5,0.6,0.4,0.9,0.2,0.7,-0.6,0.5381303813038131,0.46551724137931033,,,,,,,,,,,,,,,,,,,,,0.5638578188188912,2021-22
1627767,Cheick Diallo,1610612765,DET,3.0,10.2,2.7,1.0,0.375,0.0,0.0,0.0,2.0,1.7,0.833,3.7,0.0,0.3,4.0,1.3,2.7,-11.0,0.5167597765363129,0.37037037037037035,,,,,,,,,,,,,,,,,,,,,,,,,,,,,,,,,,,,,,,,,0.5167597765363129,2021-22
1627777,Georges Niang,1610612755,PHI,76.0,22.8,7.4,3.2,0.437,5.1,2.1,0.403,0.8,0.7,0.881,9.2,1.3,0.8,2.7,0.3,2.3,0.9,0.5933952528379772,0.5743243243243243,31.0,2.3,0.5,0.2,0.294,0.4,0.1,0.308,0.1,0.0,0.5,0.5,0.1,0.0,0.3,0.1,0.2,1.4,0.45955882352941174,0.5,12.0,16.5,4.0,1.7,0.417,3.6,1.3,0.372,0.2,0.2,1.0,4.8,0.9,0.6,1.5,0.3,1.2,2.0,0.5870841487279843,0.5875,0.5523843144359692,2021-22
1627780,Gary Payton II,1610612744,GSW,71.0,17.6,4.8,3.0,0.616,1.7,0.6,0.358,0.8,0.5,0.603,7.1,0.9,0.6,3.5,1.0,2.5,2.5,0.6890527950310559,0.6875,25.0,1.4,0.2,0.2,0.833,0.1,0.0,0.5,0.0,0.0,0.0,0.4,0.0,0.0,0.3,0.0,0.2,-0.6,1.0,1.0,12.0,16.9,3.7,2.4,0.659,1.3,0.7,0.533,1.5,1.0,0.667,6.5,1.3,0.5,3.1,1.1,2.0,4.1,0.7454128440366972,0.7432432432432432,0.8250485545226565,2021-22
1627783,Pascal Siakam,1610612761,TOR,68.0,37.9,17.8,8.8,0.494,3.2,1.1,0.344,5.6,4.2,0.749,22.8,5.3,2.7,8.5,1.9,6.6,3.8,0.5625740228977497,0.5252808988764045,38.0,4.1,1.4,0.6,0.4,0.1,0.0,0.2,0.7,0.5,0.667,1.7,0.5,0.1,1.1,0.3,0.8,1.0,0.49765807962529274,0.4285714285714286,6.0,43.4,17.8,8.5,0.477,2.8,0.7,0.235,6.0,5.2,0.861,22.8,5.8,2.2,7.2,1.3,5.8,-6.8,0.5577299412915852,0.497191011235955,0.5463785028760657,2021-22
1627788,Furkan Korkmaz,1610612755,PHI,67.0,21.1,7.0,2.7,0.387,4.0,1.1,0.289,1.3,1.0,0.81,7.6,1.9,0.7,2.6,0.3,2.3,0.5,0.5018489170628632,0.4642857142857143,14.0,2.1,0.6,0.2,0.375,0.4,0.1,0.4,0.0,0.0,0.0,0.6,0.1,0.1,0.2,0.0,0.2,0.9,0.5,0.4166666666666667,9.0,6.8,2.6,1.2,0.478,1.1,0.4,0.4,0.2,0.2,1.0,3.1,0.4,0.2,1.3,0.1,1.2,-0.2,0.5766369047619048,0.5384615384615384,0.547198033794967,2021-22
1627789,Timothe Luwawu-Cabarrot,1610612737,ATL,52.0,13.2,3.6,1.4,0.398,2.3,0.8,0.361,0.8,0.7,0.854,4.4,0.8,0.4,1.6,0.3,1.3,-1.0,0.5566801619433199,0.49999999999999994,8.0,2.4,0.5,0.0,0.0,0.3,0.0,0.0,0.0,0.0,0.0,0.0,0.0,0.0,0.3,0.3,0.0,-2.5,0.0,0.0,4.0,5.5,1.0,0.5,0.5,0.8,0.3,0.333,0.0,0.0,0.0,1.3,0.5,0.3,0.8,0.0,0.8,0.3,0.65,0.65,0.43166891587558426,2021-22
1627814,Damion Lee,1610612744,GSW,63.0,19.9,6.1,2.7,0.441,3.0,1.0,0.337,1.2,1.0,0.88,7.4,1.0,0.6,3.2,0.4,2.8,1.5,0.5582377791188896,0.5245901639344263,20.0,2.0,0.6,0.3,0.417,0.5,0.2,0.444,0.2,0.2,1.0,0.9,0.2,0.1,0.4,0.1,0.3,0.7,0.6540697674418605,0.6666666666666667,16.0,7.8,2.1,0.8,0.382,1.0,0.3,0.25,0.2,0.1,0.667,2.0,0.4,0.4,1.6,0.3,1.3,-2.0,0.45703839122486284,0.4523809523809524,0.5494181468516912,2021-22
1627820,Tyrone Wallace,1610612740,NOP,6.0,12.5,3.3,1.2,0.35,1.3,0.3,0.25,0.8,0.2,0.2,2.8,0.2,0.3,1.3,0.0,1.3,-3.0,0.3833515881708653,0.40909090909090906,1.0,0.3,0.0,0.0,0.0,0.0,0.0,0.0,0.0,0.0,0.0,0.0,0.0,0.0,0.0,0.0,0.0,-2.0,,,,,,,,,,,,,,,,,,,,,,,0.12778386272362177,2021-22
1627823,Juancho Hernangomez,1610612762,UTA,40.0,11.1,2.7,1.1,0.415,1.7,0.6,0.348,0.9,0.5,0.559,3.3,0.5,0.4,2.5,0.7,1.8,-0.1,0.5329457364341085,0.5185185185185185,1.0,0.0,0.0,0.0,0.0,0.0,0.0,0.0,0.0,0.0,0.0,0.0,0.0,0.0,0.0,0.0,0.0,0.0,,,6.0,9.3,3.0,0.8,0.278,2.0,0.7,0.333,0.0,0.0,0.0,2.3,0.8,0.3,2.0,0.3,1.7,1.8,0.3833333333333333,0.3833333333333333,0.2804909560723514,2021-22
1627826,Ivica Zubac,1610612746,LAC,76.0,24.4,6.5,4.1,0.626,0.0,0.0,0.0,3.0,2.2,0.727,10.3,1.6,1.5,8.5,2.9,5.6,-1.7,0.6585677749360614,0.6307692307692307,25.0,2.9,0.8,0.6,0.7,0.0,0.0,0.0,0.8,0.6,0.7,1.7,0.1,0.0,1.1,0.5,0.6,0.4,0.7378472222222221,0.7499999999999999,,,,,,,,,,,,,,,,,,,,,0.7237284320993007,2021-22
1627827,Dorian Finney-Smith,1610612742,DAL,80.0,33.0,8.7,4.1,0.471,5.4,2.2,0.395,1.0,0.7,0.675,11.0,1.9,1.0,4.7,1.5,3.2,3.0,0.601750547045952,0.5977011494252873,36.0,3.2,0.7,0.4,0.52,0.3,0.1,0.417,0.2,0.1,0.667,1.0,0.1,0.1,0.6,0.2,0.4,0.0,0.6345177664974619,0.6428571428571429,18.0,38.2,8.7,4.1,0.471,6.0,2.6,0.426,1.3,0.9,0.708,11.7,1.9,1.0,5.5,1.8,3.7,2.6,0.6309318377911993,0.6206896551724138,0.6353095759129818,2021-22
1627832,Fred VanVleet,1610612761,TOR,65.0,37.9,16.9,6.8,0.403,9.9,3.7,0.377,3.4,3.0,0.874,20.3,6.7,2.6,4.4,0.7,3.8,3.3,0.5517503805175039,0.5118343195266273,33.0,4.4,2.3,0.8,0.338,1.4,0.6,0.404,0.6,0.5,0.75,2.6,0.7,0.2,0.5,0.1,0.4,0.9,0.5070202808112324,0.47826086956521746,4.0,35.0,13.5,4.8,0.352,9.0,3.0,0.333,1.5,1.3,0.833,13.8,6.3,1.0,3.0,0.5,2.5,-10.0,0.4872881355932204,0.4666666666666667,0.5182186922747544,2021-22
1627846,Abdel Nader,1610612756,PHX,14.0,10.4,2.5,0.9,0.343,1.0,0.3,0.286,0.7,0.4,0.6,2.4,0.5,0.8,1.9,0.3,1.6,-0.1,0.4273504273504274,0.42000000000000004,1.0,0.0,0.0,0.0,0.0,0.0,0.0,0.0,0.0,0.0,0.0,0.0,0.0,0.0,0.0,0.0,0.0,-2.0,,,,,,,,,,,,,,,,,,,,,,,0.14245014245014245,2021-22
1627854,Bryn Forbes,1610612743,DEN,75.0,17.1,7.2,3.1,0.429,3.9,1.6,0.414,1.2,1.1,0.908,8.8,1.0,0.7,1.2,0.1,1.1,0.3,0.5693581780538303,0.5416666666666667,13.0,2.2,1.0,0.5,0.538,0.5,0.3,0.667,0.3,0.3,1.0,1.7,0.0,0.2,0.2,0.0,0.2,-0.1,0.7508833922261483,0.65,5.0,15.3,3.0,1.2,0.4,2.2,0.8,0.364,1.0,0.8,0.8,4.0,1.4,0.4,0.6,0.2,0.4,0.6,0.5813953488372093,0.5333333333333333,0.6497740570565856,2021-22
1627863,Danuel House Jr.,1610612762,UTA,42.0,17.3,4.7,1.9,0.404,2.8,1.0,0.376,1.4,1.0,0.759,5.9,1.0,0.8,2.6,0.4,2.2,1.5,0.5549285176824681,0.5106382978723404,10.0,2.3,0.7,0.4,0.571,0.6,0.4,0.667,0.0,0.0,0.0,1.2,0.0,0.0,0.4,0.1,0.3,-1.3,0.8571428571428572,0.8571428571428573,6.0,18.6,3.7,1.5,0.409,1.7,0.3,0.2,1.3,1.0,0.75,4.3,0.7,1.0,2.8,0.3,2.5,1.8,0.5032771535580524,0.4459459459459459,0.644734565791831,2021-22
1627884,Derrick Jones Jr.,1610612741,CHI,51.0,17.6,3.8,2.1,0.538,1.2,0.4,0.328,1.4,1.1,0.8,5.6,0.6,0.6,3.3,1.2,2.1,0.8,0.6340579710144928,0.605263157894737,15.0,2.2,0.3,0.2,0.75,0.0,0.0,0.0,0.1,0.1,1.0,0.5,0.1,0.0,0.3,0.1,0.2,0.6,0.7267441860465117,0.6666666666666667,5.0,11.8,3.4,1.4,0.412,2.2,0.6,0.273,0.6,0.4,0.667,3.8,0.4,0.6,1.4,0.6,0.8,-4.4,0.5185589519650655,0.5,0.6150986033404798,2021-22
1627885,Shaquille Harrison,1610612751,BKN,2.0,11.3,3.0,1.0,0.333,1.0,0.0,0.0,0.0,0.0,0.0,2.0,1.5,1.0,2.0,0.5,1.5,-2.0,0.3333333333333333,0.3333333333333333,,,,,,,,,,,,,,,,,,,,,,,,,,,,,,,,,,,,,,,,,0.3333333333333333,2021-22
1627936,Alex Caruso,1610612741,CHI,41.0,28.0,6.2,2.5,0.398,3.1,1.0,0.333,1.8,1.4,0.795,7.4,4.0,1.4,3.6,0.8,2.8,2.7,0.5291762013729977,0.48387096774193544,19.0,3.1,0.3,0.0,0.0,0.2,0.0,0.0,0.2,0.2,0.75,0.2,0.4,0.1,0.6,0.2,0.4,0.7,0.2577319587628866,0.0,4.0,28.4,5.8,2.3,0.391,4.5,1.8,0.389,0.0,0.0,0.0,6.3,4.3,0.3,2.8,0.5,2.3,-5.5,0.5431034482758621,0.5517241379310345,0.45049712029769845,2021-22
1628021,David Nwaba,1610612745,HOU,46.0,13.2,3.8,1.8,0.483,1.1,0.3,0.306,1.5,1.0,0.716,5.1,0.8,0.5,3.3,0.9,2.4,-2.5,0.5717488789237668,0.5131578947368421,6.0,1.2,0.0,0.0,0.0,0.0,0.0,0.0,0.0,0.0,0.0,0.0,0.2,0.0,0.2,0.0,0.2,-2.5,,,,,,,,,,,,,,,,,,,,,,,0.1905829596412556,2021-22
1628035,Alfonzo McKinnie,1610612741,CHI,17.0,12.1,3.6,1.4,0.393,1.6,0.5,0.333,0.5,0.1,0.25,3.5,0.3,0.4,1.9,0.8,1.2,-3.2,0.45811518324607325,0.4583333333333333,3.0,0.7,0.3,0.0,0.0,0.3,0.0,0.0,0.0,0.0,0.0,0.0,0.0,0.0,0.0,0.0,0.0,1.3,0.0,0.0,,,,,,,,,,,,,,,,,,,,,0.16103839441304293,2021-22
1628221,Gabe York,1610612754,IND,2.0,10.7,3.5,1.0,0.286,3.0,0.5,0.167,2.5,1.5,0.6,4.0,2.0,0.5,1.0,0.0,1.0,-2.0,0.4347826086956522,0.35714285714285715,,,,,,,,,,,,,,,,,,,,,,,,,,,,,,,,,,,,,,,,,0.4347826086956522,2021-22
1628365,Markelle Fultz,1610612753,ORL,18.0,20.0,9.7,4.6,0.474,0.9,0.2,0.235,1.7,1.4,0.806,10.8,5.5,2.2,2.7,0.2,2.5,-2.1,0.5168453292496172,0.48453608247422675,,,,,,,,,,,,,,,,,,,,,,,,,,,,,,,,,,,,,,,,,0.5168453292496172,2021-22
1628366,Lonzo Ball,1610612741,CHI,35.0,34.6,10.9,4.6,0.423,7.4,3.1,0.423,0.8,0.6,0.75,13.0,5.1,2.3,5.4,1.0,4.4,2.3,0.5776750799857803,0.5642201834862385,16.0,3.2,0.7,0.1,0.182,0.5,0.1,0.125,0.1,0.1,1.0,0.4,0.1,0.3,0.9,0.4,0.5,1.6,0.2688172043010753,0.21428571428571433,,,,,,,,,,,,,,,,,,,,,0.378191847877345,2021-22
1628367,Josh Jackson,1610612758,SAC,51.0,16.3,5.9,2.4,0.4,2.5,0.6,0.254,1.5,1.1,0.714,6.4,1.1,0.9,2.8,0.4,2.4,-3.1,0.4878048780487805,0.45762711864406774,5.0,1.5,0.2,0.0,0.0,0.0,0.0,0.0,0.0,0.0,0.0,0.0,0.0,0.0,0.6,0.0,0.6,2.0,0.0,0.0,,,,,,,,,,,,,,,,,,,,,0.1659914565241602,2021-22
1628368,De'Aaron Fox,1610612758,SAC,59.0,35.3,18.5,8.7,0.473,4.2,1.3,0.297,5.9,4.4,0.75,23.2,5.6,2.8,3.9,0.4,3.5,-3.3,0.5498672734167614,0.5054054054054054,30.0,3.7,2.1,0.9,0.422,0.4,0.0,0.083,1.1,0.8,0.781,2.7,0.6,0.4,0.5,0.0,0.5,-0.7,0.5224458204334366,0.42857142857142855,,,,,,,,,,,,,,,,,,,,,0.5429376561119493,2021-22
1628369,Jayson Tatum,1610612738,BOS,76.0,35.9,20.6,9.3,0.453,8.6,3.0,0.353,6.2,5.3,0.853,26.9,4.4,2.9,8.0,1.1,6.9,8.8,0.5765603566529491,0.5242718446601942,30.0,4.7,2.6,1.0,0.372,0.8,0.1,0.08,1.3,1.2,0.949,3.2,0.2,0.4,1.1,0.3,0.8,-0.6,0.5044136191677175,0.40384615384615385,24.0,41.0,19.7,8.4,0.426,8.2,3.2,0.393,7.1,5.7,0.8,25.6,6.2,4.2,6.7,1.0,5.7,4.5,0.5608131791097092,0.5076142131979695,0.5572592146089402,2021-22
1628370,Malik Monk,1610612747,LAL,76.0,28.1,10.9,5.1,0.473,5.8,2.3,0.391,1.5,1.2,0.795,13.8,2.9,1.6,3.4,0.5,2.9,0.7,0.596885813148789,0.573394495412844,38.0,3.6,1.0,0.5,0.487,0.6,0.2,0.429,0.6,0.3,0.571,1.6,0.1,0.2,0.4,0.1,0.4,-0.1,0.6329113924050633,0.6,,,,,,,,,,,,,,,,,,,,,0.6300771779120691,2021-22
1628372,Dennis Smith Jr.,1610612757,POR,37.0,17.3,5.1,2.1,0.418,0.7,0.2,0.222,1.7,1.1,0.656,5.6,3.6,1.4,2.4,0.5,1.8,-3.7,0.4787961696306429,0.4313725490196079,8.0,1.2,0.4,0.1,0.333,0.0,0.0,0.0,0.1,0.1,1.0,0.4,0.4,0.1,0.1,0.0,0.1,0.0,0.45045045045045046,0.25,,,,,,,,,,,,,,,,,,,,,0.46774216076387876,2021-22
1628373,Frank Ntilikina,1610612742,DAL,58.0,11.8,3.8,1.5,0.399,1.9,0.7,0.342,0.4,0.4,0.96,4.1,1.2,0.5,1.4,0.2,1.2,1.1,0.5155935613682092,0.48684210526315796,5.0,1.9,0.2,0.0,0.0,0.0,0.0,0.0,0.4,0.4,1.0,0.4,0.0,0.0,0.2,0.0,0.2,-2.6,0.5319148936170213,0.0,12.0,10.4,2.0,0.7,0.333,1.7,0.5,0.3,0.1,0.1,1.0,1.9,0.8,0.5,1.0,0.2,0.8,-1.3,0.4647749510763209,0.475,0.5008878581985542,2021-22
1628374,Lauri Markkanen,1610612739,CLE,61.0,30.8,11.5,5.1,0.445,6.2,2.2,0.358,2.6,2.3,0.868,14.8,1.3,0.9,5.7,1.0,4.7,2.8,0.585257829800696,0.5391304347826086,30.0,3.1,1.1,0.6,0.5,0.8,0.4,0.44,0.5,0.4,0.813,1.9,0.1,0.0,0.7,0.1,0.5,1.4,0.7196969696969696,0.7272727272727273,,,,,,,,,,,,,,,,,,,,,0.6844491404553509,2021-22
1628378,Donovan Mitchell,1610612762,UTA,67.0,33.8,20.5,9.2,0.448,9.8,3.5,0.355,4.7,4.0,0.853,25.9,5.3,3.0,4.2,0.8,3.4,4.1,0.5738213399503721,0.5341463414634146,33.0,3.6,2.8,0.9,0.33,1.0,0.2,0.188,0.6,0.4,0.619,2.4,0.6,0.4,0.4,0.1,0.3,-0.2,0.39164490861618795,0.35714285714285715,6.0,38.2,22.2,8.8,0.398,8.0,1.7,0.208,7.0,6.2,0.881,25.5,5.7,2.7,4.3,1.0,3.3,-6.5,0.5043512658227848,0.43468468468468474,0.49201936235988325,2021-22
1628379,Luke Kennard,1610612746,LAC,70.0,27.4,9.1,4.1,0.449,6.0,2.7,0.449,1.1,1.0,0.896,11.9,2.1,0.9,3.3,0.3,3.0,2.6,0.6208263772954925,0.5989010989010989,35.0,2.8,0.5,0.3,0.611,0.4,0.3,0.667,0.2,0.2,0.857,1.1,0.2,0.1,0.2,0.0,0.2,0.7,0.9353741496598641,0.8999999999999999,,,,,,,,,,,,,,,,,,,,,0.8360193976989753,2021-22
1628380,Zach Collins,1610612759,SAS,28.0,17.9,5.5,2.7,0.49,1.5,0.5,0.341,2.3,1.9,0.8,7.8,2.2,1.6,5.5,1.6,3.8,1.4,0.5988943488943489,0.5363636363636364,7.0,0.4,0.0,0.0,0.0,0.0,0.0,0.0,0.0,0.0,0.0,0.0,0.0,0.0,0.1,0.0,0.1,0.3,,,,,,,,,,,,,,,,,,,,,,,0.19963144963144963,2021-22
1628381,John Collins,1610612737,ATL,54.0,30.8,11.9,6.3,0.526,3.3,1.2,0.364,3.1,2.5,0.793,16.2,1.8,1.1,7.8,1.7,6.1,0.7,0.6106755126658624,0.5798319327731092,21.0,3.2,0.8,0.3,0.375,0.2,0.0,0.0,0.3,0.1,0.5,0.7,0.2,0.0,1.2,0.2,1.0,-2.2,0.37553648068669526,0.37499999999999994,5.0,24.3,7.8,3.8,0.487,2.2,0.8,0.364,2.0,1.0,0.5,9.4,1.2,1.0,4.6,0.4,4.2,-13.2,0.5414746543778802,0.5384615384615385,0.5044180952705475,2021-22
1628384,OG Anunoby,1610612761,TOR,48.0,36.0,14.5,6.4,0.443,6.6,2.4,0.363,2.5,1.9,0.754,17.1,2.6,1.7,5.5,1.5,4.0,2.8,0.5480769230769231,0.5241379310344828,25.0,4.2,2.0,0.9,0.44,1.0,0.3,0.333,0.3,0.3,1.0,2.4,0.2,0.1,1.2,0.5,0.7,0.8,0.5628517823639775,0.525,6.0,36.1,13.7,6.5,0.476,6.8,2.3,0.341,2.7,2.0,0.75,17.3,2.5,1.7,4.0,1.2,2.8,-5.2,0.5810048361096185,0.5583941605839416,0.5832589361362802,2021-22
1628386,Jarrett Allen,1610612739,CLE,56.0,32.3,9.7,6.6,0.677,0.2,0.0,0.1,4.2,2.9,0.708,16.1,1.6,1.7,10.8,3.4,7.3,2.4,0.697090405264981,0.6804123711340206,30.0,3.0,0.8,0.6,0.826,0.0,0.0,1.0,0.5,0.4,0.733,1.7,0.2,0.2,1.0,0.3,0.7,0.3,0.8333333333333333,0.7499999999999999,,,,,,,,,,,,,,,,,,,,,0.7961664466567779,2021-22
1628389,Bam Adebayo,1610612748,MIA,56.0,32.6,13.0,7.3,0.557,0.1,0.0,0.0,6.1,4.6,0.753,19.1,3.4,2.6,10.1,2.4,7.6,5.4,0.6089007906146392,0.5615384615384615,28.0,3.8,0.6,0.3,0.529,0.0,0.0,0.0,0.9,0.7,0.8,1.4,0.3,0.3,0.9,0.2,0.6,0.1,0.7028112449799196,0.5,18.0,34.1,9.7,5.8,0.594,0.1,0.0,0.0,4.2,3.2,0.763,14.8,2.7,2.1,8.0,2.1,5.9,4.3,0.6408036023553862,0.5979381443298969,0.6607710658884691,2021-22
1628391,D.J. Wilson,1610612761,TOR,4.0,13.5,3.8,2.8,0.733,0.5,0.0,0.0,2.5,2.0,0.8,7.5,1.3,0.5,4.0,0.3,3.8,-4.0,0.7653061224489796,0.7368421052631579,1.0,4.3,0.0,0.0,0.0,0.0,0.0,0.0,5.0,4.0,0.8,4.0,0.0,0.0,1.0,0.0,1.0,-2.0,0.9090909090909091,,,,,,,,,,,,,,,,,,,,,,0.8611626468769326,2021-22
1628392,Isaiah Hartenstein,1610612746,LAC,68.0,17.9,5.4,3.4,0.626,0.4,0.2,0.467,1.9,1.3,0.689,8.3,2.4,1.2,4.9,1.7,3.2,2.5,0.6654906991661321,0.6481481481481481,16.0,1.1,0.4,0.4,0.857,0.0,0.0,0.0,0.2,0.1,0.333,0.8,0.2,0.1,0.3,0.0,0.3,0.4,0.819672131147541,1.0,,,,,,,,,,,,,,,,,,,,,0.7756857278931071,2021-22
1628396,Tony Bradley,1610612741,CHI,55.0,10.0,2.2,1.3,0.585,0.0,0.0,0.0,0.5,0.3,0.655,3.0,0.5,0.6,3.4,1.2,2.2,1.3,0.6198347107438016,0.5909090909090908,4.0,0.2,0.0,0.0,0.0,0.0,0.0,0.0,0.0,0.0,0.0,0.0,0.0,0.0,0.0,0.0,0.0,0.0,,,2.0,3.9,2.5,2.5,1.0,0.0,0.0,0.0,0.0,0.0,0.0,5.0,0.5,0.0,2.0,0.0,2.0,5.0,1.0,1.0,0.6033057851239669,2021-22
1628398,Kyle Kuzma,1610612764,WAS,66.0,33.4,14.2,6.4,0.452,5.7,1.9,0.341,3.3,2.4,0.712,17.1,3.5,2.6,8.5,1.1,7.4,-4.3,0.5462560695118835,0.517605633802817,36.0,3.9,1.9,0.8,0.406,1.2,0.5,0.395,0.7,0.6,0.808,2.6,0.3,0.2,0.9,0.1,0.8,1.1,0.588768115942029,0.5526315789473685,,,,,,,,,,,,,,,,,,,,,0.5879777154878457,2021-22
1628400,Semi Ojeleye,1610612746,LAC,30.0,13.5,3.3,1.0,0.303,1.7,0.5,0.3,1.0,0.8,0.793,3.3,0.3,0.3,2.5,0.9,1.6,-4.8,0.4411764705882353,0.3787878787878788,2.0,2.6,0.5,0.0,0.0,0.0,0.0,0.0,0.0,0.0,0.0,0.0,0.0,0.0,0.0,0.0,0.0,-4.5,0.0,0.0,,,,,,,,,,,,,,,,,,,,,0.16221033867633555,2021-22
1628401,Derrick White,1610612738,BOS,75.0,29.3,10.7,4.5,0.421,4.9,1.5,0.312,3.1,2.7,0.864,13.2,4.9,1.6,3.5,0.5,3.0,2.7,0.5470822281167108,0.4906542056074767,25.0,3.5,1.2,0.4,0.345,0.6,0.1,0.133,0.4,0.3,0.727,1.2,0.3,0.2,0.3,0.1,0.2,-0.8,0.436046511627907,0.375,23.0,25.4,7.7,2.8,0.364,3.6,1.1,0.313,2.2,1.8,0.824,8.5,2.7,1.3,3.0,0.3,2.7,0.4,0.49030918320258415,0.435064935064935,0.4928987534333595,2021-22
1628402,Frank Jackson,1610612765,DET,53.0,22.0,9.1,3.7,0.402,5.3,1.6,0.308,2.0,1.6,0.827,10.6,1.0,0.7,1.6,0.4,1.3,-3.5,0.531062124248497,0.4945054945054945,13.0,2.3,0.7,0.2,0.222,0.5,0.2,0.286,0.0,0.0,0.0,0.5,0.0,0.1,0.2,0.0,0.2,-2.1,0.35714285714285715,0.42857142857142866,,,,,,,,,,,,,,,,,,,,,0.4228082538695328,2021-22
1628404,Josh Hart,1610612757,POR,54.0,33.2,10.5,5.3,0.504,3.9,1.4,0.343,3.9,3.0,0.758,14.9,4.1,2.1,7.2,1.1,6.0,-3.7,0.6098559266535691,0.5714285714285714,20.0,4.0,1.0,0.5,0.45,0.3,0.1,0.4,0.8,0.8,0.938,1.8,0.4,0.2,1.1,0.4,0.8,-1.2,0.665680473372781,0.55,,,,,,,,,,,,,,,,,,,,,0.6565961006559462,2021-22
1628408,PJ Dozier,1610612743,DEN,18.0,18.9,5.5,2.0,0.364,2.7,0.8,0.313,0.7,0.6,0.769,5.4,1.6,0.7,3.5,0.8,2.7,-5.0,0.4648760330578513,0.43636363636363634,4.0,2.7,0.3,0.0,0.0,0.3,0.0,0.0,0.0,0.0,0.0,0.0,0.3,0.3,0.5,0.0,0.5,-1.0,0.0,0.0,,,,,,,,,,,,,,,,,,,,,0.16041322313950415,2021-22
1628411,Wes Iwundu,1610612737,ATL,3.0,27.4,6.0,2.7,0.444,1.7,1.0,0.6,1.3,1.0,0.75,7.3,0.0,0.3,4.3,1.0,3.3,0.0,0.5553864881314668,0.5333333333333333,2.0,3.2,0.5,0.0,0.0,0.0,0.0,0.0,0.0,0.0,0.0,0.0,0.0,0.0,0.5,0.0,0.5,5.5,0.0,0.0,,,,,,,,,,,,,,,,,,,,,0.19346216270910005,2021-22
1628415,Dillon Brooks,1610612763,MEM,32.0,27.7,16.4,7.1,0.432,4.7,1.4,0.309,3.3,2.8,0.849,18.4,2.8,1.6,3.2,0.9,2.3,6.4,0.5153484203450595,0.475609756097561,7.0,2.9,2.1,0.6,0.267,0.9,0.0,0.0,0.9,0.7,0.833,1.9,0.1,0.1,0.3,0.3,0.0,-1.0,0.38060897435897434,0.2857142857142857,11.0,30.5,15.6,5.5,0.349,6.5,2.3,0.347,2.3,1.5,0.64,14.6,2.7,2.0,2.7,0.7,2.0,4.2,0.43944136768601016,0.4262820512820513,0.4452866234015061,2021-22
1628418,Thomas Bryant,1610612764,WAS,27.0,16.3,5.5,2.9,0.52,1.6,0.4,0.286,1.5,1.3,0.875,7.4,0.9,0.7,4.0,1.0,3.0,-2.8,0.6006493506493507,0.5636363636363636,3.0,1.2,0.7,0.3,0.5,0.3,0.0,0.0,0.0,0.0,0.0,0.7,0.0,0.3,0.7,0.0,0.7,-0.3,0.5,0.4285714285714286,,,,,,,,,,,,,,,,,,,,,0.5462770562747422,2021-22
1628419,Cameron Oliver,1610612737,ATL,2.0,21.7,7.5,5.0,0.667,1.5,0.5,0.333,1.5,1.0,0.667,11.5,1.5,0.0,3.0,1.0,2.0,-1.0,0.704656862745098,0.7,1.0,1.8,1.0,0.0,0.0,0.0,0.0,0.0,0.0,0.0,0.0,0.0,1.0,0.0,0.0,0.0,0.0,5.0,0.0,0.0,,,,,,,,,,,,,,,,,,,,,0.2482189542465882,2021-22
1628420,Monté Morris,1610612743,DEN,75.0,29.9,10.3,5.0,0.484,4.2,1.7,0.395,1.1,1.0,0.869,12.6,4.4,1.0,3.0,0.4,2.7,3.8,0.5841988130563798,0.5679611650485437,35.0,3.6,1.1,0.5,0.514,0.4,0.1,0.333,0.3,0.3,1.0,1.5,0.5,0.1,0.4,0.1,0.3,1.1,0.6087662337662336,0.5,5.0,31.1,10.2,5.0,0.49,5.2,2.2,0.423,2.4,1.8,0.75,14.0,5.4,1.6,2.2,0.2,2.0,-9.0,0.6218905472636815,0.5980392156862745,0.6219134320460972,2021-22
1628422,Damyean Dotson,1610612752,NYK,2.0,10.3,2.0,1.0,0.5,0.5,0.0,0.0,0.0,0.0,0.0,2.0,0.5,0.0,1.0,0.0,1.0,1.5,0.5,0.5,1.0,1.8,0.0,0.0,0.0,0.0,0.0,0.0,0.0,0.0,0.0,0.0,0.0,0.0,0.0,0.0,0.0,-3.0,,,,,,,,,,,,,,,,,,,,,,,0.16666666666666666,2021-22
1628425,Sterling Brown,1610612742,DAL,49.0,12.8,3.2,1.2,0.381,1.9,0.6,0.304,0.3,0.3,0.933,3.3,0.7,0.5,3.0,0.5,2.5,0.7,0.4951980792316926,0.46875,7.0,1.2,0.3,0.0,0.0,0.3,0.0,0.0,0.0,0.0,0.0,0.0,0.0,0.0,0.1,0.0,0.1,-2.3,0.0,0.0,9.0,2.8,1.1,0.3,0.3,0.4,0.0,0.0,0.8,0.6,0.714,1.2,0.3,0.3,0.9,0.1,0.8,-1.2,0.4132231404958677,0.2727272727272727,0.2985195834502863,2021-22
1628427,Vlatko Čančar,1610612743,DEN,15.0,11.8,2.7,1.5,0.561,0.8,0.5,0.583,0.9,0.6,0.643,4.1,1.1,0.6,2.1,0.5,1.5,0.3,0.6621447028423771,0.6481481481481481,1.0,6.3,0.0,0.0,0.0,0.0,0.0,0.0,2.0,0.0,0.0,0.0,0.0,0.0,1.0,0.0,1.0,-8.0,0.0,,2.0,4.3,1.5,1.0,0.667,1.0,0.5,0.5,0.0,0.0,0.0,2.5,0.5,1.0,1.0,0.0,1.0,3.5,0.8333333333333334,0.8333333333333334,0.5270241171403962,2021-22
1628432,Davon Reed,1610612743,DEN,48.0,13.9,3.4,1.7,0.503,1.8,0.8,0.43,0.3,0.2,0.667,4.4,1.1,0.3,2.3,0.3,2.0,-0.5,0.622876557191393,0.6176470588235294,7.0,2.8,0.7,0.0,0.0,0.4,0.0,0.0,0.3,0.0,0.0,0.0,0.0,0.1,0.6,0.0,0.6,-1.9,0.0,0.0,,,,,,,,,,,,,,,,,,,,,0.22821375435185995,2021-22
1628449,Chris Boucher,1610612761,TOR,80.0,21.1,7.2,3.4,0.464,2.9,0.9,0.297,2.4,1.9,0.777,9.4,0.3,0.5,6.2,2.2,3.9,2.4,0.5692829457364341,0.5347222222222222,23.0,2.6,0.5,0.2,0.417,0.2,0.0,0.0,0.2,0.1,0.75,0.6,0.0,0.0,0.7,0.1,0.6,0.1,0.5102040816326531,0.4,6.0,21.6,7.0,4.3,0.619,2.5,1.0,0.4,1.7,1.5,0.9,11.2,0.2,0.3,5.8,2.0,3.8,0.8,0.7227671657201857,0.6857142857142857,0.6332765454705296,2021-22
1628464,Daniel Theis,1610612738,BOS,47.0,20.8,6.2,3.2,0.519,2.3,0.7,0.308,1.5,1.0,0.681,8.2,0.9,1.0,4.9,1.3,3.6,-1.9,0.597667638483965,0.5725806451612904,6.0,4.5,1.0,0.7,0.667,0.2,0.2,1.0,0.3,0.2,0.5,1.7,0.0,0.2,0.8,0.2,0.7,-1.3,0.7508833922261483,0.7999999999999999,16.0,12.5,3.2,1.9,0.588,0.9,0.2,0.214,0.5,0.4,0.75,4.3,0.7,0.7,3.3,0.8,2.4,-2.6,0.6286549707602338,0.625,0.6803622547916235,2021-22
1628467,Maxi Kleber,1610612742,DAL,59.0,24.6,6.0,2.4,0.398,4.3,1.4,0.325,1.1,0.8,0.708,7.0,1.2,0.8,5.9,1.2,4.7,2.0,0.5397902529302899,0.5166666666666666,22.0,2.9,0.5,0.2,0.417,0.5,0.2,0.417,0.4,0.3,0.75,1.0,0.1,0.1,0.6,0.2,0.5,-0.5,0.7396449704142012,0.6000000000000001,18.0,25.4,5.9,3.0,0.509,4.3,1.9,0.436,1.2,0.8,0.714,8.7,1.1,0.6,4.6,0.8,3.7,-0.7,0.676726820161792,0.6694915254237288,0.6832101090392891,2021-22
1628470,Torrey Craig,1610612756,PHX,78.0,20.5,5.7,2.6,0.454,3.0,1.0,0.329,0.7,0.5,0.75,6.6,1.2,0.9,4.0,1.1,2.9,-2.4,0.5492676431424767,0.543859649122807,23.0,3.1,0.7,0.2,0.294,0.2,0.0,0.0,0.1,0.1,1.0,0.5,0.0,0.1,0.7,0.3,0.4,-2.7,0.33602150537634407,0.28571428571428575,9.0,7.6,2.4,0.9,0.364,1.1,0.3,0.3,0.2,0.1,0.5,2.2,0.6,0.4,1.7,0.6,1.1,-2.8,0.44212218649517687,0.43750000000000006,0.436893570649014,2021-22
1628476,Derrick Walton Jr.,1610612765,DET,3.0,36.1,8.7,2.0,0.231,4.3,1.0,0.231,1.3,1.3,1.0,6.3,7.0,3.7,3.3,0.7,2.7,-1.0,0.33973252804141507,0.2873563218390805,2.0,5.1,2.0,0.0,0.0,1.5,0.0,0.0,1.0,1.0,1.0,1.0,1.0,1.0,0.5,0.0,0.5,-3.0,0.20491803278688525,0.0,,,,,,,,,,,,,,,,,,,,,0.2728447036162126,2021-22
1628539,Mychal Mulder,1610612748,MIA,17.0,14.1,4.5,1.4,0.312,3.2,1.0,0.315,0.2,0.2,1.0,4.1,0.3,0.5,1.4,0.1,1.3,-3.2,0.4468177855274629,0.4222222222222222,1.0,0.0,0.0,0.0,0.0,0.0,0.0,0.0,0.0,0.0,0.0,0.0,0.0,0.0,0.0,0.0,0.0,-1.0,,,,,,,,,,,,,,,,,,,,,,,0.14893926184248762,2021-22
1628778,Paul Watson,1610612760,OKC,9.0,17.4,3.9,1.3,0.343,2.9,0.7,0.231,0.2,0.1,0.5,3.4,0.9,0.4,3.0,0.3,2.7,-6.2,0.4262788365095286,0.4230769230769231,,,,,,,,,,,,,,,,,,,,,,,,,,,,,,,,,,,,,,,,,0.4262788365095286,2021-22
1628960,Grayson Allen,1610612749,MIL,66.0,27.3,8.6,3.9,0.448,5.9,2.4,0.409,1.1,1.0,0.865,11.1,1.5,0.7,3.4,0.5,2.9,3.5,0.6109643328929987,0.5930232558139534,21.0,2.0,0.4,0.1,0.25,0.3,0.1,0.286,0.1,0.1,0.667,0.4,0.1,0.0,0.1,0.0,0.1,1.3,0.45045045045045046,0.37500000000000006,12.0,25.4,6.8,3.1,0.451,4.0,1.6,0.396,0.9,0.6,0.636,8.3,1.3,0.8,2.9,0.4,2.5,-1.0,0.5767092829349639,0.573529411764706,0.5449833432232888,2021-22
1628962,Udoka Azubuike,1610612762,UTA,17.0,11.5,2.9,2.2,0.755,0.0,0.0,0.0,0.6,0.4,0.545,4.7,0.0,0.7,4.2,1.1,3.1,0.2,0.7427307206068269,0.7586206896551725,1.0,3.9,1.0,1.0,1.0,0.0,0.0,0.0,0.0,0.0,0.0,2.0,0.0,0.0,4.0,0.0,4.0,6.0,1.0,1.0,,,,,,,,,,,,,,,,,,,,,0.948726332144408,2021-22
1628963,Marvin Bagley III,1610612765,DET,48.0,23.9,9.3,4.7,0.504,2.0,0.5,0.237,2.1,1.4,0.663,11.3,0.8,0.8,7.0,2.2,4.9,-2.8,0.5526212832550861,0.532258064516129,16.0,4.1,1.0,0.6,0.625,0.2,0.1,0.333,0.1,0.1,1.0,1.4,0.2,0.1,0.8,0.1,0.7,-0.9,0.6704980842911876,0.65,,,,,,,,,,,,,,,,,,,,,0.6419585054500406,2021-22
1628964,Mo Bamba,1610612753,ORL,71.0,25.7,8.7,4.2,0.48,4.0,1.5,0.381,1.0,0.8,0.781,10.6,1.2,1.1,8.1,2.1,6.0,-5.3,0.5798687089715536,0.5689655172413793,20.0,3.7,0.9,0.4,0.471,0.4,0.2,0.375,0.1,0.1,1.0,1.0,0.0,0.2,1.4,0.5,1.0,0.5,0.5296610169491525,0.5555555555555556,,,,,,,,,,,,,,,,,,,,,0.5567417418749707,2021-22
1628966,Keita Bates-Diop,1610612759,SAS,59.0,16.2,4.5,2.3,0.517,0.9,0.3,0.309,1.0,0.8,0.754,5.7,0.7,0.8,3.9,1.1,2.9,0.1,0.5769230769230769,0.5444444444444444,11.0,2.9,0.4,0.3,0.75,0.1,0.1,1.0,0.0,0.0,0.0,0.6,0.0,0.3,0.5,0.0,0.5,-2.5,0.7499999999999999,0.8749999999999999,,,,,,,,,,,,,,,,,,,,,0.7011965811946057,2021-22
1628969,Mikal Bridges,1610612756,PHX,82.0,34.8,10.5,5.6,0.534,3.8,1.4,0.369,1.9,1.6,0.834,14.2,2.3,0.8,4.2,0.9,3.3,7.0,0.6263232180663373,0.6,39.0,3.0,0.8,0.5,0.656,0.1,0.1,0.4,0.3,0.2,0.727,1.3,0.2,0.1,0.5,0.2,0.3,2.7,0.6974248927038627,0.6875,13.0,38.5,10.6,5.1,0.478,2.5,1.0,0.394,2.3,2.2,0.933,13.3,2.8,0.8,4.7,0.9,3.8,-0.4,0.572683430933517,0.5283018867924528,0.6308229303307576,2021-22
1628970,Miles Bridges,1610612766,CHA,80.0,35.5,15.2,7.5,0.491,5.8,1.9,0.331,4.2,3.3,0.802,20.2,3.8,1.9,7.0,1.1,5.9,1.8,0.5924448615673393,0.5559210526315789,34.0,4.4,1.8,0.8,0.435,0.9,0.2,0.241,0.8,0.7,0.857,2.5,0.4,0.2,1.0,0.2,0.9,-0.5,0.5808550185873605,0.5,,,,,,,,,,,,,,,,,,,,,0.5965604048430657,2021-22
1628971,Bruce Brown,1610612751,BKN,72.0,24.6,7.0,3.6,0.506,1.3,0.5,0.404,1.8,1.3,0.758,9.0,2.1,0.8,4.8,1.4,3.4,-0.6,0.5775154004106776,0.55,24.0,2.4,0.5,0.2,0.417,0.1,0.1,0.667,0.1,0.1,0.667,0.6,0.0,0.1,0.5,0.2,0.3,-0.3,0.551470588235294,0.5,4.0,34.7,9.3,5.3,0.568,3.5,1.5,0.429,2.5,2.0,0.8,14.0,2.8,2.3,4.8,1.5,3.3,-6.8,0.673076923076923,0.6505376344086021,0.6237574148271758,2021-22
1628972,Troy Brown Jr.,1610612741,CHI,66.0,16.0,3.9,1.6,0.419,2.0,0.7,0.353,0.4,0.3,0.769,4.3,1.0,0.4,3.1,0.6,2.5,-0.7,0.52747791952895,0.5000000000000001,7.0,1.4,0.1,0.0,0.0,0.0,0.0,0.0,0.0,0.0,0.0,0.0,0.3,0.0,0.4,0.1,0.3,2.6,0.0,0.0,3.0,12.2,5.7,1.7,0.294,3.7,0.7,0.182,0.0,0.0,0.0,4.0,1.0,1.0,2.7,0.3,2.3,-0.3,0.3508771929824561,0.3596491228070175,0.26591568564283147,2021-22
1628973,Jalen Brunson,1610612742,DAL,79.0,31.9,12.8,6.4,0.502,3.2,1.2,0.373,2.7,2.3,0.84,16.3,4.8,1.6,3.9,0.5,3.4,2.9,0.5826422647983986,0.546875,35.0,3.1,1.1,0.4,0.378,0.3,0.0,0.1,0.4,0.3,0.786,1.1,0.3,0.1,0.4,0.1,0.3,-0.1,0.4310344827586207,0.36363636363636365,18.0,35.0,17.3,8.1,0.466,4.2,1.4,0.347,5.0,4.0,0.8,21.6,3.7,1.1,4.6,0.8,3.8,0.6,0.5538461538461539,0.5086705202312138,0.5263020319750122,2021-22
1628975,Jevon Carter,1610612749,MIL,66.0,13.7,3.8,1.5,0.387,2.6,1.0,0.388,0.3,0.2,0.833,4.2,1.5,0.5,1.7,0.2,1.5,-0.8,0.5340793489318413,0.5263157894736842,8.0,1.3,0.1,0.1,1.0,0.0,0.0,0.0,0.3,0.3,1.0,0.5,0.1,0.0,0.6,0.1,0.5,-0.5,1.0775862068965516,1.0,11.0,11.4,1.7,0.8,0.474,0.6,0.3,0.429,0.2,0.2,1.0,2.1,0.9,0.5,1.5,0.3,1.2,5.9,0.587248322147651,0.5588235294117647,0.7444643671413255,2021-22
1628976,Wendell Carter Jr.,1610612753,ORL,62.0,29.9,11.0,5.8,0.525,3.5,1.1,0.327,3.3,2.3,0.691,15.0,2.8,1.9,10.5,2.2,8.2,-2.2,0.602312881464825,0.5772727272727273,24.0,3.9,0.9,0.2,0.238,0.3,0.0,0.0,0.8,0.5,0.667,0.9,0.2,0.1,1.4,0.1,1.3,0.4,0.35942492012779553,0.22222222222222224,,,,,,,,,,,,,,,,,,,,,0.4485693920878797,2021-22
1628977,Hamidou Diallo,1610612765,DET,58.0,21.9,9.1,4.5,0.496,1.6,0.4,0.247,2.4,1.6,0.65,11.0,1.3,1.0,4.8,1.2,3.6,-3.6,0.541551792044112,0.5164835164835165,9.0,3.6,1.3,0.6,0.417,0.1,0.0,0.0,0.0,0.0,0.0,1.1,0.0,0.1,0.6,0.2,0.3,0.4,0.4230769230769231,0.4615384615384615,,,,,,,,,,,,,,,,,,,,,0.47685426035013045,2021-22
1628978,Donte DiVincenzo,1610612758,SAC,42.0,23.9,8.0,2.8,0.351,5.2,1.8,0.339,2.0,1.7,0.843,9.0,2.8,1.7,4.0,1.0,3.1,-1.8,0.5067567567567567,0.46249999999999997,14.0,2.9,0.9,0.4,0.462,0.6,0.2,0.333,0.9,0.5,0.583,1.6,0.4,0.1,0.7,0.3,0.4,2.9,0.6172839506172839,0.5555555555555556,,,,,,,,,,,,,,,,,,,,,0.5916915526623686,2021-22
1628982,Melvin Frazier Jr.,1610612760,OKC,3.0,39.9,16.0,4.3,0.271,7.0,0.3,0.048,2.3,1.7,0.714,10.7,0.3,1.0,4.3,1.7,2.7,-30.7,0.3144838937220785,0.278125,,,,,,,,,,,,,,,,,,,,,,,,,,,,,,,,,,,,,,,,,0.3144838937220785,2021-22
1628983,Shai Gilgeous-Alexander,1610612760,OKC,56.0,34.7,18.8,8.5,0.453,5.3,1.6,0.3,7.2,5.9,0.81,24.5,5.9,2.8,5.0,0.7,4.3,-4.7,0.5576292789512017,0.4946808510638298,25.0,3.5,2.4,1.1,0.443,0.8,0.2,0.211,1.0,0.7,0.72,3.0,0.6,0.3,0.7,0.1,0.6,-0.2,0.5281690140845071,0.5000000000000001,,,,,,,,,,,,,,,,,,,,,0.5507550598195349,2021-22
1628984,Devonte' Graham,1610612740,NOP,76.0,28.4,10.7,3.9,0.363,7.4,2.5,0.341,1.8,1.6,0.843,11.9,4.2,1.4,2.3,0.5,1.8,0.5,0.5177514792899409,0.4813084112149533,26.0,3.1,1.4,0.5,0.351,1.1,0.4,0.345,0.7,0.6,0.882,2.0,0.5,0.1,0.2,0.0,0.2,-0.6,0.585480093676815,0.5,6.0,10.0,3.0,1.0,0.333,2.3,0.8,0.357,1.3,1.2,0.875,4.0,0.7,0.7,1.5,0.3,1.2,0.0,0.5599104143337066,0.4666666666666666,0.5744912637557583,2021-22
1628988,Aaron Holiday,1610612756,PHX,63.0,16.2,5.4,2.4,0.447,1.6,0.6,0.379,1.1,0.9,0.868,6.3,2.4,1.1,1.9,0.4,1.6,-0.6,0.535350101971448,0.49999999999999994,8.0,1.0,0.3,0.1,0.5,0.3,0.1,0.5,0.0,0.0,0.0,0.4,0.3,0.1,0.3,0.0,0.3,0.8,0.6666666666666667,0.5000000000000001,6.0,3.3,2.3,1.3,0.571,1.2,0.8,0.714,0.2,0.0,0.0,3.5,1.5,0.0,0.5,0.5,0.0,5.0,0.7328308207705193,0.7391304347826089,0.68341820515725,2021-22
1628989,Kevin Huerter,1610612737,ATL,74.0,29.6,10.3,4.7,0.454,5.6,2.2,0.389,0.7,0.6,0.808,12.1,2.7,1.2,3.4,0.4,3.0,2.3,0.5703242835595776,0.5631067961165049,27.0,3.3,0.6,0.3,0.467,0.3,0.1,0.375,0.1,0.1,0.75,0.7,0.3,0.1,0.8,0.1,0.7,-0.7,0.5434782608695652,0.5833333333333334,5.0,30.7,9.4,3.4,0.362,6.2,1.8,0.29,0.8,0.6,0.75,9.2,3.8,2.2,3.0,0.2,2.8,-12.4,0.4716981132075471,0.45744680851063824,0.5178877668714393,2021-22
1628991,Jaren Jackson Jr.,1610612763,MEM,78.0,27.3,13.3,5.5,0.415,5.1,1.6,0.319,4.4,3.6,0.823,16.3,1.1,1.7,5.8,1.5,4.3,4.6,0.5349173011289052,0.47368421052631576,29.0,3.3,1.2,0.4,0.314,0.6,0.2,0.389,0.5,0.4,0.786,1.4,0.1,0.2,0.7,0.2,0.5,1.5,0.49295774647887325,0.4166666666666667,12.0,27.7,13.0,4.9,0.378,6.0,2.3,0.375,4.4,3.3,0.755,15.4,0.9,1.4,6.8,2.2,4.6,3.3,0.515532940546331,0.46538461538461545,0.5202611590112398,2021-22
1628997,Caleb Martin,1610612748,MIA,60.0,22.9,6.8,3.5,0.507,2.6,1.1,0.413,1.6,1.2,0.763,9.2,1.1,0.9,3.8,1.2,2.7,2.6,0.6130063965884861,0.5955882352941176,20.0,1.4,0.1,0.1,1.0,0.0,0.0,0.0,0.1,0.1,1.0,0.2,0.1,0.1,0.3,0.1,0.2,0.6,0.6944444444444444,1.0,17.0,12.3,4.7,1.9,0.4,1.9,0.6,0.303,0.4,0.1,0.333,4.5,0.3,0.6,2.2,0.7,1.5,-2.5,0.46144380639868743,0.4680851063829786,0.5658417056806507,2021-22
1628998,Cody Martin,1610612766,CHA,71.0,26.3,6.0,2.9,0.482,2.2,0.9,0.384,1.5,1.1,0.701,7.7,2.5,0.9,4.0,1.2,2.9,-0.4,0.5780780780780781,0.5583333333333333,26.0,2.3,0.3,0.2,0.571,0.2,0.1,0.5,0.3,0.3,0.875,0.7,0.2,0.0,0.2,0.0,0.2,0.4,0.8101851851851851,0.8333333333333334,,,,,,,,,,,,,,,,,,,,,0.7378161494819827,2021-22
1629001,De'Anthony Melton,1610612763,MEM,73.0,22.7,9.5,3.8,0.404,5.1,1.9,0.374,1.6,1.2,0.75,10.8,2.7,1.5,4.5,0.9,3.6,3.0,0.529204233633869,0.5,20.0,2.6,0.7,0.3,0.429,0.3,0.1,0.167,0.2,0.2,0.75,0.8,0.1,0.1,0.4,0.1,0.3,0.3,0.5076142131979696,0.5,10.0,17.0,6.5,2.1,0.323,4.4,1.1,0.25,0.4,0.3,0.75,5.6,1.6,1.4,3.1,0.9,2.2,0.6,0.41941282204913116,0.40769230769230774,0.47448027541472293,2021-22
1629002,Chimezie Metu,1610612758,SAC,60.0,21.3,7.5,3.4,0.452,3.1,1.0,0.306,1.5,1.2,0.78,8.9,1.0,1.0,5.6,0.6,5.0,-2.6,0.545343137254902,0.52,14.0,1.3,0.4,0.2,0.6,0.3,0.1,0.5,0.1,0.1,1.0,0.6,0.0,0.2,0.3,0.0,0.3,0.7,0.6756756756756757,0.625,,,,,,,,,,,,,,,,,,,,,0.6375648295347066,2021-22
1629003,Shake Milton,1610612755,PHI,55.0,21.4,7.3,3.1,0.429,2.4,0.8,0.323,1.3,1.1,0.836,8.2,2.5,0.8,2.6,0.5,2.0,-0.5,0.5208333333333333,0.4794520547945206,7.0,3.6,0.7,0.3,0.4,0.3,0.0,0.0,0.3,0.3,1.0,0.9,0.1,0.1,0.6,0.0,0.6,-0.9,0.5408653846153847,0.4285714285714286,12.0,13.2,3.2,1.5,0.474,1.3,0.7,0.533,1.7,1.3,0.8,5.0,0.9,0.4,1.6,0.3,1.3,0.7,0.6332320162107395,0.578125,0.5932990662939637,2021-22
1629004,Svi Mykhailiuk,1610612761,TOR,56.0,12.8,4.2,1.6,0.389,2.4,0.7,0.306,0.7,0.6,0.865,4.6,0.8,0.6,1.6,0.4,1.3,-1.4,0.5102040816326531,0.4642857142857143,3.0,2.6,0.3,0.0,0.0,0.3,0.0,0.0,0.0,0.0,0.0,0.0,0.3,0.0,0.3,0.3,0.0,-2.7,0.0,0.0,3.0,1.6,0.7,0.0,0.0,0.7,0.0,0.0,0.3,0.3,1.0,0.3,0.0,0.0,0.3,0.0,0.3,-3.7,0.18028846153846154,0.0,0.18232110151582936,2021-22
1629006,Josh Okogie,1610612750,MIN,49.0,10.5,2.1,0.9,0.404,1.0,0.3,0.298,1.0,0.7,0.686,2.7,0.5,0.5,1.4,0.6,0.8,0.8,0.531496062992126,0.5,5.0,2.6,0.4,0.2,0.5,0.2,0.0,0.0,0.0,0.0,0.0,0.4,0.0,0.0,0.2,0.2,0.0,-3.0,0.5,0.5,1.0,2.2,0.0,0.0,0.0,0.0,0.0,0.0,0.0,0.0,0.0,0.0,0.0,0.0,0.0,0.0,0.0,2.0,,,0.2742969628705697,2021-22
1629008,Michael Porter Jr.,1610612743,DEN,9.0,29.4,11.4,4.1,0.359,5.3,1.1,0.208,1.0,0.6,0.556,9.9,1.9,1.3,6.6,1.0,5.6,6.4,0.41807432432432434,0.4078947368421052,3.0,3.6,1.0,0.0,0.0,0.7,0.0,0.0,0.0,0.0,0.0,0.0,0.3,0.0,1.3,0.0,1.3,3.7,0.0,0.0,,,,,,,,,,,,,,,,,,,,,0.14813003793190005,2021-22
1629011,Mitchell Robinson,1610612752,NYK,72.0,25.7,4.8,3.6,0.761,0.0,0.0,0.0,2.5,1.2,0.486,8.5,0.5,0.8,8.6,4.1,4.5,-1.1,0.7203389830508474,0.75,26.0,3.2,0.5,0.3,0.667,0.0,0.0,0.0,0.2,0.1,0.5,0.7,0.0,0.0,1.2,0.6,0.6,-1.7,0.5952380952380952,0.6,,,,,,,,,,,,,,,,,,,,,0.6473550578401758,2021-22
1629012,Collin Sexton,1610612739,CLE,11.0,28.8,13.7,6.2,0.45,4.1,1.0,0.244,3.5,2.6,0.744,16.0,2.1,2.8,3.3,1.2,2.1,-2.7,0.5249343832020998,0.48905109489051096,5.0,1.8,1.2,0.4,0.333,0.6,0.2,0.333,0.0,0.0,0.0,1.0,0.0,0.0,0.0,0.0,0.0,-0.4,0.4166666666666667,0.4166666666666667,,,,,,,,,,,,,,,,,,,,,0.461515029598763,2021-22
1629013,Landry Shamet,1610612756,PHX,69.0,20.8,7.0,2.8,0.394,4.8,1.8,0.368,1.2,1.0,0.84,8.3,1.6,0.6,1.8,0.2,1.6,2.0,0.5512752391073327,0.5285714285714286,12.0,2.1,0.7,0.2,0.25,0.5,0.1,0.167,0.4,0.3,0.8,0.8,0.1,0.2,0.0,0.0,0.0,0.6,0.4566210045662101,0.35714285714285715,12.0,16.0,4.0,1.6,0.396,2.2,0.8,0.346,0.6,0.4,0.714,4.3,1.3,0.6,1.7,0.3,1.4,-2.2,0.5042213883677298,0.5,0.5061969022223951,2021-22
1629014,Anfernee Simons,1610612757,POR,57.0,29.5,14.0,6.2,0.443,7.8,3.1,0.405,2.0,1.8,0.888,17.3,3.9,2.0,2.6,0.5,2.2,-1.5,0.5813172043010753,0.5535714285714286,19.0,2.8,1.5,0.6,0.393,0.7,0.3,0.357,0.5,0.5,1.0,1.9,0.3,0.3,0.1,0.1,0.1,1.3,0.5523255813953488,0.5,,,,,,,,,,,,,,,,,,,,,0.5727037414107781,2021-22
1629018,Gary Trent Jr.,1610612761,TOR,70.0,35.0,15.5,6.4,0.414,7.8,3.0,0.383,2.9,2.5,0.853,18.3,2.0,1.0,2.7,0.4,2.4,2.4,0.5454220314735336,0.5096774193548387,37.0,4.1,1.7,0.7,0.429,0.9,0.4,0.424,0.9,0.8,0.875,2.6,0.2,0.1,0.5,0.1,0.4,1.4,0.6202290076335878,0.5294117647058824,6.0,33.2,13.7,5.2,0.378,6.5,2.2,0.333,3.2,2.8,0.895,15.3,1.3,0.5,1.7,0.2,1.5,-7.7,0.5063542494042892,0.4598540145985402,0.5617915410937057,2021-22
1629020,Jarred Vanderbilt,1610612750,MIN,74.0,25.4,4.9,2.9,0.587,0.2,0.0,0.143,1.8,1.2,0.656,6.9,1.3,1.0,8.4,2.9,5.5,2.2,0.6061138439915671,0.5918367346938775,25.0,2.8,0.3,0.1,0.286,0.0,0.0,0.0,0.2,0.0,0.25,0.2,0.1,0.2,0.6,0.2,0.4,0.2,0.2577319587628866,0.33333333333333337,6.0,21.5,4.5,2.2,0.481,0.0,0.0,0.0,1.7,1.2,0.7,5.5,0.7,0.8,7.2,2.0,5.2,-4.2,0.5240091463414633,0.48888888888888893,0.4550566490686308,2021-22
1629021,Moritz Wagner,1610612753,ORL,63.0,15.2,6.3,3.1,0.497,3.2,1.0,0.328,2.0,1.7,0.806,9.0,1.4,0.9,3.7,0.7,3.0,-2.4,0.6267409470752089,0.5714285714285715,5.0,0.9,0.4,0.0,0.0,0.4,0.0,0.0,0.0,0.0,0.0,0.0,0.0,0.2,0.2,0.0,0.2,-3.2,0.0,0.0,,,,,,,,,,,,,,,,,,,,,0.21526285537326817,2021-22
1629022,Lonnie Walker IV,1610612759,SAS,70.0,23.0,10.9,4.4,0.407,5.0,1.6,0.314,2.1,1.7,0.784,12.1,2.2,1.0,2.6,0.3,2.3,-1.1,0.5116711772665764,0.47706422018348627,20.0,3.4,1.1,0.5,0.409,0.6,0.2,0.364,0.8,0.5,0.667,1.6,0.3,0.1,0.3,0.2,0.2,-1.3,0.5509641873278237,0.5454545454545454,,,,,,,,,,,,,,,,,,,,,0.547958260425748,2021-22
1629023,P.J. Washington,1610612766,CHA,65.0,27.2,8.2,3.8,0.47,4.6,1.7,0.365,1.2,0.9,0.716,10.3,2.3,1.3,5.2,1.3,3.9,2.2,0.5900549954170486,0.5670731707317073,22.0,4.6,1.5,0.8,0.545,0.7,0.3,0.4,0.2,0.1,0.75,2.0,0.5,0.1,0.7,0.3,0.4,0.5,0.6297229219143576,0.6333333333333334,,,,,,,,,,,,,,,,,,,,,0.6347929626731864,2021-22
1629026,Kenrich Williams,1610612760,OKC,49.0,21.9,6.5,3.0,0.461,2.5,0.8,0.339,1.1,0.6,0.545,7.4,2.2,0.9,4.5,1.5,3.0,0.5,0.5297823596792669,0.5230769230769231,22.0,2.5,0.5,0.4,0.727,0.1,0.1,1.0,0.0,0.0,0.0,0.8,0.2,0.0,0.4,0.2,0.2,1.4,0.8,0.9,,,,,,,,,,,,,,,,,,,,,0.7176197609175465,2021-22
1629027,Trae Young,1610612737,ATL,76.0,34.9,20.3,9.4,0.46,8.0,3.1,0.382,7.3,6.6,0.904,28.4,9.7,4.0,3.7,0.7,3.1,2.1,0.6039469207213337,0.539408866995074,35.0,3.3,2.3,1.0,0.427,0.8,0.3,0.345,1.5,1.3,0.882,3.6,0.6,0.3,0.3,0.1,0.2,-0.5,0.6081081081081081,0.5,5.0,37.3,13.8,4.4,0.319,7.6,1.4,0.184,6.6,5.2,0.788,15.4,6.0,6.2,5.0,1.0,4.0,-11.6,0.46096743295019155,0.3695652173913044,0.5451742885585463,2021-22
1629028,Deandre Ayton,1610612756,PHX,58.0,29.5,12.0,7.6,0.634,0.3,0.1,0.368,2.4,1.8,0.746,17.2,1.4,1.6,10.2,2.6,7.7,5.9,0.6587009803921567,0.6375,28.0,3.2,0.8,0.6,0.818,0.0,0.0,0.0,0.2,0.1,0.8,1.4,0.0,0.2,0.9,0.1,0.8,2.6,0.7882882882882882,0.7499999999999999,13.0,30.5,12.6,8.1,0.64,0.3,0.2,0.5,2.5,1.6,0.636,17.9,1.7,1.5,8.9,2.5,6.4,-0.1,0.6532846715328468,0.6507936507936507,0.7058552619273234,2021-22
1629029,Luka Dončić,1610612742,DAL,65.0,35.4,21.6,9.9,0.457,8.8,3.1,0.353,7.5,5.6,0.744,28.4,8.7,4.5,9.1,0.9,8.3,2.2,0.5702811244979918,0.5300925925925926,29.0,3.2,2.1,1.0,0.484,0.9,0.2,0.231,0.5,0.4,0.857,2.7,0.5,0.2,0.6,0.0,0.6,0.9,0.5818965517241379,0.5238095238095238,15.0,36.8,23.5,10.7,0.455,9.9,3.4,0.345,9.0,6.9,0.77,31.7,6.4,3.9,9.8,0.7,9.1,2.1,0.5772032046613256,0.5276595744680851,0.5873361958768128,2021-22
1629035,Carsen Edwards,1610612765,DET,4.0,19.8,7.5,2.3,0.3,4.0,1.0,0.25,0.3,0.3,1.0,5.8,3.5,1.3,1.5,0.5,1.0,-3.0,0.379979035639413,0.3733333333333333,1.0,1.4,0.0,0.0,0.0,0.0,0.0,0.0,0.0,0.0,0.0,0.0,0.0,0.0,0.0,0.0,0.0,0.0,,,,,,,,,,,,,,,,,,,,,,,0.126659678546471,2021-22
1629048,Goga Bitadze,1610612754,IND,50.0,14.6,5.0,2.6,0.52,1.6,0.5,0.288,1.9,1.3,0.681,7.0,1.1,0.9,3.5,1.6,2.0,-0.6,0.5997258396161754,0.5700000000000001,11.0,1.2,0.3,0.2,0.667,0.1,0.0,0.0,0.5,0.1,0.2,0.5,0.0,0.0,0.3,0.1,0.2,-1.8,0.4807692307692307,0.6666666666666667,,,,,,,,,,,,,,,,,,,,,0.5264214337170122,2021-22
1629052,Oshae Brissett,1610612754,IND,67.0,23.3,7.6,3.1,0.411,3.5,1.2,0.35,2.4,1.7,0.695,9.1,1.1,0.8,5.3,1.6,3.7,-3.3,0.5256469500924215,0.48684210526315796,26.0,3.0,0.6,0.2,0.313,0.3,0.0,0.143,0.6,0.3,0.533,0.7,0.1,0.1,0.8,0.3,0.5,-1.4,0.40509259259259256,0.33333333333333337,,,,,,,,,,,,,,,,,,,,,0.45317211526693535,2021-22
1629056,Terence Davis,1610612758,SAC,30.0,17.9,8.9,3.8,0.423,5.0,1.6,0.329,1.5,1.2,0.818,10.4,1.3,1.1,3.1,0.4,2.8,2.0,0.5439330543933054,0.5168539325842696,7.0,3.1,1.7,0.9,0.5,0.9,0.1,0.167,0.3,0.3,1.0,2.1,0.0,0.1,1.0,0.1,0.9,-1.3,0.5731441048034935,0.5588235294117647,,,,,,,,,,,,,,,,,,,,,0.582508211593457,2021-22
1629057,Robert Williams III,1610612738,BOS,61.0,29.6,6.0,4.4,0.736,0.0,0.0,0.0,1.5,1.1,0.722,10.0,2.0,1.0,9.6,3.9,5.7,6.1,0.7507507507507507,0.7333333333333334,21.0,4.1,0.6,0.4,0.692,0.0,0.0,0.0,0.6,0.6,1.0,1.4,0.0,0.1,1.2,0.4,0.8,0.3,0.8101851851851851,0.6666666666666667,17.0,23.2,4.6,3.1,0.679,0.1,0.0,0.0,1.6,1.5,0.893,7.7,1.0,0.6,6.2,2.5,3.6,3.8,0.7258672699849171,0.673913043478261,0.7681204885109787,2021-22
1629060,Rui Hachimura,1610612764,WAS,42.0,22.5,9.1,4.5,0.491,2.9,1.3,0.447,1.6,1.1,0.697,11.3,1.1,0.8,3.8,0.6,3.2,-3.0,0.5762953896368829,0.565934065934066,9.0,1.1,0.1,0.0,0.0,0.0,0.0,0.0,0.0,0.0,0.0,0.0,0.0,0.0,0.2,0.0,0.2,-1.1,0.0,0.0,,,,,,,,,,,,,,,,,,,,,0.19319736431107462,2021-22
1629076,Tyler Cook,1610612741,CHI,20.0,10.0,1.9,1.2,0.605,0.0,0.0,0.0,1.6,1.1,0.656,3.4,0.2,0.4,2.7,0.8,1.9,-1.4,0.6528417818740399,0.631578947368421,,,,,,,,,,,,,,,,,,,,,,,,,,,,,,,,,,,,,,,,,0.6528417818740399,2021-22
1629103,Kelan Martin,1610612738,BOS,30.0,15.0,5.7,2.3,0.409,2.5,0.7,0.293,0.4,0.3,0.692,5.7,0.7,0.5,1.8,0.6,1.3,-1.8,0.4850238257317903,0.46491228070175433,8.0,1.8,0.8,0.1,0.167,0.6,0.0,0.0,0.0,0.0,0.0,0.3,0.0,0.0,0.1,0.1,0.0,-2.6,0.18749999999999997,0.125,,,,,,,,,,,,,,,,,,,,,0.3007096962940993,2021-22
1629109,Gary Clark,1610612740,NOP,38.0,10.0,2.3,0.9,0.375,1.8,0.7,0.4,0.3,0.2,0.7,2.7,0.5,0.3,2.4,0.6,1.8,-0.5,0.5550986842105263,0.5434782608695653,5.0,0.3,0.0,0.0,0.0,0.0,0.0,0.0,0.0,0.0,0.0,0.0,0.0,0.0,0.0,0.0,0.0,-2.0,,,,,,,,,,,,,,,,,,,,,,,0.18503289473684212,2021-22
1629111,Jock Landale,1610612759,SAS,54.0,10.9,3.8,1.9,0.495,1.6,0.5,0.326,0.8,0.6,0.829,4.9,0.8,0.6,2.6,1.2,1.4,-0.3,0.5900770712909441,0.5657894736842105,9.0,1.0,0.2,0.0,0.0,0.1,0.0,0.0,0.0,0.0,0.0,0.0,0.0,0.1,0.3,0.1,0.2,-1.0,0.0,0.0,,,,,,,,,,,,,,,,,,,,,0.20195551499033318,2021-22
1629117,Wenyen Gabriel,1610612747,LAL,26.0,13.8,4.2,2.1,0.491,1.1,0.3,0.286,1.6,1.0,0.595,5.4,0.5,0.6,3.7,1.5,2.2,1.7,0.5505709624796086,0.5357142857142857,5.0,2.4,0.2,0.0,0.0,0.0,0.0,0.0,0.0,0.0,0.0,0.0,0.2,0.0,0.6,0.2,0.4,3.2,0.0,0.0,,,,,,,,,,,,,,,,,,,,,0.1882855589206405,2021-22
1629130,Duncan Robinson,1610612748,MIA,79.0,25.9,9.2,3.7,0.399,7.9,2.9,0.372,0.8,0.6,0.836,10.9,1.6,0.8,2.6,0.3,2.3,1.3,0.5705611390284757,0.5597826086956522,12.0,3.5,0.9,0.3,0.364,0.9,0.3,0.364,0.4,0.3,0.6,1.3,0.1,0.1,0.6,0.0,0.6,0.2,0.604089219330855,0.49999999999999994,13.0,12.3,4.4,1.9,0.439,3.6,1.4,0.383,0.5,0.4,0.833,5.6,0.4,0.2,1.8,0.2,1.6,0.5,0.606060606060606,0.5909090909090908,0.6092695080065894,2021-22
1629139,Yuta Watanabe,1610612761,TOR,38.0,11.7,3.6,1.5,0.406,2.1,0.7,0.342,1.1,0.6,0.6,4.3,0.6,0.5,2.4,0.5,1.9,-1.4,0.5264446620959843,0.513888888888889,6.0,1.3,0.3,0.0,0.0,0.2,0.0,0.0,0.0,0.0,0.0,0.0,0.0,0.0,0.2,0.0,0.2,-1.3,0.0,0.0,4.0,2.6,1.5,0.5,0.333,0.3,0.0,0.0,0.0,0.0,0.0,1.0,0.0,0.3,0.0,0.0,0.0,-2.3,0.3333333333333333,0.3333333333333333,0.2627407770136826,2021-22
1629162,Jordan McLaughlin,1610612750,MIN,62.0,14.5,3.2,1.4,0.44,1.4,0.4,0.318,0.6,0.5,0.75,3.8,2.9,0.6,1.5,0.4,1.2,0.6,0.5484988452655888,0.49999999999999994,6.0,0.6,0.2,0.0,0.0,0.2,0.0,0.0,0.3,0.2,0.5,0.2,0.0,0.0,0.0,0.0,0.0,1.0,0.30120481927710846,0.0,5.0,16.6,3.4,2.4,0.706,1.4,0.8,0.571,0.8,0.6,0.75,6.2,3.4,0.4,2.4,0.0,2.4,-0.8,0.8262260127931771,0.8235294117647058,0.6111810870312697,2021-22
1629164,Brandon Goodwin,1610612739,CLE,36.0,13.9,4.3,1.8,0.416,1.5,0.5,0.345,1.1,0.7,0.632,4.8,2.5,1.0,1.9,0.4,1.5,-1.5,0.5016722408026756,0.4767441860465116,10.0,2.8,1.1,0.2,0.182,0.5,0.1,0.2,0.4,0.2,0.5,0.7,0.3,0.3,1.0,0.4,0.6,0.8,0.274294670846395,0.22727272727272727,,,,,,,,,,,,,,,,,,,,,0.3756685895080432,2021-22
1629168,BJ Johnson,1610612753,ORL,4.0,16.1,6.3,2.8,0.44,2.5,1.0,0.4,0.0,0.0,0.0,6.5,0.0,0.0,3.8,1.5,2.3,-3.0,0.5158730158730159,0.5238095238095238,,,,,,,,,,,,,,,,,,,,,,,,,,,,,,,,,,,,,,,,,0.5158730158730159,2021-22
1629185,Chris Chiozza,1610612744,GSW,34.0,10.9,2.4,0.7,0.296,1.6,0.5,0.321,0.1,0.1,0.667,2.0,1.9,0.9,1.1,0.3,0.8,-1.4,0.40916530278232405,0.3958333333333333,3.0,2.7,0.7,0.0,0.0,0.3,0.0,0.0,0.0,0.0,0.0,0.0,0.3,0.0,0.0,0.0,0.0,2.0,0.0,0.0,,,,,,,,,,,,,,,,,,,,,0.16555510091528858,2021-22
1629216,Gabe Vincent,1610612748,MIA,68.0,23.4,7.5,3.1,0.417,4.8,1.8,0.368,0.8,0.6,0.815,8.7,3.1,1.4,1.9,0.3,1.5,1.5,0.553998981151299,0.5333333333333333,18.0,2.4,0.7,0.3,0.417,0.4,0.2,0.5,0.2,0.2,1.0,1.0,0.3,0.2,0.2,0.1,0.1,0.2,0.6345177664974619,0.5714285714285715,18.0,23.5,7.3,2.8,0.382,4.5,1.4,0.309,1.1,1.1,0.95,8.0,3.2,1.4,1.9,0.2,1.8,4.2,0.513874614594039,0.4794520547945206,0.5701097263201454,2021-22
1629234,Drew Eubanks,1610612757,POR,71.0,17.5,5.2,3.1,0.596,0.3,0.1,0.217,1.8,1.4,0.762,7.7,1.2,1.1,5.4,1.8,3.5,-4.6,0.6425233644859814,0.6057692307692307,4.0,3.6,1.3,1.3,1.0,0.0,0.0,0.0,0.0,0.0,0.0,2.5,0.0,0.0,1.3,1.0,0.3,-5.8,0.9615384615384615,1.0,,,,,,,,,,,,,,,,,,,,,0.8802000958494937,2021-22
1629308,Juan Toscano-Anderson,1610612744,GSW,73.0,13.6,3.2,1.6,0.489,1.2,0.4,0.322,1.0,0.5,0.571,4.1,1.7,0.9,2.4,0.4,2.0,0.6,0.5631868131868131,0.5625,13.0,2.3,0.7,0.4,0.556,0.2,0.1,0.333,0.2,0.2,0.667,1.0,0.2,0.1,0.6,0.2,0.5,0.3,0.6345177664974619,0.6428571428571429,14.0,3.5,0.7,0.3,0.4,0.4,0.1,0.4,0.2,0.1,0.333,0.8,0.6,0.6,0.7,0.0,0.7,-2.0,0.5076142131979696,0.5,0.5810524976224384,2021-22
1629309,Trayvon Palmer,1610612765,DET,1.0,16.8,1.0,0.0,0.0,0.0,0.0,0.0,0.0,0.0,0.0,0.0,0.0,1.0,2.0,0.0,2.0,-12.0,0.0,0.0,1.0,0.5,0.0,0.0,0.0,0.0,0.0,0.0,0.0,0.0,0.0,0.0,0.0,0.0,0.0,0.0,0.0,-3.0,,,,,,,,,,,,,,,,,,,,,,,0.0,2021-22
1629599,Amir Coffey,1610612746,LAC,69.0,22.7,6.8,3.1,0.453,3.7,1.4,0.378,1.7,1.5,0.863,9.0,1.8,0.7,2.9,0.4,2.5,-0.7,0.5961844197138315,0.5588235294117647,23.0,2.7,0.7,0.2,0.333,0.3,0.1,0.286,0.4,0.3,0.8,0.9,0.0,0.0,0.4,0.0,0.4,0.6,0.5136986301369864,0.35714285714285715,,,,,,,,,,,,,,,,,,,,,0.551488010974813,2021-22
1629603,Mamadi Diakite,1610612760,OKC,13.0,14.4,3.6,1.9,0.532,0.4,0.0,0.0,0.8,0.5,0.545,4.3,0.2,0.5,4.5,1.3,3.2,-1.1,0.5440283400809717,0.5277777777777778,1.0,1.8,0.0,0.0,0.0,0.0,0.0,0.0,2.0,2.0,1.0,2.0,0.0,0.0,1.0,0.0,1.0,-2.0,1.1363636363636365,,,,,,,,,,,,,,,,,,,,,,0.9389185376027482,2021-22
1629604,CJ Elleby,1610612757,POR,58.0,20.2,5.3,2.1,0.393,2.2,0.6,0.294,1.4,1.0,0.714,5.8,1.5,1.0,3.9,1.1,2.8,-6.0,0.4901960784313726,0.4528301886792453,6.0,4.0,0.5,0.2,0.333,0.2,0.2,1.0,0.0,0.0,0.0,0.5,0.3,0.3,0.7,0.2,0.5,-1.5,0.5,0.6000000000000001,,,,,,,,,,,,,,,,,,,,,0.5061659884061618,2021-22
1629611,Terance Mann,1610612746,LAC,81.0,28.6,8.5,4.1,0.484,2.6,0.9,0.365,2.0,1.6,0.78,10.8,2.6,1.0,5.2,1.3,4.0,0.8,0.5756929637526652,0.5352941176470588,36.0,2.6,0.7,0.4,0.52,0.3,0.2,0.667,0.1,0.1,0.8,1.0,0.1,0.1,0.4,0.1,0.3,0.6,0.6720430107526881,0.7142857142857143,,,,,,,,,,,,,,,,,,,,,0.6481616225360254,2021-22
1629617,Reggie Perry,1610612757,POR,10.0,18.7,7.9,4.0,0.506,1.6,0.3,0.188,1.5,0.9,0.6,9.2,1.2,1.1,4.7,1.5,3.2,-7.8,0.5373831775700934,0.5253164556962026,1.0,0.3,0.0,0.0,0.0,0.0,0.0,0.0,0.0,0.0,0.0,0.0,0.0,0.0,0.0,0.0,0.0,-2.0,,,,,,,,,,,,,,,,,,,,,,,0.17912772585669778,2021-22
1629620,Justin Robinson,1610612765,DET,25.0,12.1,3.7,1.1,0.301,2.4,0.7,0.295,0.3,0.2,0.5,3.1,1.3,0.7,0.8,0.2,0.7,-4.9,0.4044885177453027,0.39189189189189194,3.0,1.9,0.3,0.0,0.0,0.3,0.0,0.0,0.0,0.0,0.0,0.0,0.0,0.0,0.3,0.0,0.3,0.0,0.0,0.0,,,,,,,,,,,,,,,,,,,,,0.14293761402101762,2021-22
1629622,Max Strus,1610612748,MIA,68.0,23.3,8.3,3.7,0.441,6.5,2.7,0.41,0.8,0.6,0.792,10.6,1.4,0.8,3.0,0.4,2.6,2.5,0.6125751271382338,0.608433734939759,19.0,2.7,0.6,0.3,0.417,0.5,0.3,0.5,0.2,0.2,1.0,0.9,0.1,0.1,0.5,0.1,0.4,1.6,0.6540697674418605,0.75,18.0,29.0,10.1,3.8,0.374,7.9,2.6,0.331,1.0,0.7,0.722,10.9,2.1,1.1,4.1,0.8,3.2,4.9,0.5170777988614801,0.504950495049505,0.5858869254295122,2021-22
1629623,Lindell Wigginton,1610612749,MIL,19.0,10.5,3.2,1.4,0.426,1.4,0.5,0.346,1.8,1.0,0.543,4.2,1.2,0.6,1.3,0.2,1.2,-2.5,0.5260521042084169,0.5156249999999999,2.0,0.4,0.0,0.0,0.0,0.0,0.0,0.0,0.0,0.0,0.0,0.0,0.0,0.0,0.0,0.0,0.0,-0.5,,,,,,,,,,,,,,,,,,,,,,,0.17535070140280562,2021-22
1629628,RJ Barrett,1610612752,NYK,70.0,34.5,17.1,7.0,0.408,5.8,2.0,0.342,5.8,4.1,0.714,20.0,3.0,2.2,5.8,0.9,4.9,-2.1,0.508854060655404,0.4678362573099415,31.0,3.3,1.7,0.7,0.434,0.5,0.3,0.471,0.6,0.5,0.789,2.2,0.2,0.2,0.5,0.0,0.4,-0.9,0.560081466395112,0.5,,,,,,,,,,,,,,,,,,,,,0.5529471849491309,2021-22
1629629,Cam Reddish,1610612752,NYK,49.0,20.7,8.3,3.4,0.404,3.8,1.3,0.359,2.3,2.1,0.902,10.1,1.0,1.2,2.1,0.5,1.6,-4.4,0.5423109965635738,0.4879518072289156,9.0,1.8,0.6,0.2,0.4,0.2,0.1,0.5,0.2,0.1,0.5,0.7,0.1,0.0,0.3,0.2,0.1,-2.0,0.5087209302325582,0.4166666666666667,,,,,,,,,,,,,,,,,,,,,0.5271465346713431,2021-22
1629630,Ja Morant,1610612763,MEM,57.0,33.1,20.6,10.2,0.493,4.5,1.5,0.344,7.3,5.5,0.761,27.4,6.7,3.4,5.7,1.4,4.4,3.3,0.5753401646228792,0.5315533980582523,26.0,4.1,3.1,1.3,0.42,0.5,0.2,0.286,2.2,1.8,0.825,4.6,0.4,0.3,0.7,0.1,0.6,1.7,0.5653883972468042,0.4516129032258065,9.0,37.5,20.4,9.0,0.44,5.6,1.9,0.34,9.7,7.2,0.747,27.1,9.8,3.6,8.0,1.4,6.6,4.0,0.5492946327225556,0.4877450980392157,0.5740486865692823,2021-22
1629631,De'Andre Hunter,1610612737,ATL,53.0,29.8,10.8,4.8,0.442,3.7,1.4,0.379,3.1,2.4,0.765,13.4,1.3,1.3,3.3,0.5,2.8,0.5,0.5508056560341992,0.5092592592592592,27.0,3.0,1.0,0.4,0.37,0.4,0.1,0.2,0.4,0.2,0.6,1.0,0.0,0.0,0.4,0.1,0.3,0.3,0.4251700680272109,0.45,5.0,34.9,14.0,7.8,0.557,5.2,2.4,0.462,4.0,3.2,0.8,21.2,0.6,2.2,3.8,0.4,3.4,-15.4,0.6725888324873096,0.6428571428571429,0.5790779741834935,2021-22
1629632,Coby White,1610612741,CHI,61.0,27.5,10.6,4.6,0.433,5.8,2.2,0.385,1.5,1.3,0.857,12.7,2.9,1.1,3.0,0.3,2.7,-0.6,0.563943161634103,0.5377358490566038,24.0,2.0,0.3,0.1,0.286,0.3,0.1,0.333,0.1,0.0,0.5,0.3,0.2,0.0,0.3,0.1,0.2,1.4,0.436046511627907,0.5000000000000001,5.0,19.6,9.0,3.0,0.333,5.8,1.6,0.276,1.0,0.8,0.8,8.4,1.8,1.2,3.4,0.0,3.4,-10.6,0.44491525423728817,0.4222222222222222,0.4646271799459418,2021-22
1629634,Brandon Clarke,1610612763,MEM,64.0,19.5,7.0,4.5,0.644,0.3,0.1,0.227,2.0,1.3,0.654,10.4,1.3,0.5,5.3,2.1,3.2,2.8,0.6598984771573604,0.65,17.0,2.2,0.6,0.5,0.727,0.0,0.0,0.0,0.3,0.2,0.6,1.1,0.2,0.1,0.9,0.6,0.3,1.4,0.7513661202185793,0.8333333333333334,12.0,24.7,7.6,4.7,0.615,0.1,0.0,0.0,4.5,3.0,0.667,12.3,2.0,1.0,6.9,3.1,3.8,0.5,0.6419624217118999,0.618421052631579,0.6899910923585738,2021-22
1629636,Darius Garland,1610612739,CLE,68.0,35.7,17.3,8.0,0.462,6.7,2.6,0.383,3.5,3.2,0.892,21.7,8.6,3.6,3.3,0.6,2.7,5.5,0.5759023354564756,0.5375722543352601,34.0,3.5,1.9,0.7,0.369,0.7,0.2,0.24,1.0,0.9,0.857,2.5,0.7,0.2,0.4,0.1,0.2,0.6,0.5341880341880342,0.42105263157894735,,,,,,,,,,,,,,,,,,,,,0.5590754602364174,2021-22
1629637,Jaxson Hayes,1610612740,NOP,70.0,20.0,5.7,3.5,0.616,0.8,0.3,0.351,2.7,2.1,0.766,9.3,0.6,0.8,4.5,1.6,2.9,0.3,0.6750871080139373,0.6403508771929824,8.0,3.2,0.3,0.3,1.0,0.0,0.0,0.0,0.3,0.3,1.0,0.8,0.1,0.0,0.4,0.0,0.4,0.6,0.925925925925926,1.0,6.0,13.8,4.2,2.3,0.56,0.5,0.0,0.0,1.8,1.2,0.636,5.8,0.2,0.7,2.5,0.7,1.8,-4.7,0.5809294871794871,0.5476190476190476,0.7168843947945219,2021-22
1629638,Nickeil Alexander-Walker,1610612762,UTA,65.0,22.6,10.5,3.9,0.372,5.2,1.6,0.311,1.7,1.2,0.743,10.6,2.4,1.4,2.9,0.6,2.3,-1.7,0.47119487908961594,0.44761904761904764,13.0,1.9,0.5,0.2,0.286,0.3,0.1,0.25,0.2,0.2,1.0,0.5,0.1,0.1,0.2,0.1,0.2,-1.3,0.4251700680272109,0.5,1.0,4.7,2.0,2.0,1.0,0.0,0.0,0.0,1.0,1.0,1.0,5.0,1.0,0.0,1.0,0.0,1.0,4.0,1.0245901639344261,1.0,0.737312822586004,2021-22
1629639,Tyler Herro,1610612748,MIA,66.0,32.6,17.0,7.6,0.447,6.7,2.7,0.399,3.3,2.9,0.868,20.7,4.0,2.6,5.0,0.5,4.5,3.6,0.5609148059830913,0.526470588235294,25.0,3.8,2.0,0.7,0.36,1.0,0.4,0.385,0.6,0.5,0.75,2.3,0.2,0.2,0.6,0.1,0.5,0.4,0.5079505300353356,0.44999999999999996,15.0,25.4,12.1,4.9,0.409,4.7,1.1,0.229,1.8,1.7,0.926,12.6,2.8,1.8,3.9,0.5,3.4,-3.3,0.48867514737821904,0.4504132231404959,0.5189049239130642,2021-22
1629640,Keldon Johnson,1610612759,SAS,75.0,31.9,13.5,6.3,0.466,5.3,2.1,0.398,3.1,2.4,0.756,17.0,2.1,1.2,6.1,1.1,5.0,1.0,0.5718514531754575,0.5444444444444444,33.0,3.3,1.3,0.4,0.273,0.6,0.1,0.158,0.4,0.3,0.692,1.1,0.1,0.0,0.5,0.1,0.4,-0.6,0.3726287262872629,0.34615384615384615,,,,,,,,,,,,,,,,,,,,,0.4486659315455774,2021-22
1629641,Romeo Langford,1610612759,SAS,48.0,16.1,4.0,1.7,0.435,1.8,0.6,0.341,0.9,0.5,0.548,4.5,0.4,0.3,2.3,0.6,1.6,0.1,0.5118289353958144,0.5,5.0,2.3,0.0,0.0,0.0,0.0,0.0,0.0,0.0,0.0,0.0,0.0,0.0,0.0,0.2,0.0,0.2,-3.4,,,,,,,,,,,,,,,,,,,,,,,0.17060964513193813,2021-22
1629642,Nassir Little,1610612757,POR,42.0,25.9,7.5,3.5,0.46,3.7,1.2,0.331,2.2,1.6,0.734,9.8,1.3,1.0,5.6,1.4,4.2,-0.5,0.5786490316485593,0.5466666666666666,12.0,2.2,0.3,0.1,0.333,0.2,0.0,0.0,0.3,0.3,1.0,0.5,0.0,0.0,0.3,0.0,0.3,2.4,0.5787037037037037,0.33333333333333337,,,,,,,,,,,,,,,,,,,,,0.5826854796847889,2021-22
1629643,Chuma Okeke,1610612753,ORL,70.0,25.0,8.2,3.1,0.376,5.3,1.7,0.318,0.9,0.8,0.846,8.6,1.7,0.8,5.0,0.7,4.3,-4.5,0.5002326663564448,0.48170731707317077,14.0,2.5,0.7,0.5,0.7,0.4,0.3,0.667,0.4,0.3,0.8,1.6,0.2,0.1,0.5,0.1,0.4,0.1,0.9132420091324202,0.9285714285714287,,,,,,,,,,,,,,,,,,,,,0.7841088135719076,2021-22
1629644,KZ Okpala,1610612748,MIA,21.0,11.6,3.3,1.4,0.435,1.2,0.4,0.346,0.5,0.4,0.727,3.7,0.7,0.2,2.0,0.5,1.4,0.3,0.5255681818181819,0.48484848484848486,1.0,2.3,1.0,1.0,1.0,1.0,1.0,1.0,0.0,0.0,0.0,3.0,0.0,0.0,0.0,0.0,0.0,6.0,1.5,1.5,,,,,,,,,,,,,,,,,,,,,1.2054924242332414,2021-22
1629645,Kevin Porter Jr.,1610612745,HOU,61.0,31.3,13.2,5.5,0.415,6.8,2.5,0.375,3.2,2.0,0.642,15.6,6.2,3.1,4.4,0.7,3.7,-4.6,0.5339539978094195,0.5113636363636364,22.0,3.9,1.5,0.5,0.313,0.6,0.2,0.286,0.6,0.5,0.769,1.5,0.5,0.4,0.5,0.1,0.4,-0.7,0.42517006802721086,0.39999999999999997,,,,,,,,,,,,,,,,,,,,,0.47279501431738924,2021-22
1629647,Darius Bazley,1610612760,OKC,69.0,27.9,9.4,4.0,0.422,3.9,1.2,0.297,2.5,1.7,0.688,10.8,1.4,1.3,6.3,1.0,5.3,-6.8,0.5142857142857143,0.4893617021276595,28.0,3.9,0.9,0.4,0.385,0.5,0.1,0.267,0.3,0.2,0.625,1.0,0.1,0.1,0.8,0.1,0.7,-1.2,0.4844961240310077,0.5,,,,,,,,,,,,,,,,,,,,,0.5040004555333311,2021-22
1629649,Ignas Brazdeikis,1610612753,ORL,42.0,12.8,4.5,1.9,0.431,2.1,0.6,0.31,0.8,0.5,0.656,5.0,0.9,0.4,1.7,0.5,1.2,-4.1,0.5152514427040396,0.4888888888888888,3.0,1.9,1.0,0.3,0.333,0.3,0.0,0.0,0.7,0.0,0.0,0.7,0.0,0.3,0.3,0.3,0.0,-4.0,0.2675840978593272,0.3,,,,,,,,,,,,,,,,,,,,,0.3723621016915153,2021-22
1629651,Nic Claxton,1610612751,BKN,47.0,20.7,5.6,3.8,0.674,0.0,0.0,0.0,2.0,1.1,0.581,8.7,0.9,0.8,5.6,1.9,3.7,-0.6,0.6712962962962963,0.6785714285714286,15.0,3.0,0.7,0.4,0.6,0.0,0.0,0.0,0.3,0.1,0.4,0.9,0.1,0.0,0.9,0.5,0.4,-0.9,0.5408653846153847,0.5714285714285715,4.0,24.5,6.0,4.8,0.792,0.0,0.0,0.0,5.5,1.0,0.182,10.5,1.5,0.5,6.3,1.8,4.5,-2.3,0.6235154394299287,0.7999999999999999,0.6164288973005765,2021-22
1629652,Luguentz Dort,1610612760,OKC,51.0,32.7,14.2,5.7,0.404,7.7,2.5,0.332,3.7,3.2,0.843,17.2,1.7,1.7,4.2,0.7,3.4,-5.8,0.5433409148344706,0.4894366197183099,25.0,3.5,1.8,0.8,0.432,0.8,0.2,0.316,0.9,0.8,0.913,2.6,0.0,0.1,0.3,0.1,0.2,-0.4,0.5919854280510018,0.5,,,,,,,,,,,,,,,,,,,,,0.5884466466492936,2021-22
1629655,Daniel Gafford,1610612764,WAS,72.0,20.1,5.7,4.0,0.693,0.0,0.0,0.0,2.1,1.5,0.699,9.4,0.9,0.9,5.7,2.2,3.5,-2.9,0.7095410628019323,0.7017543859649122,19.0,2.7,0.5,0.3,0.5,0.0,0.0,0.0,0.4,0.4,1.0,0.9,0.1,0.1,0.8,0.4,0.5,0.9,0.665680473372781,0.6,,,,,,,,,,,,,,,,,,,,,0.6890725996721873,2021-22
1629656,Quentin Grimes,1610612752,NYK,46.0,17.1,5.1,2.1,0.404,4.1,1.6,0.381,0.4,0.3,0.684,6.0,1.0,0.6,2.0,0.5,1.5,-1.2,0.5686125852918879,0.5686274509803922,9.0,3.4,0.9,0.3,0.375,0.7,0.2,0.333,0.0,0.0,0.0,0.9,0.0,0.0,0.6,0.2,0.3,-3.1,0.5,0.4444444444444445,,,,,,,,,,,,,,,,,,,,,0.5405179205840318,2021-22
1629658,Jaylen Hoard,1610612760,OKC,7.0,34.2,12.9,6.3,0.489,3.6,1.3,0.36,2.0,0.9,0.429,14.7,2.4,1.1,12.0,4.3,7.7,-12.4,0.5333817126269956,0.5387596899224806,1.0,3.2,1.0,0.0,0.0,1.0,0.0,0.0,0.0,0.0,0.0,0.0,0.0,0.0,4.0,0.0,4.0,10.0,0.0,0.0,,,,,,,,,,,,,,,,,,,,,0.18554584219289375,2021-22
1629659,Talen Horton-Tucker,1610612747,LAL,60.0,25.2,9.0,3.7,0.416,3.0,0.8,0.269,2.1,1.7,0.8,10.0,2.7,1.4,3.2,0.6,2.6,-1.5,0.5038291011688836,0.4555555555555556,23.0,2.2,0.4,0.1,0.3,0.1,0.0,0.0,0.1,0.0,0.333,0.3,0.1,0.1,0.1,0.0,0.1,0.0,0.33783783783783783,0.25,,,,,,,,,,,,,,,,,,,,,0.397612703392137,2021-22
1629660,Ty Jerome,1610612760,OKC,48.0,16.7,6.8,2.6,0.378,3.9,1.1,0.29,1.0,0.8,0.809,7.1,2.3,0.8,1.6,0.4,1.2,-0.1,0.4903314917127071,0.46323529411764713,11.0,0.5,0.1,0.1,1.0,0.1,0.1,1.0,0.2,0.0,0.0,0.3,0.0,0.0,0.0,0.0,0.0,0.7,0.7978723404255319,1.5000000000000002,,,,,,,,,,,,,,,,,,,,,0.6968293124230015,2021-22
1629661,Cameron Johnson,1610612756,PHX,66.0,26.2,9.2,4.2,0.46,5.9,2.5,0.425,1.7,1.5,0.86,12.5,1.5,0.7,4.1,0.6,3.5,3.3,0.6282669883393648,0.5923913043478262,25.0,1.7,0.5,0.3,0.583,0.4,0.3,0.636,0.1,0.1,0.667,0.9,0.1,0.0,0.3,0.0,0.3,1.6,0.8272058823529411,0.8999999999999999,13.0,24.6,7.6,3.5,0.465,4.5,1.7,0.373,2.5,2.0,0.813,10.8,1.5,0.9,3.5,0.7,2.8,-1.6,0.6206896551724139,0.5723684210526315,0.6962260690351865,2021-22
1629663,Louis King,1610612758,SAC,10.0,10.4,4.7,1.5,0.319,2.7,0.8,0.296,1.0,0.7,0.7,4.5,0.9,0.0,1.2,0.0,1.2,-2.9,0.43774319066147854,0.40425531914893614,,,,,,,,,,,,,,,,,,,,,,,,,,,,,,,,,,,,,,,,,0.43774319066147854,2021-22
1629667,Jalen McDaniels,1610612766,CHA,55.0,16.3,4.6,2.2,0.484,2.0,0.7,0.38,1.3,1.0,0.736,6.2,1.1,0.7,3.1,0.7,2.4,0.8,0.5993812838360403,0.5543478260869567,6.0,1.5,0.5,0.2,0.333,0.2,0.0,0.0,0.0,0.0,0.0,0.3,0.0,0.2,0.5,0.0,0.5,0.5,0.3,0.4,,,,,,,,,,,,,,,,,,,,,0.41066332649370846,2021-22
1629669,Jaylen Nowell,1610612750,MIN,62.0,15.7,6.7,3.2,0.475,2.6,1.0,0.394,1.5,1.2,0.783,8.5,2.1,0.6,2.0,0.4,1.6,1.1,0.577445652173913,0.5522388059701493,6.0,2.0,0.7,0.5,0.75,0.0,0.0,0.0,0.7,0.5,0.75,1.5,0.0,0.0,0.2,0.0,0.2,1.8,0.7440476190476191,0.7142857142857143,1.0,11.9,10.0,3.0,0.3,5.0,0.0,0.0,0.0,0.0,0.0,6.0,1.0,0.0,0.0,0.0,0.0,7.0,0.3,0.3,0.504704576237329,2021-22
1629670,Jordan Nwora,1610612749,MIL,62.0,19.1,7.5,3.0,0.403,3.7,1.3,0.348,0.7,0.6,0.837,7.9,1.0,0.9,3.6,0.6,3.0,-1.2,0.505891393442623,0.48666666666666664,11.0,2.3,0.5,0.3,0.5,0.2,0.1,0.5,0.0,0.0,0.0,0.6,0.0,0.1,0.4,0.2,0.2,0.9,0.6,0.7,8.0,2.5,1.1,0.3,0.222,0.5,0.0,0.0,0.3,0.0,0.0,0.5,0.3,0.0,0.4,0.0,0.4,-1.5,0.2029220779220779,0.2727272727272727,0.39244293786725387,2021-22
1629672,Eric Paschall,1610612762,UTA,58.0,12.7,4.1,2.0,0.485,1.9,0.7,0.37,1.5,1.1,0.767,5.8,0.6,0.5,1.8,0.5,1.3,-0.5,0.6092436974789917,0.5731707317073171,2.0,1.5,0.0,0.0,0.0,0.0,0.0,0.0,0.0,0.0,0.0,0.0,0.0,0.0,0.5,0.0,0.5,-1.0,,,4.0,6.1,1.5,0.8,0.5,0.5,0.3,0.5,0.3,0.3,1.0,2.0,0.0,0.0,1.3,0.3,1.0,2.3,0.6127450980392156,0.6333333333333334,0.4079131652661064,2021-22
1629673,Jordan Poole,1610612744,GSW,76.0,30.0,13.9,6.2,0.448,7.6,2.8,0.364,3.5,3.2,0.925,18.5,4.0,2.5,3.4,0.4,3.0,4.3,0.5990932642487046,0.5467625899280575,33.0,2.3,1.1,0.4,0.333,0.6,0.1,0.2,0.7,0.6,0.955,1.5,0.1,0.1,0.3,0.0,0.2,1.0,0.5326704545454545,0.40909090909090906,22.0,27.5,11.5,5.9,0.508,5.8,2.3,0.391,3.2,3.0,0.915,17.0,3.8,2.4,2.8,0.5,2.4,2.3,0.6585063526495197,0.6130434782608696,0.614572540945541,2021-22
1629675,Naz Reid,1610612750,MIN,77.0,15.8,6.2,3.0,0.489,2.2,0.7,0.343,1.9,1.5,0.765,8.3,0.9,1.1,3.9,1.3,2.6,-1.2,0.5898237635019897,0.5403225806451613,15.0,1.6,0.5,0.2,0.429,0.2,0.1,0.333,0.1,0.1,0.5,0.5,0.1,0.1,0.5,0.1,0.3,-0.5,0.45955882352941174,0.5,5.0,10.8,3.4,1.4,0.412,1.4,0.6,0.429,1.4,1.4,1.0,4.8,0.0,1.0,2.8,0.4,2.4,-4.4,0.5976095617529881,0.5,0.5583595320976944,2021-22
1629676,Isaiah Roby,1610612760,OKC,45.0,21.1,7.2,3.7,0.514,2.2,1.0,0.444,2.6,1.7,0.672,10.1,1.6,1.0,4.8,1.7,3.2,-4.1,0.6052253116011505,0.5833333333333334,11.0,2.9,0.7,0.5,0.75,0.3,0.3,1.0,0.7,0.5,0.625,1.8,0.3,0.1,0.7,0.2,0.5,-0.3,0.8928571428571429,0.9285714285714287,,,,,,,,,,,,,,,,,,,,,0.806702087992684,2021-22
1629678,Admiral Schofield,1610612753,ORL,38.0,12.3,3.4,1.4,0.419,2.1,0.7,0.329,0.4,0.3,0.8,3.8,0.7,0.6,2.3,0.4,1.9,-3.4,0.5313199105145413,0.5147058823529412,2.0,1.8,0.0,0.0,0.0,0.0,0.0,0.0,0.0,0.0,0.0,0.0,0.0,0.0,0.0,0.0,0.0,-7.5,,,,,,,,,,,,,,,,,,,,,,,0.17710663683818043,2021-22
1629680,Matisse Thybulle,1610612755,PHI,66.0,25.5,4.5,2.3,0.5,2.2,0.7,0.313,0.7,0.5,0.791,5.7,1.1,0.6,2.3,0.6,1.7,1.3,0.5927620632279534,0.5888888888888889,27.0,2.8,0.4,0.2,0.6,0.1,0.0,0.25,0.1,0.1,0.5,0.6,0.1,0.0,0.3,0.1,0.1,-0.9,0.6756756756756757,0.5,9.0,15.2,2.7,1.2,0.458,1.6,0.4,0.286,0.3,0.1,0.333,3.0,0.4,0.2,1.0,0.2,0.8,-5.4,0.5296610169491525,0.5185185185185185,0.5977382997913739,2021-22
1629681,Killian Tillie,1610612763,MEM,36.0,12.8,3.5,1.2,0.339,2.4,0.8,0.314,0.2,0.1,0.625,3.3,0.6,0.4,1.7,0.6,1.1,0.8,0.4598662207357859,0.4571428571428572,2.0,0.8,0.0,0.0,0.0,0.0,0.0,0.0,0.0,0.0,0.0,0.0,0.0,0.0,0.0,0.0,0.0,3.0,,,,,,,,,,,,,,,,,,,,,,,0.15328874024526198,2021-22
1629682,Tremont Waters,1610612764,WAS,3.0,16.8,4.7,1.3,0.286,3.0,0.7,0.222,0.0,0.0,0.0,3.3,2.3,1.3,1.3,0.0,1.3,-6.3,0.351063829787234,0.351063829787234,,,,,,,,,,,,,,,,,,,,,,,,,,,,,,,,,,,,,,,,,0.351063829787234,2021-22
1629684,Grant Williams,1610612738,BOS,77.0,24.4,5.6,2.7,0.475,3.4,1.4,0.411,1.2,1.1,0.905,7.8,1.0,0.8,3.6,0.8,2.7,1.9,0.6364229765013054,0.6071428571428572,15.0,2.5,0.5,0.1,0.143,0.3,0.1,0.2,0.3,0.2,0.75,0.4,0.0,0.1,0.3,0.1,0.2,-0.1,0.31645569620253167,0.30000000000000004,24.0,27.2,6.3,2.7,0.433,3.7,1.5,0.393,2.2,1.8,0.808,8.6,0.8,0.8,3.8,1.0,2.8,0.1,0.5916345624656026,0.5476190476190477,0.5163015808108398,2021-22
1629712,Didi Louzada,1610612757,POR,9.0,14.4,3.7,1.3,0.364,2.6,1.0,0.391,0.2,0.2,1.0,3.9,0.6,0.6,1.9,0.6,1.3,-9.0,0.5147835269271382,0.48648648648648646,,,,,,,,,,,,,,,,,,,,,,,,,,,,,,,,,,,,,,,,,0.5147835269271382,2021-22
1629717,Armoni Brooks,1610612761,TOR,54.0,15.6,5.4,1.8,0.339,4.6,1.4,0.297,0.4,0.3,0.857,5.3,1.1,0.5,1.9,0.4,1.5,-1.5,0.4752510760401721,0.4629629629629629,5.0,1.5,0.2,0.2,1.0,0.2,0.2,1.0,0.0,0.0,0.0,0.6,0.0,0.0,0.4,0.0,0.4,-0.4,1.4999999999999998,1.5000000000000002,4.0,1.9,1.0,0.0,0.0,1.0,0.0,0.0,0.0,0.0,0.0,0.0,0.0,0.0,0.5,0.0,0.5,-2.3,0.0,0.0,0.5829122163763798,2021-22
1629723,John Konchar,1610612763,MEM,72.0,17.9,3.6,1.9,0.515,1.8,0.7,0.413,0.7,0.4,0.551,4.8,1.5,0.4,4.6,1.2,3.4,1.3,0.6141248720573184,0.625,8.0,1.7,0.1,0.1,1.0,0.1,0.1,1.0,0.0,0.0,0.0,0.4,0.0,0.0,0.1,0.0,0.1,1.5,2.0,1.5000000000000002,8.0,6.9,1.4,0.4,0.273,0.8,0.1,0.167,0.3,0.3,1.0,1.1,0.6,0.1,2.4,0.4,2.0,-4.9,0.35900783289817234,0.32142857142857145,0.9513025062356454,2021-22
1629726,Garrison Mathews,1610612745,HOU,65.0,26.3,7.1,2.8,0.399,5.9,2.1,0.36,2.8,2.2,0.794,10.0,1.0,0.6,2.9,0.5,2.4,-3.4,0.600096015362458,0.5422535211267605,20.0,2.5,0.7,0.4,0.538,0.6,0.3,0.5,0.9,0.7,0.824,1.7,0.0,0.1,0.4,0.1,0.3,0.1,0.7755474452554744,0.7857142857142858,,,,,,,,,,,,,,,,,,,,,0.7269227902193245,2021-22
1629730,Rayjon Tucker,1610612749,MIL,5.0,14.2,1.8,1.2,0.667,1.0,0.8,0.8,1.4,1.0,0.714,4.2,2.0,0.2,1.6,0.6,1.0,-0.4,0.8692052980132451,0.888888888888889,,,,,,,,,,,,,,,,,,,,,8.0,2.4,0.4,0.1,0.333,0.1,0.0,0.0,0.0,0.0,0.0,0.3,0.0,0.0,0.4,0.1,0.3,-1.0,0.37499999999999994,0.25,0.4985513245033112,2021-22
1629731,Dean Wade,1610612739,CLE,51.0,19.2,4.3,1.9,0.456,2.8,1.0,0.359,0.6,0.4,0.667,5.3,1.0,0.3,2.9,0.6,2.3,0.7,0.5806310254163015,0.5581395348837209,11.0,2.7,0.5,0.1,0.2,0.4,0.1,0.25,0.0,0.0,0.0,0.3,0.3,0.0,0.0,0.0,0.0,-1.2,0.3,0.30000000000000004,,,,,,,,,,,,,,,,,,,,,0.4051715821128072,2021-22
1629744,Matt Thomas,1610612741,CHI,40.0,11.5,3.4,1.4,0.41,2.3,0.9,0.385,0.5,0.4,0.8,4.0,0.5,0.2,1.3,0.1,1.2,0.8,0.5524861878453039,0.5441176470588235,5.0,0.4,0.0,0.0,0.0,0.0,0.0,0.0,0.2,0.2,1.0,0.2,0.0,0.0,0.0,0.0,0.0,1.4,1.1363636363636362,,,,,,,,,,,,,,,,,,,,,,0.9417378201908587,2021-22
1629750,Javonte Green,1610612741,CHI,65.0,23.4,5.0,2.7,0.542,1.6,0.6,0.356,1.5,1.2,0.833,7.2,0.9,0.5,4.2,1.4,2.8,0.3,0.6360424028268551,0.6,22.0,2.1,0.2,0.2,0.8,0.0,0.0,0.0,0.2,0.1,0.75,0.5,0.0,0.0,0.4,0.2,0.2,0.5,0.8680555555555555,1.0,5.0,14.3,3.4,0.6,0.176,1.2,0.0,0.0,0.4,0.2,0.5,1.4,0.4,0.8,3.0,1.6,1.4,0.8,0.19574944071588365,0.17647058823529413,0.4972336393468028,2021-22
1629752,Juwan Morgan,1610612738,BOS,2.0,15.5,1.5,1.0,0.667,1.0,0.5,0.5,0.0,0.0,0.0,2.5,0.5,0.0,2.0,1.0,1.0,-8.5,0.8333333333333334,0.8333333333333334,,,,,,,,,,,,,,,,,,,,,9.0,1.6,0.1,0.0,0.0,0.1,0.0,0.0,0.2,0.1,0.5,0.1,0.0,0.0,0.3,0.2,0.1,-0.4,0.26595744680851063,0.0,0.4078014184397163,2021-22
1629755,Hassani Gravett,1610612753,ORL,8.0,21.4,4.8,2.3,0.474,3.3,1.4,0.423,0.5,0.4,0.75,6.3,2.5,1.1,2.6,0.1,2.5,-0.3,0.6274900398406374,0.625,3.0,2.1,0.0,0.0,0.0,0.0,0.0,0.0,0.0,0.0,0.0,0.0,0.0,0.3,0.7,0.3,0.3,-2.0,,,,,,,,,,,,,,,,,,,,,,,0.20916334661354583,2021-22
1629833,Keljin Blevins,1610612757,POR,31.0,11.3,3.6,1.1,0.306,2.3,0.7,0.292,0.4,0.2,0.545,3.1,0.6,0.5,1.5,0.5,0.9,-6.7,0.4104872881355932,0.4027777777777778,2.0,0.9,0.5,0.0,0.0,0.5,0.0,0.0,0.0,0.0,0.0,0.0,0.0,0.0,0.5,0.0,0.5,-1.5,0.0,0.0,,,,,,,,,,,,,,,,,,,,,0.15071798493022862,2021-22
1629875,Xavier Moon,1610612746,LAC,10.0,13.7,5.1,2.5,0.49,1.4,0.5,0.357,0.5,0.3,0.6,5.8,2.4,0.6,1.4,0.2,1.2,0.2,0.5451127819548872,0.5392156862745099,1.0,0.1,0.0,0.0,0.0,0.0,0.0,0.0,0.0,0.0,0.0,0.0,0.0,0.0,0.0,0.0,0.0,2.0,,,,,,,,,,,,,,,,,,,,,,,0.18170426065162906,2021-22
1629962,Devin Cannady,1610612753,ORL,5.0,28.9,8.8,3.0,0.341,7.4,3.0,0.405,1.4,1.0,0.714,10.0,2.0,1.0,1.2,0.2,1.0,-2.2,0.5310110450297366,0.5113636363636364,1.0,2.8,0.0,0.0,0.0,0.0,0.0,0.0,2.0,1.0,0.5,1.0,0.0,0.0,1.0,0.0,1.0,4.0,0.5681818181818182,,,,,,,,,,,,,,,,,,,,,,0.5557915604644577,2021-22
1630162,Anthony Edwards,1610612750,MIN,72.0,34.2,17.3,7.6,0.441,8.4,3.0,0.357,3.9,3.1,0.786,21.3,3.8,2.6,4.8,0.9,3.9,2.6,0.5600546907867059,0.5260115606936415,33.0,3.3,1.2,0.4,0.316,0.6,0.2,0.25,0.6,0.5,0.895,1.4,0.2,0.2,0.5,0.1,0.4,-0.1,0.4781420765027322,0.4166666666666667,6.0,37.8,18.3,8.3,0.455,9.5,3.8,0.404,5.7,4.7,0.824,25.2,3.0,2.5,4.2,0.7,3.5,-3.7,0.6055363321799307,0.5573770491803279,0.562427722906564,2021-22
1630163,LaMelo Ball,1610612766,CHA,75.0,32.3,16.7,7.2,0.429,7.5,2.9,0.389,3.2,2.8,0.872,20.1,7.6,3.3,6.7,1.4,5.2,1.3,0.5550033134526177,0.5179640718562875,31.0,4.0,1.6,0.4,0.265,0.8,0.1,0.16,0.7,0.6,0.864,1.6,0.9,0.2,0.6,0.1,0.5,-0.1,0.4192872117400419,0.28125,,,,,,,,,,,,,,,,,,,,,0.47410675063368013,2021-22
1630165,Killian Hayes,1610612765,DET,66.0,25.0,7.0,2.7,0.383,2.5,0.7,0.263,1.1,0.9,0.77,6.9,4.2,1.7,3.2,0.5,2.6,-5.6,0.4609834313201497,0.4357142857142858,23.0,2.6,0.3,0.1,0.286,0.2,0.0,0.0,0.2,0.1,0.5,0.3,0.3,0.1,0.4,0.2,0.3,-1.5,0.38659793814432986,0.33333333333333337,,,,,,,,,,,,,,,,,,,,,0.41567881682137187,2021-22
1630166,Deni Avdija,1610612764,WAS,82.0,24.2,7.1,3.0,0.432,3.2,1.0,0.317,1.7,1.3,0.757,8.4,2.0,1.1,5.2,0.6,4.5,-0.8,0.5351681957186545,0.49295774647887325,25.0,2.9,0.9,0.3,0.304,0.4,0.1,0.273,0.2,0.2,0.667,0.8,0.2,0.0,0.9,0.1,0.8,1.8,0.40485829959514175,0.38888888888888884,,,,,,,,,,,,,,,,,,,,,0.4609709879725555,2021-22
1630167,Obi Toppin,1610612752,NYK,72.0,17.1,6.6,3.5,0.531,2.3,0.7,0.308,1.7,1.3,0.758,9.0,1.1,0.8,3.7,1.0,2.8,2.3,0.6124115405552532,0.5833333333333334,14.0,1.4,0.6,0.1,0.25,0.2,0.0,0.0,0.0,0.0,0.0,0.3,0.0,0.0,0.5,0.1,0.4,-1.9,0.25,0.16666666666666669,,,,,,,,,,,,,,,,,,,,,0.3798947559412828,2021-22
1630168,Onyeka Okongwu,1610612737,ATL,48.0,20.7,4.7,3.3,0.69,0.0,0.0,0.0,2.3,1.7,0.727,8.2,1.1,0.9,5.9,2.4,3.5,2.3,0.7177871148459384,0.702127659574468,8.0,3.0,0.6,0.6,1.0,0.0,0.0,0.0,0.0,0.0,0.0,1.3,0.1,0.0,0.1,0.0,0.1,1.9,1.0833333333333335,1.0,5.0,21.6,3.2,1.8,0.563,0.0,0.0,0.0,2.0,1.6,0.8,5.2,0.4,0.8,5.4,2.2,3.2,-0.4,0.6372549019607843,0.5625,0.812135705343252,2021-22
1630169,Tyrese Haliburton,1610612754,IND,77.0,35.0,11.8,5.6,0.473,5.1,2.1,0.414,2.5,2.1,0.842,15.3,8.2,2.6,4.0,0.8,3.2,-4.2,0.5930232558139535,0.5635593220338982,36.0,3.7,1.2,0.4,0.381,0.7,0.2,0.333,0.3,0.3,0.818,1.4,0.4,0.1,0.3,0.1,0.2,-0.9,0.5255255255255256,0.4166666666666667,,,,,,,,,,,,,,,,,,,,,0.5581942604795636,2021-22
1630170,Devin Vassell,1610612759,SAS,71.0,27.3,10.8,4.6,0.427,5.4,1.9,0.361,1.4,1.2,0.838,12.3,1.9,0.8,4.3,0.6,3.7,0.5,0.5387175893482832,0.5138888888888888,26.0,3.5,0.8,0.1,0.091,0.5,0.0,0.0,0.2,0.1,0.5,0.2,0.3,0.1,0.7,0.2,0.5,-2.3,0.11261261261261261,0.125,,,,,,,,,,,,,,,,,,,,,0.2620550122645577,2021-22
1630171,Isaac Okoro,1610612739,CLE,67.0,29.6,6.4,3.1,0.48,2.3,0.8,0.35,2.3,1.8,0.768,8.8,1.8,0.9,3.0,1.1,1.9,1.5,0.5936319481921208,0.546875,34.0,3.1,0.4,0.2,0.467,0.2,0.1,0.5,0.3,0.2,0.636,0.7,0.1,0.0,0.2,0.1,0.1,0.4,0.6578947368421052,0.625,,,,,,,,,,,,,,,,,,,,,0.6427238072911339,2021-22
1630172,Patrick Williams,1610612741,CHI,17.0,24.8,6.0,3.2,0.529,1.7,0.9,0.517,2.4,1.8,0.732,9.0,0.9,0.9,4.1,1.0,3.1,-3.3,0.6377551020408163,0.6083333333333334,4.0,2.9,1.0,0.8,0.75,0.3,0.3,1.0,0.8,0.8,1.0,2.5,0.3,0.3,0.8,0.0,0.8,3.5,0.9245562130177514,0.9500000000000001,5.0,30.6,9.4,4.4,0.468,4.2,1.4,0.333,2.2,1.6,0.727,11.8,0.8,1.4,5.4,1.2,4.2,-15.6,0.5690586419753086,0.5425531914893618,0.7156739089975963,2021-22
1630173,Precious Achiuwa,1610612761,TOR,73.0,23.6,8.3,3.6,0.439,2.1,0.8,0.359,1.8,1.1,0.595,9.1,1.1,1.2,6.5,2.0,4.5,1.0,0.5004399472063352,0.48192771084337344,17.0,2.5,0.6,0.2,0.273,0.2,0.0,0.0,0.8,0.3,0.385,0.6,0.0,0.1,0.5,0.3,0.2,2.2,0.31512605042016806,0.33333333333333337,6.0,27.8,8.7,4.2,0.481,2.7,0.8,0.313,1.7,1.0,0.6,10.2,1.0,1.5,4.8,1.3,3.5,-5.2,0.539796782387807,0.5287356321839082,0.4655759815301284,2021-22
1630174,Aaron Nesmith,1610612738,BOS,52.0,11.0,3.5,1.4,0.396,2.2,0.6,0.27,0.5,0.4,0.808,3.8,0.4,0.6,1.7,0.3,1.4,0.4,0.510752688172043,0.4857142857142857,3.0,3.1,0.3,0.3,1.0,0.3,0.3,1.0,0.0,0.0,0.0,1.0,0.0,0.0,0.0,0.0,0.0,-1.7,1.6666666666666667,1.5,15.0,3.5,1.1,0.3,0.235,0.7,0.1,0.091,0.3,0.2,0.75,0.8,0.2,0.1,1.0,0.3,0.7,-0.2,0.3246753246753246,0.3181818181818181,0.8115900944908713,2021-22
1630175,Cole Anthony,1610612753,ORL,65.0,31.7,14.0,5.5,0.391,6.0,2.0,0.338,3.9,3.3,0.854,16.3,5.7,2.6,5.4,0.5,4.9,-3.6,0.518579791295495,0.4642857142857143,25.0,4.1,2.2,1.0,0.429,0.9,0.2,0.227,1.2,1.1,0.966,3.2,0.4,0.2,1.0,0.0,0.9,0.8,0.5865102639296188,0.5,,,,,,,,,,,,,,,,,,,,,0.5795810587647408,2021-22
1630177,Theo Maledon,1610612760,OKC,51.0,17.8,6.2,2.3,0.375,2.9,0.9,0.293,2.0,1.5,0.79,7.1,2.2,1.3,2.6,0.4,2.2,-3.9,0.501412429378531,0.4435483870967742,7.0,2.0,0.7,0.4,0.6,0.3,0.1,0.5,0.3,0.3,1.0,1.3,0.3,0.0,0.3,0.1,0.1,-1.6,0.7812500000000001,0.6428571428571429,,,,,,,,,,,,,,,,,,,,,0.6992611323716679,2021-22
1630178,Tyrese Maxey,1610612755,PHI,75.0,35.3,13.3,6.4,0.485,4.1,1.8,0.427,3.3,2.8,0.866,17.5,4.3,1.2,3.2,0.3,2.9,2.6,0.5931399132321041,0.5488721804511278,41.0,3.8,1.2,0.4,0.367,0.3,0.1,0.333,0.5,0.4,0.818,1.4,0.3,0.1,0.3,0.0,0.2,0.2,0.49295774647887325,0.375,12.0,40.4,15.2,7.3,0.484,5.8,2.2,0.377,4.2,3.9,0.94,20.8,3.9,1.8,3.5,0.5,3.0,0.0,0.610042233693102,0.5526315789473685,0.5772195742684918,2021-22
1630180,Saddiq Bey,1610612765,DET,82.0,33.0,13.9,5.5,0.396,7.4,2.6,0.346,3.1,2.6,0.827,16.1,2.8,1.2,5.4,1.3,4.1,-6.1,0.5273846960167715,0.48920863309352514,41.0,2.9,1.1,0.5,0.457,0.6,0.3,0.423,0.3,0.3,0.929,1.6,0.1,0.1,0.7,0.2,0.5,-1.4,0.6493506493506492,0.5909090909090908,,,,,,,,,,,,,,,,,,,,,0.616609000636869,2021-22
1630181,R.J. Hampton,1610612753,ORL,64.0,21.9,7.1,2.7,0.383,2.9,1.0,0.35,1.8,1.2,0.641,7.6,2.5,1.4,3.0,0.4,2.7,-6.5,0.481500253421186,0.45070422535211274,9.0,4.2,0.8,0.4,0.571,0.3,0.1,0.333,0.3,0.3,1.0,1.3,0.6,0.1,0.4,0.0,0.4,0.8,0.6974248927038627,0.5625,,,,,,,,,,,,,,,,,,,,,0.6367176185751863,2021-22
1630182,Josh Green,1610612742,DAL,67.0,15.5,3.8,1.9,0.508,1.2,0.4,0.359,0.7,0.5,0.689,4.8,1.2,0.7,2.4,0.8,1.6,1.0,0.584225900681597,0.5526315789473685,5.0,1.5,0.2,0.2,1.0,0.0,0.0,0.0,0.4,0.0,0.0,0.4,0.0,0.0,0.2,0.2,0.0,-1.6,0.5319148936170213,1.0,16.0,7.6,1.8,0.5,0.286,1.4,0.3,0.227,0.5,0.1,0.25,1.4,0.4,0.0,0.8,0.1,0.7,-1.3,0.3465346534653465,0.3611111111111111,0.45320643261196497,2021-22
1630183,Jaden McDaniels,1610612750,MIN,70.0,25.8,7.9,3.6,0.46,3.6,1.1,0.317,1.0,0.8,0.803,9.2,1.1,1.1,4.2,1.1,3.1,0.0,0.5515587529976019,0.5253164556962026,25.0,2.2,0.4,0.2,0.444,0.2,0.0,0.25,0.2,0.2,0.8,0.5,0.1,0.0,0.2,0.1,0.1,-0.3,0.5122950819672131,0.5,6.0,21.6,5.7,3.0,0.529,3.3,1.7,0.5,2.0,1.7,0.833,9.3,0.7,1.0,2.8,0.8,2.0,3.2,0.7066869300911854,0.6754385964912281,0.6210982423395304,2021-22
1630184,Kira Lewis Jr.,1610612740,NOP,24.0,14.2,6.1,2.5,0.404,2.4,0.5,0.224,0.5,0.4,0.833,5.9,2.0,1.1,1.6,0.4,1.3,-4.5,0.4667721518987342,0.45081967213114754,,,,,,,,,,,,,,,,,,,,,,,,,,,,,,,,,,,,,,,,,0.4667721518987342,2021-22
1630188,Jalen Smith,1610612754,IND,51.0,18.1,6.9,3.5,0.503,2.4,0.8,0.328,2.0,1.5,0.765,9.2,0.5,0.8,6.0,2.0,4.0,0.6,0.5912596401028277,0.5652173913043478,14.0,2.7,0.8,0.4,0.455,0.3,0.1,0.25,0.0,0.0,0.0,0.8,0.1,0.2,0.4,0.2,0.1,-1.5,0.5,0.5625,,,,,,,,,,,,,,,,,,,,,0.5420140829311463,2021-22
1630190,Elijah Hughes,1610612757,POR,36.0,12.1,4.0,1.3,0.326,2.6,0.7,0.263,0.3,0.2,0.778,3.5,0.6,0.5,1.6,0.2,1.4,-6.4,0.4235237173281704,0.4125,1.0,1.4,1.0,0.0,0.0,0.0,0.0,0.0,0.0,0.0,0.0,0.0,0.0,0.0,0.0,0.0,0.0,2.0,0.0,0.0,,,,,,,,,,,,,,,,,,,,,0.16617457243647346,2021-22
1630191,Isaiah Stewart,1610612765,DET,71.0,25.6,6.9,3.5,0.51,0.6,0.2,0.326,1.5,1.0,0.718,8.3,1.2,1.2,8.7,3.2,5.5,-5.2,0.548941798941799,0.5217391304347826,28.0,3.0,0.5,0.3,0.533,0.0,0.0,0.0,0.1,0.0,0.5,0.6,0.0,0.1,0.6,0.4,0.3,-1.8,0.551470588235294,0.6,,,,,,,,,,,,,,,,,,,,,0.5578740352813396,2021-22
1630192,Zeke Nnaji,1610612743,DEN,41.0,17.0,4.5,2.3,0.516,2.0,0.9,0.463,1.6,1.0,0.631,6.6,0.4,0.6,3.6,1.4,2.2,-1.1,0.6341275941583397,0.6111111111111112,6.0,3.8,0.5,0.0,0.0,0.3,0.0,0.0,0.0,0.0,0.0,0.0,0.0,0.2,0.3,0.0,0.3,-3.8,0.0,0.0,2.0,4.3,0.5,0.5,1.0,0.5,0.5,1.0,0.0,0.0,0.0,1.5,0.0,0.0,0.0,0.0,0.0,3.5,1.5,1.5,0.8667990434683652,2021-22
1630193,Immanuel Quickley,1610612752,NYK,78.0,23.1,9.3,3.6,0.392,5.1,1.8,0.346,2.6,2.3,0.881,11.3,3.5,1.3,3.2,0.4,2.8,3.4,0.5409804672539257,0.48387096774193544,30.0,2.7,0.8,0.2,0.217,0.4,0.1,0.154,0.2,0.2,1.0,0.6,0.2,0.0,0.3,0.1,0.2,-1.2,0.33783783783783783,0.3125,,,,,,,,,,,,,,,,,,,,,0.4141541981799099,2021-22
1630197,Aleksej Pokusevski,1610612760,OKC,61.0,20.2,7.5,3.0,0.408,3.2,0.9,0.289,0.8,0.6,0.7,7.6,2.1,1.5,5.2,1.2,4.0,-0.7,0.48395313295975545,0.46,7.0,3.0,0.9,0.3,0.333,0.6,0.0,0.0,0.4,0.4,1.0,1.0,0.7,0.3,0.3,0.0,0.3,-1.1,0.4646840148698885,0.3333333333333333,,,,,,,,,,,,,,,,,,,,,0.48310705423157746,2021-22
1630198,Isaiah Joe,1610612755,PHI,55.0,11.1,3.2,1.1,0.35,2.5,0.8,0.333,0.6,0.5,0.935,3.6,0.6,0.3,1.0,0.1,0.9,0.4,0.5196304849884527,0.46875,4.0,0.9,0.0,0.0,0.0,0.0,0.0,0.0,0.0,0.0,0.0,0.0,0.0,0.0,0.0,0.0,0.0,1.8,,,7.0,2.1,0.7,0.3,0.4,0.4,0.1,0.333,0.0,0.0,0.0,0.7,0.0,0.4,0.3,0.0,0.3,2.0,0.5,0.5,0.3366050808314088,2021-22
1630199,Cassius Stanley,1610612765,DET,9.0,17.2,5.1,2.1,0.413,1.9,0.4,0.235,1.1,1.1,1.0,5.8,0.4,0.7,2.1,0.6,1.6,-1.7,0.5193409742120344,0.4509803921568628,1.0,5.4,0.0,0.0,0.0,0.0,0.0,0.0,2.0,2.0,1.0,2.0,0.0,0.0,1.0,1.0,0.0,0.0,1.1363636363636365,,,,,,,,,,,,,,,,,,,,,,0.9306894156464357,2021-22
1630200,Tre Jones,1610612759,SAS,69.0,16.6,4.9,2.4,0.49,0.7,0.1,0.196,1.3,1.0,0.78,6.0,3.4,0.7,2.2,0.4,1.8,-0.2,0.5482456140350876,0.4999999999999999,12.0,1.9,0.7,0.3,0.375,0.0,0.0,0.0,0.0,0.0,0.0,0.5,0.3,0.0,0.2,0.0,0.2,-1.9,0.35714285714285715,0.4285714285714286,,,,,,,,,,,,,,,,,,,,,0.4351294903897328,2021-22
1630201,Malachi Flynn,1610612761,TOR,44.0,12.2,4.2,1.6,0.393,2.0,0.7,0.333,0.5,0.3,0.625,4.3,1.6,0.3,1.4,0.2,1.2,-0.6,0.48642533936651583,0.4642857142857143,3.0,2.0,0.3,0.0,0.0,0.0,0.0,0.0,0.0,0.0,0.0,0.0,0.0,0.0,0.3,0.0,0.3,-1.7,0.0,0.0,6.0,6.1,1.2,0.0,0.0,0.5,0.0,0.0,0.0,0.0,0.0,0.0,0.5,0.2,0.5,0.3,0.2,0.3,0.0,0.0,0.08821374703557577,2021-22
1630202,Payton Pritchard,1610612738,BOS,71.0,14.1,5.3,2.3,0.429,3.5,1.4,0.412,0.3,0.3,1.0,6.2,2.0,0.6,1.9,0.5,1.4,0.9,0.5706921944035347,0.5660377358490566,9.0,1.7,0.0,0.0,0.0,0.0,0.0,0.0,0.0,0.0,0.0,0.0,0.2,0.0,0.1,0.1,0.0,-1.9,,,24.0,12.9,4.3,1.8,0.422,3.0,1.0,0.333,0.3,0.2,0.667,4.8,1.6,0.4,1.9,0.4,1.5,2.3,0.5415162454873647,0.5348837209302325,0.36587348847760476,2021-22
1630205,Lamar Stevens,1610612739,CLE,63.0,16.1,5.1,2.5,0.489,1.0,0.3,0.277,1.2,0.8,0.707,6.1,0.7,0.7,2.6,0.7,1.9,-0.6,0.5419331911869225,0.5196078431372549,14.0,1.5,0.3,0.1,0.25,0.1,0.0,0.0,0.4,0.2,0.6,0.4,0.1,0.0,0.4,0.0,0.4,0.7,0.4201680672268908,0.33333333333333337,,,,,,,,,,,,,,,,,,,,,0.46663879482025783,2021-22
1630209,Omer Yurtseven,1610612748,MIA,56.0,12.6,4.4,2.3,0.526,0.2,0.0,0.091,1.1,0.7,0.623,5.3,0.9,0.7,5.3,1.5,3.7,1.1,0.5425880425880425,0.5227272727272726,6.0,1.2,0.5,0.2,0.333,0.0,0.0,0.0,0.0,0.0,0.0,0.3,0.0,0.0,0.5,0.3,0.2,0.0,0.3,0.4,9.0,4.2,2.0,1.3,0.667,0.2,0.0,0.0,0.3,0.1,0.333,2.8,0.3,0.0,0.8,0.1,0.7,0.7,0.6566604127579737,0.65,0.530125183171381,2021-22
1630214,Xavier Tillman,1610612763,MEM,53.0,13.2,4.1,1.8,0.454,0.9,0.2,0.204,1.3,0.9,0.648,4.8,1.2,0.6,3.0,1.2,1.8,-0.5,0.5136986301369864,0.46341463414634154,3.0,1.3,0.0,0.0,0.0,0.0,0.0,0.0,0.0,0.0,0.0,0.0,0.0,0.0,0.0,0.0,0.0,-1.7,,,9.0,15.5,2.8,2.0,0.72,0.2,0.1,0.5,0.7,0.3,0.5,4.4,0.7,1.1,3.3,1.4,1.9,-4.8,0.707850707850708,0.7321428571428571,0.4395417922815184,2021-22
1630217,Desmond Bane,1610612763,MEM,76.0,29.8,14.5,6.7,0.461,6.9,3.0,0.436,2.0,1.8,0.903,18.2,2.7,1.5,4.4,0.6,3.8,4.8,0.5916775032509752,0.5655172413793103,29.0,4.1,1.7,0.8,0.449,0.9,0.4,0.407,0.3,0.2,0.667,2.1,0.1,0.2,0.4,0.1,0.3,1.2,0.5731441048034935,0.5882352941176471,12.0,35.6,13.3,6.3,0.478,7.3,3.6,0.489,2.9,2.5,0.857,18.8,2.2,1.3,3.8,0.4,3.3,9.5,0.6448957189901208,0.6090225563909774,0.6238329495682801,2021-22
1630222,Mason Jones,1610612747,LAL,4.0,12.6,3.8,1.8,0.467,1.0,0.3,0.25,3.8,3.0,0.8,6.8,1.0,0.3,2.5,0.3,2.3,5.8,0.6213450292397661,0.5131578947368421,1.0,5.9,1.0,0.0,0.0,0.0,0.0,0.0,2.0,2.0,1.0,2.0,1.0,0.0,4.0,0.0,4.0,10.0,0.5319148936170213,0.0,,,,,,,,,,,,,,,,,,,,,0.5880407282913619,2021-22
1630224,Jalen Green,1610612745,HOU,67.0,31.9,14.2,6.1,0.426,6.8,2.3,0.343,3.5,2.8,0.797,17.3,2.6,2.0,3.4,0.5,2.9,-7.7,0.5495552731893266,0.5105633802816901,23.0,3.5,1.3,0.6,0.419,0.7,0.3,0.4,0.4,0.4,0.9,1.8,0.1,0.1,0.6,0.3,0.3,-1.8,0.6097560975609756,0.5769230769230769,,,,,,,,,,,,,,,,,,,,,0.5988440856805793,2021-22
1630227,Daishen Nix,1610612745,HOU,24.0,10.9,2.8,1.1,0.403,1.1,0.3,0.269,1.3,0.7,0.533,3.2,1.7,1.1,1.4,0.3,1.1,-1.9,0.4744958481613286,0.44642857142857145,1.0,1.5,0.0,0.0,0.0,0.0,0.0,0.0,0.0,0.0,0.0,0.0,0.0,0.0,0.0,0.0,0.0,-4.0,,,,,,,,,,,,,,,,,,,,,,,0.15816528272044286,2021-22
1630228,Jonathan Kuminga,1610612744,GSW,70.0,16.9,6.6,3.4,0.513,2.1,0.7,0.336,2.7,1.9,0.684,9.3,0.9,1.1,3.3,0.8,2.6,0.5,0.5970724191063175,0.5681818181818182,9.0,2.5,0.8,0.4,0.571,0.0,0.0,0.0,0.2,0.2,1.0,1.1,0.1,0.2,0.6,0.3,0.2,0.1,0.6193693693693694,0.5,16.0,8.6,3.8,1.9,0.5,0.8,0.2,0.231,1.6,1.3,0.769,5.2,0.5,0.7,1.7,0.3,1.4,-2.2,0.5772646536412079,0.5263157894736842,0.606722065247489,2021-22
1630230,Naji Marshall,1610612740,NOP,55.0,13.4,4.9,2.0,0.405,1.9,0.4,0.2,1.7,1.3,0.796,5.7,1.1,0.8,2.6,0.7,1.9,-0.9,0.5046033994334277,0.4489795918367347,7.0,1.3,0.3,0.0,0.0,0.1,0.0,0.0,0.3,0.3,1.0,0.3,0.0,0.0,0.1,0.1,0.0,-2.0,0.3472222222222222,0.0,6.0,9.4,1.7,1.2,0.7,0.0,0.0,0.0,0.7,0.7,1.0,3.0,0.8,0.5,1.0,0.5,0.5,0.0,0.7470119521912351,0.7058823529411765,0.5794697323869387,2021-22
1630231,KJ Martin,1610612745,HOU,79.0,21.0,6.6,3.5,0.533,2.1,0.8,0.357,1.6,1.0,0.634,8.8,1.3,0.8,3.8,1.0,2.7,-3.0,0.6024096385542169,0.5909090909090909,11.0,3.0,0.5,0.1,0.2,0.4,0.0,0.0,0.0,0.0,0.0,0.2,0.0,0.0,0.5,0.0,0.5,-1.0,0.2,0.2,,,,,,,,,,,,,,,,,,,,,0.3417123037593487,2021-22
1630235,Trent Forrest,1610612762,UTA,60.0,12.8,2.6,1.3,0.49,0.5,0.1,0.185,0.8,0.6,0.792,3.3,1.8,0.8,1.7,0.4,1.3,1.3,0.5589430894308943,0.5192307692307693,2.0,2.1,0.0,0.0,0.0,0.0,0.0,0.0,1.0,0.5,0.5,0.5,0.5,0.0,0.0,0.0,0.0,-0.5,0.5681818181818182,,,,,,,,,,,,,,,,,,,,,,0.5651022419315103,2021-22
1630240,Saben Lee,1610612765,DET,37.0,16.3,4.8,1.9,0.39,1.6,0.4,0.233,1.9,1.5,0.789,5.6,2.9,1.0,2.4,0.5,1.9,-2.2,0.4968062455642299,0.43750000000000006,,,,,,,,,,,,,,,,,,,,,,,,,,,,,,,,,,,,,,,,,0.4968062455642299,2021-22
1630245,Ayo Dosunmu,1610612741,CHI,77.0,27.4,6.9,3.6,0.52,2.4,0.9,0.376,1.0,0.7,0.679,8.8,3.3,1.4,2.8,0.4,2.4,-2.6,0.5994550408719346,0.5869565217391304,24.0,2.8,0.8,0.4,0.5,0.2,0.1,0.5,0.2,0.1,0.5,0.9,0.2,0.1,0.3,0.1,0.2,1.0,0.5067567567567568,0.5625,5.0,17.1,5.2,1.6,0.308,2.6,0.6,0.231,0.2,0.2,1.0,4.0,2.2,0.6,2.6,0.8,1.8,-5.6,0.37821482602118,0.3653846153846154,0.4695297083050351,2021-22
1630249,Vít Krejčí,1610612760,OKC,30.0,23.0,5.6,2.3,0.407,3.3,1.1,0.327,0.7,0.6,0.864,6.2,1.9,1.0,3.4,0.6,2.8,-6.0,0.5247122545700745,0.5089285714285714,6.0,2.0,0.3,0.2,0.5,0.2,0.2,1.0,0.0,0.0,0.0,0.5,0.2,0.0,0.3,0.0,0.3,-0.3,0.8333333333333334,1.0000000000000002,,,,,,,,,,,,,,,,,,,,,0.7358167832684334,2021-22
1630256,Jae'Sean Tate,1610612745,HOU,78.0,26.4,9.3,4.7,0.498,2.6,0.8,0.312,2.4,1.7,0.707,11.8,2.8,1.8,5.4,1.7,3.7,-5.2,0.5697180378524527,0.5483870967741936,28.0,3.0,0.9,0.4,0.458,0.1,0.0,0.333,0.5,0.4,0.8,1.3,0.2,0.2,0.6,0.3,0.4,-0.9,0.5803571428571428,0.4444444444444445,,,,,,,,,,,,,,,,,,,,,0.5864881938760442,2021-22
1630264,Anthony Gill,1610612764,WAS,44.0,10.5,2.5,1.4,0.569,0.6,0.3,0.538,1.2,1.0,0.808,4.1,0.6,0.4,1.9,0.8,1.2,1.4,0.6770145310435931,0.6199999999999999,9.0,1.6,0.3,0.1,0.333,0.2,0.1,0.5,0.2,0.2,1.0,0.6,0.0,0.1,0.4,0.1,0.3,0.6,0.7731958762886597,0.5000000000000001,,,,,,,,,,,,,,,,,,,,,0.7531354278688374,2021-22
1630267,Facundo Campazzo,1610612743,DEN,65.0,18.2,4.6,1.6,0.361,3.0,0.9,0.301,1.2,0.9,0.769,5.1,3.4,1.0,1.8,0.4,1.4,-3.3,0.4972698907956318,0.44565217391304357,9.0,2.8,0.3,0.0,0.0,0.3,0.0,0.0,0.4,0.3,0.75,0.3,0.3,0.0,0.3,0.0,0.3,-4.1,0.31512605042016806,0.0,4.0,3.3,0.5,0.0,0.0,0.5,0.0,0.0,0.0,0.0,0.0,0.0,0.5,0.5,0.8,0.0,0.8,-2.8,0.0,0.0,0.194442071068345,2021-22
1630273,Freddie Gillespie,1610612753,ORL,9.0,13.2,2.4,1.0,0.409,0.1,0.0,0.0,0.8,0.3,0.429,2.3,0.6,0.6,4.0,1.4,2.6,-3.2,0.4178779069767442,0.4166666666666667,1.0,0.0,0.0,0.0,0.0,0.0,0.0,0.0,0.0,0.0,0.0,0.0,0.0,0.0,0.0,0.0,0.0,0.0,,,,,,,,,,,,,,,,,,,,,,,0.13929263565891473,2021-22
1630285,Zavier Simpson,1610612760,OKC,4.0,43.5,13.0,4.8,0.365,2.0,0.3,0.125,1.3,1.3,1.0,11.0,7.5,2.5,5.3,0.5,4.8,-23.8,0.40524609490126734,0.3807692307692308,1.0,3.2,1.0,1.0,1.0,0.0,0.0,0.0,0.0,0.0,0.0,2.0,1.0,0.0,0.0,0.0,0.0,10.0,1.0,1.0,,,,,,,,,,,,,,,,,,,,,0.8094410059921384,2021-22
1630288,Jeff Dowtin Jr.,1610612753,ORL,9.0,12.0,2.9,0.9,0.308,1.0,0.1,0.111,0.2,0.2,1.0,2.1,1.1,0.6,2.0,0.9,1.1,-2.9,0.3514056224899599,0.32758620689655177,1.0,2.9,1.0,0.0,0.0,1.0,0.0,0.0,0.0,0.0,0.0,0.0,0.0,1.0,1.0,1.0,0.0,-15.0,0.0,0.0,,,,,,,,,,,,,,,,,,,,,0.15161796610545233,2021-22
1630296,Braxton Key,1610612765,DET,11.0,17.9,6.5,3.0,0.458,1.9,0.5,0.286,1.2,0.6,0.538,7.2,1.0,1.0,4.5,1.2,3.4,2.5,0.5122367672168469,0.5,2.0,1.6,0.5,0.0,0.0,0.0,0.0,0.0,1.0,0.5,0.5,0.5,0.0,0.0,0.0,0.0,0.0,-6.0,0.26595744680851063,0.0,,,,,,,,,,,,,,,,,,,,,0.35574286130241367,2021-22
1630314,Brandon Williams,1610612757,POR,24.0,26.7,11.8,4.4,0.372,4.4,1.3,0.292,4.0,2.8,0.701,12.9,3.9,2.4,3.1,0.8,2.3,-11.3,0.4756637168141593,0.4279661016949153,4.0,4.7,3.8,0.8,0.2,1.0,0.0,0.0,1.5,1.5,1.0,3.0,0.8,0.3,0.5,0.3,0.3,0.3,0.336322869955157,0.2105263157894737,,,,,,,,,,,,,,,,,,,,,0.41497320873593707,2021-22
1630322,Lindy Waters III,1610612760,OKC,25.0,18.6,7.0,2.8,0.406,5.8,2.1,0.363,0.2,0.2,0.8,8.0,1.0,0.4,2.9,0.2,2.7,-1.6,0.5643340857787811,0.5499999999999999,2.0,2.6,1.0,0.5,0.5,0.5,0.0,0.0,0.0,0.0,0.0,1.0,0.5,0.0,0.0,0.0,0.0,-0.5,0.5,0.5,,,,,,,,,,,,,,,,,,,,,0.5357304095432671,2021-22
1630526,Jeremiah Robinson-Earl,1610612760,OKC,49.0,22.2,6.6,2.7,0.414,3.4,1.2,0.352,1.1,0.8,0.741,7.5,1.0,0.8,5.6,1.5,4.1,-4.9,0.5293619424054207,0.5000000000000001,18.0,2.4,0.5,0.2,0.333,0.3,0.1,0.333,0.2,0.2,1.0,0.7,0.1,0.1,0.3,0.1,0.2,-1.6,0.5952380952380952,0.5,,,,,,,,,,,,,,,,,,,,,0.5808551352018134,2021-22
1630527,Brandon Boston,1610612746,LAC,51.0,14.9,6.4,2.5,0.385,2.2,0.7,0.306,1.4,1.2,0.819,6.7,1.0,0.6,2.2,0.3,1.8,-0.7,0.4774800456100342,0.4453125,5.0,2.4,1.0,0.4,0.4,0.4,0.2,0.5,0.0,0.0,0.0,1.0,0.2,0.0,0.6,0.0,0.6,-0.8,0.5,0.5,,,,,,,,,,,,,,,,,,,,,0.5081183485342367,2021-22
1630528,Josh Christopher,1610612745,HOU,74.0,18.0,6.8,3.0,0.448,2.6,0.8,0.296,1.5,1.1,0.735,7.9,2.0,1.5,2.5,0.7,1.8,-3.7,0.5294906166219839,0.5,13.0,1.4,0.5,0.2,0.333,0.3,0.1,0.25,0.1,0.1,1.0,0.5,0.2,0.2,0.3,0.0,0.3,-0.2,0.45955882352941174,0.5,,,,,,,,,,,,,,,,,,,,,0.4902223624023251,2021-22
1630529,Herbert Jones,1610612740,NOP,78.0,29.9,7.4,3.5,0.476,2.2,0.7,0.337,2.1,1.8,0.84,9.5,2.1,1.3,3.8,1.3,2.5,0.9,0.5706391158097068,0.5202702702702703,28.0,3.4,0.9,0.5,0.577,0.1,0.0,0.333,0.7,0.5,0.789,1.6,0.1,0.1,0.4,0.1,0.3,0.3,0.6622516556291391,0.5555555555555556,6.0,37.7,7.3,3.5,0.477,2.0,0.8,0.417,3.7,2.8,0.773,10.7,1.8,1.3,3.3,1.3,2.0,-2.2,0.5992383512544802,0.5342465753424658,0.6276384089657562,2021-22
1630530,Trey Murphy III,1610612740,NOP,62.0,13.9,4.5,1.8,0.394,3.0,1.1,0.382,0.8,0.7,0.882,5.4,0.6,0.3,2.4,0.8,1.6,0.0,0.5564715581203628,0.5222222222222223,11.0,1.9,0.4,0.0,0.0,0.3,0.0,0.0,0.0,0.0,0.0,0.0,0.1,0.0,0.3,0.1,0.2,0.5,0.0,0.0,6.0,20.0,3.7,1.5,0.409,3.2,1.5,0.474,0.8,0.7,0.8,5.2,0.5,0.2,2.5,0.5,2.0,5.3,0.6416584402764066,0.6081081081081081,0.422463368711844,2021-22
1630532,Franz Wagner,1610612753,ORL,79.0,30.7,12.3,5.8,0.468,3.4,1.2,0.354,2.8,2.4,0.863,15.2,2.9,1.5,4.5,1.1,3.4,-3.1,0.5616316878510198,0.5203252032520325,29.0,4.1,1.6,0.6,0.4,0.3,0.1,0.2,0.8,0.6,0.783,1.9,0.2,0.1,0.6,0.1,0.5,-0.1,0.4866803278688524,0.40625,,,,,,,,,,,,,,,,,,,,,0.5246722446098181,2021-22
1630533,Ziaire Williams,1610612763,MEM,62.0,21.7,6.8,3.1,0.45,3.9,1.2,0.314,0.9,0.7,0.782,8.1,1.0,0.7,2.1,0.4,1.7,2.0,0.5628126737076153,0.5441176470588236,14.0,2.1,0.6,0.1,0.125,0.4,0.0,0.0,0.1,0.1,1.0,0.3,0.0,0.0,0.4,0.1,0.3,-0.4,0.2329192546583851,0.16666666666666669,10.0,16.8,5.2,2.3,0.442,3.6,1.1,0.306,1.3,1.2,0.923,6.9,0.5,0.2,1.6,0.4,1.2,-3.7,0.5977130977130978,0.548076923076923,0.47912194210441356,2021-22
1630535,Greg Brown III,1610612757,POR,48.0,13.3,4.0,1.7,0.426,1.3,0.4,0.311,1.4,0.9,0.677,4.7,0.7,0.8,2.8,0.8,2.0,-5.0,0.5090987868284229,0.475,1.0,0.3,0.0,0.0,0.0,0.0,0.0,0.0,0.0,0.0,0.0,0.0,0.0,0.0,0.0,0.0,0.0,-2.0,,,,,,,,,,,,,,,,,,,,,,,0.1696995956094743,2021-22
1630537,Chris Duarte,1610612754,IND,55.0,28.0,11.3,4.9,0.432,4.6,1.7,0.369,2.0,1.6,0.804,13.1,2.1,1.6,4.1,0.7,3.4,-1.0,0.5377668308702791,0.5088495575221239,19.0,3.5,1.6,0.5,0.29,0.9,0.3,0.294,0.1,0.1,1.0,1.3,0.2,0.2,0.3,0.0,0.3,-1.1,0.39537712895377125,0.40625,,,,,,,,,,,,,,,,,,,,,0.4569996549600857,2021-22
1630538,Bones Hyland,1610612743,DEN,69.0,19.0,8.3,3.3,0.403,5.2,1.9,0.366,1.8,1.6,0.856,10.1,2.8,1.2,2.7,0.2,2.5,0.6,0.5554333479982402,0.5120481927710843,7.0,3.2,1.1,0.4,0.375,1.0,0.3,0.286,0.4,0.3,0.667,1.4,0.4,0.0,0.1,0.0,0.1,0.6,0.54858934169279,0.5,5.0,17.3,7.2,2.6,0.361,4.6,1.6,0.348,2.8,2.4,0.857,9.2,3.2,1.2,2.0,0.2,1.8,-0.8,0.5455407969639468,0.47222222222222227,0.5614587490925393,2021-22
1630541,Moses Moody,1610612744,GSW,52.0,11.7,3.5,1.5,0.437,2.1,0.8,0.364,0.7,0.5,0.778,4.4,0.4,0.3,1.5,0.3,1.2,-0.8,0.5777310924369748,0.5428571428571428,5.0,2.7,0.6,0.2,0.333,0.0,0.0,0.0,0.4,0.2,0.5,0.6,0.0,0.0,0.8,0.4,0.4,-2.6,0.38659793814432986,0.33333333333333337,13.0,8.0,2.2,1.2,0.536,1.0,0.5,0.538,0.5,0.3,0.667,3.2,0.3,0.2,0.6,0.2,0.5,-0.3,0.6611570247933883,0.6590909090909091,0.5728758643222591,2021-22
1630543,Isaiah Jackson,1610612754,IND,36.0,15.0,5.7,3.2,0.563,0.4,0.1,0.313,2.4,1.7,0.682,8.3,0.3,1.1,4.1,1.7,2.5,-1.1,0.6142687981053878,0.5701754385964912,7.0,3.1,0.7,0.4,0.6,0.0,0.0,0.0,0.9,0.4,0.5,1.3,0.1,0.4,0.9,0.4,0.4,0.7,0.593065693430657,0.5714285714285715,,,,,,,,,,,,,,,,,,,,,0.6124140967411321,2021-22
1630544,Tre Mann,1610612760,OKC,60.0,22.8,9.8,3.9,0.393,4.5,1.6,0.36,1.4,1.1,0.793,10.4,1.5,1.2,2.9,0.4,2.4,-4.6,0.49923195084485406,0.47959183673469385,18.0,3.3,1.2,0.3,0.273,0.4,0.1,0.25,0.7,0.6,0.917,1.4,0.2,0.0,0.3,0.0,0.3,0.2,0.4641909814323607,0.2916666666666667,,,,,,,,,,,,,,,,,,,,,0.48811620252779275,2021-22
1630549,Day'Ron Sharpe,1610612751,BKN,32.0,12.2,4.7,2.7,0.577,0.2,0.1,0.286,1.3,0.8,0.585,6.2,0.5,0.9,5.0,2.5,2.5,1.8,0.5880121396054628,0.5851063829787234,5.0,1.1,0.2,0.2,1.0,0.0,0.0,0.0,0.0,0.0,0.0,0.4,0.0,0.0,0.2,0.0,0.2,-1.0,1.0,1.0,1.0,0.4,0.0,0.0,0.0,0.0,0.0,0.0,0.0,0.0,0.0,0.0,0.0,0.0,0.0,0.0,0.0,2.0,,,0.4355906757489412,2021-22
1630553,Keon Johnson,1610612757,POR,37.0,18.8,7.4,2.6,0.353,2.7,0.9,0.34,1.4,1.1,0.804,7.2,2.1,1.2,2.2,0.6,1.5,-7.8,0.4491017964071856,0.41216216216216217,5.0,3.0,0.8,0.4,0.5,0.6,0.2,0.333,0.2,0.0,0.0,1.0,0.0,0.4,0.4,0.2,0.2,-4.4,0.5630630630630631,0.625,,,,,,,,,,,,,,,,,,,,,0.5358867849871205,2021-22
1630556,Kessler Edwards,1610612751,BKN,48.0,20.6,5.6,2.3,0.412,2.8,1.0,0.353,0.4,0.3,0.842,5.9,0.6,0.9,3.6,0.9,2.7,-1.3,0.5107340720221607,0.5,11.0,3.2,0.6,0.1,0.143,0.5,0.0,0.0,0.2,0.1,0.5,0.3,0.0,0.0,0.5,0.1,0.5,-1.1,0.2180232558139535,0.16666666666666669,2.0,3.6,0.0,0.0,0.0,0.0,0.0,0.0,0.0,0.0,0.0,0.0,0.5,0.5,0.0,0.0,0.0,-2.5,,,0.1685110496540504,2021-22
1630557,Corey Kispert,1610612764,WAS,77.0,23.4,6.7,3.0,0.455,4.2,1.5,0.35,0.8,0.7,0.871,8.2,1.1,0.6,2.7,0.7,2.0,0.5,0.5813953488372092,0.5597014925373134,21.0,1.7,0.3,0.2,0.667,0.2,0.1,0.5,0.1,0.1,1.0,0.6,0.0,0.0,0.1,0.1,0.0,0.4,0.872093023255814,0.8333333333333334,,,,,,,,,,,,,,,,,,,,,0.7796714103892426,2021-22
1630558,Davion Mitchell,1610612758,SAC,75.0,27.7,11.2,4.7,0.418,4.3,1.3,0.316,1.1,0.7,0.659,11.5,4.2,1.5,2.2,0.4,1.8,-3.7,0.4921259842519685,0.4776785714285715,32.0,2.5,0.9,0.4,0.4,0.2,0.0,0.2,0.4,0.3,0.692,1.1,0.2,0.2,0.2,0.1,0.1,0.3,0.5111524163568774,0.4444444444444445,,,,,,,,,,,,,,,,,,,,,0.5128459866069046,2021-22
1630559,Austin Reaves,1610612747,LAL,61.0,23.2,5.2,2.4,0.459,2.7,0.9,0.317,1.9,1.6,0.839,7.3,1.8,0.7,3.2,0.7,2.4,0.9,0.604705102717031,0.5480769230769231,25.0,3.2,1.0,0.5,0.462,0.6,0.2,0.357,0.2,0.2,1.0,1.4,0.1,0.0,0.6,0.2,0.4,-1.0,0.6433823529411764,0.6,,,,,,,,,,,,,,,,,,,,,0.6497207054268656,2021-22
1630560,Cam Thomas,1610612751,BKN,67.0,17.6,7.5,3.3,0.433,2.6,0.7,0.27,1.6,1.3,0.829,8.5,1.2,0.8,2.4,0.2,2.2,-2.1,0.5180399804973184,0.48666666666666664,10.0,2.3,1.4,0.5,0.357,0.7,0.2,0.286,0.4,0.3,0.75,1.5,0.2,0.2,0.5,0.0,0.5,0.1,0.4758883248730965,0.4285714285714286,1.0,0.4,0.0,0.0,0.0,0.0,0.0,0.0,0.0,0.0,0.0,0.0,0.0,0.0,0.0,0.0,0.0,2.0,,,0.26363610503809637,2021-22
1630561,David Duke Jr.,1610612751,BKN,22.0,15.5,4.9,1.8,0.361,1.7,0.4,0.243,1.0,0.8,0.81,4.7,0.8,0.4,3.0,1.4,1.7,-0.5,0.44007490636704116,0.4081632653061224,6.0,2.7,1.0,0.2,0.167,0.7,0.2,0.25,0.3,0.3,1.0,0.8,0.2,0.0,1.2,0.7,0.5,0.5,0.3533568904593639,0.30000000000000004,,,,,,,,,,,,,,,,,,,,,0.4026710590230642,2021-22
1630563,Joshua Primo,1610612759,SAS,50.0,19.3,5.4,2.0,0.374,2.7,0.8,0.307,1.2,0.9,0.746,5.8,1.6,1.1,2.3,0.6,1.6,-1.6,0.4892037786774628,0.4444444444444444,11.0,2.8,1.0,0.2,0.182,0.5,0.2,0.333,0.3,0.2,0.667,0.7,0.1,0.1,0.5,0.5,0.0,-1.8,0.3091872791519434,0.30000000000000004,,,,,,,,,,,,,,,,,,,,,0.3877112975088724,2021-22
1630567,Scottie Barnes,1610612761,TOR,74.0,35.4,12.6,6.2,0.492,2.6,0.8,0.301,2.9,2.1,0.735,15.3,3.5,1.8,7.5,2.6,4.9,0.9,0.5513116171807437,0.5238095238095238,39.0,3.8,1.1,0.6,0.535,0.2,0.0,0.167,0.4,0.3,0.733,1.5,0.2,0.2,1.1,0.4,0.7,0.6,0.5877742946708464,0.5454545454545454,4.0,33.2,10.5,4.5,0.429,3.0,0.5,0.167,4.0,3.3,0.813,12.8,4.3,1.3,9.0,1.8,7.3,-6.8,0.5220228384991844,0.4523809523809524,0.557551612399464,2021-22
1630568,Luka Garza,1610612765,DET,32.0,12.2,4.6,2.1,0.449,1.5,0.5,0.327,1.9,1.2,0.623,5.8,0.6,0.6,3.1,1.8,1.3,-2.0,0.5334805003679176,0.5108695652173914,3.0,3.8,0.7,0.3,0.5,0.0,0.0,0.0,0.7,0.7,1.0,1.3,0.0,0.7,1.3,1.3,0.0,-1.7,0.6448412698412699,0.4285714285714286,,,,,,,,,,,,,,,,,,,,,0.6229384046511921,2021-22
1630570,Trendon Watford,1610612757,POR,48.0,18.1,5.6,3.0,0.532,0.8,0.2,0.237,2.0,1.5,0.755,7.6,1.7,0.9,4.1,1.2,3.0,-7.3,0.5864197530864198,0.5535714285714286,6.0,2.0,0.8,0.2,0.2,0.0,0.0,0.0,0.3,0.2,0.5,0.5,0.0,0.0,1.0,0.7,0.3,0.0,0.26824034334763946,0.25,,,,,,,,,,,,,,,,,,,,,0.3885858608770628,2021-22
1630578,Alperen Sengun,1610612745,HOU,72.0,20.7,7.3,3.5,0.474,1.6,0.4,0.248,3.2,2.3,0.711,9.6,2.6,2.0,5.5,1.9,3.5,-4.3,0.5512172714745062,0.5068493150684932,8.0,2.8,0.8,0.1,0.167,0.1,0.0,0.0,0.0,0.0,0.0,0.3,0.3,0.1,0.6,0.3,0.4,1.3,0.18749999999999997,0.125,,,,,,,,,,,,,,,,,,,,,0.3196979945995898,2021-22
1630579,Jericho Sims,1610612752,NYK,41.0,13.5,1.3,1.0,0.722,0.0,0.0,0.0,0.7,0.3,0.414,2.2,0.5,0.5,4.1,1.5,2.6,1.9,0.6840796019900498,0.7692307692307692,4.0,3.0,0.0,0.0,0.0,0.0,0.0,0.0,0.0,0.0,0.0,0.0,0.0,0.3,1.3,0.5,0.8,0.3,,,,,,,,,,,,,,,,,,,,,,,0.22802653399668327,2021-22
1630581,Josh Giddey,1610612760,OKC,54.0,31.5,12.4,5.2,0.419,3.9,1.0,0.263,1.5,1.0,0.709,12.5,6.4,3.2,7.8,1.8,6.0,-5.5,0.4785604900459418,0.4596774193548387,29.0,2.9,1.0,0.3,0.276,0.3,0.0,0.111,0.4,0.2,0.583,0.8,0.7,0.3,0.6,0.1,0.5,-0.6,0.34013605442176875,0.3,,,,,,,,,,,,,,,,,,,,,0.39434204909154164,2021-22
1630583,Santi Aldama,1610612763,MEM,32.0,11.2,4.1,1.7,0.402,1.5,0.2,0.125,1.0,0.6,0.625,4.1,0.7,0.5,2.7,1.0,1.7,0.5,0.4515418502202643,0.4390243902439025,1.0,1.5,0.0,0.0,0.0,0.0,0.0,0.0,0.0,0.0,0.0,0.0,0.0,0.0,0.0,0.0,0.0,3.0,,,,,,,,,,,,,,,,,,,,,,,0.15051395007342142,2021-22
1630585,Marcus Garrett,1610612748,MIA,12.0,10.7,1.8,0.4,0.238,0.3,0.1,0.25,0.4,0.2,0.4,1.1,0.6,0.2,1.9,0.8,1.2,1.4,0.27834008097165996,0.25,,,,,,,,,,,,,,,,,,,,,,,,,,,,,,,,,,,,,,,,,0.27834008097165996,2021-22
1630586,Usman Garuba,1610612745,HOU,24.0,10.0,1.8,0.8,0.432,0.8,0.2,0.25,0.3,0.2,0.714,2.0,0.7,0.3,3.5,0.9,2.6,1.4,0.5175983436853002,0.5,2.0,3.2,0.5,0.5,1.0,0.0,0.0,0.0,0.0,0.0,0.0,1.0,0.0,0.0,0.0,0.0,0.0,-4.5,1.0,1.0,,,,,,,,,,,,,,,,,,,,,0.8669772256574457,2021-22
1630587,Isaiah Livers,1610612765,DET,19.0,20.2,4.7,2.2,0.456,3.4,1.4,0.422,0.7,0.6,0.857,6.4,1.1,0.8,3.0,0.8,2.2,-0.5,0.6389776357827477,0.6170212765957447,6.0,3.1,1.2,0.2,0.143,1.0,0.2,0.167,0.0,0.0,0.0,0.5,0.0,0.2,0.3,0.2,0.2,-1.7,0.20833333333333334,0.25000000000000006,,,,,,,,,,,,,,,,,,,,,0.3774133490379895,2021-22
1630591,Jalen Suggs,1610612753,ORL,48.0,27.2,11.4,4.1,0.361,4.1,0.9,0.214,3.4,2.6,0.773,11.8,4.4,3.0,3.6,0.5,3.0,-4.3,0.4575062034739454,0.3991228070175438,10.0,3.0,0.8,0.4,0.5,0.1,0.1,1.0,0.3,0.2,0.667,1.1,0.2,0.4,0.5,0.0,0.5,-0.3,0.5901287553648069,0.5625,,,,,,,,,,,,,,,,,,,,,0.5529387819268866,2021-22
1630595,Cade Cunningham,1610612765,DET,64.0,32.6,16.1,6.7,0.416,5.7,1.8,0.314,2.6,2.2,0.845,17.4,5.6,3.7,5.5,0.9,4.6,-4.3,0.5045233124565066,0.4720496894409938,34.0,3.3,1.9,0.7,0.385,0.4,0.1,0.214,0.5,0.4,0.875,2.0,0.4,0.4,0.9,0.1,0.8,-1.2,0.4716981132075471,0.39473684210526316,,,,,,,,,,,,,,,,,,,,,0.49444108852582547,2021-22
1630596,Evan Mobley,1610612739,CLE,69.0,33.8,12.0,6.1,0.508,1.3,0.3,0.25,3.7,2.4,0.663,15.0,2.5,1.9,8.3,2.1,6.2,1.4,0.5503375403580862,0.5208333333333334,38.0,3.1,1.1,0.5,0.5,0.2,0.0,0.0,0.6,0.4,0.696,1.5,0.3,0.2,0.7,0.2,0.5,0.7,0.5498533724340176,0.45454545454545453,,,,,,,,,,,,,,,,,,,,,0.5591814284079433,2021-22
1630598,Aaron Wiggins,1610612760,OKC,50.0,24.2,6.7,3.1,0.463,2.8,0.8,0.304,1.7,1.2,0.729,8.3,1.4,1.1,3.6,1.0,2.5,-4.7,0.5571965628356605,0.5223880597014925,20.0,2.0,0.5,0.3,0.556,0.2,0.1,0.333,0.4,0.2,0.571,0.8,0.1,0.0,0.5,0.2,0.3,-0.7,0.591715976331361,0.7,,,,,,,,,,,,,,,,,,,,,0.5876721917321778,2021-22
1630602,Chaundee Brown Jr.,1610612737,ATL,5.0,20.7,6.4,2.0,0.313,3.6,1.2,0.333,1.2,1.0,0.833,6.2,0.8,0.2,3.2,0.2,3.0,-4.0,0.44745958429561195,0.40625,,,,,,,,,,,,,,,,,,,,,,,,,,,,,,,,,,,,,,,,,0.44745958429561195,2021-22
1630606,Javonte Smart,1610612748,MIA,17.0,11.8,3.5,1.1,0.317,1.6,0.5,0.296,0.4,0.3,0.833,3.0,0.9,0.6,1.4,0.3,1.1,-2.5,0.4080522306855277,0.38571428571428573,,,,,,,,,,,,,,,,,,,,,,,,,,,,,,,,,,,,,,,,,0.4080522306855277,2021-22
1630613,Duane Washington Jr.,1610612754,IND,48.0,20.2,8.9,3.6,0.405,4.5,1.7,0.377,1.3,1.0,0.754,9.9,1.8,1.2,1.7,0.1,1.6,-2.6,0.5225929054054054,0.5,18.0,1.2,0.4,0.1,0.143,0.3,0.1,0.167,0.1,0.1,1.0,0.3,0.0,0.0,0.1,0.0,0.1,-1.9,0.33783783783783783,0.37500000000000006,,,,,,,,,,,,,,,,,,,,,0.40391724238232735,2021-22
1630625,Dalano Banton,1610612761,TOR,64.0,10.9,3.2,1.3,0.411,0.8,0.2,0.255,0.7,0.4,0.591,3.2,1.5,0.8,1.9,0.6,1.3,0.5,0.45610034207525657,0.4375,4.0,0.9,0.0,0.0,0.0,0.0,0.0,0.0,0.5,0.0,0.0,0.0,0.0,0.0,0.3,0.3,0.0,-1.3,0.0,,4.0,1.9,0.5,0.5,1.0,0.0,0.0,0.0,1.5,0.8,0.5,1.8,0.3,0.3,0.5,0.5,0.0,-2.8,0.7758620689655171,1.0,0.46394775816196804,2021-22
1630631,Jose Alvarado,1610612740,NOP,54.0,15.4,5.4,2.4,0.446,2.0,0.6,0.291,1.0,0.7,0.679,6.1,2.8,0.7,1.9,0.5,1.4,2.6,0.5222602739726027,0.49999999999999994,5.0,2.5,0.8,0.4,0.5,0.2,0.0,0.0,0.4,0.4,1.0,1.2,0.4,0.0,0.8,0.0,0.8,-1.0,0.6147540983606556,0.5,6.0,19.5,5.5,2.7,0.485,2.7,1.0,0.375,2.2,1.7,0.769,8.0,1.5,1.2,1.3,0.3,1.0,-4.8,0.6184291898577613,0.5818181818181819,0.615990821523271,2021-22
1630644,Mac McClung,1610612747,LAL,2.0,12.2,3.0,1.5,0.5,1.5,0.5,0.333,0.5,0.5,1.0,4.0,0.5,1.5,1.5,0.0,1.5,3.5,0.6211180124223602,0.5833333333333334,1.0,5.9,1.0,1.0,1.0,0.0,0.0,0.0,0.0,0.0,0.0,2.0,0.0,2.0,0.0,0.0,0.0,10.0,1.0,1.0,,,,,,,,,,,,,,,,,,,,,0.9070393374630089,2021-22
1630678,Terry Taylor,1610612754,IND,33.0,21.6,6.7,4.1,0.614,1.2,0.4,0.316,1.5,1.1,0.706,9.6,1.2,0.7,5.2,2.9,2.3,-3.5,0.6521739130434782,0.6417910447761194,8.0,2.0,0.6,0.5,0.8,0.0,0.0,0.0,0.4,0.3,0.667,1.3,0.1,0.1,0.8,0.4,0.4,-1.6,0.8376288659793815,0.8333333333333334,,,,,,,,,,,,,,,,,,,,,0.7847657722133408,2021-22
1630686,Georgios Kalaitzakis,1610612760,OKC,13.0,16.4,5.2,2.4,0.463,2.0,0.8,0.385,2.3,1.1,0.467,6.6,0.9,1.5,1.6,0.5,1.2,-10.3,0.5312298776561494,0.5384615384615384,1.0,1.5,1.0,0.0,0.0,0.0,0.0,0.0,0.0,0.0,0.0,0.0,0.0,0.0,0.0,0.0,0.0,7.0,0.0,0.0,,,,,,,,,,,,,,,,,,,,,0.19630739511245412,2021-22
1630691,Jamorko Pickett,1610612765,DET,13.0,13.6,3.8,1.4,0.36,3.0,1.0,0.333,0.2,0.1,0.5,3.8,0.5,0.4,2.5,0.5,2.0,0.0,0.48868312757201643,0.5,,,,,,,,,,,,,,,,,,,,,,,,,,,,,,,,,,,,,,,,,0.48868312757201643,2021-22
1630695,Micah Potter,1610612765,DET,3.0,10.3,3.7,1.7,0.455,0.7,0.0,0.0,0.7,0.7,1.0,4.0,0.0,0.3,3.0,1.3,1.7,-13.3,0.499001996007984,0.45945945945945943,1.0,0.0,0.0,0.0,0.0,0.0,0.0,0.0,0.0,0.0,0.0,0.0,0.0,0.0,0.0,0.0,0.0,0.0,,,,,,,,,,,,,,,,,,,,,,,0.166333998669328,2021-22
1630758,Aleem Ford,1610612753,ORL,5.0,14.7,4.0,1.2,0.3,3.0,0.4,0.133,0.0,0.0,0.0,2.8,0.4,0.8,3.0,0.4,2.6,-7.0,0.35,0.35,,,,,,,,,,,,,,,,,,,,,,,,,,,,,,,,,,,,,,,,,0.35,2021-22
1630787,Cameron McGriff,1610612757,POR,3.0,15.3,4.7,1.7,0.357,2.0,0.7,0.333,0.7,0.7,1.0,4.7,1.0,0.0,5.0,2.0,3.0,2.7,0.4692492012779553,0.4361702127659574,,,,,,,,,,,,,,,,,,,,,,,,,,,,,,,,,,,,,,,,,0.4692492012779553,2021-22
1630792,Malcolm Hill,1610612741,CHI,19.0,11.2,2.7,1.3,0.462,1.9,0.7,0.361,0.7,0.6,0.786,3.8,0.4,0.2,1.8,0.6,1.3,-1.6,0.6316489361702128,0.611111111111111,2.0,1.3,1.0,0.5,0.5,0.0,0.0,0.0,0.0,0.0,0.0,1.0,0.0,0.0,0.5,0.0,0.5,1.0,0.5,0.5,,,,,,,,,,,,,,,,,,,,,0.5809200157467238,2021-22
1630846,Olivier Sarr,1610612760,OKC,22.0,19.1,4.6,2.6,0.574,1.3,0.6,0.448,1.3,1.1,0.828,7.0,0.9,1.0,4.2,1.5,2.7,-1.3,0.6767208043310132,0.6304347826086957,4.0,3.6,0.3,0.3,1.0,0.0,0.0,0.0,0.0,0.0,0.0,0.5,0.0,0.0,0.8,0.3,0.5,2.3,0.8333333333333334,1.0,,,,,,,,,,,,,,,,,,,,,0.7876508961282436,2021-22
1630994,Gabriel Lundberg,1610612756,PHX,4.0,11.1,4.8,1.3,0.263,2.0,0.8,0.375,0.0,0.0,0.0,3.3,2.8,0.8,1.8,0.5,1.3,4.8,0.34375,0.35416666666666674,2.0,0.4,0.0,0.0,0.0,0.0,0.0,0.0,0.0,0.0,0.0,0.0,0.0,0.0,0.0,0.0,0.0,-3.5,,,,,,,,,,,,,,,,,,,,,,,0.11458333333333333,2021-22
2544,LeBron James,1610612747,LAL,55.0,35.5,22.2,11.1,0.5,6.9,2.2,0.321,5.9,4.6,0.768,28.9,6.8,3.2,8.3,1.2,7.1,3.9,0.5827552831101791,0.5495495495495495,29.0,4.5,3.1,1.4,0.461,1.2,0.3,0.265,1.0,0.8,0.793,3.9,0.8,0.2,0.8,0.1,0.6,-0.2,0.5508474576271186,0.49999999999999994,16.0,38.7,18.4,9.2,0.498,6.6,1.8,0.264,5.8,4.4,0.761,24.5,6.5,2.5,9.9,1.6,8.3,0.8,0.5846697212676595,0.5489130434782609,0.5870405243245674,2022-23
2617,Udonis Haslem,1610612748,MIA,7.0,10.3,4.1,1.4,0.345,1.3,0.4,0.333,0.7,0.6,0.8,3.9,0.0,0.1,1.6,0.6,1.0,-3.6,0.442377495462795,0.3902439024390244,,,,,,,,,,,,,,,,,,,,,2.0,1.5,1.5,0.0,0.0,0.5,0.0,0.0,0.0,0.0,0.0,0.0,0.0,0.0,0.5,0.0,0.5,-2.5,0.0,0.0,0.11059437386569874,2022-23
2738,Andre Iguodala,1610612744,GSW,8.0,14.1,1.9,0.9,0.467,1.1,0.1,0.111,0.4,0.3,0.667,2.1,2.4,1.1,2.1,0.4,1.8,4.4,0.5057803468208093,0.5000000000000001,1.0,0.9,0.0,0.0,0.0,0.0,0.0,0.0,0.0,0.0,0.0,0.0,0.0,0.0,0.0,0.0,0.0,-4.0,,,,,,,,,,,,,,,,,,,,,,,0.16859344894026976,2022-23
101108,Chris Paul,1610612756,PHX,59.0,32.0,11.3,5.0,0.44,4.4,1.7,0.375,2.7,2.3,0.831,13.9,8.9,1.9,4.3,0.5,3.8,1.4,0.5565342729019859,0.5176991150442477,25.0,3.9,1.5,0.6,0.421,0.6,0.2,0.357,0.7,0.4,0.647,1.9,0.8,0.1,0.5,0.1,0.4,-0.8,0.5254424778761062,0.4666666666666666,7.0,35.8,13.0,5.4,0.418,4.0,1.3,0.321,0.6,0.3,0.5,12.4,7.4,1.0,5.0,0.7,4.3,5.6,0.46743063932448736,0.46538461538461545,0.5148928607199545,2022-23
200752,Rudy Gay,1610612762,UTA,56.0,14.6,5.1,1.9,0.38,2.3,0.6,0.254,0.9,0.8,0.857,5.2,1.0,0.7,2.9,0.6,2.3,1.0,0.4730713245997089,0.4313725490196078,3.0,0.5,0.3,0.0,0.0,0.0,0.0,0.0,0.0,0.0,0.0,0.0,0.0,0.0,0.0,0.0,0.0,0.3,0.0,0.0,,,,,,,,,,,,,,,,,,,,,0.16357279447325937,2022-23
200768,Kyle Lowry,1610612748,MIA,55.0,31.2,8.8,3.6,0.404,5.6,1.9,0.345,2.5,2.1,0.859,11.2,5.1,1.9,4.1,0.8,3.3,1.0,0.5656565656565656,0.5170454545454545,32.0,3.9,1.1,0.5,0.471,0.5,0.2,0.333,0.2,0.2,1.0,1.3,0.5,0.2,0.4,0.1,0.3,0.4,0.547138047138047,0.5454545454545454,23.0,26.1,7.6,3.2,0.425,3.8,1.4,0.375,1.4,1.3,0.939,9.2,4.4,1.7,3.5,0.5,3.0,0.7,0.5598831548198637,0.5131578947368421,0.5690970207306213,2022-23
200782,P.J. Tucker,1610612755,PHI,75.0,25.6,3.0,1.3,0.427,1.9,0.7,0.393,0.3,0.3,0.826,3.5,0.8,0.6,3.9,1.3,2.7,1.8,0.5587484035759898,0.5499999999999999,28.0,3.4,0.3,0.2,0.556,0.3,0.1,0.571,0.2,0.1,0.6,0.6,0.1,0.1,0.7,0.1,0.5,0.5,0.7731958762886597,0.8333333333333334,11.0,26.7,4.6,1.7,0.373,3.6,1.3,0.35,0.3,0.2,0.667,4.9,1.5,0.5,4.5,1.6,2.9,-0.9,0.5177514792899409,0.5108695652173914,0.6197324323338554,2022-23
201142,Kevin Durant,1610612756,PHX,47.0,35.6,18.3,10.3,0.56,4.9,2.0,0.404,7.1,6.5,0.919,29.1,5.0,3.3,6.7,0.4,6.3,5.5,0.6791448842419717,0.6174863387978142,21.0,3.3,2.0,0.9,0.463,0.8,0.3,0.438,1.0,0.8,0.8,2.9,0.3,0.2,0.5,0.0,0.5,2.8,0.5942622950819673,0.525,11.0,42.3,20.4,9.7,0.478,4.6,1.5,0.333,8.7,8.0,0.917,29.0,5.5,3.5,8.7,0.6,8.1,-0.5,0.5984810962522702,0.5122549019607843,0.6214477556084895,2022-23
201143,Al Horford,1610612738,BOS,63.0,30.5,7.6,3.6,0.476,5.2,2.3,0.446,0.3,0.2,0.714,9.8,3.0,0.6,6.2,1.2,5.0,4.9,0.6337299534402484,0.625,27.0,4.3,0.9,0.3,0.32,0.9,0.3,0.348,0.0,0.0,0.0,0.9,0.2,0.0,0.6,0.1,0.4,0.6,0.5,0.49999999999999994,20.0,30.8,6.6,2.6,0.386,4.7,1.4,0.298,0.2,0.2,0.75,6.7,3.0,0.6,7.2,1.5,5.7,3.0,0.5008971291866029,0.5,0.5345789954282758,2022-23
201144,Mike Conley,1610612750,MIN,67.0,30.3,9.1,3.9,0.428,5.2,2.0,0.385,2.5,2.1,0.834,11.9,6.7,1.5,2.7,0.5,2.2,0.9,0.5833333333333334,0.5384615384615385,44.0,3.9,0.8,0.3,0.343,0.5,0.2,0.35,0.8,0.6,0.8,1.3,0.6,0.1,0.5,0.2,0.3,0.5,0.564236111111111,0.5,5.0,36.6,8.4,4.0,0.476,4.4,2.0,0.455,2.2,2.0,0.909,12.0,6.4,1.4,2.6,0.4,2.2,-3.4,0.6404782237403928,0.5952380952380952,0.6143312465863651,2022-23
201145,Jeff Green,1610612743,DEN,56.0,19.5,5.9,2.9,0.488,1.9,0.5,0.288,2.1,1.6,0.744,7.8,1.2,0.8,2.6,0.7,1.9,-3.4,0.5715123094958967,0.5338983050847457,6.0,1.1,0.5,0.2,0.333,0.3,0.0,0.0,0.3,0.3,1.0,0.7,0.0,0.2,0.2,0.0,0.2,-2.0,0.5537974683544303,0.4,20.0,17.2,3.1,1.4,0.452,1.4,0.5,0.321,1.0,0.9,0.895,4.1,0.7,0.5,1.6,0.3,1.3,-0.6,0.57909604519774,0.532258064516129,0.5778738065694131,2022-23
201152,Thaddeus Young,1610612761,TOR,54.0,14.7,3.7,2.0,0.545,0.6,0.1,0.176,0.5,0.3,0.692,4.4,1.4,0.8,3.1,1.3,1.8,-1.7,0.5612244897959183,0.554054054054054,13.0,3.2,0.5,0.3,0.667,0.1,0.0,0.0,0.2,0.2,1.0,0.8,0.2,0.1,0.8,0.5,0.4,1.7,0.6802721088435375,0.6,,,,,,,,,,,,,,,,,,,,,0.6541030826708589,2022-23
201565,Derrick Rose,1610612752,NYK,27.0,12.5,5.9,2.3,0.384,2.3,0.7,0.302,0.4,0.4,0.917,5.6,1.7,0.8,1.5,0.3,1.2,-1.1,0.46082949308755755,0.4491525423728813,1.0,0.1,0.0,0.0,0.0,0.0,0.0,0.0,0.0,0.0,0.0,0.0,0.0,0.0,0.0,0.0,0.0,3.0,,,1.0,2.5,4.0,0.0,0.0,1.0,0.0,0.0,0.0,0.0,0.0,0.0,1.0,0.0,0.0,0.0,0.0,-7.0,0.0,0.0,0.07680491551459293,2022-23
201566,Russell Westbrook,1610612746,LAC,73.0,29.1,13.6,5.9,0.436,3.9,1.2,0.311,4.3,2.8,0.656,15.9,7.5,3.5,5.8,1.2,4.6,-0.3,0.5131680867544539,0.47794117647058826,32.0,3.9,1.8,0.7,0.386,0.4,0.1,0.333,0.8,0.4,0.583,1.9,0.7,0.2,0.8,0.3,0.5,-0.2,0.441449814126394,0.41666666666666663,5.0,38.5,21.0,8.6,0.41,5.6,2.0,0.357,5.0,4.4,0.88,23.6,7.4,4.0,7.6,1.8,5.8,-5.4,0.5086206896551725,0.45714285714285713,0.500223591445467,2022-23
201567,Kevin Love,1610612748,MIA,62.0,20.0,6.8,2.7,0.389,4.8,1.6,0.334,1.5,1.3,0.879,8.2,1.9,1.1,6.4,1.0,5.5,1.8,0.549597855227882,0.5147058823529412,17.0,1.3,0.2,0.0,0.0,0.2,0.0,0.0,0.1,0.1,0.5,0.1,0.0,0.2,0.6,0.1,0.5,1.3,0.20491803278688525,0.0,20.0,17.9,6.0,2.3,0.378,4.4,1.7,0.375,0.8,0.7,0.875,6.9,1.2,0.5,5.6,0.7,4.9,-1.3,0.5431360201511335,0.525,0.4344148400126645,2022-23
201569,Eric Gordon,1610612746,LAC,69.0,28.5,9.5,4.2,0.446,5.2,1.9,0.371,2.5,2.1,0.821,12.4,2.7,1.5,1.9,0.2,1.7,-3.0,0.5849056603773585,0.5421052631578948,33.0,2.5,0.5,0.2,0.389,0.2,0.1,0.375,0.2,0.2,0.857,0.7,0.3,0.1,0.2,0.1,0.1,-0.5,0.5952380952380952,0.5,5.0,29.8,8.8,3.6,0.409,5.8,2.0,0.345,1.2,1.0,0.833,10.2,2.6,0.8,1.4,0.2,1.2,-6.8,0.5467409948542022,0.5227272727272726,0.5745306304635421,2022-23
201572,Brook Lopez,1610612749,MIL,78.0,30.4,11.5,6.1,0.531,4.7,1.7,0.374,2.4,1.9,0.784,15.9,1.3,1.4,6.7,2.0,4.7,5.1,0.6331634278432622,0.6043478260869565,32.0,3.3,1.3,0.7,0.55,0.5,0.2,0.313,0.4,0.3,0.643,1.8,0.1,0.1,0.9,0.3,0.7,0.5,0.6097560975609756,0.6153846153846153,5.0,36.3,13.4,7.8,0.582,3.4,1.4,0.412,2.6,2.0,0.769,19.0,1.2,2.2,6.4,2.8,3.6,-5.8,0.6531903190319032,0.6343283582089552,0.6466787778352577,2022-23
201586,Serge Ibaka,1610612749,MIL,16.0,11.6,3.4,1.6,0.481,1.1,0.4,0.333,0.8,0.5,0.615,4.1,0.3,0.7,2.8,0.9,1.8,-1.6,0.5463752665245203,0.5294117647058824,1.0,0.0,0.0,0.0,0.0,0.0,0.0,0.0,0.0,0.0,0.0,0.0,0.0,0.0,0.0,0.0,0.0,0.0,,,,,,,,,,,,,,,,,,,,,,,0.18212508884150677,2022-23
201587,Nicolas Batum,1610612746,LAC,78.0,21.9,4.9,2.1,0.42,4.1,1.6,0.391,0.6,0.4,0.708,6.1,1.6,0.6,3.8,0.8,3.0,2.1,0.5906274206041827,0.5918367346938775,29.0,2.8,0.9,0.4,0.462,0.8,0.3,0.409,0.2,0.1,0.6,1.2,0.1,0.1,0.5,0.2,0.3,0.7,0.6072874493927125,0.6111111111111112,5.0,18.3,3.8,1.6,0.421,3.4,1.2,0.353,0.0,0.0,0.0,4.4,1.2,0.4,2.2,0.2,2.0,-5.6,0.5789473684210527,0.5789473684210527,0.6087080843771546,2022-23
201588,George Hill,1610612754,IND,46.0,18.1,3.6,1.7,0.47,2.1,0.7,0.358,1.2,0.9,0.764,5.0,2.4,0.7,1.8,0.3,1.5,0.9,0.6056201550387597,0.5694444444444444,10.0,2.3,0.1,0.1,1.0,0.1,0.1,1.0,0.2,0.1,0.5,0.4,0.3,0.1,0.3,0.0,0.3,0.4,1.0638297872340425,1.5000000000000002,,,,,,,,,,,,,,,,,,,,,0.9138710209459544,2022-23
201599,DeAndre Jordan,1610612743,DEN,39.0,15.0,2.9,2.3,0.765,0.0,0.0,1.0,1.2,0.6,0.458,5.1,0.9,1.2,5.2,1.3,3.8,-3.1,0.7438739789964994,0.793103448275862,2.0,4.0,0.0,0.0,0.0,0.0,0.0,0.0,0.0,0.0,0.0,0.0,0.0,0.0,2.0,0.0,2.0,-4.5,,,4.0,3.4,0.8,0.5,0.667,0.0,0.0,0.0,0.5,0.3,0.5,1.3,0.3,0.5,1.0,0.0,1.0,1.8,0.6372549019607843,0.625,0.44260644747980865,2022-23
201609,Goran Dragic,1610612749,MIL,58.0,15.0,5.8,2.4,0.421,2.5,0.9,0.359,0.8,0.5,0.689,6.3,2.6,1.1,1.4,0.3,1.1,0.1,0.5120286085825747,0.4913793103448276,7.0,2.2,0.3,0.1,0.5,0.0,0.0,0.0,0.0,0.0,0.0,0.3,0.3,0.1,0.4,0.3,0.1,-0.6,0.5,0.33333333333333337,2.0,3.6,1.0,0.0,0.0,0.5,0.0,0.0,2.0,2.0,1.0,2.0,0.5,0.0,0.0,0.0,0.0,-2.5,0.5319148936170213,0.0,0.5231346286978181,2022-23
201933,Blake Griffin,1610612738,BOS,41.0,13.9,3.2,1.5,0.485,1.6,0.6,0.348,0.8,0.5,0.656,4.1,1.5,0.5,3.8,1.1,2.6,2.6,0.5771396396396395,0.5625,4.0,0.6,0.3,0.3,1.0,0.0,0.0,0.0,0.3,0.3,1.0,0.8,0.0,0.0,0.3,0.3,0.0,0.0,0.925925925925926,1.0,1.0,5.9,1.0,0.0,0.0,0.0,0.0,0.0,0.0,0.0,0.0,0.0,0.0,0.0,2.0,1.0,1.0,0.0,0.0,0.0,0.4142069152456523,2022-23
201935,James Harden,1610612755,PHI,58.0,36.8,14.5,6.4,0.441,7.2,2.8,0.385,6.2,5.4,0.867,21.0,10.7,3.4,6.1,0.7,5.4,4.8,0.6094729510099837,0.5379310344827587,33.0,4.1,1.5,0.5,0.353,0.8,0.2,0.32,0.8,0.7,0.889,2.1,1.0,0.5,0.7,0.0,0.7,2.3,0.5669546436285097,0.39999999999999997,11.0,38.8,16.6,6.5,0.393,7.5,2.8,0.378,5.0,4.4,0.873,20.3,8.3,3.2,6.2,0.5,5.6,-3.6,0.5398936170212766,0.4759036144578313,0.5708553424739656,2022-23
201937,Ricky Rubio,1610612739,CLE,33.0,17.2,5.4,1.8,0.343,2.5,0.6,0.256,1.1,0.8,0.8,5.2,3.5,0.9,2.1,0.3,1.8,1.4,0.4418762746430999,0.3888888888888889,3.0,1.4,0.0,0.0,0.0,0.0,0.0,0.0,0.0,0.0,0.0,0.0,0.7,0.0,0.0,0.0,0.0,-1.0,,,3.0,5.7,0.3,0.0,0.0,0.0,0.0,0.0,0.0,0.0,0.0,0.0,1.0,1.7,2.0,0.7,1.3,-2.3,0.0,0.0,0.07364604577384999,2022-23
201939,Stephen Curry,1610612744,GSW,56.0,34.7,20.2,10.0,0.493,11.4,4.9,0.427,5.0,4.6,0.915,29.4,6.3,3.2,6.1,0.7,5.4,4.8,0.65625,0.6163366336633663,27.0,4.1,2.9,1.3,0.43,1.6,0.4,0.286,0.8,0.7,0.909,3.7,0.6,0.4,0.9,0.1,0.9,-0.4,0.5688806888068881,0.5172413793103449,13.0,37.9,23.9,11.2,0.466,12.1,4.4,0.363,4.5,3.8,0.845,30.5,6.1,3.2,5.2,0.7,4.5,3.6,0.5892581143740341,0.5606694560669456,0.6079873890988333,2022-23
201942,DeMar DeRozan,1610612741,CHI,74.0,36.2,17.6,8.9,0.504,1.9,0.6,0.324,7.1,6.2,0.872,24.5,5.1,2.1,4.6,0.5,4.2,0.9,0.5911021038409573,0.5227272727272727,34.0,4.7,3.1,1.4,0.471,0.3,0.1,0.273,1.9,1.7,0.892,4.7,0.5,0.3,0.9,0.2,0.7,0.2,0.5970528455284553,0.46774193548387094,,,,,,,,,,,,,,,,,,,,,0.6126829013285915,2022-23
201950,Jrue Holiday,1610612749,MIL,67.0,32.6,15.3,7.3,0.479,6.1,2.4,0.384,2.6,2.3,0.859,19.3,7.4,2.9,5.1,1.2,3.9,7.2,0.5868401848698612,0.5555555555555556,30.0,3.5,1.6,0.8,0.5,0.8,0.4,0.478,0.8,0.7,0.88,2.7,0.6,0.3,0.4,0.1,0.3,1.6,0.6915983606557377,0.625,5.0,38.1,17.0,6.8,0.4,8.4,2.4,0.286,2.6,1.8,0.692,17.8,8.0,2.4,6.6,0.8,5.8,0.8,0.49052028218694893,0.47058823529411764,0.5840571417962163,2022-23
201976,Patrick Beverley,1610612741,CHI,67.0,27.1,5.4,2.1,0.4,3.6,1.2,0.335,1.0,0.7,0.723,6.2,2.9,0.9,3.7,0.7,3.0,-1.2,0.5308219178082191,0.5,26.0,4.1,0.4,0.1,0.273,0.3,0.1,0.25,0.3,0.1,0.286,0.4,0.2,0.1,0.5,0.2,0.4,-0.8,0.37593984962406013,0.37500000000000006,,,,,,,,,,,,,,,,,,,,,0.4349746130914821,2022-23
201980,Danny Green,1610612739,CLE,11.0,12.6,4.5,2.0,0.449,3.4,1.5,0.432,0.1,0.1,1.0,5.5,0.5,0.9,1.3,0.3,1.0,-1.5,0.605193661971831,0.6111111111111112,1.0,0.1,0.0,0.0,0.0,0.0,0.0,0.0,0.0,0.0,0.0,0.0,0.0,0.0,0.0,0.0,0.0,0.0,,,4.0,9.9,1.3,0.3,0.2,1.0,0.3,0.25,0.0,0.0,0.0,0.8,0.3,0.5,1.8,0.5,1.3,-3.3,0.3076923076923077,0.3461538461538461,0.25471176417479235,2022-23
201988,Patty Mills,1610612751,BKN,40.0,14.2,5.2,2.2,0.411,3.4,1.2,0.366,0.8,0.6,0.833,6.2,1.4,0.8,1.1,0.2,0.9,-1.7,0.55835734870317,0.5384615384615385,5.0,2.5,0.8,0.6,0.75,0.4,0.2,0.5,0.4,0.2,0.5,1.6,0.0,0.0,0.6,0.0,0.6,0.6,0.819672131147541,0.8749999999999999,1.0,5.3,2.0,0.0,0.0,2.0,0.0,0.0,0.0,0.0,0.0,0.0,0.0,0.0,0.0,0.0,0.0,-1.0,0.0,0.0,0.3816682172146988,2022-23
202083,Wesley Matthews,1610612749,MIL,52.0,15.8,3.1,1.1,0.363,2.4,0.8,0.315,0.5,0.5,0.857,3.4,0.7,0.3,2.2,0.7,1.5,1.0,0.5120481927710843,0.48387096774193544,13.0,2.6,0.4,0.1,0.2,0.2,0.1,0.333,0.1,0.1,1.0,0.3,0.0,0.0,0.7,0.3,0.4,-0.4,0.33783783783783783,0.37500000000000006,2.0,20.6,4.5,2.0,0.444,3.5,2.0,0.571,0.0,0.0,0.0,6.0,0.5,0.0,1.5,0.5,1.0,-16.0,0.6666666666666666,0.6666666666666666,0.5441905372100826,2022-23
202322,John Wall,1610612746,LAC,34.0,22.2,10.0,4.1,0.407,3.2,1.0,0.303,3.3,2.3,0.681,11.4,5.2,2.4,2.7,0.4,2.3,-3.1,0.49772965420887183,0.45999999999999996,8.0,2.3,0.4,0.1,0.333,0.1,0.0,0.0,0.0,0.0,0.0,0.3,0.4,0.3,0.3,0.0,0.3,-0.4,0.37499999999999994,0.25,,,,,,,,,,,,,,,,,,,,,0.4199098847358905,2022-23
202330,Gordon Hayward,1610612766,CHA,50.0,31.5,11.6,5.5,0.475,3.2,1.0,0.325,3.2,2.6,0.811,14.7,4.1,2.0,4.3,0.7,3.6,-2.2,0.5650369003690037,0.5172413793103449,22.0,4.0,1.3,0.6,0.5,0.3,0.1,0.5,0.5,0.4,0.9,1.8,0.4,0.2,0.7,0.2,0.5,1.3,0.5921052631578947,0.5,,,,,,,,,,,,,,,,,,,,,0.5942893721123557,2022-23
202331,Paul George,1610612746,LAC,56.0,34.6,17.9,8.2,0.457,7.6,2.8,0.371,5.3,4.6,0.871,23.8,5.1,3.1,6.1,0.8,5.3,2.8,0.588177145116647,0.5363128491620112,36.0,2.9,1.5,0.8,0.519,0.7,0.2,0.292,0.9,0.8,0.844,2.5,0.4,0.4,0.6,0.1,0.6,0.3,0.6592827004219409,0.6,,,,,,,,,,,,,,,,,,,,,0.6439607369211979,2022-23
202681,Kyrie Irving,1610612742,DAL,60.0,37.3,20.1,9.9,0.494,8.3,3.1,0.379,4.6,4.1,0.905,27.1,5.5,2.1,5.1,1.0,4.1,3.7,0.612457060206111,0.5696517412935324,37.0,3.6,2.2,1.0,0.457,1.2,0.4,0.326,1.0,1.0,0.974,3.4,0.4,0.2,0.6,0.1,0.5,0.2,0.6439393939393939,0.5454545454545454,,,,,,,,,,,,,,,,,,,,,0.6443905563262625,2022-23
202685,Jonas Valančiūnas,1610612740,NOP,79.0,24.9,10.3,5.6,0.547,1.4,0.5,0.349,2.8,2.3,0.826,14.1,1.8,2.0,10.2,2.8,7.3,-0.1,0.6113423517169615,0.5679611650485437,22.0,1.4,0.3,0.2,0.667,0.0,0.0,0.0,0.1,0.1,1.0,0.5,0.0,0.0,0.6,0.1,0.5,0.2,0.7267441860465117,0.6666666666666667,,,,,,,,,,,,,,,,,,,,,0.6911895292956022,2022-23
202687,Bismack Biyombo,1610612756,PHX,61.0,14.3,3.4,2.0,0.578,0.0,0.0,0.0,1.1,0.4,0.357,4.3,0.9,0.8,4.3,1.5,2.8,0.8,0.5535530381050463,0.5882352941176471,4.0,1.8,0.3,0.3,1.0,0.0,0.0,0.0,0.5,0.0,0.0,0.5,0.3,0.0,1.0,0.0,1.0,2.3,0.4807692307692307,1.0,8.0,9.8,2.0,1.1,0.563,0.0,0.0,0.0,2.3,1.1,0.5,3.4,0.8,0.8,3.4,1.3,2.1,-2.6,0.5644090305444887,0.55,0.5435432946219985,2022-23
202689,Kemba Walker,1610612742,DAL,9.0,16.0,6.3,2.7,0.421,3.1,0.8,0.25,2.3,1.9,0.81,8.0,2.1,0.4,1.8,0.3,1.4,-0.1,0.5470459518599563,0.4920634920634921,1.0,10.0,6.0,2.0,0.333,3.0,1.0,0.333,2.0,1.0,0.5,6.0,1.0,0.0,0.0,0.0,0.0,-3.0,0.436046511627907,0.4166666666666667,,,,,,,,,,,,,,,,,,,,,0.5682844202615681,2022-23
202691,Klay Thompson,1610612744,GSW,69.0,33.0,18.1,7.9,0.436,10.6,4.4,0.412,1.9,1.7,0.879,21.9,2.4,1.8,4.1,0.6,3.6,2.4,0.5782636248415716,0.5580110497237569,36.0,4.2,2.1,0.6,0.303,1.5,0.4,0.302,0.3,0.2,0.778,1.9,0.3,0.2,0.7,0.2,0.5,-0.1,0.4256272401433691,0.38095238095238093,13.0,36.0,16.8,6.5,0.388,10.5,3.8,0.368,1.8,1.6,0.875,18.5,2.2,2.0,4.2,0.1,4.1,1.5,0.525807185084129,0.5,0.5127588200075599,2022-23
202692,Alec Burks,1610612765,DET,51.0,22.0,9.0,3.9,0.436,4.7,1.9,0.414,3.7,3.0,0.814,12.8,2.2,1.1,3.1,0.4,2.7,-0.1,0.602182913059842,0.5388888888888889,22.0,2.4,1.0,0.4,0.391,0.5,0.3,0.545,0.7,0.5,0.8,1.6,0.0,0.1,0.4,0.1,0.3,-1.3,0.6116207951070336,0.55,,,,,,,,,,,,,,,,,,,,,0.6195859455345128,2022-23
202693,Markieff Morris,1610612742,DAL,35.0,10.1,3.3,1.3,0.409,2.0,0.8,0.394,0.3,0.3,1.0,3.8,0.9,0.5,2.0,0.4,1.7,0.3,0.5536130536130536,0.5151515151515152,3.0,1.8,0.0,0.0,0.0,0.0,0.0,0.0,0.0,0.0,0.0,0.0,0.0,0.3,0.0,0.0,0.0,2.7,,,,,,,,,,,,,,,,,,,,,,,0.18453768453768452,2022-23
202694,Marcus Morris Sr.,1610612746,LAC,65.0,28.1,9.9,4.2,0.426,4.7,1.7,0.365,1.3,1.0,0.782,11.2,1.8,0.9,4.0,0.4,3.5,-0.2,0.53475935828877,0.51010101010101,24.0,3.4,0.9,0.4,0.429,0.5,0.1,0.167,0.3,0.3,0.857,1.1,0.2,0.0,0.5,0.0,0.5,-0.3,0.5329457364341086,0.5,3.0,22.8,9.7,3.3,0.345,4.0,0.7,0.167,1.3,1.3,1.0,8.7,0.0,0.3,4.0,0.3,3.7,-13.7,0.423481308411215,0.37628865979381443,0.48760670182176286,2022-23
202695,Kawhi Leonard,1610612746,LAC,52.0,33.6,16.8,8.6,0.512,4.8,2.0,0.416,5.4,4.7,0.871,23.8,3.9,1.7,6.5,1.1,5.4,4.2,0.6205673758865248,0.5714285714285714,28.0,3.5,2.3,1.0,0.46,0.4,0.1,0.3,0.8,0.7,0.909,2.9,0.5,0.1,0.6,0.0,0.5,0.5,0.5467571644042233,0.4565217391304348,2.0,40.2,22.0,12.0,0.545,5.0,3.0,0.6,8.5,7.5,0.882,34.5,6.0,3.0,6.5,1.5,5.0,-3.5,0.6701631701631701,0.6136363636363636,0.6344523453870748,2022-23
202696,Nikola Vučević,1610612741,CHI,82.0,33.5,14.0,7.3,0.52,4.2,1.5,0.349,1.9,1.6,0.835,17.6,3.2,1.7,11.0,1.9,9.1,-0.2,0.5931517929361014,0.5750000000000001,37.0,4.6,1.2,0.5,0.435,0.6,0.2,0.391,0.2,0.2,0.667,1.5,0.2,0.1,1.1,0.2,0.9,0.2,0.5822981366459627,0.5,,,,,,,,,,,,,,,,,,,,,0.5944874506468253,2022-23
202699,Tobias Harris,1610612755,PHI,74.0,32.9,11.4,5.7,0.501,4.4,1.7,0.389,1.7,1.5,0.876,14.7,2.5,1.2,5.7,0.9,4.8,4.0,0.6050378663154429,0.5745614035087719,36.0,3.8,0.9,0.4,0.438,0.4,0.2,0.4,0.2,0.2,1.0,1.2,0.1,0.1,0.8,0.2,0.6,1.2,0.6072874493927125,0.5555555555555556,11.0,35.6,12.2,6.4,0.522,3.7,1.4,0.366,1.4,1.2,0.867,15.3,1.6,0.7,7.3,1.5,5.7,-0.8,0.5969101123595506,0.5819672131147542,0.609618587204666,2022-23
202704,Reggie Jackson,1610612743,DEN,68.0,24.4,9.4,3.9,0.411,4.2,1.4,0.333,1.1,1.0,0.91,10.2,3.4,1.7,2.1,0.4,1.8,-1.2,0.5159854309995953,0.4893617021276595,23.0,2.3,0.6,0.1,0.154,0.1,0.0,0.0,0.3,0.3,1.0,0.5,0.3,0.0,0.3,0.1,0.2,0.0,0.34153005464480873,0.16666666666666669,6.0,3.0,0.3,0.2,0.5,0.3,0.2,0.5,0.0,0.0,0.0,0.5,0.3,0.2,0.3,0.0,0.3,-0.7,0.8333333333333334,1.0000000000000002,0.6228905687709273,2022-23
202709,Cory Joseph,1610612765,DET,62.0,19.8,5.7,2.4,0.427,2.9,1.1,0.389,1.2,0.9,0.792,6.9,3.5,0.9,1.7,0.3,1.4,-1.8,0.5539499036608864,0.5175438596491229,13.0,3.0,0.8,0.4,0.5,0.6,0.2,0.375,0.0,0.0,0.0,1.0,0.2,0.1,0.4,0.0,0.4,-2.5,0.625,0.625,,,,,,,,,,,,,,,,,,,,,0.6153517222704648,2022-23
202710,Jimmy Butler III,1610612748,MIA,64.0,33.4,13.9,7.5,0.539,1.6,0.6,0.35,8.7,7.4,0.85,22.9,5.3,1.6,5.9,2.2,3.7,0.7,0.6458709386281587,0.5611510791366906,43.0,3.7,2.2,1.1,0.505,0.2,0.0,0.222,1.6,1.2,0.791,3.5,0.4,0.2,0.7,0.2,0.5,0.9,0.6026170798898071,0.5,22.0,39.7,20.1,9.4,0.468,3.5,1.3,0.359,8.5,6.8,0.806,26.9,5.9,1.9,6.5,2.1,4.3,-0.5,0.5641778523489932,0.5,0.6064337807041499,2022-23
202711,Bojan Bogdanovic,1610612765,DET,59.0,32.1,14.9,7.3,0.488,6.0,2.5,0.411,5.1,4.5,0.884,21.6,2.6,2.3,3.8,0.6,3.2,-5.6,0.6299580027998134,0.5738255033557047,29.0,3.9,1.7,0.6,0.367,0.9,0.2,0.269,0.9,0.8,0.889,2.3,0.3,0.2,0.5,0.1,0.4,-1.2,0.5486641221374046,0.4117647058823529,,,,,,,,,,,,,,,,,,,,,0.5871714783305961,2022-23
202722,Davis Bertans,1610612742,DAL,45.0,10.9,3.6,1.5,0.431,3.1,1.2,0.39,0.3,0.3,0.867,4.6,0.5,0.2,1.2,0.2,1.0,-0.8,0.6162915326902464,0.5833333333333334,4.0,1.8,0.5,0.3,0.5,0.5,0.3,0.5,0.0,0.0,0.0,0.8,0.3,0.0,0.3,0.0,0.3,-2.0,0.8,0.8999999999999999,,,,,,,,,,,,,,,,,,,,,0.752652733115113,2022-23
203076,Anthony Davis,1610612747,LAL,56.0,34.0,17.2,9.7,0.563,1.3,0.3,0.257,7.9,6.2,0.784,25.9,2.6,2.2,12.5,3.5,9.1,3.7,0.626330044496034,0.5726744186046512,27.0,4.1,1.9,0.7,0.38,0.3,0.1,0.25,1.1,0.7,0.645,2.2,0.3,0.1,1.6,0.4,1.3,0.2,0.46140939597315445,0.39473684210526316,16.0,38.0,15.9,8.3,0.52,0.9,0.3,0.333,6.8,5.8,0.852,22.6,2.6,2.1,14.1,2.4,11.7,3.4,0.5981367774719458,0.5314465408805032,0.5683063731036282,2022-23
203078,Bradley Beal,1610612764,WAS,50.0,33.5,17.6,8.9,0.506,4.4,1.6,0.365,4.6,3.8,0.842,23.2,5.4,2.9,3.9,0.8,3.1,0.8,0.5911129229514879,0.5511363636363636,27.0,3.9,2.5,1.5,0.597,0.3,0.1,0.444,1.3,1.1,0.806,4.2,0.3,0.5,0.4,0.2,0.3,0.1,0.68359375,0.62,,,,,,,,,,,,,,,,,,,,,0.6669713531042344,2022-23
203081,Damian Lillard,1610612757,POR,58.0,36.3,20.7,9.6,0.463,11.3,4.2,0.371,9.6,8.8,0.914,32.2,7.3,3.3,4.8,0.8,4.0,1.8,0.6459637297384048,0.5652173913043478,26.0,3.9,2.3,0.9,0.383,1.1,0.3,0.286,1.3,1.2,0.941,3.3,0.6,0.3,0.8,0.2,0.6,-0.3,0.5745125348189415,0.4565217391304348,,,,,,,,,,,,,,,,,,,,,0.6094407109026704,2022-23
203082,Terrence Ross,1610612756,PHX,63.0,21.1,7.4,3.2,0.43,4.1,1.5,0.368,0.5,0.4,0.794,8.3,1.5,0.7,2.4,0.3,2.1,-1.2,0.5446194225721785,0.5337837837837838,17.0,1.4,0.3,0.0,0.0,0.2,0.0,0.0,0.1,0.1,1.0,0.1,0.0,0.0,0.1,0.0,0.1,-2.3,0.14534883720930233,0.0,6.0,11.5,4.5,1.3,0.296,3.7,1.0,0.273,0.0,0.0,0.0,3.7,0.2,0.2,1.3,0.0,1.3,-1.0,0.41111111111111115,0.4,0.34882912577419234,2022-23
203083,Andre Drummond,1610612741,CHI,67.0,12.7,4.1,2.5,0.606,0.0,0.0,0.0,1.9,1.0,0.536,6.0,0.5,1.1,6.6,2.1,4.6,0.4,0.6077795786061588,0.6097560975609757,5.0,0.6,0.0,0.0,0.0,0.0,0.0,0.0,0.0,0.0,0.0,0.0,0.0,0.0,0.0,0.0,0.0,-0.8,,,,,,,,,,,,,,,,,,,,,,,0.2025931928687196,2022-23
203084,Harrison Barnes,1610612758,SAC,82.0,32.5,9.6,4.6,0.473,4.3,1.6,0.374,5.0,4.3,0.847,15.0,1.6,1.0,4.5,1.1,3.4,3.1,0.635593220338983,0.5625,41.0,4.0,0.7,0.3,0.367,0.3,0.0,0.091,0.8,0.6,0.774,1.1,0.0,0.0,0.6,0.2,0.4,1.9,0.5228136882129277,0.4285714285714286,7.0,28.1,8.6,3.6,0.417,3.6,0.9,0.24,3.7,2.7,0.731,10.7,0.7,0.4,3.4,1.4,2.0,-8.9,0.5230739147438405,0.47093023255813954,0.5490320568319671,2022-23
203085,Austin Rivers,1610612750,MIN,52.0,19.5,4.0,1.8,0.435,2.4,0.8,0.35,0.8,0.6,0.769,4.9,1.4,0.4,1.6,0.1,1.5,-2.7,0.5629595588235294,0.55,20.0,1.5,0.3,0.2,0.5,0.2,0.1,0.5,0.0,0.0,0.0,0.4,0.1,0.0,0.1,0.0,0.1,0.2,0.6666666666666667,0.8333333333333334,4.0,11.6,2.0,1.0,0.5,1.5,0.5,0.333,0.0,0.0,0.0,2.5,0.3,0.3,1.3,0.3,1.0,-5.0,0.625,0.625,0.6360488153576022,2022-23
203086,Meyers Leonard,1610612749,MIL,9.0,12.6,3.2,1.6,0.483,2.0,0.8,0.389,1.0,0.9,0.889,4.8,0.1,0.7,3.8,1.3,2.4,-3.0,0.6593406593406593,0.625,,,,,,,,,,,,,,,,,,,,,2.0,2.6,0.5,0.0,0.0,0.0,0.0,0.0,0.0,0.0,0.0,0.0,0.0,0.0,0.5,0.0,0.5,0.0,0.0,0.0,0.16483516483516483,2022-23
203095,Evan Fournier,1610612752,NYK,27.0,17.0,6.1,2.1,0.337,4.2,1.3,0.307,0.8,0.7,0.857,6.1,1.3,0.8,1.8,0.1,1.7,-2.0,0.47272163670179784,0.45081967213114754,8.0,1.4,0.4,0.1,0.333,0.4,0.1,0.333,0.3,0.1,0.5,0.5,0.1,0.0,0.0,0.0,0.0,-0.5,0.4699248120300752,0.37500000000000006,,,,,,,,,,,,,,,,,,,,,0.47741446396875475,2022-23
203109,Jae Crowder,1610612749,MIL,18.0,18.9,5.2,2.5,0.479,3.1,1.3,0.436,0.7,0.6,0.833,6.9,1.5,0.4,3.8,0.9,2.9,0.0,0.6263616557734205,0.6057692307692307,1.0,4.3,1.0,1.0,1.0,1.0,1.0,1.0,0.0,0.0,0.0,3.0,0.0,0.0,0.0,0.0,0.0,4.0,1.5,1.5,4.0,10.2,3.3,0.8,0.231,1.5,0.0,0.0,0.5,0.3,0.5,1.8,0.8,0.3,1.0,0.3,0.8,-4.5,0.2556818181818182,0.24242424242424246,0.7514652876135502,2022-23
203110,Draymond Green,1610612744,GSW,73.0,31.5,6.5,3.4,0.527,1.8,0.5,0.305,1.5,1.1,0.713,8.5,6.8,2.8,7.2,0.9,6.3,4.7,0.5935754189944134,0.5615384615384615,34.0,4.3,0.7,0.4,0.542,0.2,0.1,0.375,0.4,0.2,0.583,1.1,0.4,0.3,0.9,0.2,0.7,-0.3,0.6278538812785389,0.6428571428571429,12.0,30.6,7.6,3.5,0.462,1.7,0.4,0.25,2.8,2.0,0.727,9.4,6.8,2.3,6.9,1.6,5.3,-1.0,0.5321557971014493,0.48684210526315796,0.5850609929102139,2022-23
203114,Khris Middleton,1610612749,MIL,33.0,24.3,12.3,5.4,0.436,4.9,1.5,0.315,3.1,2.8,0.902,15.1,4.9,2.2,4.2,0.8,3.4,4.0,0.5525468384074941,0.5,11.0,2.9,1.0,0.3,0.273,0.5,0.1,0.2,0.0,0.0,0.0,0.6,0.5,0.3,0.5,0.3,0.3,1.5,0.3,0.35,5.0,34.6,17.2,8.0,0.465,6.4,2.6,0.406,6.0,5.2,0.867,23.8,6.2,3.4,6.4,1.4,5.0,2.6,0.5997983870967742,0.5406976744186047,0.5001204145831215,2022-23
203115,Will Barton,1610612761,TOR,56.0,17.7,6.5,2.5,0.379,3.2,1.2,0.367,0.8,0.7,0.787,6.8,2.0,0.9,2.4,0.3,2.2,-3.0,0.49620548744892,0.47692307692307695,4.0,2.8,1.0,0.3,0.25,0.5,0.0,0.0,0.8,0.8,1.0,1.3,0.0,0.0,0.8,0.0,0.8,-3.8,0.4807692307692307,0.3,,,,,,,,,,,,,,,,,,,,,0.501299265044709,2022-23
203200,Justin Holiday,1610612742,DAL,46.0,15.4,4.4,1.7,0.377,3.1,1.0,0.322,0.2,0.1,0.625,4.5,0.9,0.5,1.2,0.1,1.1,-2.8,0.5013368983957219,0.5,15.0,1.1,0.3,0.1,0.5,0.3,0.1,0.5,0.0,0.0,0.0,0.4,0.2,0.0,0.3,0.0,0.3,0.0,0.6666666666666667,0.5000000000000001,,,,,,,,,,,,,,,,,,,,,0.6183749257263174,2022-23
203210,JaMychal Green,1610612744,GSW,57.0,14.0,4.4,2.4,0.54,1.9,0.7,0.378,1.2,0.9,0.776,6.4,0.9,0.9,3.6,1.3,2.3,-2.7,0.6493506493506492,0.625,4.0,1.1,0.0,0.0,0.0,0.0,0.0,0.0,0.0,0.0,0.0,0.0,0.0,0.0,0.0,0.0,0.0,-4.3,,,7.0,7.0,3.3,1.3,0.391,2.6,0.7,0.278,0.0,0.0,0.0,3.3,0.4,0.3,0.7,0.0,0.7,-3.0,0.5,0.5,0.3582251082251082,2022-23
203457,Nerlens Noel,1610612751,BKN,17.0,11.5,2.1,0.8,0.361,0.1,0.1,0.5,0.7,0.5,0.667,2.1,0.6,0.8,2.7,0.6,2.1,-4.4,0.43604651162790703,0.40476190476190477,,,,,,,,,,,,,,,,,,,,,,,,,,,,,,,,,,,,,,,,,0.43604651162790703,2022-23
203468,CJ McCollum,1610612740,NOP,75.0,35.3,17.9,7.8,0.437,7.2,2.8,0.389,3.2,2.4,0.769,20.9,5.7,2.4,4.4,0.7,3.6,0.8,0.5412264346384917,0.5139664804469274,35.0,4.1,1.8,0.7,0.406,0.7,0.3,0.44,0.3,0.2,0.667,2.0,0.6,0.3,0.6,0.1,0.5,1.1,0.5175983436853002,0.4722222222222222,,,,,,,,,,,,,,,,,,,,,0.5355302399242567,2022-23
203469,Cody Zeller,1610612748,MIA,15.0,14.4,3.9,2.5,0.627,0.1,0.0,0.0,2.3,1.6,0.686,6.5,0.7,0.9,4.3,1.7,2.6,-3.2,0.6616449511400652,0.6410256410256411,2.0,0.4,0.0,0.0,0.0,0.0,0.0,0.0,0.0,0.0,0.0,0.0,0.0,0.0,0.0,0.0,0.0,-0.5,,,21.0,8.3,1.7,1.0,0.571,0.0,0.0,0.0,0.7,0.3,0.4,2.2,0.3,0.6,2.3,0.5,1.8,-0.1,0.5478087649402391,0.5882352941176471,0.38417854099346377,2022-23
203471,Dennis Schröder,1610612747,LAL,66.0,30.1,9.8,4.1,0.415,3.4,1.1,0.329,3.8,3.3,0.857,12.6,4.5,1.7,2.5,0.3,2.2,1.9,0.5491631799163179,0.47448979591836726,32.0,3.6,1.2,0.6,0.526,0.4,0.1,0.214,0.8,0.8,1.0,2.1,0.3,0.1,0.3,0.1,0.3,1.8,0.6765463917525774,0.5416666666666667,16.0,26.1,6.4,2.6,0.398,2.4,0.8,0.333,1.8,1.4,0.821,7.4,2.9,1.3,1.9,0.2,1.8,2.8,0.514460511679644,0.46875,0.5865178143680015,2022-23
203473,Dewayne Dedmon,1610612755,PHI,38.0,11.2,4.0,2.0,0.51,1.0,0.3,0.308,1.3,0.9,0.673,5.2,0.7,0.7,3.5,0.9,2.6,-3.3,0.5686789151356081,0.5375,4.0,0.0,0.0,0.0,0.0,0.0,0.0,0.0,0.0,0.0,0.0,0.0,0.0,0.0,0.0,0.0,0.0,0.0,,,1.0,5.0,1.0,0.0,0.0,1.0,0.0,0.0,0.0,0.0,0.0,0.0,0.0,1.0,1.0,0.0,1.0,-4.0,0.0,0.0,0.09477981918926802,2022-23
203476,Gorgui Dieng,1610612759,SAS,31.0,11.6,3.8,1.5,0.385,2.4,0.7,0.28,0.4,0.3,0.769,3.9,1.7,1.0,3.5,0.9,2.6,-4.9,0.49044265593561365,0.48684210526315796,2.0,2.5,1.0,0.0,0.0,0.5,0.0,0.0,0.0,0.0,0.0,0.0,0.5,0.0,1.0,0.0,1.0,-3.0,0.0,0.0,,,,,,,,,,,,,,,,,,,,,0.18979667477863021,2022-23
203482,Kelly Olynyk,1610612762,UTA,68.0,28.6,8.2,4.1,0.499,3.5,1.4,0.394,3.4,2.9,0.853,12.5,3.7,2.5,6.2,1.2,5.0,0.2,0.6445957095709571,0.5853658536585367,38.0,3.6,0.9,0.4,0.444,0.4,0.2,0.643,0.4,0.3,0.75,1.4,0.4,0.1,0.8,0.2,0.6,-0.4,0.6505576208178437,0.5555555555555556,,,,,,,,,,,,,,,,,,,,,0.6595459268236407,2022-23
203484,Kentavious Caldwell-Pope,1610612743,DEN,76.0,31.3,8.3,3.8,0.462,4.2,1.8,0.423,1.6,1.4,0.824,10.8,2.4,1.1,2.7,0.5,2.3,6.5,0.5997334517992003,0.5662650602409638,32.0,3.9,0.8,0.3,0.333,0.4,0.1,0.286,0.1,0.1,0.667,0.7,0.1,0.1,0.5,0.1,0.4,2.0,0.41469194312796204,0.43749999999999994,20.0,33.5,8.1,3.7,0.457,4.6,1.8,0.38,1.8,1.5,0.829,10.6,1.6,0.8,3.3,0.7,2.6,4.1,0.5960413855150697,0.5679012345679013,0.5458454699824286,2022-23
203486,Mason Plumlee,1610612746,LAC,79.0,26.0,6.1,4.2,0.68,0.0,0.0,0.0,4.0,2.5,0.636,10.8,3.1,1.5,8.9,2.9,6.0,-3.4,0.6870229007633589,0.6885245901639345,34.0,3.5,0.6,0.4,0.65,0.0,0.0,0.0,0.7,0.2,0.32,1.0,0.3,0.3,1.2,0.6,0.6,-1.4,0.5506607929515419,0.6666666666666667,5.0,18.1,3.2,2.8,0.875,0.0,0.0,0.0,2.8,2.6,0.929,8.2,1.8,0.6,6.8,3.2,3.6,2.6,0.925090252707581,0.8749999999999999,0.7704386063703557,2022-23
203487,Michael Carter-Williams,1610612753,ORL,4.0,11.1,3.5,1.5,0.429,0.8,0.3,0.333,1.8,1.0,0.571,4.3,1.8,1.0,1.3,0.3,1.0,-6.5,0.5009319664492078,0.4714285714285714,,,,,,,,,,,,,,,,,,,,,,,,,,,,,,,,,,,,,,,,,0.5009319664492078,2022-23
203488,Mike Muscala,1610612738,BOS,63.0,15.0,4.6,2.1,0.449,3.3,1.3,0.391,0.8,0.6,0.769,6.1,0.8,0.4,3.2,0.6,2.6,3.2,0.6159127625201938,0.5978260869565218,14.0,2.5,0.6,0.1,0.125,0.4,0.1,0.167,0.1,0.1,1.0,0.3,0.1,0.1,0.5,0.0,0.5,-1.6,0.2329192546583851,0.25000000000000006,6.0,3.5,0.7,0.3,0.5,0.7,0.3,0.5,0.7,0.5,0.75,1.5,0.2,0.2,0.7,0.5,0.2,1.8,0.7440476190476191,0.6428571428571428,0.5653591664213374,2022-23
203490,Otto Porter Jr.,1610612761,TOR,8.0,18.3,3.8,1.9,0.5,2.1,0.8,0.353,1.0,1.0,1.0,5.5,1.0,0.5,2.4,0.8,1.6,-2.6,0.6485849056603773,0.6052631578947368,4.0,1.4,0.0,0.0,0.0,0.0,0.0,0.0,0.0,0.0,0.0,0.0,0.0,0.8,0.3,0.0,0.3,-0.3,,,,,,,,,,,,,,,,,,,,,,,0.2161949685534591,2022-23
203493,Reggie Bullock Jr.,1610612742,DAL,78.0,30.3,6.0,2.5,0.409,5.1,1.9,0.38,0.5,0.3,0.703,7.2,1.4,0.5,3.6,0.4,3.2,-1.1,0.5787781350482315,0.5750000000000001,48.0,3.4,0.7,0.2,0.314,0.6,0.2,0.3,0.3,0.2,0.615,0.8,0.1,0.1,0.4,0.1,0.3,-0.3,0.48076923076923084,0.42857142857142866,,,,,,,,,,,,,,,,,,,,,0.52510553219362,2022-23
203496,Robert Covington,1610612746,LAC,48.0,16.2,4.8,2.1,0.445,2.8,1.1,0.397,0.8,0.6,0.75,6.0,1.2,0.7,3.5,0.6,2.8,-0.1,0.5822981366459627,0.5520833333333335,8.0,1.5,0.1,0.0,0.0,0.0,0.0,0.0,0.3,0.3,1.0,0.3,0.3,0.1,0.1,0.0,0.1,-0.5,0.6465517241379309,0.0,2.0,6.0,1.5,0.0,0.0,1.0,0.0,0.0,0.0,0.0,0.0,0.0,1.0,0.0,1.0,0.0,1.0,-3.0,0.0,0.0,0.3146502641532034,2022-23
203497,Rudy Gobert,1610612750,MIN,70.0,30.7,7.8,5.1,0.659,0.0,0.0,0.0,4.9,3.1,0.644,13.4,1.2,1.7,11.6,3.3,8.3,-0.1,0.6729610285255123,0.6538461538461539,37.0,3.4,0.9,0.5,0.606,0.0,0.0,0.0,0.8,0.4,0.516,1.5,0.1,0.2,1.1,0.5,0.6,0.3,0.5990415335463258,0.5555555555555556,5.0,35.4,9.2,5.8,0.63,0.0,0.0,0.0,5.4,3.4,0.63,15.0,2.0,1.6,12.2,3.6,8.6,-3.6,0.6478921907394609,0.6304347826086957,0.6473252395097401,2022-23
203500,Steven Adams,1610612763,MEM,42.0,27.0,6.3,3.7,0.597,0.0,0.0,0.0,3.1,1.1,0.364,8.6,2.3,1.9,11.5,5.1,6.5,5.8,0.5610647181628392,0.5873015873015873,17.0,2.4,0.4,0.4,0.857,0.0,0.0,0.0,0.4,0.2,0.667,0.9,0.1,0.1,1.1,0.6,0.5,1.2,0.7812499999999999,1.0,,,,,,,,,,,,,,,,,,,,,0.7142041124024783,2022-23
203501,Tim Hardaway Jr.,1610612742,DAL,71.0,30.3,11.9,4.8,0.401,7.7,3.0,0.385,2.3,1.8,0.77,14.4,1.8,0.8,3.5,0.3,3.2,2.3,0.5576208178438662,0.5294117647058824,37.0,3.5,0.9,0.3,0.286,0.6,0.1,0.13,0.4,0.2,0.533,0.8,0.2,0.1,0.4,0.1,0.3,0.8,0.37174721189591076,0.38888888888888884,,,,,,,,,,,,,,,,,,,,,0.4412681057546777,2022-23
203506,Victor Oladipo,1610612748,MIA,42.0,26.3,9.6,3.8,0.397,5.0,1.7,0.33,1.9,1.4,0.747,10.7,3.5,2.1,3.0,0.4,2.7,-0.8,0.5126485243388271,0.48437499999999994,19.0,2.6,0.7,0.3,0.357,0.4,0.1,0.25,0.6,0.3,0.545,0.9,0.1,0.1,0.3,0.0,0.3,-0.7,0.46680497925311204,0.5,2.0,22.7,9.5,5.0,0.526,2.5,1.0,0.4,1.5,0.5,0.333,11.5,1.0,1.0,3.5,0.5,3.0,0.0,0.5659448818897638,0.5789473684210527,0.5313071880849641,2022-23
203507,Giannis Antetokounmpo,1610612749,MIL,63.0,32.1,20.3,11.2,0.553,2.7,0.7,0.275,12.3,7.9,0.645,31.1,5.7,3.9,11.8,2.2,9.6,5.4,0.6047759800871189,0.5689655172413792,28.0,3.2,2.0,0.8,0.375,0.2,0.0,0.167,1.3,0.9,0.722,2.5,0.7,0.4,1.3,0.3,1.0,0.6,0.4860031104199067,0.4,3.0,30.5,17.7,9.3,0.528,1.0,0.0,0.0,10.3,4.7,0.452,23.3,5.3,4.7,11.0,2.7,8.3,-5.3,0.5240194314501619,0.5254237288135594,0.5346589659611862,2022-23
203526,Raul Neto,1610612739,CLE,48.0,10.5,2.3,1.2,0.518,0.9,0.3,0.286,0.7,0.6,0.912,3.3,1.6,0.5,1.0,0.2,0.8,0.2,0.6326687116564418,0.5869565217391304,2.0,0.7,0.0,0.0,0.0,0.0,0.0,0.0,0.0,0.0,0.0,0.0,0.0,0.0,0.0,0.0,0.0,2.5,,,2.0,3.5,0.5,0.0,0.0,0.5,0.0,0.0,1.0,0.5,0.5,0.5,0.5,1.0,0.0,0.0,0.0,-2.0,0.26595744680851063,0.0,0.23842350868032894,2022-23
203552,Seth Curry,1610612751,BKN,61.0,19.8,7.4,3.4,0.463,3.8,1.5,0.405,0.9,0.8,0.927,9.2,1.6,0.8,1.6,0.2,1.4,-1.1,0.5900461775269368,0.5608108108108109,17.0,2.1,0.8,0.4,0.538,0.5,0.2,0.5,0.3,0.2,0.6,1.2,0.1,0.0,0.1,0.0,0.1,1.0,0.6437768240343347,0.625,3.0,19.4,6.3,3.3,0.526,3.0,1.0,0.333,1.0,0.7,0.667,8.3,2.0,0.3,1.0,0.0,1.0,-4.7,0.615727002967359,0.6031746031746031,0.6316076165589638,2022-23
203585,Rodney McGruder,1610612765,DET,32.0,16.4,4.8,1.9,0.408,3.0,1.3,0.423,0.7,0.6,0.818,5.7,0.9,0.3,2.3,0.6,1.7,-1.4,0.557948316366484,0.53125,3.0,2.8,0.0,0.0,0.0,0.0,0.0,0.0,0.0,0.0,0.0,0.0,0.0,0.0,0.0,0.0,0.0,-3.7,,,,,,,,,,,,,,,,,,,,,,,0.18598277212216133,2022-23
203897,Zach LaVine,1610612741,CHI,77.0,35.9,18.0,8.7,0.485,7.1,2.6,0.375,5.6,4.7,0.848,24.8,4.2,2.5,4.5,0.5,3.9,0.2,0.6059421422986709,0.5555555555555556,34.0,4.7,2.4,1.0,0.415,1.0,0.2,0.182,0.9,0.8,0.867,2.9,0.3,0.4,0.5,0.1,0.5,0.4,0.5185979971387696,0.45833333333333337,,,,,,,,,,,,,,,,,,,,,0.5610460455246626,2022-23
203903,Jordan Clarkson,1610612762,UTA,61.0,32.6,16.9,7.5,0.444,7.5,2.5,0.338,4.0,3.3,0.816,20.8,4.4,3.0,4.0,1.2,2.9,0.6,0.557341907824223,0.5177514792899409,38.0,3.7,2.3,1.1,0.46,1.2,0.4,0.364,0.8,0.6,0.828,3.2,0.5,0.3,0.5,0.1,0.4,-0.4,0.603318250377074,0.5652173913043479,,,,,,,,,,,,,,,,,,,,,0.601602270314273,2022-23
203914,Gary Harris,1610612753,ORL,48.0,24.7,6.4,2.9,0.45,4.5,2.0,0.431,0.6,0.6,0.9,8.3,1.2,0.6,2.0,0.4,1.6,-1.8,0.6227490996398559,0.609375,19.0,2.7,0.4,0.1,0.143,0.3,0.1,0.167,0.0,0.0,0.0,0.2,0.2,0.1,0.1,0.1,0.1,0.5,0.25,0.37500000000000006,,,,,,,,,,,,,,,,,,,,,0.3804996998789754,2022-23
203915,Spencer Dinwiddie,1610612751,BKN,79.0,34.5,13.3,5.8,0.438,6.2,2.3,0.369,4.2,3.4,0.812,17.3,6.5,1.8,3.4,0.4,3.1,-0.1,0.5710324795352522,0.5225563909774436,40.0,3.4,1.4,0.6,0.455,0.6,0.2,0.28,0.4,0.3,0.588,1.7,0.4,0.2,0.2,0.0,0.2,0.3,0.5393401015228427,0.5,4.0,39.8,12.8,5.5,0.431,4.5,1.8,0.389,5.5,3.8,0.682,16.5,6.5,3.0,3.3,0.3,3.0,-7.5,0.5420499342969777,0.5,0.5565033967006607,2022-23
203924,Jerami Grant,1610612757,POR,63.0,35.6,14.5,6.9,0.475,5.7,2.3,0.401,5.4,4.4,0.813,20.5,2.4,1.8,4.5,0.8,3.7,-0.6,0.6073714150272576,0.5551724137931034,31.0,4.0,1.2,0.5,0.395,0.5,0.2,0.294,0.9,0.7,0.821,1.9,0.3,0.2,0.5,0.1,0.4,-0.5,0.5952380952380952,0.5,,,,,,,,,,,,,,,,,,,,,0.6075583972362109,2022-23
203925,Joe Harris,1610612751,BKN,74.0,20.6,5.9,2.7,0.457,4.5,1.9,0.426,0.4,0.2,0.643,7.6,1.4,0.6,2.2,0.3,1.9,-0.3,0.6254114549045424,0.6186440677966102,17.0,2.6,0.3,0.2,0.6,0.2,0.1,0.5,0.0,0.0,0.0,0.5,0.2,0.1,0.3,0.1,0.2,1.8,0.8333333333333334,0.8333333333333334,4.0,10.9,3.3,0.5,0.154,3.0,0.3,0.083,0.5,0.5,1.0,1.8,0.0,0.8,1.3,0.0,1.3,3.8,0.2556818181818182,0.196969696969697,0.5149386751146273,2022-23
203926,Doug McDermott,1610612759,SAS,64.0,20.5,8.2,3.7,0.457,4.7,1.9,0.413,1.1,0.8,0.757,10.2,1.4,0.9,2.2,0.4,1.8,-3.7,0.5872869645324735,0.5670731707317074,12.0,1.9,0.7,0.3,0.5,0.1,0.1,1.0,0.3,0.3,1.0,1.0,0.0,0.0,0.2,0.1,0.1,2.9,0.6009615384615384,0.5,,,,,,,,,,,,,,,,,,,,,0.6049399325166627,2022-23
203932,Aaron Gordon,1610612743,DEN,68.0,30.2,11.2,6.3,0.564,2.5,0.9,0.347,4.6,2.8,0.608,16.3,3.0,1.4,6.6,2.4,4.1,7.6,0.6163036902601331,0.6026785714285715,28.0,3.7,1.0,0.6,0.621,0.2,0.1,0.6,0.7,0.4,0.55,1.8,0.1,0.2,0.8,0.4,0.4,1.1,0.6880733944954128,0.65,20.0,35.6,9.8,5.1,0.518,2.3,0.9,0.391,3.5,2.3,0.652,13.3,2.6,1.0,6.0,2.5,3.6,9.4,0.5864197530864198,0.5663265306122448,0.6342135278461439,2022-23
203933,T.J. Warren,1610612756,PHX,42.0,16.4,6.4,3.1,0.489,1.6,0.5,0.328,0.8,0.7,0.8,7.5,1.0,0.5,2.9,0.6,2.3,1.3,0.5553909952606635,0.5234375,6.0,1.0,0.0,0.0,0.0,0.0,0.0,0.0,0.0,0.0,0.0,0.0,0.0,0.0,0.2,0.0,0.2,-0.3,,,6.0,13.4,3.2,1.0,0.316,1.2,0.2,0.143,0.7,0.5,0.75,2.7,0.5,0.2,1.2,0.3,0.8,1.5,0.3848346636259977,0.34375,0.28498249768977607,2022-23
203935,Marcus Smart,1610612738,BOS,61.0,32.1,9.9,4.1,0.415,5.6,1.9,0.336,1.9,1.4,0.746,11.5,6.3,2.3,3.1,0.8,2.4,3.9,0.5355812220566318,0.51010101010101,24.0,4.7,1.5,0.7,0.459,0.7,0.2,0.235,0.5,0.4,0.833,2.0,0.7,0.2,0.5,0.1,0.4,0.8,0.5813953488372093,0.5333333333333333,20.0,34.0,11.2,5.1,0.453,6.1,2.2,0.361,3.3,2.6,0.8,14.9,5.1,2.3,4.0,1.1,3.0,2.5,0.5888397091368954,0.5535714285714285,0.5926333563402741,2022-23
203937,Kyle Anderson,1610612750,MIN,69.0,28.4,7.2,3.7,0.509,1.5,0.6,0.41,2.0,1.4,0.735,9.4,4.9,1.5,5.3,1.0,4.4,1.3,0.5816831683168316,0.5555555555555556,41.0,3.4,0.6,0.3,0.458,0.0,0.0,0.5,0.0,0.0,1.0,0.6,0.6,0.1,0.6,0.1,0.5,0.8,0.5,0.5,4.0,25.9,7.5,3.8,0.5,1.5,0.5,0.333,0.5,0.5,1.0,8.5,4.5,1.5,4.0,0.8,3.3,-6.5,0.550518134715026,0.5399999999999999,0.5472062620758275,2022-23
203939,Dwight Powell,1610612742,DAL,76.0,19.2,3.5,2.6,0.732,0.1,0.0,0.0,2.2,1.5,0.667,6.7,0.9,0.9,4.1,2.0,2.2,2.2,0.7497761862130707,0.7428571428571429,33.0,2.0,0.4,0.3,0.75,0.0,0.0,0.0,0.4,0.3,0.714,0.8,0.1,0.0,0.5,0.3,0.2,0.8,0.6944444444444444,0.7499999999999999,,,,,,,,,,,,,,,,,,,,,0.724316929792626,2022-23
203944,Julius Randle,1610612752,NYK,77.0,35.5,18.6,8.5,0.459,8.3,2.8,0.343,6.9,5.2,0.757,25.1,4.1,2.8,10.0,1.8,8.1,2.2,0.580051765575892,0.532258064516129,42.0,4.4,1.8,0.6,0.338,0.7,0.2,0.276,1.3,1.0,0.8,2.4,0.4,0.5,1.3,0.3,1.0,-1.4,0.5059021922428331,0.38888888888888884,10.0,33.0,14.7,5.5,0.374,6.6,1.7,0.258,5.5,3.9,0.709,16.6,3.6,3.5,8.3,1.7,6.6,1.5,0.48481308411214963,0.43197278911564624,0.5173933197539863,2022-23
203952,Andrew Wiggins,1610612744,GSW,37.0,32.2,14.3,6.8,0.473,6.1,2.4,0.396,1.9,1.2,0.611,17.1,2.3,1.3,5.0,1.6,3.4,3.2,0.5648784355179705,0.5594405594405594,18.0,3.9,0.7,0.3,0.462,0.3,0.1,0.4,0.0,0.0,0.0,0.8,0.2,0.2,0.6,0.2,0.3,-1.6,0.5714285714285715,0.5,13.0,34.0,13.9,6.4,0.459,4.9,1.5,0.297,3.6,2.5,0.681,16.7,1.9,1.3,5.6,1.8,3.8,3.1,0.5392663394471713,0.5143884892086331,0.5591508710142005,2022-23
203954,Joel Embiid,1610612755,PHI,66.0,34.6,20.1,11.0,0.548,3.0,1.0,0.33,11.7,10.0,0.857,33.1,4.2,3.4,10.2,1.7,8.4,6.4,0.6554974651457541,0.572139303482587,36.0,3.8,2.1,1.0,0.487,0.4,0.1,0.308,1.7,1.5,0.869,3.6,0.4,0.4,0.9,0.2,0.8,2.8,0.6320224719101124,0.5,9.0,37.4,17.0,7.3,0.431,3.1,0.6,0.179,9.3,8.4,0.905,23.7,2.7,3.9,9.8,1.8,8.0,-0.7,0.5618243883937037,0.44705882352941173,0.6112836902180251,2022-23
203967,Dario Šarić,1610612760,OKC,57.0,14.1,4.9,2.2,0.458,2.0,0.8,0.391,1.3,1.1,0.829,6.4,1.3,1.0,3.6,0.9,2.7,0.6,0.5847953216374269,0.5306122448979592,3.0,0.5,0.0,0.0,0.0,0.0,0.0,0.0,0.7,0.7,1.0,0.7,0.0,0.0,0.0,0.0,0.0,1.3,1.1363636363636362,,,,,,,,,,,,,,,,,,,,,,0.9525075314548997,2022-23
203991,Clint Capela,1610612737,ATL,65.0,26.6,8.2,5.4,0.653,0.0,0.0,0.0,2.0,1.2,0.603,12.0,0.9,0.8,11.0,4.0,7.1,-0.5,0.6607929515418502,0.6585365853658538,30.0,4.1,0.9,0.5,0.538,0.0,0.0,0.0,0.3,0.2,0.5,1.1,0.1,0.1,1.3,0.4,0.8,-1.7,0.5329457364341086,0.5555555555555556,6.0,25.2,6.3,3.8,0.605,0.0,0.0,0.0,1.0,0.7,0.667,8.3,0.5,0.7,8.3,2.5,5.8,-4.7,0.615727002967359,0.6031746031746031,0.6066198486401165,2022-23
203992,Bogdan Bogdanović,1610612737,ATL,54.0,27.9,11.3,5.1,0.447,6.7,2.7,0.406,1.4,1.2,0.831,14.0,2.8,1.2,3.1,0.4,2.6,1.2,0.5874454514937898,0.570796460176991,24.0,2.7,1.0,0.3,0.32,0.7,0.1,0.188,0.1,0.0,0.333,0.8,0.2,0.0,0.3,0.0,0.3,-0.7,0.3831417624521073,0.35,6.0,26.1,9.0,5.0,0.556,5.5,2.5,0.455,1.2,0.8,0.714,13.3,2.5,0.5,3.0,0.3,2.7,2.7,0.6979429051217464,0.6944444444444444,0.5834425061485481,2022-23
203994,Jusuf Nurkić,1610612757,POR,52.0,26.8,9.7,5.0,0.519,2.3,0.8,0.361,3.7,2.4,0.661,13.3,2.9,2.3,9.1,2.2,6.9,0.2,0.5870409604519775,0.5567010309278352,18.0,3.8,1.1,0.7,0.632,0.2,0.1,0.333,0.7,0.4,0.538,1.8,0.2,0.2,1.1,0.5,0.6,-0.5,0.6392045454545454,0.6818181818181818,,,,,,,,,,,,,,,,,,,,,0.6331568899714207,2022-23
203999,Nikola Jokić,1610612743,DEN,69.0,33.7,14.8,9.4,0.632,2.2,0.8,0.383,6.0,4.9,0.822,24.5,9.8,3.6,11.8,2.4,9.4,9.3,0.7024082568807339,0.6621621621621622,29.0,4.0,1.9,1.0,0.509,0.4,0.1,0.364,1.7,1.4,0.8,3.4,0.9,0.3,1.2,0.3,0.9,2.7,0.6419939577039275,0.5526315789473685,20.0,39.4,20.7,11.4,0.548,3.8,1.8,0.461,7.0,5.6,0.799,30.0,9.5,3.5,13.5,3.5,10.0,8.5,0.6307821698906644,0.5942028985507247,0.6592949514970675,2022-23
204001,Kristaps Porziņģis,1610612764,WAS,65.0,32.6,15.7,7.8,0.498,5.5,2.1,0.385,6.4,5.4,0.851,23.2,2.7,2.1,8.4,1.8,6.6,1.2,0.6264852019874704,0.5636942675159236,32.0,3.5,1.0,0.3,0.333,0.4,0.1,0.308,1.0,0.8,0.844,1.7,0.2,0.1,0.6,0.2,0.4,-1.6,0.5902777777777778,0.35,,,,,,,,,,,,,,,,,,,,,0.6087163459321953,2022-23
204060,Joe Ingles,1610612749,MIL,46.0,22.7,5.4,2.3,0.435,4.4,1.8,0.409,0.5,0.4,0.857,6.9,3.3,1.2,2.8,0.3,2.5,1.7,0.6138790035587188,0.5925925925925926,14.0,2.9,0.6,0.2,0.375,0.6,0.2,0.375,0.1,0.1,0.5,0.7,0.4,0.2,0.1,0.1,0.1,2.7,0.5434782608695652,0.5000000000000001,5.0,17.8,4.6,2.4,0.522,4.0,2.0,0.5,0.0,0.0,0.0,6.8,2.0,1.2,1.2,0.2,1.0,-1.8,0.7391304347826088,0.7391304347826088,0.6641489160499994,2022-23
204456,T.J. McConnell,1610612754,IND,75.0,20.4,6.9,3.8,0.543,0.8,0.3,0.441,0.9,0.8,0.853,8.7,5.3,1.9,3.1,0.6,2.5,-0.8,0.5962171052631579,0.5724637681159419,20.0,1.2,0.5,0.2,0.3,0.0,0.0,0.0,0.2,0.2,1.0,0.5,0.2,0.1,0.4,0.1,0.4,-1.7,0.4251700680272109,0.4,,,,,,,,,,,,,,,,,,,,,0.4894321239164039,2022-23
1626145,Tyus Jones,1610612763,MEM,80.0,24.2,8.9,3.9,0.438,4.1,1.5,0.371,1.2,1.0,0.806,10.3,5.2,0.9,2.5,0.4,2.2,1.2,0.5462452269834536,0.5224719101123596,28.0,1.8,0.2,0.1,0.6,0.0,0.0,1.0,0.6,0.5,0.813,0.7,0.6,0.1,0.3,0.0,0.3,0.3,0.7543103448275861,0.5,6.0,20.0,6.0,1.8,0.306,3.2,0.5,0.158,0.5,0.3,0.667,4.5,3.7,1.3,3.0,0.5,2.5,-3.2,0.3617363344051447,0.3416666666666666,0.5255930109866601,2022-23
1626149,Montrezl Harrell,1610612755,PHI,57.0,11.9,3.7,2.2,0.598,0.1,0.0,0.0,1.8,1.2,0.693,5.6,0.6,0.6,2.8,1.2,1.6,0.3,0.6233303650934995,0.5945945945945946,6.0,3.0,0.8,0.5,0.6,0.2,0.0,0.0,1.0,0.5,0.5,1.5,0.0,0.0,0.7,0.7,0.0,-1.3,0.6048387096774194,0.625,2.0,3.5,1.5,0.0,0.0,0.0,0.0,0.0,0.0,0.0,0.0,0.0,0.0,0.0,0.5,0.0,0.5,-1.5,0.0,0.0,0.32712291902383434,2022-23
1626153,Delon Wright,1610612764,WAS,50.0,24.4,5.8,2.8,0.474,2.4,0.8,0.345,1.2,1.0,0.867,7.4,3.9,0.9,3.6,1.2,2.4,1.4,0.5847029077117574,0.5517241379310345,18.0,3.5,0.6,0.3,0.455,0.2,0.1,0.25,0.0,0.0,0.0,0.6,0.3,0.1,0.6,0.3,0.2,-0.6,0.5,0.5833333333333334,,,,,,,,,,,,,,,,,,,,,0.5385791301550091,2022-23
1626156,D'Angelo Russell,1610612747,LAL,71.0,32.5,13.4,6.3,0.469,6.9,2.7,0.396,3.0,2.5,0.829,17.8,6.2,2.6,3.0,0.5,2.5,1.2,0.6046195652173914,0.5708955223880597,32.0,3.0,1.4,0.6,0.432,0.8,0.3,0.308,0.2,0.2,0.857,1.6,0.2,0.2,0.2,0.1,0.2,0.3,0.5376344086021506,0.5357142857142857,16.0,29.5,12.2,5.2,0.426,5.4,1.7,0.31,1.6,1.3,0.769,13.3,4.6,1.8,2.9,0.6,2.3,0.5,0.5153440793552387,0.4959016393442623,0.5481011979411516,2022-23
1626157,Karl-Anthony Towns,1610612750,MIN,29.0,33.0,14.8,7.3,0.495,5.7,2.1,0.366,4.7,4.1,0.874,20.8,4.8,3.0,8.1,1.7,6.5,1.3,0.6165520512212472,0.5641891891891891,13.0,3.4,1.8,0.7,0.391,0.6,0.2,0.25,0.6,0.5,0.875,2.1,0.2,0.2,0.7,0.2,0.5,1.1,0.5087209302325582,0.4444444444444444,5.0,36.0,14.0,6.4,0.457,4.8,1.2,0.25,5.6,4.2,0.75,18.2,2.0,3.6,10.2,1.2,9.0,-9.2,0.5527210884353742,0.5,0.5608550249934213,2022-23
1626159,Justise Winslow,1610612757,POR,29.0,26.8,6.8,2.8,0.409,1.6,0.5,0.311,1.0,0.7,0.714,6.8,3.4,1.5,5.0,1.7,3.3,-1.3,0.46961325966850825,0.44852941176470584,11.0,3.8,0.5,0.1,0.167,0.1,0.0,0.0,0.2,0.1,0.5,0.3,0.4,0.1,1.0,0.3,0.7,0.7,0.25510204081632654,0.2,,,,,,,,,,,,,,,,,,,,,0.33395872160910967,2022-23
1626162,Kelly Oubre Jr.,1610612766,CHA,48.0,32.2,17.1,7.4,0.431,7.1,2.3,0.319,4.3,3.3,0.76,20.3,1.1,1.3,5.2,1.4,3.8,-5.8,0.534435551811289,0.5,23.0,4.4,1.4,0.6,0.394,0.9,0.4,0.45,0.3,0.2,0.833,1.7,0.2,0.1,0.4,0.0,0.4,-0.9,0.5548302872062663,0.5714285714285715,,,,,,,,,,,,,,,,,,,,,0.5562191765770523,2022-23
1626164,Devin Booker,1610612756,PHX,53.0,34.6,20.1,9.9,0.494,6.0,2.1,0.351,6.8,5.8,0.855,27.8,5.5,2.7,4.5,0.9,3.7,4.7,0.6019400658236619,0.5447761194029851,23.0,3.9,2.6,1.0,0.373,0.9,0.2,0.19,1.1,0.7,0.64,2.8,0.4,0.3,0.4,0.2,0.3,0.6,0.4539559014267185,0.4230769230769231,11.0,41.7,21.9,12.8,0.585,5.5,2.8,0.508,6.1,5.3,0.866,33.7,7.2,2.9,4.8,1.1,3.7,-3.4,0.6854051415554833,0.6484018264840183,0.6072798722730326,2022-23
1626166,Cameron Payne,1610612756,PHX,48.0,20.2,9.4,3.9,0.415,3.9,1.4,0.368,1.3,1.0,0.766,10.3,4.5,1.7,2.2,0.3,2.0,1.6,0.5164460489370236,0.4893617021276595,8.0,4.2,2.1,0.9,0.412,1.0,0.5,0.5,0.3,0.1,0.5,2.4,0.8,0.4,0.4,0.3,0.1,0.0,0.5376344086021505,0.5476190476190476,7.0,21.8,6.9,3.3,0.479,3.9,1.6,0.407,0.4,0.0,0.0,8.1,2.9,1.3,2.0,0.0,2.0,-4.4,0.5723572639909553,0.5942028985507245,0.57380486854857,2022-23
1626167,Myles Turner,1610612754,IND,62.0,29.4,11.8,6.5,0.548,4.0,1.5,0.373,4.5,3.5,0.783,18.0,1.4,1.7,7.5,1.4,6.1,-0.8,0.6531204644412191,0.6144067796610169,38.0,3.4,0.9,0.5,0.588,0.3,0.1,0.385,0.5,0.4,0.8,1.6,0.2,0.2,0.7,0.2,0.5,-0.1,0.7142857142857143,0.6111111111111112,,,,,,,,,,,,,,,,,,,,,0.701524416314304,2022-23
1626168,Trey Lyles,1610612758,SAC,74.0,16.9,5.5,2.5,0.458,3.2,1.2,0.363,1.7,1.4,0.815,7.6,0.9,0.9,4.1,0.9,3.1,1.4,0.6081946222791292,0.5636363636363636,23.0,1.7,0.4,0.2,0.5,0.2,0.0,0.2,0.4,0.4,1.0,0.9,0.1,0.1,0.3,0.1,0.2,0.4,0.7812499999999999,0.5,7.0,16.8,5.7,2.4,0.425,3.9,1.3,0.333,0.7,0.4,0.6,6.6,0.7,0.4,5.7,1.3,4.4,2.9,0.5492676431424767,0.5350877192982456,0.6436889858891648,2022-23
1626169,Stanley Johnson,1610612762,UTA,30.0,15.6,4.1,2.2,0.533,1.3,0.6,0.45,1.3,0.9,0.667,5.8,2.2,1.1,3.2,0.7,2.4,-3.1,0.6207191780821918,0.6097560975609757,4.0,6.3,2.0,0.5,0.25,0.8,0.0,0.0,0.0,0.0,0.0,1.0,0.0,0.0,2.0,0.5,1.5,-3.5,0.25,0.25,,,,,,,,,,,,,,,,,,,,,0.42235354715371104,2022-23
1626171,Bobby Portis,1610612749,MIL,70.0,26.0,11.5,5.7,0.496,3.7,1.4,0.37,1.8,1.4,0.768,14.1,1.5,1.2,9.6,2.2,7.4,0.2,0.5735437683045883,0.5565217391304348,21.0,2.1,0.7,0.3,0.429,0.2,0.0,0.25,0.0,0.0,1.0,0.7,0.0,0.1,0.6,0.0,0.6,0.0,0.5,0.4285714285714286,5.0,21.5,8.2,4.0,0.488,3.6,1.0,0.278,0.6,0.6,1.0,9.6,1.2,0.8,8.2,2.0,6.2,0.2,0.5671077504725899,0.5487804878048781,0.5518981264749362,2022-23
1626172,Kevon Looney,1610612744,GSW,82.0,23.9,4.7,3.0,0.63,0.0,0.0,0.0,1.9,1.1,0.606,7.0,2.5,0.5,9.3,3.3,5.9,1.9,0.6322254335260115,0.6382978723404255,31.0,2.5,0.4,0.1,0.25,0.0,0.0,0.0,0.5,0.3,0.714,0.5,0.2,0.0,1.0,0.5,0.5,0.5,0.40322580645161293,0.25,13.0,25.0,4.9,2.8,0.578,0.0,0.0,0.0,1.4,0.8,0.556,6.5,3.3,1.0,13.1,4.7,8.4,3.8,0.5891950688905003,0.5714285714285714,0.542887680479518,2022-23
1626174,Christian Wood,1610612742,DAL,67.0,25.9,11.5,5.9,0.515,4.2,1.6,0.376,4.2,3.2,0.772,16.6,1.8,1.8,7.3,1.3,6.0,-0.7,0.6218160023973629,0.5826086956521739,31.0,3.3,1.0,0.4,0.433,0.5,0.2,0.333,0.6,0.5,0.778,1.5,0.2,0.2,0.9,0.2,0.7,0.3,0.5933544303797468,0.5,,,,,,,,,,,,,,,,,,,,,0.6115372732254424,2022-23
1626179,Terry Rozier,1610612766,CHA,63.0,35.3,18.9,7.8,0.415,8.0,2.6,0.327,3.5,2.8,0.809,21.1,5.1,2.1,4.1,0.8,3.3,-4.6,0.5161448140900197,0.4814814814814815,33.0,3.7,2.3,0.7,0.289,1.0,0.2,0.242,0.7,0.6,0.913,2.2,0.5,0.1,0.2,0.1,0.1,-0.5,0.42177914110429454,0.34782608695652173,,,,,,,,,,,,,,,,,,,,,0.4654036776015379,2022-23
1626181,Norman Powell,1610612746,LAC,60.0,26.1,11.8,5.7,0.479,4.8,1.9,0.397,4.6,3.8,0.812,17.0,1.8,1.7,2.9,0.4,2.5,-2.1,0.6148726851851851,0.5635593220338982,26.0,2.6,0.6,0.3,0.438,0.3,0.1,0.429,0.7,0.5,0.824,1.2,0.0,0.1,0.1,0.0,0.0,0.4,0.6607929515418502,0.5833333333333334,5.0,33.5,15.2,7.2,0.474,6.4,2.6,0.406,6.2,4.8,0.774,21.8,2.2,1.6,3.0,0.8,2.2,-2.6,0.607987505577867,0.5592105263157895,0.6318215965960287,2022-23
1626192,Pat Connaughton,1610612749,MIL,61.0,23.7,6.9,2.7,0.392,5.3,1.8,0.339,0.7,0.4,0.659,7.6,1.3,0.5,4.6,0.8,3.8,2.2,0.5271920088790233,0.5217391304347826,21.0,2.0,0.2,0.0,0.25,0.2,0.0,0.25,0.0,0.0,0.0,0.1,0.1,0.0,0.4,0.0,0.4,1.4,0.25,0.0,4.0,22.1,7.5,4.3,0.567,5.8,2.8,0.478,1.0,0.8,0.75,12.0,1.8,0.5,5.0,1.0,4.0,-5.3,0.7556675062972292,0.7599999999999999,0.551930972019336,2022-23
1626195,Willy Hernangomez,1610612740,NOP,38.0,12.0,4.4,2.3,0.527,0.3,0.1,0.273,2.7,2.1,0.779,6.9,0.9,1.0,4.7,1.5,3.2,0.5,0.617394416607015,0.534090909090909,2.0,1.8,0.0,0.0,0.0,0.0,0.0,0.0,1.0,1.0,1.0,1.0,0.0,0.0,1.0,0.0,1.0,2.0,1.1363636363636365,,,,,,,,,,,,,,,,,,,,,,0.9633738964447627,2022-23
1626196,Josh Richardson,1610612740,NOP,65.0,23.5,8.5,3.7,0.431,4.5,1.6,0.365,1.2,1.1,0.852,10.1,2.7,1.3,2.7,0.6,2.1,-2.5,0.5593708462560921,0.5294117647058824,22.0,1.7,0.3,0.1,0.429,0.2,0.0,0.2,0.1,0.1,1.0,0.4,0.1,0.2,0.1,0.0,0.1,-1.7,0.5813953488372093,0.33333333333333337,,,,,,,,,,,,,,,,,,,,,0.5775832597411276,2022-23
1626204,Larry Nance Jr.,1610612740,NOP,65.0,21.2,4.7,2.9,0.61,0.6,0.2,0.333,1.2,0.8,0.696,6.8,1.8,0.6,5.4,1.6,3.8,2.8,0.650344299923489,0.6382978723404255,23.0,3.9,1.0,0.5,0.522,0.1,0.0,0.0,0.3,0.2,0.571,1.2,0.3,0.0,1.0,0.3,0.7,1.8,0.5300353356890458,0.5,,,,,,,,,,,,,,,,,,,,,0.5914149195073475,2022-23
1626220,Royce O'Neale,1610612751,BKN,76.0,31.7,7.8,3.0,0.386,5.5,2.1,0.389,0.9,0.7,0.725,8.8,3.7,1.5,5.1,0.7,4.3,1.0,0.5368472425573451,0.5192307692307693,37.0,3.0,0.5,0.3,0.5,0.4,0.2,0.5,0.0,0.0,0.0,0.8,0.3,0.1,0.5,0.2,0.3,0.8,0.8,0.8,4.0,29.5,7.3,1.8,0.241,5.5,1.0,0.182,0.5,0.5,1.0,5.0,3.5,1.0,4.3,1.0,3.3,-10.0,0.3324468085106383,0.3150684931506849,0.5287748677576446,2022-23
1626224,Cedi Osman,1610612739,CLE,77.0,20.1,6.9,3.1,0.451,4.1,1.5,0.372,1.4,1.0,0.694,8.7,1.5,0.7,2.3,0.3,2.0,3.0,0.5787653006918573,0.5579710144927537,15.0,2.2,0.5,0.2,0.429,0.3,0.1,0.2,0.3,0.3,1.0,0.7,0.0,0.1,0.2,0.0,0.2,0.5,0.5537974683544303,0.5,5.0,18.6,5.0,1.8,0.36,4.0,1.2,0.3,1.8,1.2,0.667,6.0,1.0,1.0,3.0,0.2,2.8,-5.2,0.5179558011049724,0.48,0.5472843169298165,2022-23
1627732,Ben Simmons,1610612751,BKN,42.0,26.3,5.6,3.2,0.566,0.0,0.0,0.0,1.4,0.6,0.439,6.9,6.1,2.3,6.3,1.0,5.3,1.0,0.5550193050193051,0.5714285714285715,11.0,2.8,0.2,0.1,0.5,0.0,0.0,0.0,0.5,0.3,0.5,0.5,0.4,0.0,0.8,0.2,0.6,-0.5,0.5952380952380952,0.5,,,,,,,,,,,,,,,,,,,,,0.5854032604026227,2022-23
1627734,Domantas Sabonis,1610612758,SAC,79.0,34.6,11.9,7.3,0.615,1.1,0.4,0.373,5.5,4.1,0.742,19.1,7.3,2.9,12.3,3.2,9.1,2.7,0.6668994413407822,0.6302521008403361,39.0,3.9,1.0,0.5,0.553,0.0,0.0,0.0,0.8,0.6,0.8,1.7,0.4,0.2,1.1,0.4,0.6,1.4,0.6286982248520709,0.5,7.0,34.7,14.1,7.0,0.495,0.7,0.1,0.2,4.0,2.3,0.571,16.4,4.7,3.7,11.0,4.4,6.6,-7.0,0.5170239596469104,0.5,0.5876313230081075,2022-23
1627736,Malik Beasley,1610612747,LAL,81.0,25.8,11.6,4.6,0.395,8.1,2.9,0.357,0.8,0.6,0.769,12.7,1.5,1.1,3.5,0.4,3.1,-1.1,0.5312918340026773,0.521551724137931,41.0,2.0,0.6,0.1,0.231,0.5,0.1,0.227,0.1,0.1,1.0,0.6,0.0,0.0,0.2,0.0,0.2,0.6,0.4658385093167702,0.25000000000000006,11.0,8.3,3.1,0.9,0.294,2.4,0.6,0.269,0.5,0.5,1.0,3.0,0.2,0.2,0.7,0.3,0.5,-0.9,0.4518072289156626,0.3870967741935484,0.47490417035652516,2022-23
1627739,Kris Dunn,1610612762,UTA,22.0,25.8,9.8,5.3,0.537,1.6,0.8,0.472,2.4,1.9,0.774,13.2,5.6,1.6,4.5,0.4,4.1,-2.8,0.6079587324981576,0.5816326530612245,8.0,4.3,0.9,0.6,0.714,0.1,0.1,1.0,0.5,0.4,0.75,1.8,0.6,0.0,0.8,0.0,0.8,1.8,0.8035714285714285,0.7222222222222222,,,,,,,,,,,,,,,,,,,,,0.7475508700154554,2022-23
1627741,Buddy Hield,1610612754,IND,80.0,31.0,13.0,5.9,0.458,8.5,3.6,0.425,1.6,1.3,0.822,16.8,2.8,1.7,5.0,0.8,4.2,-1.1,0.6129597197898424,0.5923076923076923,45.0,3.3,1.2,0.5,0.434,0.7,0.3,0.394,0.2,0.2,0.909,1.5,0.1,0.1,0.6,0.2,0.4,-0.2,0.5822981366459627,0.5416666666666667,,,,,,,,,,,,,,,,,,,,,0.6017494335906485,2022-23
1627742,Brandon Ingram,1610612740,NOP,45.0,34.2,18.6,9.0,0.484,3.6,1.4,0.39,6.0,5.3,0.882,24.7,5.8,3.3,5.5,0.5,5.0,2.1,0.5814500941619585,0.5215053763440859,19.0,3.2,2.2,1.3,0.571,0.1,0.1,0.5,1.2,1.2,1.0,3.7,0.6,0.4,0.2,0.0,0.2,0.5,0.6781524926686217,0.6136363636363636,,,,,,,,,,,,,,,,,,,,,0.6577463168216786,2022-23
1627745,Damian Jones,1610612762,UTA,41.0,11.6,2.1,1.3,0.64,0.4,0.2,0.588,0.7,0.5,0.759,3.5,0.4,0.6,3.0,1.0,2.0,-2.0,0.7267441860465117,0.6666666666666667,3.0,2.2,0.0,0.0,0.0,0.0,0.0,0.0,0.7,0.7,1.0,0.7,0.0,0.0,0.7,0.0,0.7,-0.3,1.1363636363636362,,,,,,,,,,,,,,,,,,,,,,0.9998238195912613,2022-23
1627747,Caris LeVert,1610612739,CLE,74.0,30.2,10.0,4.3,0.431,4.4,1.7,0.392,2.4,1.8,0.722,12.1,3.9,1.6,3.8,0.7,3.1,2.6,0.5472141823444283,0.5149999999999999,38.0,3.5,1.0,0.4,0.368,0.4,0.2,0.5,0.3,0.2,0.9,1.2,0.3,0.1,0.4,0.1,0.3,0.8,0.5300353356890458,0.5,5.0,33.9,12.6,5.4,0.429,7.2,2.6,0.361,2.6,1.6,0.615,15.0,2.6,1.0,4.6,0.8,3.8,-6.2,0.5456926658905704,0.5317460317460317,0.5507271418980386,2022-23
1627749,Dejounte Murray,1610612737,ATL,74.0,36.4,17.8,8.3,0.464,5.2,1.8,0.344,2.6,2.1,0.832,20.5,6.1,2.2,5.3,0.7,4.5,-0.8,0.5410684121621621,0.5168539325842697,40.0,4.0,2.3,1.0,0.446,0.5,0.2,0.316,0.8,0.7,0.813,2.9,0.2,0.1,0.7,0.1,0.6,-1.5,0.5467571644042233,0.47826086956521746,5.0,38.1,20.6,9.2,0.447,7.4,2.8,0.378,1.8,1.8,1.0,23.0,6.8,2.0,7.2,1.8,5.4,-6.8,0.5375841436050859,0.5145631067961165,0.5541438769448584,2022-23
1627750,Jamal Murray,1610612743,DEN,65.0,32.8,16.0,7.3,0.454,6.6,2.6,0.398,3.3,2.8,0.833,20.0,6.2,2.2,4.0,0.7,3.2,4.6,0.5730002292000917,0.5375,26.0,4.0,2.0,0.7,0.353,1.1,0.4,0.379,1.0,0.8,0.808,2.6,0.8,0.3,0.5,0.1,0.5,2.0,0.5327868852459017,0.44999999999999996,20.0,39.9,20.5,9.7,0.473,7.5,3.0,0.396,4.1,3.8,0.926,26.1,7.1,2.5,5.7,0.8,4.9,9.1,0.5850968436154951,0.5463414634146341,0.5781440884222822,2022-23
1627751,Jakob Poeltl,1610612761,TOR,72.0,26.5,8.6,5.4,0.629,0.0,0.0,0.0,2.8,1.7,0.592,12.5,2.7,1.7,9.1,3.3,5.8,-2.0,0.635679414157852,0.6279069767441862,20.0,3.4,0.6,0.5,0.75,0.0,0.0,0.0,0.5,0.2,0.4,1.1,0.4,0.3,0.9,0.4,0.5,-1.8,0.6707317073170732,0.8333333333333334,,,,,,,,,,,,,,,,,,,,,0.6660243537825681,2022-23
1627752,Taurean Prince,1610612750,MIN,54.0,22.1,7.0,3.3,0.467,3.6,1.4,0.381,1.4,1.2,0.844,9.1,1.6,1.3,2.4,0.3,2.2,0.0,0.5974264705882353,0.5714285714285714,20.0,2.0,0.4,0.2,0.5,0.2,0.1,0.667,0.3,0.3,1.0,0.8,0.1,0.2,0.3,0.1,0.3,1.7,0.7518796992481203,0.625,5.0,20.0,6.6,2.4,0.364,4.2,1.6,0.381,1.8,1.4,0.778,7.8,0.8,1.0,1.4,0.6,0.8,-7.0,0.5275974025974026,0.4848484848484849,0.6197106318595833,2022-23
1627759,Jaylen Brown,1610612738,BOS,67.0,35.9,20.6,10.1,0.491,7.3,2.4,0.335,5.1,3.9,0.765,26.6,3.5,2.9,6.9,1.2,5.7,3.8,0.5822097706181054,0.5485436893203882,30.0,4.9,2.3,1.0,0.426,0.8,0.2,0.25,1.2,0.8,0.714,3.0,0.4,0.1,1.1,0.3,0.8,1.4,0.5304101838755304,0.47826086956521746,20.0,37.6,18.3,9.1,0.496,5.7,2.0,0.354,3.7,2.6,0.689,22.7,3.4,3.3,5.6,1.3,4.4,2.1,0.5695503813729426,0.5519125683060109,0.5697785956244797,2022-23
1627763,Malcolm Brogdon,1610612738,BOS,67.0,26.0,10.9,5.3,0.484,4.4,2.0,0.444,2.7,2.4,0.87,14.9,3.7,1.5,4.2,0.6,3.6,2.7,0.6163136995367307,0.5779816513761468,24.0,3.7,0.7,0.4,0.588,0.3,0.2,0.5,0.8,0.8,0.9,1.8,0.3,0.2,0.4,0.0,0.3,0.4,0.8555133079847909,0.7142857142857143,19.0,24.9,10.3,4.3,0.418,4.6,1.7,0.379,1.8,1.5,0.829,11.9,2.9,1.0,3.5,0.7,2.8,3.0,0.5364226469527588,0.4999999999999999,0.6625233944087994,2022-23
1627777,Georges Niang,1610612755,PHI,78.0,19.4,6.4,2.8,0.442,4.9,2.0,0.401,0.6,0.5,0.867,8.2,1.0,0.7,2.4,0.2,2.1,1.0,0.6152460984393756,0.5937499999999999,20.0,2.1,0.6,0.4,0.583,0.5,0.3,0.556,0.1,0.1,1.0,1.0,0.1,0.0,0.1,0.0,0.1,2.0,0.7763975155279503,0.9166666666666667,11.0,14.3,3.3,1.6,0.5,2.4,1.1,0.462,0.0,0.0,0.0,4.4,0.2,0.5,0.4,0.0,0.4,-1.3,0.6666666666666667,0.6515151515151516,0.7040485215810812,2022-23
1627780,Gary Payton II,1610612744,GSW,22.0,16.7,3.1,1.9,0.594,1.2,0.6,0.5,0.3,0.3,0.857,4.6,1.4,0.7,3.1,1.1,2.0,1.8,0.7116336633663365,0.7096774193548386,7.0,1.1,0.0,0.0,0.0,0.0,0.0,0.0,0.3,0.3,1.0,0.3,0.0,0.0,0.1,0.0,0.1,0.6,1.1363636363636362,,12.0,16.0,4.5,3.0,0.667,1.3,0.3,0.267,0.8,0.5,0.667,6.8,0.8,0.9,3.7,1.8,1.8,-3.8,0.7007419620774937,0.7,0.8477644703876818,2022-23
1627783,Pascal Siakam,1610612761,TOR,71.0,37.4,18.5,8.9,0.48,4.0,1.3,0.324,6.7,5.2,0.774,24.2,5.8,2.4,7.8,1.8,6.0,1.7,0.5641551659828422,0.5162162162162163,36.0,3.6,1.6,0.6,0.362,0.3,0.0,0.1,0.8,0.6,0.741,1.8,0.5,0.2,0.6,0.2,0.4,-0.2,0.4610655737704918,0.37499999999999994,,,,,,,,,,,,,,,,,,,,,0.5040774198227898,2022-23
1627814,Damion Lee,1610612756,PHX,74.0,20.4,6.1,2.7,0.442,3.3,1.5,0.445,1.4,1.3,0.904,8.2,1.3,1.1,3.0,0.5,2.5,1.1,0.6104824300178678,0.5655737704918034,23.0,2.2,0.7,0.3,0.5,0.5,0.3,0.545,0.2,0.2,0.8,1.1,0.0,0.1,0.3,0.2,0.1,1.0,0.6979695431472083,0.6428571428571428,8.0,11.1,2.5,0.8,0.3,1.9,0.4,0.2,0.3,0.3,1.0,2.1,0.6,0.1,1.4,0.5,0.9,0.0,0.39893617021276595,0.4,0.5453470809926148,2022-23
1627823,Juancho Hernangomez,1610612761,TOR,42.0,14.6,2.7,1.1,0.421,1.6,0.4,0.254,0.4,0.2,0.563,2.9,0.6,0.4,2.9,0.6,2.3,0.3,0.5041724617524339,0.48148148148148145,3.0,4.3,0.3,0.3,1.0,0.0,0.0,0.0,0.0,0.0,0.0,0.7,0.0,0.3,0.7,0.0,0.7,2.0,1.1666666666666667,1.0,,,,,,,,,,,,,,,,,,,,,0.956946376135585,2022-23
1627826,Ivica Zubac,1610612746,LAC,76.0,28.5,6.8,4.3,0.634,0.0,0.0,0.0,3.1,2.2,0.697,10.8,1.0,1.5,9.9,3.1,6.8,-0.4,0.6614404703576678,0.6323529411764706,28.0,2.0,0.5,0.5,0.933,0.0,0.0,0.0,0.2,0.1,0.4,1.1,0.0,0.0,0.5,0.1,0.3,-0.3,0.9353741496598641,1.0,5.0,26.0,6.0,3.4,0.567,0.0,0.0,0.0,3.2,2.4,0.75,9.2,0.6,2.2,9.6,3.2,6.4,-9.2,0.620950323974082,0.5666666666666667,0.7398595647753298,2022-23
1627827,Dorian Finney-Smith,1610612751,BKN,66.0,30.4,7.6,3.0,0.391,5.1,1.7,0.337,0.9,0.7,0.763,8.3,1.5,0.9,4.8,1.7,3.1,-0.1,0.5190095047523763,0.5065789473684211,34.0,3.5,0.8,0.3,0.407,0.6,0.3,0.474,0.4,0.2,0.583,1.1,0.1,0.1,0.4,0.2,0.2,-1.2,0.5635245901639344,0.5624999999999999,4.0,25.1,5.8,2.3,0.391,4.3,1.8,0.412,0.0,0.0,0.0,6.3,0.8,1.3,4.5,1.5,3.0,-4.0,0.5431034482758621,0.5517241379310345,0.5564211541060605,2022-23
1627832,Fred VanVleet,1610612761,TOR,69.0,36.7,16.1,6.3,0.393,8.8,3.0,0.342,4.1,3.7,0.898,19.3,7.2,2.0,4.1,0.4,3.6,2.8,0.5389857015192137,0.48447204968944096,37.0,3.7,1.8,0.5,0.299,1.1,0.3,0.25,0.4,0.4,0.929,1.7,0.6,0.2,0.4,0.1,0.3,-0.4,0.43016194331983804,0.3611111111111111,,,,,,,,,,,,,,,,,,,,,0.4776166536092047,2022-23
1627854,Bryn Forbes,1610612750,MIN,25.0,10.7,3.3,1.2,0.361,1.8,0.6,0.304,0.6,0.6,1.0,3.6,0.7,0.5,0.6,0.2,0.4,-1.9,0.5050505050505051,0.4545454545454546,,,,,,,,,,,,,,,,,,,,,,,,,,,,,,,,,,,,,,,,,0.5050505050505051,2022-23
1627863,Danuel House Jr.,1610612755,PHI,56.0,14.4,3.5,1.7,0.472,2.0,0.7,0.336,1.1,0.8,0.75,4.8,0.8,0.5,1.7,0.2,1.5,-0.3,0.6024096385542168,0.5857142857142856,9.0,1.1,0.3,0.2,0.667,0.1,0.0,0.0,0.2,0.1,0.5,0.6,0.0,0.1,0.3,0.0,0.3,-0.6,0.7731958762886597,0.6666666666666667,7.0,6.0,3.0,1.3,0.429,1.4,0.1,0.1,0.1,0.1,1.0,2.9,0.1,0.1,1.7,0.0,1.7,-3.6,0.47634691195795004,0.45,0.604878449736544,2022-23
1627884,Derrick Jones Jr.,1610612741,CHI,64.0,14.0,3.6,1.8,0.5,1.3,0.4,0.338,1.3,1.0,0.738,5.0,0.5,0.4,2.4,0.9,1.5,1.9,0.5992329817833173,0.5555555555555556,7.0,1.8,0.1,0.1,1.0,0.0,0.0,0.0,0.6,0.1,0.25,0.4,0.1,0.1,0.6,0.1,0.4,-2.3,0.5494505494505495,1.0,,,,,,,,,,,,,,,,,,,,,0.5688224713384783,2022-23
1627885,Shaquille Harrison,1610612747,LAL,5.0,24.0,7.2,3.0,0.417,2.0,0.6,0.3,3.0,2.2,0.733,8.8,6.0,1.2,4.4,0.2,4.2,-0.2,0.5164319248826291,0.4583333333333333,,,,,,,,,,,,,,,,,,,,,8.0,3.5,0.9,0.5,0.571,0.1,0.1,1.0,0.3,0.1,0.5,1.3,1.1,0.0,0.4,0.0,0.4,0.3,0.6298449612403101,0.6111111111111112,0.6014917021508899,2022-23
1627936,Alex Caruso,1610612741,CHI,67.0,23.5,4.3,1.9,0.455,2.3,0.8,0.364,1.1,0.9,0.808,5.6,2.9,1.1,2.9,0.6,2.3,3.0,0.5852842809364548,0.5348837209302325,28.0,3.7,0.3,0.2,0.556,0.1,0.0,0.25,0.1,0.0,0.5,0.4,0.5,0.1,0.4,0.1,0.3,-0.6,0.5813953488372093,0.6666666666666667,,,,,,,,,,,,,,,,,,,,,0.589668403721382,2022-23
1628221,Gabe York,1610612754,IND,3.0,18.6,7.0,2.7,0.381,6.0,2.0,0.333,0.7,0.7,1.0,8.0,1.7,0.0,2.0,0.0,2.0,8.0,0.5473453749315819,0.5285714285714286,,,,,,,,,,,,,,,,,,,,,,,,,,,,,,,,,,,,,,,,,0.5473453749315819,2022-23
1628365,Markelle Fultz,1610612753,ORL,60.0,29.6,11.3,5.8,0.514,1.5,0.5,0.31,2.4,1.9,0.783,14.0,5.7,2.3,3.9,1.2,2.8,-2.2,0.5665263839430236,0.5353982300884955,29.0,3.5,1.5,0.9,0.591,0.1,0.0,0.0,0.8,0.7,0.87,2.5,0.6,0.2,0.6,0.2,0.4,1.0,0.6749460043196543,0.6,,,,,,,,,,,,,,,,,,,,,0.6520804671427886,2022-23
1628368,De'Aaron Fox,1610612758,SAC,73.0,33.4,18.2,9.3,0.512,5.0,1.6,0.324,6.0,4.7,0.78,25.0,6.1,2.5,4.2,0.5,3.6,2.4,0.5998080614203455,0.5549450549450551,39.0,4.1,3.5,1.8,0.529,0.6,0.2,0.318,1.3,1.1,0.86,5.0,0.5,0.3,0.5,0.1,0.4,0.6,0.6139489194499017,0.5428571428571429,7.0,38.5,23.6,10.0,0.424,9.0,3.0,0.333,5.9,4.4,0.756,27.4,7.7,4.0,5.4,1.7,3.7,-2.9,0.5229806077263703,0.4872881355932203,0.5853387231462559,2022-23
1628369,Jayson Tatum,1610612738,BOS,74.0,36.9,21.1,9.8,0.466,9.3,3.2,0.35,8.4,7.2,0.854,30.1,4.6,2.9,8.8,1.1,7.7,6.4,0.6069527343119857,0.5402843601895735,32.0,4.4,2.4,0.8,0.351,0.7,0.2,0.217,1.5,1.2,0.792,3.0,0.5,0.4,1.3,0.3,1.1,1.6,0.49019607843137253,0.375,20.0,40.0,20.2,9.3,0.458,8.2,2.7,0.323,6.9,6.0,0.876,27.2,5.3,2.8,10.5,1.3,9.2,4.0,0.585298674470649,0.5272277227722773,0.5685812266801789,2022-23
1628370,Malik Monk,1610612758,SAC,77.0,22.3,10.3,4.6,0.448,5.2,1.9,0.359,2.7,2.4,0.889,13.5,3.9,1.9,2.6,0.4,2.2,0.9,0.5875696378830083,0.5388349514563107,24.0,3.6,1.6,0.8,0.526,0.7,0.3,0.438,0.6,0.5,0.857,2.5,0.6,0.1,0.3,0.0,0.3,1.1,0.6706008583690987,0.59375,7.0,29.3,13.3,5.4,0.409,5.6,1.9,0.333,7.0,6.3,0.898,19.0,3.6,2.0,5.4,0.9,4.6,5.1,0.5799755799755799,0.4774436090225564,0.6269836630056737,2022-23
1628371,Jonathan Isaac,1610612753,ORL,11.0,11.3,4.8,2.0,0.415,1.4,0.5,0.4,0.8,0.5,0.556,5.0,0.5,0.4,4.0,1.4,2.6,-1.7,0.48524844720496896,0.46875,2.0,0.0,0.0,0.0,0.0,0.0,0.0,0.0,0.0,0.0,0.0,0.0,0.0,0.0,0.0,0.0,0.0,-1.0,,,,,,,,,,,,,,,,,,,,,,,0.16174948240165632,2022-23
1628372,Dennis Smith Jr.,1610612766,CHA,54.0,25.7,8.4,3.4,0.412,2.1,0.4,0.216,2.0,1.4,0.736,8.8,4.8,1.5,3.1,0.5,2.6,-1.3,0.47413793103448276,0.42857142857142855,20.0,2.7,1.2,0.6,0.5,0.4,0.1,0.143,0.4,0.2,0.375,1.4,0.5,0.0,0.3,0.1,0.2,-0.1,0.5087209302325582,0.5416666666666667,,,,,,,,,,,,,,,,,,,,,0.5114789781172133,2022-23
1628373,Frank Ntilikina,1610612742,DAL,47.0,12.9,2.8,1.0,0.364,1.4,0.4,0.254,0.7,0.5,0.667,2.9,1.2,0.6,1.3,0.1,1.2,0.7,0.4665379665379666,0.4285714285714286,12.0,1.3,0.2,0.1,0.5,0.1,0.0,0.0,0.0,0.0,0.0,0.2,0.0,0.1,0.3,0.1,0.2,-0.7,0.5,0.5,,,,,,,,,,,,,,,,,,,,,0.49598884598629495,2022-23
1628374,Lauri Markkanen,1610612762,UTA,66.0,34.4,17.3,8.7,0.499,7.7,3.0,0.391,6.0,5.3,0.875,25.6,1.9,1.9,8.6,2.0,6.7,2.5,0.641925777331996,0.5895953757225433,42.0,3.7,1.5,0.7,0.431,0.6,0.3,0.407,1.2,1.0,0.857,2.6,0.1,0.2,1.1,0.3,0.9,0.4,0.6410256410256411,0.5666666666666667,,,,,,,,,,,,,,,,,,,,,0.6499962066918054,2022-23
1628378,Donovan Mitchell,1610612739,CLE,68.0,35.8,20.6,10.0,0.484,9.3,3.6,0.386,5.4,4.7,0.867,28.3,4.4,2.6,4.3,0.9,3.3,5.0,0.6158600278551531,0.5728155339805825,40.0,3.9,2.8,1.1,0.405,1.0,0.3,0.317,1.1,0.9,0.833,3.5,0.4,0.3,0.7,0.3,0.4,1.0,0.5328867235079172,0.44642857142857145,5.0,41.3,20.8,9.0,0.433,9.0,2.6,0.289,3.6,2.6,0.722,23.2,7.2,3.8,5.0,0.6,4.4,-1.8,0.5182273052180129,0.4951923076923077,0.5529781314298865,2022-23
1628379,Luke Kennard,1610612763,MEM,59.0,22.3,6.5,3.2,0.492,4.6,2.3,0.494,0.7,0.6,0.949,9.3,1.5,0.8,2.7,0.3,2.4,3.6,0.6830199764982374,0.6692307692307692,19.0,1.9,0.2,0.1,0.5,0.2,0.1,0.667,0.3,0.3,1.0,0.6,0.1,0.1,0.2,0.0,0.2,1.9,0.9036144578313252,0.7500000000000001,5.0,21.3,4.6,2.4,0.522,3.2,1.6,0.5,0.8,0.8,1.0,7.2,1.4,0.2,4.0,1.0,3.0,7.8,0.7269789983844911,0.6956521739130436,0.7816079042955099,2022-23
1628380,Zach Collins,1610612759,SAS,63.0,22.9,8.7,4.5,0.518,2.3,0.9,0.374,2.3,1.7,0.761,11.6,2.9,2.0,6.4,1.8,4.5,-3.8,0.5971993410214168,0.5689655172413793,16.0,3.1,0.8,0.3,0.385,0.3,0.1,0.2,1.1,0.8,0.706,1.4,0.3,0.4,0.8,0.1,0.6,-0.4,0.5451713395638629,0.43749999999999994,,,,,,,,,,,,,,,,,,,,,0.5717094090141744,2022-23
1628381,John Collins,1610612737,ATL,71.0,30.0,10.0,5.1,0.508,3.4,1.0,0.292,2.5,2.0,0.803,13.1,1.2,1.1,6.5,1.1,5.4,-0.3,0.5900900900900901,0.5599999999999999,36.0,3.4,0.8,0.4,0.467,0.3,0.1,0.333,0.3,0.2,0.667,1.0,0.1,0.1,0.8,0.2,0.6,-0.4,0.5364806866952789,0.5625,6.0,27.4,10.0,4.3,0.433,5.3,1.8,0.344,1.0,0.8,0.833,11.3,0.8,1.5,4.3,1.2,3.2,-1.5,0.5411877394636015,0.52,0.5557691136444421,2022-23
1628384,OG Anunoby,1610612761,TOR,67.0,35.6,13.2,6.3,0.476,5.5,2.1,0.387,2.5,2.1,0.838,16.8,2.0,2.0,5.0,1.4,3.5,2.0,0.5874125874125875,0.5568181818181818,35.0,3.7,0.9,0.4,0.424,0.4,0.1,0.267,0.5,0.5,0.895,1.4,0.2,0.1,0.7,0.1,0.6,0.7,0.6249999999999999,0.5,,,,,,,,,,,,,,,,,,,,,0.6192890442885277,2022-23
1628386,Jarrett Allen,1610612739,CLE,68.0,32.6,9.2,5.9,0.644,0.1,0.0,0.1,3.3,2.4,0.733,14.3,1.7,1.4,9.8,3.3,6.5,5.1,0.6712354487420203,0.641304347826087,35.0,3.7,0.5,0.2,0.444,0.0,0.0,0.0,0.5,0.3,0.688,0.8,0.0,0.1,1.1,0.4,0.7,0.1,0.5555555555555556,0.4,5.0,38.1,7.2,4.4,0.611,0.0,0.0,0.0,1.2,0.6,0.5,9.4,2.4,0.6,7.4,3.0,4.4,-5.6,0.6081780538302278,0.6111111111111112,0.6065815694987408,2022-23
1628389,Bam Adebayo,1610612748,MIA,75.0,34.6,14.9,8.0,0.54,0.2,0.0,0.083,5.4,4.3,0.806,20.4,3.2,2.5,9.2,2.5,6.7,1.6,0.59041444778884,0.5369127516778524,47.0,3.8,1.1,0.6,0.58,0.0,0.0,0.0,0.7,0.7,0.914,1.9,0.3,0.2,0.9,0.3,0.6,1.9,0.674715909090909,0.5454545454545454,23.0,36.9,15.1,7.3,0.481,0.1,0.0,0.0,4.1,3.4,0.821,17.9,3.7,2.7,9.9,2.7,7.1,1.8,0.529460482725982,0.48344370860927155,0.5954205026931756,2022-23
1628392,Isaiah Hartenstein,1610612752,NYK,82.0,19.9,4.0,2.1,0.535,0.5,0.1,0.216,0.9,0.6,0.676,5.0,1.2,0.8,6.5,2.5,4.0,1.8,0.5686988171064604,0.5375,20.0,2.7,0.5,0.3,0.667,0.1,0.0,0.0,0.1,0.1,1.0,0.7,0.0,0.1,0.6,0.3,0.3,-1.7,0.6433823529411764,0.6,11.0,20.0,2.1,1.0,0.478,0.0,0.0,0.0,1.5,1.1,0.75,3.1,1.3,0.5,4.6,2.1,2.5,-0.2,0.5615942028985507,0.47619047619047616,0.6025410219442858,2022-23
1628398,Kyle Kuzma,1610612764,WAS,64.0,35.0,17.8,8.0,0.448,7.5,2.5,0.333,3.7,2.7,0.73,21.2,3.7,3.0,7.2,0.9,6.4,0.2,0.5456042824788964,0.5196629213483146,36.0,3.6,1.5,0.5,0.333,0.9,0.2,0.219,0.5,0.3,0.556,1.5,0.0,0.2,0.6,0.1,0.4,-0.3,0.436046511627907,0.39999999999999997,,,,,,,,,,,,,,,,,,,,,0.4809927348698982,2022-23
1628401,Derrick White,1610612738,BOS,82.0,28.3,9.2,4.3,0.462,4.8,1.8,0.381,2.3,2.0,0.875,12.4,3.9,1.2,3.6,0.6,2.9,6.0,0.6071288679984332,0.5652173913043479,24.0,2.6,1.0,0.5,0.565,0.5,0.3,0.538,0.2,0.2,1.0,1.6,0.3,0.1,0.2,0.0,0.2,1.1,0.7352941176470588,0.65,20.0,29.7,9.2,4.7,0.505,5.5,2.5,0.455,1.7,1.6,0.912,13.4,2.1,0.9,3.0,0.7,2.3,0.2,0.673502211499799,0.6467391304347827,0.6939068548482011,2022-23
1628404,Josh Hart,1610612752,NYK,76.0,32.3,6.8,3.6,0.529,2.2,0.8,0.372,2.3,1.7,0.75,9.8,3.8,1.5,7.8,1.9,5.9,4.1,0.6272401433691758,0.5882352941176471,40.0,4.1,0.5,0.2,0.429,0.1,0.1,0.6,0.4,0.3,0.714,0.8,0.2,0.2,0.9,0.2,0.7,-1.1,0.591715976331361,0.5,11.0,32.1,8.5,4.1,0.479,2.9,0.9,0.313,2.0,1.3,0.636,10.4,2.2,1.9,7.4,1.6,5.7,-1.7,0.5543710021321961,0.5352941176470588,0.5863171249134704,2022-23
1628410,Edmond Sumner,1610612751,BKN,53.0,13.9,5.1,2.3,0.461,1.6,0.6,0.356,2.0,1.9,0.917,7.1,1.3,0.9,1.5,0.2,1.2,0.5,0.5936454849498328,0.5098039215686274,6.0,1.8,0.3,0.2,0.5,0.0,0.0,0.0,1.0,0.8,0.833,1.2,0.0,0.0,0.2,0.0,0.2,-1.7,0.8108108108108107,0.6666666666666667,1.0,4.5,0.0,0.0,0.0,0.0,0.0,0.0,0.0,0.0,0.0,0.0,1.0,0.0,0.0,0.0,0.0,-4.0,,,0.3750935373685988,2022-23
1628415,Dillon Brooks,1610612763,MEM,73.0,30.3,13.6,5.4,0.396,6.0,2.0,0.326,2.1,1.6,0.779,14.3,2.6,1.4,3.3,0.6,2.7,2.8,0.4922886257229414,0.4705882352941177,30.0,2.7,0.7,0.3,0.45,0.4,0.2,0.455,0.2,0.1,0.6,0.9,0.1,0.1,0.2,0.1,0.2,0.5,0.5710659898477158,0.5714285714285715,6.0,27.9,12.8,4.0,0.312,7.0,1.7,0.238,1.2,0.8,0.714,10.5,1.8,1.2,3.0,0.5,2.5,-7.3,0.3939075630252101,0.37890624999999994,0.4745042745721516,2022-23
1628418,Thomas Bryant,1610612743,DEN,59.0,18.3,6.3,3.9,0.623,1.0,0.4,0.441,2.1,1.6,0.738,9.8,0.5,0.6,5.7,1.5,4.3,-1.6,0.6782945736434108,0.6507936507936507,10.0,2.6,1.6,1.2,0.75,0.3,0.1,0.333,0.1,0.1,1.0,2.6,0.0,0.0,1.0,0.6,0.4,2.0,0.7907542579075425,0.78125,1.0,0.5,0.0,0.0,0.0,0.0,0.0,0.0,0.0,0.0,0.0,0.0,0.0,0.0,0.0,0.0,0.0,0.0,,,0.4020306736358768,2022-23
1628420,Monté Morris,1610612764,WAS,62.0,27.4,8.3,4.0,0.48,3.3,1.3,0.382,1.2,1.0,0.831,10.3,5.3,1.0,3.4,0.4,3.0,0.1,0.5833710919800634,0.5602409638554217,23.0,2.5,0.9,0.3,0.35,0.3,0.1,0.25,0.3,0.3,0.75,1.0,0.1,0.1,0.3,0.0,0.3,-0.8,0.4844961240310077,0.38888888888888884,,,,,,,,,,,,,,,,,,,,,0.5282978201733625,2022-23
1628427,Vlatko Čančar,1610612743,DEN,60.0,14.8,3.8,1.8,0.476,1.9,0.7,0.374,0.7,0.6,0.927,5.0,1.3,0.6,2.1,0.4,1.7,-1.1,0.6085686465433301,0.5657894736842105,6.0,4.2,1.5,0.5,0.333,1.0,0.2,0.167,0.0,0.0,0.0,1.2,0.5,0.3,0.5,0.2,0.3,2.8,0.39999999999999997,0.39999999999999997,5.0,2.0,1.0,0.0,0.0,0.8,0.0,0.0,0.0,0.0,0.0,0.0,0.2,0.0,0.6,0.0,0.6,-1.8,0.0,0.0,0.2742351252906935,2022-23
1628435,Chance Comanche,1610612757,POR,1.0,20.8,5.0,3.0,0.6,0.0,0.0,0.0,4.0,1.0,0.25,7.0,0.0,0.0,3.0,2.0,1.0,-29.0,0.5177514792899408,0.6,,,,,,,,,,,,,,,,,,,,,,,,,,,,,,,,,,,,,,,,,0.5177514792899408,2022-23
1628436,Luke Kornet,1610612738,BOS,69.0,11.7,2.5,1.6,0.665,0.2,0.0,0.231,0.6,0.5,0.821,3.8,0.8,0.4,2.9,1.2,1.6,0.9,0.687409551374819,0.64,9.0,2.3,0.1,0.1,1.0,0.0,0.0,0.0,0.0,0.0,0.0,0.2,0.1,0.1,0.6,0.2,0.3,0.0,1.0,1.0,8.0,4.0,1.0,0.9,0.875,0.1,0.1,1.0,0.3,0.3,1.0,2.1,0.0,0.0,1.3,0.6,0.6,0.4,0.9275618374558303,0.9500000000000001,0.9156825106221183,2022-23
1628449,Chris Boucher,1610612761,TOR,76.0,20.0,7.0,3.4,0.493,2.5,0.8,0.328,2.2,1.7,0.762,9.4,0.4,0.5,5.5,2.1,3.5,-0.2,0.589859437751004,0.5428571428571428,9.0,3.0,0.7,0.3,0.5,0.3,0.1,0.333,0.1,0.0,0.0,0.8,0.0,0.1,0.9,0.2,0.7,-1.0,0.5376344086021506,0.5,,,,,,,,,,,,,,,,,,,,,0.5650427516503398,2022-23
1628464,Daniel Theis,1610612754,IND,7.0,15.5,6.3,3.0,0.477,1.6,0.3,0.182,1.7,0.7,0.417,7.0,1.3,0.4,3.1,1.0,2.1,-2.7,0.4965947786606129,0.5,1.0,0.0,0.0,0.0,0.0,0.0,0.0,0.0,0.0,0.0,0.0,0.0,0.0,0.0,0.0,0.0,0.0,0.0,,,,,,,,,,,,,,,,,,,,,,,0.16553159288687097,2022-23
1628467,Maxi Kleber,1610612742,DAL,37.0,25.1,4.6,2.1,0.456,3.0,1.1,0.348,1.0,0.7,0.711,5.9,1.4,0.7,3.6,0.8,2.8,-1.2,0.5853174603174603,0.5760869565217392,26.0,3.1,0.3,0.2,0.444,0.3,0.2,0.5,0.3,0.2,0.667,0.7,0.1,0.1,0.2,0.1,0.1,-1.0,0.8101851851851851,1.0000000000000002,,,,,,,,,,,,,,,,,,,,,0.7417510160249605,2022-23
1628470,Torrey Craig,1610612756,PHX,79.0,24.7,6.3,2.9,0.456,3.2,1.3,0.395,0.6,0.4,0.711,7.4,1.5,0.9,5.4,1.8,3.6,-2.2,0.5636806825106643,0.5634920634920635,31.0,2.9,0.5,0.2,0.353,0.2,0.1,0.6,0.3,0.2,0.625,0.6,0.1,0.2,0.6,0.3,0.3,-1.5,0.47468354430379744,0.5,11.0,16.7,4.1,2.4,0.578,2.3,1.0,0.44,0.8,0.7,0.889,6.5,0.5,0.3,2.3,0.6,1.6,0.1,0.7300089847259659,0.7073170731707318,0.6251156288179409,2022-23
1628960,Grayson Allen,1610612749,MIL,72.0,27.4,7.7,3.4,0.44,5.1,2.0,0.399,1.8,1.6,0.905,10.4,2.3,1.0,3.3,0.8,2.4,3.2,0.6123410268487989,0.5714285714285715,26.0,2.9,0.8,0.4,0.5,0.4,0.2,0.5,0.4,0.4,1.0,1.3,0.1,0.2,0.3,0.0,0.3,-0.2,0.665983606557377,0.625,5.0,29.9,8.2,3.8,0.463,5.8,2.8,0.483,1.4,1.2,0.857,11.6,1.8,0.8,2.4,0.2,2.2,-0.6,0.6578947368421053,0.6341463414634146,0.6633883521365727,2022-23
1628962,Udoka Azubuike,1610612762,UTA,36.0,10.0,2.0,1.6,0.819,0.0,0.0,0.0,0.6,0.2,0.35,3.5,0.3,0.5,3.3,0.9,2.4,-2.3,0.7729681978798586,0.8,3.0,3.0,0.3,0.3,1.0,0.0,0.0,0.0,0.0,0.0,0.0,0.7,0.3,0.0,1.3,0.3,1.0,1.3,1.1666666666666667,1.0,,,,,,,,,,,,,,,,,,,,,1.0504338437302305,2022-23
1628963,Marvin Bagley III,1610612765,DET,42.0,23.6,9.1,4.8,0.529,1.6,0.5,0.288,2.6,1.9,0.75,12.0,0.9,1.1,6.4,2.2,4.2,-5.5,0.5857087075361187,0.554945054945055,10.0,3.2,0.4,0.1,0.25,0.2,0.0,0.0,0.6,0.4,0.667,0.6,0.0,0.1,0.9,0.2,0.7,-4.1,0.4518072289156626,0.25,,,,,,,,,,,,,,,,,,,,,0.5008366595176027,2022-23
1628964,Mo Bamba,1610612747,LAL,49.0,15.7,4.9,2.4,0.485,2.5,1.0,0.387,1.3,0.8,0.661,6.6,0.9,0.6,4.6,1.2,3.4,0.2,0.6030701754385964,0.5918367346938775,3.0,2.6,0.7,0.3,0.5,0.0,0.0,0.0,0.7,0.7,1.0,1.3,0.3,0.0,1.0,0.3,0.7,0.7,0.6448412698412699,0.4285714285714286,3.0,3.4,0.7,0.0,0.0,0.3,0.0,0.0,0.0,0.0,0.0,0.0,0.3,0.0,1.0,0.0,1.0,2.7,0.0,0.0,0.32974450013632156,2022-23
1628966,Keita Bates-Diop,1610612759,SAS,67.0,21.7,6.9,3.5,0.508,2.1,0.8,0.394,2.2,1.8,0.793,9.7,1.5,0.8,3.7,1.0,2.7,-4.0,0.6164209456024402,0.5652173913043478,10.0,4.3,1.3,0.8,0.615,0.2,0.2,1.0,0.1,0.1,1.0,1.9,0.2,0.1,0.8,0.3,0.5,-1.0,0.706845238095238,0.6923076923076923,,,,,,,,,,,,,,,,,,,,,0.6955443869717198,2022-23
1628969,Mikal Bridges,1610612751,BKN,83.0,35.7,15.3,7.1,0.468,5.3,2.0,0.382,4.3,3.8,0.895,20.1,3.3,1.5,4.4,1.0,3.4,0.4,0.5845742205677059,0.5294117647058824,34.0,4.3,1.1,0.4,0.368,0.4,0.1,0.154,0.5,0.4,0.778,1.3,0.2,0.2,0.4,0.1,0.4,-0.7,0.49242424242424243,0.40909090909090906,4.0,39.4,19.3,8.3,0.429,6.3,2.5,0.4,5.8,4.5,0.783,23.5,4.0,2.0,5.3,0.5,4.8,-11.3,0.5377082189273293,0.49481865284974097,0.5376141028495534,2022-23
1628971,Bruce Brown,1610612743,DEN,80.0,28.5,9.3,4.5,0.483,3.2,1.1,0.358,1.9,1.5,0.758,11.5,3.4,1.5,4.1,0.8,3.3,0.4,0.5672849250197316,0.543010752688172,29.0,2.6,0.7,0.3,0.5,0.3,0.1,0.4,0.2,0.1,0.8,1.0,0.0,0.1,0.2,0.0,0.2,1.1,0.6345177664974619,0.5,20.0,26.6,8.8,4.5,0.511,2.9,0.9,0.316,2.5,2.1,0.857,12.0,1.9,1.2,4.0,0.8,3.3,5.2,0.6060606060606061,0.5625,0.6166105944190331,2022-23
1628972,Troy Brown Jr.,1610612747,LAL,76.0,24.5,6.1,2.6,0.43,3.7,1.4,0.381,0.5,0.4,0.872,7.1,1.3,0.6,4.1,0.8,3.2,-0.2,0.5617088607594937,0.5409836065573771,23.0,2.9,0.5,0.2,0.417,0.3,0.1,0.375,0.0,0.0,0.0,0.6,0.0,0.0,0.5,0.0,0.4,0.4,0.6,0.5,12.0,10.4,2.3,0.8,0.357,1.3,0.2,0.133,0.0,0.0,0.0,1.8,0.9,0.0,2.0,0.3,1.7,-1.4,0.391304347826087,0.391304347826087,0.4974670386830907,2022-23
1628973,Jalen Brunson,1610612752,NYK,68.0,35.0,17.6,8.6,0.491,4.7,2.0,0.416,5.8,4.8,0.829,24.0,6.2,2.1,3.5,0.6,3.0,2.2,0.5954743946010321,0.5454545454545454,35.0,4.4,2.6,1.3,0.516,0.5,0.2,0.375,1.3,1.1,0.83,4.0,0.5,0.1,0.3,0.1,0.3,-0.2,0.6305170239596469,0.5384615384615385,11.0,40.3,20.9,9.9,0.474,7.3,2.4,0.325,6.2,5.6,0.912,27.8,5.6,2.1,4.9,0.8,4.1,3.4,0.5882850854917894,0.5311004784688995,0.6183333437711702,2022-23
1628975,Jevon Carter,1610612749,MIL,81.0,22.4,7.0,3.0,0.423,4.2,1.8,0.421,0.5,0.4,0.816,8.0,2.4,1.0,2.5,0.4,2.1,0.8,0.554016620498615,0.5571428571428572,23.0,1.8,0.7,0.3,0.4,0.3,0.1,0.25,0.0,0.0,0.0,0.6,0.0,0.1,0.2,0.0,0.2,0.3,0.4285714285714286,0.5,4.0,12.3,2.3,0.5,0.222,1.8,0.3,0.143,0.0,0.0,0.0,1.3,1.0,0.0,1.0,0.0,1.0,-3.8,0.28260869565217395,0.28260869565217395,0.38649759409823714,2022-23
1628976,Wendell Carter Jr.,1610612753,ORL,57.0,29.6,10.8,5.6,0.525,3.9,1.4,0.356,3.4,2.5,0.738,15.2,2.3,1.9,8.7,2.1,6.6,-0.7,0.6180871828236824,0.5833333333333333,31.0,3.4,0.7,0.4,0.591,0.3,0.2,0.5,0.4,0.4,0.917,1.4,0.2,0.3,0.8,0.2,0.6,-0.9,0.7990867579908675,0.7142857142857143,,,,,,,,,,,,,,,,,,,,,0.7452350477493538,2022-23
1628977,Hamidou Diallo,1610612765,DET,56.0,17.8,6.7,3.8,0.573,0.4,0.1,0.238,2.6,1.6,0.588,9.3,1.0,1.3,3.5,1.0,2.4,-0.3,0.5928097909229985,0.5746268656716417,8.0,1.6,0.1,0.1,1.0,0.0,0.0,0.0,0.5,0.4,0.75,0.6,0.0,0.0,0.1,0.0,0.1,-1.6,0.9375,1.0,,,,,,,,,,,,,,,,,,,,,0.8240958009542096,2022-23
1628978,Donte DiVincenzo,1610612744,GSW,72.0,26.3,7.5,3.3,0.435,5.3,2.1,0.397,1.0,0.8,0.817,9.4,3.5,1.6,4.5,1.1,3.4,1.7,0.5919395465994962,0.58,28.0,3.2,0.8,0.3,0.333,0.6,0.2,0.353,0.2,0.1,0.667,0.9,0.3,0.0,0.8,0.2,0.6,0.3,0.5067567567567568,0.5,13.0,18.1,4.9,1.8,0.375,3.4,1.2,0.341,0.9,0.6,0.667,5.5,2.8,1.3,3.0,0.8,2.2,-2.9,0.5192598187311178,0.48979591836734687,0.5378720860496383,2022-23
1628981,Bruno Fernando,1610612737,ATL,39.0,10.4,2.9,1.5,0.527,0.1,0.0,0.0,1.3,0.9,0.7,3.9,0.8,0.6,3.5,1.4,2.1,-1.9,0.5616359447004609,0.5172413793103449,4.0,1.0,0.0,0.0,0.0,0.0,0.0,0.0,0.5,0.3,0.5,0.3,0.0,0.0,0.3,0.0,0.3,0.0,0.6818181818181818,,,,,,,,,,,,,,,,,,,,,,0.6417574361122748,2022-23
1628983,Shai Gilgeous-Alexander,1610612760,OKC,68.0,35.5,20.3,10.4,0.51,2.5,0.9,0.345,10.9,9.8,0.905,31.4,5.5,2.8,4.8,0.9,4.0,2.2,0.6255977048135161,0.5344827586206896,38.0,4.0,2.4,0.9,0.387,0.5,0.1,0.25,1.5,1.3,0.911,3.4,0.5,0.3,0.7,0.1,0.6,-0.7,0.5555555555555556,0.39583333333333337,,,,,,,,,,,,,,,,,,,,,0.5907255987394822,2022-23
1628984,Devonte' Graham,1610612759,SAS,73.0,18.3,5.9,2.2,0.374,4.6,1.6,0.352,1.8,1.3,0.748,7.4,2.7,0.7,1.7,0.3,1.4,-2.2,0.552898983861327,0.5084745762711864,12.0,2.6,0.8,0.3,0.333,0.7,0.3,0.375,0.5,0.3,0.667,1.1,0.1,0.1,0.3,0.1,0.2,-0.6,0.5392156862745099,0.5624999999999999,,,,,,,,,,,,,,,,,,,,,0.5573361075017157,2022-23
1628988,Aaron Holiday,1610612737,ATL,63.0,13.4,3.5,1.5,0.418,1.4,0.6,0.409,0.5,0.4,0.844,3.9,1.4,0.6,1.2,0.4,0.8,0.3,0.5241935483870968,0.5142857142857143,5.0,0.9,0.2,0.2,1.0,0.2,0.2,1.0,0.0,0.0,0.0,0.6,0.0,0.0,0.0,0.0,0.0,0.2,1.4999999999999998,1.5000000000000002,1.0,3.9,0.0,0.0,0.0,0.0,0.0,0.0,0.0,0.0,0.0,0.0,1.0,1.0,0.0,0.0,0.0,-3.0,,,0.5930798771105025,2022-23
1628989,Kevin Huerter,1610612758,SAC,75.0,29.4,11.5,5.6,0.485,6.8,2.7,0.402,1.7,1.3,0.725,15.2,2.9,1.3,3.3,0.6,2.8,3.0,0.6205094709340301,0.6043478260869565,37.0,3.4,1.4,0.7,0.491,1.1,0.5,0.436,0.3,0.2,0.545,2.0,0.2,0.1,0.5,0.1,0.5,1.5,0.6527415143603134,0.6785714285714286,7.0,26.2,10.3,3.6,0.347,5.6,1.1,0.205,1.1,0.9,0.75,9.1,1.1,0.6,4.4,0.1,4.3,-0.6,0.42192136498516314,0.4029126213592233,0.544133345477444,2022-23
1628991,Jaren Jackson Jr.,1610612763,MEM,63.0,28.4,13.0,6.6,0.506,4.5,1.6,0.355,4.9,3.8,0.788,18.6,1.0,1.7,6.8,1.7,5.0,5.8,0.613618368962787,0.5692307692307692,26.0,2.7,1.0,0.4,0.4,0.3,0.0,0.0,0.7,0.6,0.833,1.3,0.0,0.1,0.9,0.3,0.6,-0.2,0.4969418960244648,0.4,6.0,36.7,13.8,5.8,0.422,4.2,1.2,0.28,6.0,5.2,0.861,18.0,1.5,3.0,7.8,3.3,4.5,-6.2,0.5474452554744526,0.46376811594202894,0.5493319622642284,2022-23
1628995,Kevin Knox II,1610612757,POR,63.0,15.1,5.3,2.4,0.458,3.0,1.0,0.349,1.0,0.7,0.767,6.6,0.5,0.8,2.8,0.5,2.3,-3.6,0.5749128919860627,0.5471698113207547,9.0,2.6,0.6,0.3,0.6,0.2,0.1,0.5,0.2,0.1,0.5,0.9,0.2,0.0,0.6,0.1,0.4,-2.9,0.6540697674418605,0.5833333333333334,,,,,,,,,,,,,,,,,,,,,0.639004897004773,2022-23
1628997,Caleb Martin,1610612748,MIA,71.0,29.3,7.7,3.6,0.464,3.3,1.2,0.356,1.6,1.3,0.805,9.6,1.6,1.1,4.8,1.2,3.6,-0.1,0.5711565920990005,0.5454545454545454,39.0,2.7,0.5,0.2,0.333,0.2,0.1,0.25,0.3,0.2,0.8,0.6,0.1,0.0,0.4,0.1,0.3,1.3,0.47468354430379744,0.5,23.0,30.2,9.0,4.7,0.529,4.5,1.9,0.423,1.5,1.3,0.829,12.7,1.6,1.0,5.4,1.2,4.3,4.2,0.6573498964803313,0.6277777777777778,0.5885890681839281,2022-23
1628998,Cody Martin,1610612766,CHA,7.0,19.1,5.1,2.0,0.389,2.0,0.4,0.214,1.0,0.6,0.571,5.0,1.6,0.3,3.4,1.1,2.3,-3.7,0.45126353790613716,0.4313725490196079,2.0,2.2,0.5,0.5,1.0,0.5,0.5,1.0,0.0,0.0,0.0,1.5,0.0,0.0,0.5,0.5,0.0,-1.5,1.5,1.5,,,,,,,,,,,,,,,,,,,,,1.160225100868751,2022-23
1629001,De'Anthony Melton,1610612755,PHI,77.0,27.9,8.5,3.6,0.425,5.2,2.0,0.39,1.1,0.9,0.793,10.1,2.6,1.3,4.1,0.9,3.2,1.3,0.5621104185218165,0.5411764705882353,35.0,3.3,0.8,0.4,0.464,0.6,0.3,0.55,0.4,0.3,0.846,1.4,0.1,0.1,0.5,0.2,0.3,0.5,0.7172131147540982,0.6875,11.0,24.9,7.4,2.8,0.383,4.5,1.7,0.388,0.7,0.5,0.75,7.9,1.6,0.7,3.3,1.3,2.0,0.4,0.5124545926310327,0.4932432432432432,0.5983951690252937,2022-23
1629002,Chimezie Metu,1610612758,SAC,66.0,10.4,3.3,2.0,0.589,0.6,0.1,0.237,1.1,0.8,0.74,4.9,0.6,0.5,3.0,0.7,2.3,1.3,0.647463002114165,0.6212121212121212,7.0,1.5,0.1,0.1,1.0,0.0,0.0,0.0,0.1,0.0,0.0,0.3,0.1,0.0,0.7,0.3,0.4,-0.1,1.0416666666666665,1.0,3.0,2.0,0.3,0.0,0.0,0.0,0.0,0.0,1.0,0.7,0.667,0.7,0.0,0.3,0.3,0.3,0.0,2.7,0.47297297297297297,0.0,0.6946495120904542,2022-23
1629003,Shake Milton,1610612755,PHI,76.0,20.6,6.6,3.2,0.479,1.9,0.7,0.378,1.5,1.3,0.853,8.4,3.2,1.2,2.5,0.5,2.0,1.9,0.578512396694215,0.537878787878788,16.0,2.1,0.9,0.4,0.429,0.1,0.1,0.5,0.1,0.1,1.0,0.9,0.6,0.1,0.2,0.1,0.1,1.3,0.4766949152542373,0.5,6.0,3.5,0.8,0.5,0.6,0.2,0.0,0.0,0.3,0.3,1.0,1.3,0.3,0.2,0.5,0.0,0.5,-0.7,0.6974248927038627,0.625,0.6176658478533438,2022-23
1629004,Svi Mykhailiuk,1610612766,CHA,32.0,14.6,5.4,2.4,0.445,3.1,1.3,0.424,1.2,0.8,0.667,6.9,1.7,0.8,1.7,0.5,1.2,0.6,0.5819838056680161,0.5648148148148148,4.0,2.4,0.5,0.0,0.0,0.5,0.0,0.0,1.5,1.5,1.0,1.5,0.5,0.0,0.5,0.0,0.5,2.3,0.6465517241379309,0.0,,,,,,,,,,,,,,,,,,,,,0.6342883439055039,2022-23
1629006,Josh Okogie,1610612756,PHX,72.0,18.8,5.8,2.3,0.391,2.7,0.9,0.335,2.7,1.9,0.724,7.3,1.5,0.9,3.5,1.5,2.0,1.5,0.5223239839725243,0.47413793103448276,15.0,2.2,0.5,0.1,0.25,0.3,0.1,0.5,0.7,0.5,0.636,0.9,0.2,0.2,0.7,0.5,0.1,-0.3,0.5569306930693069,0.30000000000000004,10.0,17.5,3.7,1.4,0.378,1.4,0.2,0.143,1.3,1.1,0.846,4.1,1.3,0.3,2.1,1.2,0.9,-4.7,0.4798689138576778,0.4054054054054054,0.5212527082677147,2022-23
1629008,Michael Porter Jr.,1610612743,DEN,62.0,29.0,13.2,6.4,0.487,7.3,3.0,0.414,1.9,1.5,0.8,17.4,1.0,1.1,5.5,1.0,4.5,6.7,0.6198347107438016,0.5984848484848485,22.0,3.3,0.8,0.3,0.412,0.6,0.3,0.429,0.4,0.2,0.5,1.1,0.0,0.0,0.5,0.0,0.5,1.5,0.5635245901639344,0.5624999999999999,20.0,32.6,11.7,5.0,0.423,6.6,2.3,0.351,1.5,1.2,0.793,13.4,1.6,0.5,8.1,1.0,7.1,7.5,0.5420711974110033,0.5256410256410257,0.5682435199442603,2022-23
1629011,Mitchell Robinson,1610612752,NYK,59.0,26.9,4.7,3.2,0.671,0.0,0.0,0.0,2.1,1.0,0.484,7.4,0.9,0.7,9.4,4.5,4.9,3.1,0.6578947368421052,0.6808510638297872,22.0,4.6,0.6,0.4,0.571,0.0,0.0,0.0,0.5,0.2,0.333,0.9,0.1,0.0,1.6,0.8,0.8,-1.7,0.5487804878048781,0.6666666666666667,11.0,27.1,4.4,2.6,0.604,0.0,0.0,0.0,3.0,1.2,0.394,6.5,0.8,0.9,9.3,5.0,4.3,-0.1,0.5681818181818181,0.5909090909090908,0.5894328186103116,2022-23
1629012,Collin Sexton,1610612762,UTA,48.0,23.9,9.8,4.9,0.506,2.5,1.0,0.393,4.1,3.4,0.819,14.3,2.9,1.8,2.2,0.8,1.4,-0.6,0.6161668390210272,0.5510204081632653,20.0,2.2,0.9,0.6,0.706,0.2,0.1,0.333,0.4,0.3,0.625,1.5,0.2,0.2,0.2,0.1,0.1,0.0,0.6970260223048327,0.7222222222222222,,,,,,,,,,,,,,,,,,,,,0.6792566346786815,2022-23
1629013,Landry Shamet,1610612756,PHX,40.0,20.2,7.5,2.8,0.377,5.0,1.9,0.377,1.3,1.1,0.882,8.7,2.3,0.9,1.7,0.3,1.4,1.0,0.5388999008919723,0.5,6.0,3.1,1.5,0.3,0.222,1.3,0.3,0.25,0.0,0.0,0.0,1.0,0.5,0.0,0.0,0.0,0.0,-4.8,0.3333333333333333,0.3,10.0,18.4,4.5,1.7,0.378,2.9,1.1,0.379,0.4,0.3,0.75,4.8,1.1,0.4,1.7,0.3,1.4,-2.6,0.5132591958939264,0.5,0.47755735920406966,2022-23
1629014,Anfernee Simons,1610612757,POR,62.0,35.0,16.9,7.5,0.447,9.1,3.4,0.377,2.9,2.6,0.894,21.1,4.1,2.1,2.6,0.3,2.3,-1.2,0.5804357394366199,0.5443786982248521,30.0,3.9,1.8,0.8,0.418,1.0,0.4,0.419,0.7,0.6,0.95,2.6,0.3,0.2,0.2,0.0,0.2,0.1,0.6166982922201139,0.5555555555555556,,,,,,,,,,,,,,,,,,,,,0.6152616621989502,2022-23
1629018,Gary Trent Jr.,1610612761,TOR,66.0,32.1,14.2,6.1,0.433,6.8,2.5,0.369,3.1,2.6,0.839,17.4,1.6,0.8,2.6,0.5,2.2,-0.8,0.5589822667694679,0.5176056338028169,31.0,3.5,1.1,0.5,0.429,0.7,0.2,0.318,0.3,0.2,0.875,1.4,0.0,0.1,0.4,0.0,0.3,0.1,0.568181818181818,0.5454545454545454,,,,,,,,,,,,,,,,,,,,,0.5728617799170619,2022-23
1629020,Jarred Vanderbilt,1610612747,LAL,78.0,24.1,5.8,3.2,0.548,1.2,0.4,0.322,1.8,1.2,0.691,7.9,2.4,1.2,7.5,2.2,5.3,-1.3,0.5992111650485438,0.5862068965517242,28.0,2.4,0.4,0.1,0.333,0.0,0.0,0.0,0.2,0.1,0.5,0.4,0.1,0.1,0.7,0.4,0.3,-1.0,0.4098360655737705,0.25,15.0,16.4,4.0,1.6,0.4,1.9,0.5,0.241,1.3,0.9,0.7,4.6,0.8,0.9,3.2,1.3,1.9,-1.2,0.5030621172353456,0.4625,0.49490815970663576,2022-23
1629021,Moritz Wagner,1610612753,ORL,57.0,19.5,6.9,3.5,0.5,2.9,0.9,0.313,3.2,2.7,0.841,10.5,1.5,1.2,4.5,1.2,3.3,-0.5,0.631921039961483,0.572463768115942,12.0,2.4,0.5,0.3,0.5,0.2,0.0,0.0,0.4,0.3,0.8,0.8,0.3,0.2,0.8,0.2,0.7,1.6,0.591715976331361,0.6,,,,,,,,,,,,,,,,,,,,,0.6123640410186123,2022-23
1629022,Lonnie Walker IV,1610612747,LAL,56.0,23.2,9.4,4.2,0.448,4.4,1.6,0.365,1.9,1.6,0.858,11.7,1.1,0.8,1.9,0.3,1.7,-3.7,0.5715123094958967,0.5319148936170213,14.0,2.9,0.6,0.1,0.222,0.3,0.1,0.5,0.1,0.1,1.0,0.5,0.0,0.0,0.1,0.1,0.0,-1.6,0.38819875776397517,0.25000000000000006,13.0,13.8,4.6,2.2,0.483,2.6,1.0,0.382,0.9,0.7,0.75,6.2,0.8,0.3,0.9,0.1,0.8,0.1,0.6204963971176942,0.5869565217391305,0.5412828147855467,2022-23
1629023,P.J. Washington,1610612766,CHA,73.0,32.6,13.4,5.9,0.444,5.9,2.0,0.348,2.4,1.7,0.73,15.7,2.4,1.5,4.9,1.0,3.9,-5.1,0.543027116768124,0.5149253731343284,39.0,3.6,1.6,0.8,0.524,0.6,0.2,0.409,0.6,0.4,0.773,2.4,0.2,0.2,0.8,0.2,0.6,-0.3,0.6437768240343347,0.5625,,,,,,,,,,,,,,,,,,,,,0.6221338867855027,2022-23
1629026,Kenrich Williams,1610612760,OKC,53.0,22.8,6.5,3.4,0.517,2.5,0.9,0.373,0.7,0.3,0.436,8.0,2.0,0.6,4.9,1.8,3.1,1.4,0.5875440658049353,0.5923076923076923,25.0,2.5,0.4,0.3,0.8,0.1,0.1,1.0,0.1,0.0,0.0,0.8,0.0,0.0,0.4,0.2,0.2,-1.6,0.9009009009009009,0.8749999999999999,,,,,,,,,,,,,,,,,,,,,0.8026024686884784,2022-23
1629027,Trae Young,1610612737,ATL,73.0,34.8,19.0,8.2,0.429,6.3,2.1,0.335,8.8,7.8,0.886,26.2,10.2,4.1,3.0,0.8,2.2,1.4,0.5727527107380203,0.4868421052631579,39.0,4.3,2.7,1.0,0.375,0.9,0.3,0.306,1.4,1.3,0.875,3.5,0.8,0.5,0.3,0.1,0.2,-0.9,0.5277442702050663,0.4259259259259259,6.0,38.3,24.8,10.0,0.403,9.0,3.0,0.333,7.2,6.2,0.86,29.2,10.2,4.0,3.7,0.8,2.8,-6.2,0.522025171624714,0.4637096774193548,0.5465966539854241,2022-23
1629028,Deandre Ayton,1610612756,PHX,67.0,30.4,13.2,7.8,0.589,0.4,0.1,0.292,3.0,2.3,0.76,18.0,1.7,1.8,10.0,2.6,7.4,-0.1,0.6198347107438017,0.5946969696969697,29.0,4.1,1.4,0.8,0.524,0.0,0.0,0.0,0.8,0.6,0.818,2.1,0.2,0.2,1.4,0.6,0.8,0.0,0.5993150684931507,0.5714285714285715,10.0,31.9,11.1,6.1,0.55,0.0,0.0,0.0,2.3,1.2,0.522,13.4,1.0,1.7,9.7,2.9,6.8,-2.0,0.5531704095112285,0.5495495495495495,0.5902687399825552,2022-23
1629029,Luka Dončić,1610612742,DAL,66.0,36.2,22.0,10.9,0.496,8.2,2.8,0.342,10.5,7.8,0.742,32.4,8.0,3.6,8.6,0.8,7.8,1.9,0.608564988730278,0.5590909090909091,41.0,4.4,2.4,1.1,0.44,0.9,0.2,0.194,1.2,0.9,0.75,3.2,0.8,0.3,1.3,0.1,1.2,0.7,0.546448087431694,0.5000000000000001,,,,,,,,,,,,,,,,,,,,,0.5780628121064837,2022-23
1629048,Goga Bitadze,1610612753,ORL,38.0,12.0,3.3,1.8,0.552,0.7,0.2,0.231,1.1,0.6,0.548,4.4,1.0,0.6,3.6,1.6,2.0,0.7,0.5813953488372093,0.5757575757575758,5.0,1.1,0.2,0.0,0.0,0.0,0.0,0.0,0.0,0.0,0.0,0.0,0.2,0.0,0.4,0.4,0.0,-3.2,0.0,0.0,,,,,,,,,,,,,,,,,,,,,0.19985905567117263,2022-23
1629052,Oshae Brissett,1610612754,IND,65.0,16.7,4.9,1.9,0.386,2.4,0.7,0.31,2.2,1.6,0.717,6.1,0.7,0.5,3.4,1.0,2.4,0.3,0.5197682344921608,0.4591836734693877,9.0,1.5,0.3,0.1,0.333,0.1,0.0,0.0,0.4,0.2,0.5,0.4,0.0,0.1,0.7,0.1,0.6,0.2,0.4201680672268908,0.33333333333333337,,,,,,,,,,,,,,,,,,,,,0.45949057196032317,2022-23
1629056,Terence Davis,1610612758,SAC,64.0,13.1,5.7,2.4,0.423,3.8,1.4,0.366,0.7,0.5,0.791,6.7,1.0,0.8,2.2,0.3,1.9,0.7,0.5575898801597869,0.5438596491228069,6.0,3.4,0.5,0.3,0.667,0.3,0.2,0.5,0.0,0.0,0.0,0.8,0.2,0.0,0.8,0.3,0.5,-1.8,0.8,0.8,4.0,14.4,5.0,2.0,0.4,4.3,1.5,0.353,0.5,0.5,1.0,6.0,1.5,0.5,2.3,0.5,1.8,-1.5,0.574712643678161,0.55,0.6557265650220675,2022-23
1629057,Robert Williams III,1610612738,BOS,35.0,23.5,4.9,3.6,0.747,0.0,0.0,0.0,1.2,0.7,0.61,8.0,1.4,1.0,8.3,3.0,5.4,4.9,0.7369196757553426,0.7346938775510203,11.0,2.4,0.3,0.2,0.667,0.0,0.0,0.0,0.0,0.0,0.0,0.4,0.1,0.1,0.4,0.3,0.1,0.5,0.6666666666666667,0.6666666666666667,20.0,20.9,4.3,3.4,0.788,0.1,0.0,0.0,1.4,1.0,0.679,7.7,1.0,0.8,6.0,1.8,4.2,1.3,0.7831570382424736,0.7906976744186046,0.7427431362810253,2022-23
1629060,Rui Hachimura,1610612747,LAL,63.0,23.3,9.3,4.5,0.486,2.5,0.8,0.319,1.9,1.4,0.739,11.2,0.9,0.8,4.5,0.8,3.7,-0.4,0.5524861878453038,0.5268817204301075,14.0,2.3,0.6,0.2,0.375,0.3,0.1,0.25,0.0,0.0,0.0,0.5,0.1,0.1,0.4,0.1,0.3,3.5,0.4166666666666667,0.4166666666666667,16.0,24.3,8.2,4.6,0.557,2.4,1.2,0.487,2.1,1.9,0.882,12.2,0.6,0.6,3.6,0.6,3.1,1.2,0.6685664182376151,0.6341463414634146,0.5717047422177791,2022-23
1629111,Jock Landale,1610612756,PHX,69.0,14.2,4.9,2.6,0.528,1.2,0.3,0.25,1.5,1.1,0.752,6.6,1.0,0.9,4.1,1.7,2.3,2.0,0.593525179856115,0.5612244897959183,5.0,1.7,0.4,0.2,0.5,0.0,0.0,0.0,0.0,0.0,0.0,0.4,0.0,0.2,0.2,0.2,0.0,0.6,0.5,0.5,7.0,16.2,3.9,2.4,0.63,0.1,0.0,0.0,2.0,1.3,0.643,6.1,0.4,0.3,4.0,1.4,2.6,3.7,0.6380753138075314,0.6153846153846154,0.5927884521842413,2022-23
1629117,Wenyen Gabriel,1610612747,LAL,68.0,15.1,3.8,2.3,0.596,0.5,0.1,0.278,1.2,0.8,0.619,5.5,0.5,0.7,4.2,1.7,2.5,-0.5,0.6353974121996304,0.6184210526315789,15.0,2.4,0.4,0.4,1.0,0.1,0.1,1.0,0.1,0.1,0.5,0.9,0.0,0.1,0.2,0.2,0.0,0.3,1.0135135135135136,1.125,10.0,3.7,1.0,0.4,0.4,0.0,0.0,0.0,0.3,0.2,0.667,1.0,0.0,0.2,0.9,0.8,0.1,-1.0,0.4416961130742049,0.4,0.6751117788615822,2022-23
1629130,Duncan Robinson,1610612748,MIA,42.0,16.4,5.6,2.1,0.371,4.6,1.5,0.328,0.8,0.7,0.906,6.4,1.1,0.7,1.6,0.2,1.5,-1.3,0.5376344086021506,0.5089285714285715,3.0,1.6,0.7,0.3,0.5,0.7,0.3,0.5,0.0,0.0,0.0,1.0,0.0,0.3,0.0,0.0,0.0,2.7,0.7142857142857143,0.6428571428571428,23.0,18.2,6.9,3.3,0.475,4.9,2.2,0.442,0.3,0.3,0.875,9.0,1.7,0.9,1.5,0.0,1.4,2.7,0.6399317406143344,0.6376811594202899,0.6601668431671983,2022-23
1629134,Kendrick Nunn,1610612764,WAS,70.0,13.8,6.4,2.7,0.424,3.2,1.1,0.354,0.6,0.5,0.854,7.1,1.3,0.9,1.6,0.2,1.3,-0.8,0.5327130852340936,0.5078125,7.0,1.4,0.4,0.1,0.333,0.4,0.1,0.333,0.0,0.0,0.0,0.4,0.0,0.0,0.3,0.0,0.3,1.4,0.5,0.37500000000000006,,,,,,,,,,,,,,,,,,,,,0.5171543617437213,2022-23
1629139,Yuta Watanabe,1610612751,BKN,58.0,16.0,4.0,2.0,0.491,2.3,1.0,0.444,0.8,0.6,0.723,5.6,0.8,0.4,2.4,0.5,1.9,-0.1,0.6433823529411764,0.625,15.0,3.2,0.5,0.3,0.714,0.3,0.2,0.6,0.1,0.1,0.5,0.9,0.3,0.1,0.6,0.1,0.5,0.4,0.8272058823529411,0.8,1.0,4.7,2.0,1.0,0.5,2.0,1.0,0.5,2.0,0.0,0.0,3.0,0.0,1.0,1.0,0.0,1.0,-4.0,0.5208333333333334,0.75,0.6558823529380515,2022-23
1629162,Jordan McLaughlin,1610612750,MIN,43.0,15.8,3.4,1.4,0.421,1.8,0.6,0.308,0.4,0.3,0.833,3.7,3.4,0.8,1.4,0.3,1.1,2.0,0.517337807606264,0.5,4.0,0.5,0.3,0.0,0.0,0.3,0.0,0.0,0.0,0.0,0.0,0.0,0.0,0.0,0.0,0.0,0.0,-2.5,0.0,0.0,2.0,7.1,2.0,0.0,0.0,1.0,0.0,0.0,0.0,0.0,0.0,0.0,1.0,0.0,1.0,0.0,1.0,-5.5,0.0,0.0,0.09504649734354689,2022-23
1629216,Gabe Vincent,1610612748,MIA,68.0,25.9,8.3,3.4,0.402,5.1,1.7,0.334,1.1,1.0,0.872,9.4,2.5,1.4,2.1,0.4,1.7,-0.4,0.535063752276867,0.5120481927710843,30.0,3.3,0.4,0.2,0.455,0.3,0.1,0.375,0.4,0.3,0.909,0.8,0.2,0.2,0.2,0.0,0.2,1.0,0.6944444444444444,0.625,22.0,30.5,11.2,4.5,0.402,6.1,2.3,0.378,1.5,1.4,0.882,12.7,3.5,1.4,1.4,0.4,1.0,1.2,0.5354131534569984,0.5044642857142858,0.5931846273639783,2022-23
1629234,Drew Eubanks,1610612757,POR,78.0,20.3,4.3,2.7,0.641,0.2,0.1,0.389,1.6,1.1,0.664,6.6,1.3,0.9,5.4,1.7,3.7,-1.7,0.6594724220623501,0.6395348837209303,19.0,2.8,0.5,0.3,0.5,0.2,0.0,0.0,0.3,0.2,0.6,0.7,0.2,0.0,0.5,0.1,0.4,-1.7,0.5537974683544303,0.6,,,,,,,,,,,,,,,,,,,,,0.600650359897777,2022-23
1629308,Juan Toscano-Anderson,1610612762,UTA,52.0,13.5,2.8,1.2,0.448,0.8,0.2,0.186,0.5,0.4,0.792,3.0,1.3,0.7,2.4,0.5,1.8,-2.8,0.4966887417218543,0.46428571428571436,11.0,1.5,0.2,0.2,1.0,0.0,0.0,0.0,0.2,0.2,1.0,0.5,0.2,0.0,0.3,0.1,0.2,1.5,0.8680555555555555,1.0,,,,,,,,,,,,,,,,,,,,,0.7514094747512945,2022-23
1629312,Haywood Highsmith,1610612748,MIA,54.0,18.0,4.0,1.7,0.431,2.0,0.7,0.339,0.5,0.2,0.464,4.4,0.8,0.8,3.5,1.1,2.4,-1.9,0.5213270142180095,0.5125,11.0,3.6,0.8,0.4,0.444,0.3,0.1,0.333,0.4,0.2,0.5,1.0,0.0,0.0,1.0,0.3,0.7,0.5,0.5122950819672131,0.5625,18.0,8.9,2.2,1.3,0.615,0.9,0.4,0.5,0.3,0.2,0.8,3.3,0.3,0.1,1.3,0.6,0.8,-0.8,0.7075471698113206,0.6818181818181818,0.6314264479260663,2022-23
1629599,Amir Coffey,1610612746,LAC,50.0,12.5,2.9,1.1,0.386,0.8,0.2,0.275,1.3,1.0,0.778,3.4,1.1,0.4,1.1,0.3,0.7,-2.3,0.48963133640552997,0.4137931034482759,4.0,1.6,1.0,0.3,0.25,0.3,0.0,0.0,0.3,0.3,1.0,0.8,0.0,0.0,0.5,0.0,0.5,0.5,0.3533568904593639,0.3,1.0,1.0,0.0,0.0,0.0,0.0,0.0,0.0,0.0,0.0,0.0,0.0,0.0,0.0,0.0,0.0,0.0,-2.0,,,0.23387361149617536,2022-23
1629611,Terance Mann,1610612746,LAC,81.0,23.1,6.5,3.4,0.519,2.4,1.0,0.389,1.5,1.1,0.78,8.8,2.3,1.0,3.4,1.0,2.5,0.0,0.6145251396648045,0.6,26.0,1.0,0.2,0.2,0.667,0.0,0.0,0.0,0.1,0.0,0.0,0.3,0.1,0.0,0.2,0.1,0.2,0.1,0.6147540983606556,1.0,5.0,26.6,6.6,3.8,0.576,3.8,1.8,0.474,1.8,1.2,0.667,10.6,2.2,1.8,3.2,1.4,1.8,3.8,0.7169913419913421,0.7121212121212122,0.6689114834698067,2022-23
1629614,Andrew Nembhard,1610612754,IND,75.0,27.6,8.6,3.8,0.441,3.5,1.2,0.35,0.8,0.7,0.79,9.5,4.5,1.7,2.7,0.5,2.2,-3.5,0.5306076854334227,0.5116279069767441,38.0,3.2,1.1,0.4,0.395,0.4,0.2,0.353,0.2,0.1,0.5,1.2,0.3,0.2,0.2,0.0,0.2,-0.3,0.505050505050505,0.45454545454545453,,,,,,,,,,,,,,,,,,,,,0.5263602628510755,2022-23
1629622,Max Strus,1610612748,MIA,80.0,28.4,9.9,4.1,0.41,7.0,2.5,0.35,1.1,1.0,0.876,11.5,2.1,0.9,3.2,0.6,2.6,-1.8,0.5537365177195686,0.5404040404040403,33.0,3.5,1.0,0.3,0.273,0.8,0.2,0.286,0.2,0.1,0.6,0.9,0.1,0.1,0.5,0.1,0.4,1.3,0.41360294117647056,0.4,23.0,28.1,8.2,3.3,0.402,5.9,1.9,0.319,1.1,0.9,0.8,9.3,1.4,0.3,3.6,0.6,3.0,-1.0,0.5354675264854907,0.5182926829268293,0.5079918400214868,2022-23
1629623,Lindell Wigginton,1610612749,MIL,7.0,12.4,5.3,2.6,0.486,2.6,0.9,0.333,1.3,1.1,0.889,7.1,2.0,1.7,1.0,0.0,1.0,-5.6,0.6045640326975477,0.5754716981132076,,,,,,,,,,,,,,,,,,,,,,,,,,,,,,,,,,,,,,,,,0.6045640326975477,2022-23
1629626,Bol Bol,1610612753,ORL,70.0,21.5,6.8,3.7,0.546,1.6,0.4,0.265,1.5,1.2,0.759,9.1,1.0,1.6,5.8,1.0,4.8,-2.1,0.6099195710455764,0.573529411764706,15.0,3.0,0.5,0.3,0.571,0.2,0.1,0.333,0.1,0.1,1.0,0.7,0.1,0.0,0.6,0.1,0.5,-2.1,0.6433823529411764,0.7,,,,,,,,,,,,,,,,,,,,,0.639581033484699,2022-23
1629627,Zion Williamson,1610612740,NOP,29.0,33.0,16.2,9.8,0.608,0.7,0.2,0.368,8.6,6.1,0.714,26.0,4.6,3.4,7.0,2.0,5.0,5.1,0.6505204163330666,0.6111111111111112,13.0,4.9,2.9,1.6,0.553,0.3,0.1,0.25,1.1,0.8,0.714,4.1,0.7,0.2,0.5,0.2,0.3,2.2,0.6057919621749409,0.5689655172413793,,,,,,,,,,,,,,,,,,,,,0.6386026814611124,2022-23
1629628,RJ Barrett,1610612752,NYK,73.0,33.9,16.1,7.0,0.434,5.3,1.7,0.31,5.4,4.0,0.74,19.6,2.8,2.2,5.0,0.8,4.2,-0.8,0.5304178393591686,0.4875776397515527,35.0,4.0,1.2,0.4,0.357,0.3,0.1,0.167,0.9,0.7,0.75,1.6,0.1,0.3,0.8,0.2,0.6,-1.7,0.5012531328320802,0.375,11.0,34.3,14.9,6.5,0.433,5.5,1.8,0.328,5.9,4.5,0.769,19.3,2.8,2.3,4.5,0.5,4.0,-2.1,0.5515546410608139,0.4966442953020134,0.5387180875162338,2022-23
1629629,Cam Reddish,1610612757,POR,40.0,24.7,7.8,3.5,0.446,3.6,1.1,0.313,1.9,1.6,0.853,9.7,1.4,1.2,2.2,0.5,1.8,-4.8,0.5616025937934229,0.5192307692307693,9.0,4.8,1.2,0.8,0.636,0.6,0.2,0.4,0.1,0.1,1.0,1.9,0.0,0.1,0.3,0.1,0.2,0.6,0.7636655948553054,0.75,,,,,,,,,,,,,,,,,,,,,0.7116958765506542,2022-23
1629630,Ja Morant,1610612763,MEM,61.0,31.9,19.9,9.3,0.466,4.9,1.5,0.307,8.1,6.1,0.748,26.2,8.1,3.4,5.9,1.0,4.9,5.0,0.5583020797817934,0.5050251256281407,23.0,3.0,2.5,0.9,0.345,0.3,0.0,0.0,1.5,1.1,0.743,2.9,0.4,0.3,0.4,0.1,0.3,0.6,0.45886075949367083,0.36,5.0,37.4,21.2,9.0,0.425,6.2,2.6,0.419,5.2,4.0,0.769,24.6,7.0,3.4,6.8,1.6,5.2,-3.2,0.5236716621253407,0.48584905660377364,0.52040257826058,2022-23
1629631,De'Andre Hunter,1610612737,ATL,67.0,31.7,12.3,5.7,0.461,4.3,1.5,0.35,3.1,2.6,0.826,15.4,1.4,1.2,4.2,0.7,3.6,-0.3,0.5635245901639344,0.524390243902439,36.0,3.7,0.6,0.3,0.478,0.3,0.1,0.3,0.4,0.3,0.643,0.9,0.1,0.1,0.5,0.1,0.4,-1.3,0.5798969072164949,0.5833333333333334,6.0,37.4,14.2,6.5,0.459,6.3,2.3,0.368,1.7,1.3,0.8,16.7,1.2,1.5,5.7,1.2,4.5,-2.3,0.5586031576130587,0.5387323943661972,0.5713993616861079,2022-23
1629632,Coby White,1610612741,CHI,74.0,23.4,8.0,3.6,0.443,4.6,1.7,0.372,0.9,0.8,0.871,9.7,2.8,1.0,2.9,0.2,2.6,1.9,0.577656026679371,0.55625,22.0,2.1,0.5,0.3,0.5,0.3,0.2,0.571,0.4,0.4,0.889,1.1,0.1,0.0,0.4,0.0,0.4,0.5,0.8136094674556213,0.8,,,,,,,,,,,,,,,,,,,,,0.7412083205294232,2022-23
1629633,Jarrett Culver,1610612737,ATL,10.0,13.7,4.3,1.7,0.395,1.2,0.1,0.083,1.3,0.9,0.692,4.4,0.6,0.7,3.8,1.0,2.8,-1.9,0.45155993431855507,0.4069767441860465,3.0,1.6,0.0,0.0,0.0,0.0,0.0,0.0,0.0,0.0,0.0,0.0,0.0,0.0,0.3,0.0,0.3,-2.7,,,,,,,,,,,,,,,,,,,,,,,0.15051997810618503,2022-23
1629634,Brandon Clarke,1610612763,MEM,56.0,19.5,6.2,4.1,0.656,0.1,0.0,0.167,2.5,1.8,0.719,10.0,1.3,1.0,5.5,1.6,3.9,-0.3,0.684931506849315,0.6612903225806451,10.0,2.0,0.6,0.3,0.5,0.0,0.0,0.0,0.3,0.2,0.667,0.8,0.1,0.0,1.0,0.4,0.6,-1.9,0.546448087431694,0.5,,,,,,,,,,,,,,,,,,,,,0.6022866465908455,2022-23
1629636,Darius Garland,1610612739,CLE,69.0,35.5,16.4,7.6,0.462,6.0,2.4,0.41,4.7,4.0,0.863,21.6,7.8,2.9,2.7,0.4,2.3,6.3,0.584795321637427,0.5365853658536586,36.0,3.4,1.7,0.6,0.339,0.6,0.1,0.238,0.5,0.4,0.684,1.7,0.6,0.4,0.3,0.0,0.3,0.7,0.4427083333333333,0.3823529411764706,5.0,37.7,16.0,7.0,0.438,6.2,2.4,0.387,5.0,4.2,0.84,20.6,5.0,3.6,1.8,0.0,1.8,-3.6,0.565934065934066,0.5125,0.5383682180089532,2022-23
1629637,Jaxson Hayes,1610612740,NOP,47.0,13.0,3.3,1.8,0.551,0.6,0.1,0.103,1.8,1.2,0.699,5.0,0.7,0.7,2.8,0.8,2.0,-1.5,0.6109481915933529,0.5606060606060607,5.0,3.2,0.2,0.2,1.0,0.0,0.0,0.0,1.0,0.6,0.6,1.0,0.2,0.0,0.2,0.0,0.2,1.0,0.78125,1.0,,,,,,,,,,,,,,,,,,,,,0.7305433365898871,2022-23
1629638,Nickeil Alexander-Walker,1610612750,MIN,59.0,15.0,5.0,2.2,0.444,2.7,1.0,0.384,1.0,0.7,0.667,6.2,1.8,0.9,1.7,0.3,1.5,-0.9,0.5698529411764706,0.54,13.0,2.0,0.5,0.1,0.167,0.5,0.1,0.167,0.5,0.2,0.5,0.5,0.2,0.2,0.3,0.0,0.3,-1.0,0.3472222222222222,0.30000000000000004,5.0,29.6,7.0,3.0,0.429,5.0,2.0,0.4,0.6,0.4,0.667,8.4,1.4,0.8,2.0,0.2,1.8,0.6,0.5781938325991189,0.5714285714285714,0.5098131472343786,2022-23
1629639,Tyler Herro,1610612748,MIA,67.0,34.9,16.6,7.3,0.439,8.0,3.0,0.378,2.7,2.5,0.934,20.1,4.2,2.4,5.4,0.4,5.0,2.5,0.5649876321115359,0.5301204819277109,44.0,3.5,1.8,0.8,0.463,1.1,0.4,0.388,0.4,0.4,1.0,2.5,0.3,0.2,0.5,0.0,0.5,2.2,0.6325910931174089,0.5555555555555556,1.0,19.5,9.0,5.0,0.556,4.0,2.0,0.5,0.0,0.0,0.0,12.0,2.0,1.0,2.0,0.0,2.0,13.0,0.6666666666666666,0.6666666666666666,0.6492050098843817,2022-23
1629640,Keldon Johnson,1610612759,SAS,63.0,32.8,17.7,8.0,0.452,6.5,2.1,0.329,5.2,3.9,0.749,22.0,2.9,2.1,5.0,0.9,4.2,-7.8,0.5503301981188713,0.5112994350282486,23.0,3.7,2.0,0.8,0.422,0.5,0.1,0.25,0.7,0.5,0.706,2.3,0.2,0.3,0.7,0.0,0.7,-1.4,0.4982668977469671,0.42500000000000004,,,,,,,,,,,,,,,,,,,,,0.5269207662318787,2022-23
1629641,Romeo Langford,1610612759,SAS,43.0,19.6,6.0,2.8,0.467,1.4,0.4,0.262,1.3,0.9,0.696,6.9,1.2,0.7,2.7,1.3,1.3,-4.2,0.5249543517954961,0.5,8.0,1.4,0.6,0.4,0.6,0.3,0.0,0.0,0.0,0.0,0.0,0.8,0.0,0.0,0.3,0.1,0.1,-1.6,0.6666666666666667,0.6666666666666667,,,,,,,,,,,,,,,,,,,,,0.6294292283746098,2022-23
1629642,Nassir Little,1610612757,POR,54.0,18.1,5.6,2.5,0.442,2.9,1.1,0.367,0.9,0.6,0.717,6.6,0.9,0.7,2.6,0.5,2.1,-3.5,0.5503669112741828,0.5446428571428571,8.0,1.2,0.5,0.3,0.5,0.4,0.1,0.333,0.0,0.0,0.0,0.6,0.0,0.0,0.3,0.0,0.3,-0.3,0.6,0.7,,,,,,,,,,,,,,,,,,,,,0.5923842085183713,2022-23
1629643,Chuma Okeke,1610612753,ORL,27.0,19.2,4.5,1.6,0.352,3.2,1.0,0.302,0.8,0.6,0.762,4.7,1.4,0.6,3.6,1.0,2.6,-4.4,0.4843363561417972,0.4666666666666667,6.0,1.7,0.2,0.2,1.0,0.0,0.0,0.0,0.0,0.0,0.0,0.3,0.0,0.0,0.3,0.0,0.3,-0.8,0.7499999999999999,1.0,,,,,,,,,,,,,,,,,,,,,0.6658898964907225,2022-23
1629645,Kevin Porter Jr.,1610612745,HOU,59.0,34.3,15.0,6.6,0.442,6.5,2.4,0.366,4.5,3.5,0.784,19.2,5.7,3.2,5.3,1.3,4.0,-5.8,0.5653710247349822,0.52,27.0,3.3,1.2,0.4,0.303,0.6,0.1,0.2,0.8,0.6,0.773,1.5,0.3,0.3,0.7,0.1,0.6,-0.7,0.4832474226804124,0.375,,,,,,,,,,,,,,,,,,,,,0.518621956698069,2022-23
1629646,Charles Bassey,1610612759,SAS,35.0,14.5,3.9,2.5,0.644,0.2,0.1,0.375,1.1,0.6,0.595,5.7,1.4,1.2,5.5,2.1,3.4,-0.9,0.6500912408759124,0.6538461538461539,3.0,0.4,0.0,0.0,0.0,0.0,0.0,0.0,0.0,0.0,0.0,0.0,0.0,0.0,0.0,0.0,0.0,0.0,,,,,,,,,,,,,,,,,,,,,,,0.2166970802919708,2022-23
1629647,Darius Bazley,1610612756,PHX,43.0,14.3,4.3,1.9,0.454,1.2,0.5,0.377,1.6,0.9,0.543,5.2,0.9,0.6,3.2,0.8,2.4,-1.6,0.5195843325339728,0.5,11.0,1.8,0.3,0.1,0.333,0.1,0.0,0.0,0.0,0.0,0.0,0.2,0.0,0.0,0.5,0.1,0.4,-1.4,0.33333333333333337,0.33333333333333337,,,,,,,,,,,,,,,,,,,,,0.40239374391797056,2022-23
1629651,Nic Claxton,1610612751,BKN,76.0,29.9,7.7,5.4,0.705,0.0,0.0,0.0,3.2,1.8,0.541,12.6,1.9,1.3,9.2,2.4,6.8,1.6,0.6916996047430829,0.7012987012987013,34.0,2.0,0.3,0.3,0.909,0.0,0.0,0.0,0.2,0.0,0.167,0.6,0.0,0.1,0.6,0.1,0.5,-0.1,0.7731958762886597,1.0,4.0,29.2,6.3,4.5,0.72,0.0,0.0,0.0,2.5,1.5,0.6,10.5,1.5,0.8,8.0,1.3,6.8,-6.3,0.7094594594594594,0.7142857142857143,0.7316410598453946,2022-23
1629652,Luguentz Dort,1610612760,OKC,74.0,30.7,11.8,4.6,0.388,5.5,1.8,0.33,3.5,2.7,0.772,13.7,2.1,1.2,4.6,1.7,2.9,0.5,0.5134932533733133,0.4661016949152542,36.0,4.1,1.1,0.5,0.436,0.3,0.1,0.2,0.5,0.4,0.778,1.4,0.2,0.2,0.6,0.2,0.4,0.0,0.5303030303030303,0.5,,,,,,,,,,,,,,,,,,,,,0.534021805223973,2022-23
1629655,Daniel Gafford,1610612764,WAS,78.0,20.6,5.1,3.7,0.732,0.0,0.0,0.0,2.4,1.6,0.679,9.0,1.1,1.1,5.6,2.1,3.5,-1.1,0.7309941520467836,0.7254901960784315,17.0,1.7,0.4,0.3,0.714,0.0,0.0,0.0,0.2,0.2,0.75,0.8,0.0,0.0,0.9,0.4,0.5,1.4,0.819672131147541,0.7499999999999999,,,,,,,,,,,,,,,,,,,,,0.7979559420339859,2022-23
1629656,Quentin Grimes,1610612752,NYK,71.0,29.9,8.5,4.0,0.468,5.7,2.2,0.386,1.4,1.1,0.796,11.3,2.1,1.0,3.2,0.7,2.5,2.6,0.6197893813075911,0.6,34.0,3.0,0.8,0.4,0.536,0.6,0.3,0.455,0.1,0.1,0.4,1.2,0.1,0.1,0.4,0.1,0.2,-1.8,0.7109004739336492,0.6875,9.0,26.9,5.1,1.6,0.304,4.1,1.0,0.243,1.2,1.0,0.818,5.1,1.4,1.1,2.8,0.3,2.4,2.0,0.453091684434968,0.411764705882353,0.5762226617847407,2022-23
1629659,Talen Horton-Tucker,1610612762,UTA,65.0,20.2,9.4,4.0,0.419,3.1,0.9,0.286,2.6,1.9,0.75,10.7,3.8,1.9,3.2,0.6,2.6,-0.1,0.5073975720789073,0.4734042553191489,17.0,3.9,1.4,0.5,0.375,0.5,0.1,0.125,0.7,0.5,0.75,1.6,0.4,0.6,0.6,0.1,0.6,0.2,0.468384074941452,0.3928571428571429,,,,,,,,,,,,,,,,,,,,,0.49628219100696264,2022-23
1629660,Ty Jerome,1610612744,GSW,45.0,18.1,5.4,2.6,0.488,2.0,0.8,0.389,0.9,0.8,0.927,6.9,3.0,0.7,1.7,0.2,1.6,-2.0,0.5952380952380952,0.5555555555555555,12.0,1.0,0.3,0.1,0.333,0.2,0.1,0.5,0.0,0.0,0.0,0.3,0.3,0.0,0.3,0.0,0.3,0.8,0.5,0.5000000000000001,,,,,,,,,,,,,,,,,,,,,0.5373015873005585,2022-23
1629661,Cameron Johnson,1610612751,BKN,42.0,28.6,11.3,5.3,0.47,6.1,2.5,0.404,2.9,2.4,0.842,15.5,1.9,0.9,4.4,0.8,3.6,3.7,0.6162531806615776,0.579646017699115,15.0,3.6,0.8,0.1,0.167,0.6,0.1,0.222,0.5,0.5,0.875,0.9,0.2,0.1,0.5,0.1,0.4,-0.4,0.4411764705882353,0.18750000000000003,4.0,38.0,13.8,7.0,0.509,7.0,3.0,0.429,1.8,1.5,0.857,18.5,2.8,1.3,5.8,0.8,5.0,-8.8,0.6339089912280702,0.6159420289855072,0.5738018286041157,2022-23
1629663,Louis King,1610612755,PHI,1.0,28.8,13.0,8.0,0.615,8.0,4.0,0.5,1.0,0.0,0.0,20.0,2.0,2.0,4.0,2.0,2.0,2.0,0.7440476190476191,0.7692307692307693,,,,,,,,,,,,,,,,,,,,,,,,,,,,,,,,,,,,,,,,,0.7440476190476191,2022-23
1629667,Jalen McDaniels,1610612755,PHI,80.0,23.9,7.7,3.5,0.455,2.9,1.0,0.332,1.7,1.5,0.841,9.4,1.6,1.2,4.3,0.8,3.5,-1.9,0.556344696969697,0.5194805194805194,30.0,2.9,0.5,0.2,0.4,0.3,0.1,0.333,0.2,0.2,1.0,0.7,0.2,0.1,0.5,0.1,0.4,-0.6,0.5952380952380952,0.5,8.0,12.7,2.5,1.0,0.4,1.1,0.4,0.333,0.0,0.0,0.0,2.4,0.6,0.4,2.0,0.4,1.6,1.8,0.48,0.48,0.5376303210669778,2022-23
1629669,Jaylen Nowell,1610612750,MIN,65.0,19.3,9.6,4.3,0.448,3.6,1.0,0.289,1.5,1.2,0.778,10.8,2.0,1.0,2.6,0.6,2.1,-0.1,0.5263157894736843,0.5,11.0,2.0,0.4,0.2,0.5,0.0,0.0,0.0,0.0,0.0,0.0,0.4,0.2,0.0,0.2,0.0,0.2,0.2,0.5,0.5,5.0,12.4,5.2,1.2,0.231,1.8,0.6,0.333,0.4,0.2,0.5,3.2,0.6,0.4,1.0,0.8,0.2,-5.8,0.2976190476190476,0.28846153846153844,0.4073621553880372,2022-23
1629670,Jordan Nwora,1610612754,IND,62.0,19.2,7.2,3.1,0.436,3.4,1.4,0.408,1.4,1.1,0.791,8.7,1.4,1.1,3.7,0.8,2.9,-4.1,0.5565506653019447,0.5277777777777778,11.0,1.6,0.6,0.2,0.286,0.2,0.0,0.0,0.0,0.0,0.0,0.4,0.0,0.1,0.2,0.0,0.2,-2.2,0.33333333333333337,0.33333333333333337,,,,,,,,,,,,,,,,,,,,,0.4160724439883798,2022-23
1629673,Jordan Poole,1610612744,GSW,82.0,30.0,15.6,6.7,0.43,7.8,2.6,0.336,5.1,4.4,0.87,20.4,4.5,3.1,2.7,0.4,2.4,-0.1,0.5716207128446535,0.5128205128205129,34.0,3.5,1.9,0.7,0.381,0.9,0.2,0.276,0.4,0.4,0.867,2.0,0.3,0.4,0.7,0.2,0.5,0.2,0.4816955684007707,0.42105263157894735,13.0,21.9,10.4,3.5,0.341,4.8,1.2,0.254,2.6,2.0,0.765,10.3,3.5,1.2,2.2,0.3,1.8,-0.4,0.44611919611919615,0.39423076923076916,0.4910743935126704,2022-23
1629675,Naz Reid,1610612750,MIN,68.0,18.4,8.5,4.6,0.537,3.2,1.1,0.346,1.9,1.3,0.677,11.5,1.1,1.4,4.9,1.1,3.8,-1.9,0.6158954584404456,0.6058823529411764,16.0,2.8,1.3,0.4,0.333,0.8,0.1,0.154,0.3,0.2,0.75,1.2,0.1,0.4,0.7,0.1,0.6,-1.3,0.41899441340782123,0.34615384615384615,,,,,,,,,,,,,,,,,,,,,0.4999222127306222,2022-23
1629676,Isaiah Roby,1610612752,NYK,42.0,11.3,3.7,1.6,0.432,1.4,0.4,0.3,1.0,0.5,0.488,4.1,0.9,0.7,2.6,0.5,2.1,-2.6,0.49516908212560373,0.48648648648648646,,,,,,,,,,,,,,,,,,,,,,,,,,,,,,,,,,,,,,,,,0.49516908212560373,2022-23
1629677,Luka Samanic,1610612762,UTA,7.0,23.0,8.1,3.7,0.456,4.4,1.1,0.258,1.9,1.3,0.692,9.9,2.1,1.4,4.3,0.0,4.3,-0.9,0.5539391226499553,0.5246913580246914,2.0,2.1,1.0,0.0,0.0,1.0,0.0,0.0,0.0,0.0,0.0,0.0,0.0,0.0,0.0,0.0,0.0,-1.5,0.0,0.0,,,,,,,,,,,,,,,,,,,,,0.19699205322747326,2022-23
1629678,Admiral Schofield,1610612753,ORL,37.0,12.2,3.3,1.5,0.451,2.0,0.6,0.324,0.6,0.6,0.913,4.2,0.8,0.4,1.7,0.6,1.1,-2.1,0.5892255892255892,0.5454545454545455,3.0,0.7,0.0,0.0,0.0,0.0,0.0,0.0,0.0,0.0,0.0,0.0,0.0,0.0,0.0,0.0,0.0,0.0,,,,,,,,,,,,,,,,,,,,,,,0.19640852974186307,2022-23
1629680,Matisse Thybulle,1610612757,POR,71.0,16.9,3.6,1.5,0.435,2.1,0.8,0.365,0.4,0.3,0.679,4.1,0.7,0.3,2.0,0.6,1.4,-0.2,0.5429025423728813,0.5277777777777778,15.0,1.5,0.2,0.0,0.0,0.1,0.0,0.0,0.0,0.0,0.0,0.0,0.0,0.0,0.1,0.1,0.1,-1.6,0.0,0.0,,,,,,,,,,,,,,,,,,,,,0.18652306967830612,2022-23
1629684,Grant Williams,1610612738,BOS,79.0,25.9,6.0,2.7,0.454,3.7,1.5,0.395,1.5,1.2,0.77,8.1,1.7,1.0,4.6,1.1,3.5,2.6,0.6081081081081081,0.5750000000000001,24.0,4.0,1.0,0.4,0.391,0.7,0.3,0.353,0.3,0.3,0.75,1.3,0.1,0.1,0.5,0.2,0.3,0.5,0.5742049469964664,0.55,15.0,17.7,3.5,1.7,0.472,2.7,1.2,0.45,0.7,0.5,0.8,5.1,1.2,0.3,2.2,0.7,1.5,-1.7,0.6696428571428571,0.6571428571428571,0.6442410955854909,2022-23
1629723,John Konchar,1610612763,MEM,72.0,20.7,4.4,1.9,0.431,2.5,0.8,0.339,0.5,0.4,0.778,5.1,1.4,0.5,4.3,0.9,3.4,2.9,0.5519480519480519,0.5227272727272726,16.0,1.8,0.3,0.2,0.6,0.3,0.1,0.5,0.0,0.0,0.0,0.5,0.1,0.0,0.3,0.1,0.1,0.6,0.8333333333333334,0.8333333333333334,5.0,9.7,1.8,0.4,0.222,0.8,0.0,0.0,0.0,0.0,0.0,0.8,0.8,0.2,2.0,0.8,1.2,-4.6,0.22222222222222224,0.22222222222222224,0.48769841269686315,2022-23
1629726,Garrison Mathews,1610612737,ATL,54.0,12.7,3.7,1.4,0.363,3.3,1.2,0.35,1.0,0.9,0.906,4.8,0.5,0.4,1.4,0.2,1.1,-1.6,0.5797101449275361,0.5405405405405405,9.0,1.4,0.2,0.2,1.0,0.1,0.1,1.0,0.2,0.2,1.0,0.8,0.0,0.0,0.1,0.0,0.1,1.6,1.3888888888888888,1.25,,,,,,,,,,,,,,,,,,,,,1.1245680463057157,2022-23
1629731,Dean Wade,1610612739,CLE,44.0,20.3,4.0,1.7,0.412,2.9,1.0,0.354,0.5,0.3,0.652,4.7,0.8,0.4,3.4,0.5,3.0,2.5,0.556872037914692,0.55,12.0,1.7,0.2,0.1,0.5,0.1,0.0,0.0,0.2,0.1,0.5,0.3,0.1,0.0,0.3,0.1,0.3,1.8,0.5208333333333333,0.5,2.0,5.6,0.5,0.0,0.0,0.5,0.0,0.0,1.0,1.0,1.0,1.0,0.0,0.0,1.5,0.0,1.5,-4.0,0.5319148936170213,0.0,0.537380564237487,2022-23
1629750,Javonte Green,1610612741,CHI,32.0,15.0,3.4,1.9,0.565,1.1,0.4,0.371,1.4,0.9,0.667,5.2,0.7,0.6,2.8,0.8,1.9,1.5,0.647410358565737,0.6176470588235294,7.0,2.0,0.7,0.6,0.8,0.1,0.0,0.0,0.0,0.0,0.0,1.1,0.1,0.3,0.1,0.0,0.1,-1.0,0.7857142857142858,0.8571428571428572,,,,,,,,,,,,,,,,,,,,,0.7602012119528319,2022-23
1630162,Anthony Edwards,1610612750,MIN,79.0,36.0,19.5,8.9,0.459,7.3,2.7,0.369,5.3,4.0,0.756,24.6,4.4,3.3,5.8,0.6,5.2,1.2,0.5633931843165995,0.5256410256410257,45.0,3.6,2.3,1.0,0.423,0.9,0.3,0.333,0.6,0.4,0.714,2.7,0.2,0.4,0.6,0.1,0.5,0.2,0.5265210608424338,0.5,5.0,39.7,22.8,11.0,0.482,8.6,3.0,0.349,7.8,6.6,0.846,31.6,5.2,1.6,5.0,0.6,4.4,-3.0,0.602317779810918,0.5482456140350876,0.5823596460333038,2022-23
1630163,LaMelo Ball,1610612766,CHA,36.0,35.2,20.0,8.2,0.411,10.6,4.0,0.376,3.4,2.8,0.843,23.3,8.4,3.6,6.4,1.2,5.3,-4.2,0.5419612951246744,0.51,19.0,2.6,1.3,0.5,0.417,0.9,0.3,0.353,0.2,0.2,0.75,1.5,0.6,0.2,0.3,0.1,0.2,-0.2,0.5403458213256483,0.5,,,,,,,,,,,,,,,,,,,,,0.5473843125916653,2022-23
1630164,James Wiseman,1610612765,DET,45.0,19.3,7.5,4.2,0.558,0.4,0.1,0.2,2.2,1.5,0.701,10.0,0.7,1.1,5.9,1.6,4.3,-7.3,0.5904581955597543,0.5666666666666667,8.0,3.0,0.6,0.5,0.8,0.0,0.0,0.0,0.3,0.1,0.5,1.1,0.0,0.0,0.6,0.1,0.5,-2.1,0.7513661202185793,0.8333333333333334,,,,,,,,,,,,,,,,,,,,,0.7057301453312377,2022-23
1630165,Killian Hayes,1610612765,DET,76.0,28.3,10.7,4.0,0.377,3.8,1.1,0.28,1.5,1.2,0.821,10.3,6.2,2.3,2.9,0.4,2.5,-6.6,0.45334507042253525,0.4252336448598131,24.0,3.3,1.1,0.4,0.333,0.6,0.3,0.4,0.5,0.3,0.727,1.3,0.5,0.2,0.1,0.0,0.1,-2.9,0.49242424242424243,0.5,,,,,,,,,,,,,,,,,,,,,0.48967822558782165,2022-23
1630166,Deni Avdija,1610612764,WAS,76.0,26.6,7.6,3.3,0.437,3.1,0.9,0.297,2.2,1.6,0.739,9.2,2.8,1.6,6.4,1.0,5.4,-0.7,0.5368814192343604,0.493421052631579,29.0,2.8,0.4,0.2,0.385,0.2,0.1,0.429,0.3,0.2,0.875,0.7,0.1,0.3,0.8,0.0,0.7,-1.1,0.6578947368421052,0.625,,,,,,,,,,,,,,,,,,,,,0.6228201222002346,2022-23
1630167,Obi Toppin,1610612752,NYK,67.0,15.7,6.3,2.8,0.446,3.7,1.3,0.344,0.7,0.6,0.809,7.4,1.0,0.6,2.8,0.4,2.4,0.9,0.5599273607748184,0.5476190476190476,6.0,2.2,0.8,0.5,0.6,0.5,0.2,0.333,0.0,0.0,0.0,1.2,0.0,0.0,0.0,0.0,0.0,2.2,0.7499999999999999,0.7499999999999999,11.0,15.9,6.4,2.7,0.429,3.9,1.2,0.302,0.5,0.4,0.8,7.0,0.6,0.7,3.5,0.9,2.6,-0.3,0.5287009063444109,0.515625,0.6203700926644056,2022-23
1630168,Onyeka Okongwu,1610612737,ATL,80.0,23.1,6.2,4.0,0.638,0.2,0.1,0.308,2.5,1.9,0.781,9.9,1.0,1.0,7.2,2.7,4.5,0.8,0.6780821917808219,0.6532258064516129,16.0,3.3,0.4,0.2,0.5,0.0,0.0,0.0,0.1,0.1,1.0,0.4,0.0,0.1,0.6,0.3,0.3,-2.0,0.45045045045045046,0.5,6.0,21.9,4.2,2.5,0.6,0.2,0.2,1.0,1.7,0.8,0.5,6.0,1.2,1.2,6.3,3.2,3.2,-2.3,0.6063055780113177,0.6190476190476191,0.5727682506881312,2022-23
1630169,Tyrese Haliburton,1610612754,IND,56.0,33.6,15.0,7.4,0.49,7.2,2.9,0.4,3.6,3.1,0.871,20.7,10.4,2.5,3.7,0.6,3.1,-0.6,0.624095513748191,0.59,35.0,3.5,1.9,0.7,0.4,0.9,0.3,0.313,1.0,0.9,0.914,2.7,0.9,0.1,0.5,0.1,0.4,0.2,0.576923076923077,0.4473684210526316,,,,,,,,,,,,,,,,,,,,,0.6053138891972705,2022-23
1630170,Devin Vassell,1610612759,SAS,38.0,31.0,15.7,6.9,0.439,7.0,2.7,0.387,2.6,2.1,0.78,18.5,3.6,1.5,3.9,0.2,3.7,-7.8,0.5491569698408929,0.5254777070063694,11.0,3.4,1.1,0.4,0.333,0.5,0.1,0.167,0.5,0.3,0.6,1.1,0.3,0.1,0.2,0.0,0.2,-2.4,0.4166666666666667,0.40909090909090906,,,,,,,,,,,,,,,,,,,,,0.4678364704843808,2022-23
1630171,Isaac Okoro,1610612739,CLE,76.0,21.7,4.7,2.3,0.494,2.3,0.8,0.363,1.4,1.0,0.757,6.4,1.1,0.6,2.5,0.7,1.8,1.7,0.6019563581640331,0.5744680851063829,25.0,2.0,0.4,0.2,0.5,0.3,0.1,0.429,0.0,0.0,0.0,0.5,0.0,0.0,0.3,0.1,0.2,-1.0,0.625,0.625,5.0,14.9,4.6,2.2,0.478,2.6,0.8,0.308,1.2,1.2,1.0,6.4,0.8,0.8,1.4,0.6,0.8,0.6,0.62402496099844,0.5652173913043479,0.6291825118226204,2022-23
1630172,Patrick Williams,1610612741,CHI,82.0,28.3,8.3,3.8,0.464,3.4,1.4,0.415,1.3,1.1,0.857,10.2,1.2,1.2,4.0,1.0,3.0,-1.7,0.5748422001803426,0.5421686746987951,29.0,3.0,0.4,0.1,0.333,0.2,0.0,0.167,0.1,0.1,1.0,0.4,0.0,0.0,0.3,0.1,0.2,0.6,0.45045045045045046,0.25,,,,,,,,,,,,,,,,,,,,,0.49673364413493426,2022-23
1630173,Precious Achiuwa,1610612761,TOR,55.0,20.7,7.3,3.6,0.485,2.0,0.5,0.269,2.3,1.6,0.702,9.2,0.9,1.1,6.0,1.8,4.1,-0.7,0.5534167468719923,0.5273972602739726,12.0,2.5,0.8,0.3,0.444,0.1,0.0,0.0,0.6,0.4,0.714,1.1,0.0,0.1,1.1,0.3,0.8,-1.7,0.5169172932330828,0.37499999999999994,,,,,,,,,,,,,,,,,,,,,0.5400426818874737,2022-23
1630174,Aaron Nesmith,1610612754,IND,73.0,24.9,8.1,3.5,0.427,4.3,1.6,0.366,1.9,1.6,0.838,10.1,1.3,1.0,3.8,0.8,2.9,-2.9,0.565129811996419,0.5308641975308642,30.0,3.4,0.7,0.3,0.476,0.4,0.1,0.167,0.5,0.5,0.938,1.2,0.2,0.1,0.7,0.2,0.5,-0.5,0.6521739130434783,0.5,,,,,,,,,,,,,,,,,,,,,0.6318011880020336,2022-23
1630175,Cole Anthony,1610612753,ORL,60.0,25.9,10.2,4.6,0.454,3.4,1.3,0.364,2.8,2.5,0.894,13.0,3.9,1.5,4.8,0.8,4.0,-0.4,0.5685794261721484,0.5147058823529412,15.0,2.0,0.6,0.3,0.444,0.4,0.2,0.5,0.1,0.1,1.0,0.8,0.1,0.3,0.4,0.1,0.3,-0.3,0.6211180124223603,0.6666666666666667,,,,,,,,,,,,,,,,,,,,,0.6094875032795561,2022-23
1630177,Theo Maledon,1610612766,CHA,44.0,19.4,5.8,2.3,0.402,2.2,0.6,0.295,1.7,1.4,0.851,6.7,3.5,1.3,2.8,0.3,2.5,-3.3,0.5116065974343311,0.44827586206896547,8.0,1.1,0.5,0.1,0.25,0.0,0.0,0.0,0.5,0.4,0.75,0.6,0.1,0.1,0.5,0.1,0.4,0.4,0.4166666666666667,0.2,,,,,,,,,,,,,,,,,,,,,0.4569339999095742,2022-23
1630178,Tyrese Maxey,1610612755,PHI,60.0,33.6,15.2,7.3,0.481,6.2,2.7,0.434,3.6,3.0,0.845,20.3,3.5,1.3,2.9,0.4,2.6,4.0,0.6047426120114395,0.5690789473684211,29.0,3.6,1.4,0.4,0.3,0.4,0.1,0.231,0.3,0.3,1.0,1.2,0.2,0.1,0.4,0.0,0.3,3.0,0.39164490861618795,0.32142857142857145,11.0,38.5,17.5,7.5,0.427,7.7,3.1,0.4,2.8,2.5,0.903,20.5,2.3,0.7,4.8,0.8,4.0,0.4,0.5471919709587871,0.5171428571428572,0.5141452500018797,2022-23
1630180,Saddiq Bey,1610612737,ATL,77.0,27.6,10.9,4.6,0.422,5.4,2.0,0.361,3.1,2.7,0.861,13.8,1.5,0.9,4.7,1.3,3.4,-1.9,0.5626223091976517,0.5137614678899082,27.0,2.8,0.6,0.3,0.412,0.2,0.1,0.667,0.2,0.1,0.667,0.8,0.1,0.0,0.4,0.2,0.2,-2.0,0.5813953488372093,0.5833333333333334,6.0,22.1,6.7,2.5,0.375,3.0,1.2,0.389,1.5,1.3,0.889,7.5,1.0,0.3,4.0,1.2,2.8,-5.7,0.5095108695652174,0.4626865671641791,0.5478288564167455,2022-23
1630181,R.J. Hampton,1610612765,DET,47.0,15.9,5.0,2.2,0.43,2.5,0.9,0.353,1.6,1.2,0.75,6.4,1.1,0.9,1.9,0.4,1.5,-3.0,0.5610098176718094,0.53,7.0,2.3,0.3,0.1,0.5,0.0,0.0,0.0,0.0,0.0,0.0,0.3,0.3,0.0,0.3,0.1,0.1,-1.4,0.5,0.33333333333333337,,,,,,,,,,,,,,,,,,,,,0.526336605889403,2022-23
1630182,Josh Green,1610612742,DAL,60.0,25.7,6.4,3.4,0.537,2.8,1.1,0.402,1.6,1.1,0.723,9.1,1.7,1.2,3.0,0.9,2.1,1.3,0.6404842342342342,0.6171875,30.0,2.5,0.5,0.2,0.357,0.3,0.1,0.2,0.1,0.1,1.0,0.5,0.2,0.1,0.3,0.1,0.2,-0.4,0.45955882352941174,0.5,,,,,,,,,,,,,,,,,,,,,0.5276797937631319,2022-23
1630183,Jaden McDaniels,1610612750,MIN,79.0,30.6,9.1,4.7,0.517,3.4,1.4,0.398,1.8,1.3,0.736,12.1,1.9,1.4,3.9,1.2,2.7,0.9,0.6116053376465831,0.5934065934065935,43.0,3.7,0.8,0.3,0.324,0.5,0.1,0.3,0.3,0.3,0.8,0.9,0.2,0.1,0.4,0.1,0.3,0.0,0.48283261802575106,0.43749999999999994,,,,,,,,,,,,,,,,,,,,,0.5345480666896045,2022-23
1630188,Jalen Smith,1610612754,IND,68.0,18.8,7.5,3.6,0.476,2.8,0.8,0.283,2.0,1.5,0.759,9.4,1.0,1.1,5.8,1.9,3.9,-1.4,0.5608591885441527,0.5333333333333333,16.0,1.7,0.3,0.1,0.5,0.1,0.0,0.0,0.4,0.3,0.833,0.6,0.0,0.2,0.6,0.3,0.3,-0.1,0.6302521008403361,0.33333333333333337,,,,,,,,,,,,,,,,,,,,,0.6111211300744083,2022-23
1630191,Isaiah Stewart,1610612765,DET,50.0,28.3,8.8,3.9,0.442,4.1,1.3,0.327,3.0,2.2,0.738,11.3,1.4,1.4,8.1,2.3,5.8,-4.5,0.558300395256917,0.5170454545454545,18.0,3.2,0.6,0.2,0.364,0.3,0.1,0.167,0.4,0.3,0.857,0.8,0.2,0.0,0.9,0.3,0.6,-0.8,0.5154639175257733,0.4166666666666667,,,,,,,,,,,,,,,,,,,,,0.5365609252535615,2022-23
1630192,Zeke Nnaji,1610612743,DEN,53.0,13.7,3.7,2.1,0.561,1.2,0.3,0.262,1.2,0.8,0.645,5.2,0.3,0.6,2.6,1.2,1.4,-1.8,0.6149479659413435,0.6081081081081081,8.0,1.9,0.1,0.0,0.0,0.1,0.0,0.0,1.0,0.4,0.375,0.4,0.0,0.1,0.5,0.3,0.3,-2.4,0.37037037037037035,0.0,5.0,2.4,0.8,0.4,0.5,0.6,0.2,0.333,0.0,0.0,0.0,1.0,0.0,0.2,0.4,0.0,0.4,-1.2,0.625,0.625,0.5411508204823197,2022-23
1630193,Immanuel Quickley,1610612752,NYK,81.0,28.9,11.6,5.2,0.448,5.6,2.1,0.37,3.1,2.5,0.819,14.9,3.4,1.2,4.2,0.7,3.4,3.9,0.5746683122493058,0.5387931034482759,34.0,3.4,1.0,0.2,0.242,0.6,0.1,0.105,0.1,0.1,0.75,0.6,0.3,0.1,0.2,0.1,0.2,-1.6,0.28735632183908044,0.25,8.0,21.9,8.3,2.9,0.348,4.6,1.1,0.243,2.5,2.1,0.85,9.0,1.0,1.1,1.6,0.3,1.4,2.5,0.4787234042553191,0.41566265060240964,0.43954588443666665,2022-23
1630194,Paul Reed,1610612755,PHI,69.0,10.9,3.0,1.8,0.593,0.1,0.0,0.167,0.7,0.6,0.745,4.2,0.4,0.7,3.8,1.6,2.2,-0.2,0.6348246674727933,0.6,7.0,2.0,0.1,0.1,1.0,0.0,0.0,0.0,0.0,0.0,0.0,0.3,0.0,0.0,0.4,0.0,0.4,-2.1,1.4999999999999998,1.0,11.0,14.3,3.5,2.0,0.579,0.0,0.0,0.0,0.6,0.6,1.0,4.6,0.6,0.5,5.5,2.5,3.0,0.5,0.6110520722635493,0.5714285714285714,0.9146634807094622,2022-23
1630197,Aleksej Pokusevski,1610612760,OKC,34.0,20.6,7.3,3.2,0.434,3.1,1.1,0.365,1.0,0.6,0.629,8.1,1.9,1.3,4.7,1.3,3.4,-5.8,0.5232558139534883,0.5136986301369864,13.0,4.1,1.3,0.5,0.353,0.6,0.2,0.375,0.5,0.3,0.571,1.5,0.3,0.0,0.8,0.1,0.7,-0.4,0.4934210526315789,0.4615384615384615,,,,,,,,,,,,,,,,,,,,,0.5211741922478581,2022-23
1630198,Isaiah Joe,1610612760,OKC,73.0,19.1,7.0,3.1,0.441,5.4,2.2,0.409,1.4,1.1,0.82,9.5,1.2,0.5,2.4,0.4,2.0,2.9,0.623686974789916,0.6,30.0,1.7,0.7,0.2,0.333,0.6,0.2,0.353,0.1,0.0,0.5,0.7,0.1,0.0,0.2,0.0,0.1,0.0,0.4704301075268817,0.42857142857142866,,,,,,,,,,,,,,,,,,,,,0.5315157299464646,2022-23
1630200,Tre Jones,1610612759,SAS,68.0,29.2,10.9,5.0,0.459,2.3,0.7,0.285,2.5,2.2,0.86,12.9,6.6,1.6,3.6,0.8,2.8,-4.8,0.5375,0.49082568807339444,22.0,3.7,1.2,0.5,0.423,0.2,0.1,0.5,0.9,0.7,0.842,1.8,0.6,0.4,0.4,0.0,0.4,-1.4,0.5639097744360902,0.45833333333333337,,,,,,,,,,,,,,,,,,,,,0.5661156906016435,2022-23
1630201,Malachi Flynn,1610612761,TOR,53.0,13.0,4.6,1.6,0.36,2.5,0.9,0.353,0.6,0.5,0.758,4.6,1.3,0.5,1.4,0.3,1.2,-0.8,0.4728618421052631,0.44565217391304357,6.0,2.7,0.5,0.0,0.0,0.5,0.0,0.0,0.0,0.0,0.0,0.0,0.2,0.2,0.5,0.2,0.3,0.5,0.0,0.0,,,,,,,,,,,,,,,,,,,,,0.16849017925011606,2022-23
1630202,Payton Pritchard,1610612738,BOS,48.0,13.4,5.1,2.1,0.412,3.2,1.2,0.364,0.3,0.3,0.75,5.6,1.3,0.8,1.8,0.5,1.3,0.3,0.5351681957186545,0.5294117647058825,3.0,3.0,1.7,0.3,0.2,1.3,0.3,0.25,0.0,0.0,0.0,1.0,0.0,0.3,0.3,0.3,0.0,-0.7,0.29411764705882354,0.2647058823529412,10.0,5.7,2.2,1.2,0.545,1.0,0.4,0.4,0.5,0.4,0.8,3.2,1.1,0.5,0.6,0.0,0.6,0.8,0.6611570247933883,0.6363636363636362,0.5511457606962085,2022-23
1630205,Lamar Stevens,1610612739,CLE,62.0,18.1,4.6,2.1,0.448,1.5,0.5,0.316,0.9,0.6,0.702,5.3,0.5,0.4,3.3,0.8,2.6,0.1,0.5304243394715773,0.5108695652173914,12.0,2.6,0.6,0.5,0.857,0.2,0.2,1.0,0.5,0.3,0.5,1.4,0.1,0.1,0.7,0.3,0.4,-0.5,0.8536585365853658,1.0,2.0,4.4,1.0,0.5,0.5,0.5,0.5,1.0,1.0,1.0,1.0,2.5,0.0,0.0,1.5,0.0,1.5,3.5,0.8680555555555556,0.75,0.8200281581428632,2022-23
1630206,Jay Scrubb,1610612753,ORL,2.0,15.1,3.5,2.5,0.714,1.0,1.0,1.0,1.0,0.5,0.5,6.5,0.5,1.5,3.0,0.0,3.0,-8.0,0.8248730964467005,0.8571428571428571,,,,,,,,,,,,,,,,,,,,,,,,,,,,,,,,,,,,,,,,,0.8248730964467005,2022-23
1630208,Nick Richards,1610612766,CHA,65.0,18.7,4.8,3.0,0.629,0.0,0.0,1.0,2.8,2.1,0.749,8.2,0.6,0.9,6.4,2.3,4.1,-1.7,0.679708222811671,0.625,7.0,3.1,0.6,0.3,0.5,0.0,0.0,0.0,0.1,0.0,0.0,0.6,0.0,0.1,1.1,0.3,0.9,1.0,0.4658385093167702,0.5,,,,,,,,,,,,,,,,,,,,,0.5496284138124662,2022-23
1630214,Xavier Tillman,1610612763,MEM,61.0,19.3,5.0,3.1,0.614,0.2,0.1,0.267,1.5,0.8,0.551,7.0,1.6,0.7,5.0,2.0,3.0,0.0,0.6183745583038869,0.63,12.0,1.7,0.1,0.1,1.0,0.0,0.0,0.0,0.7,0.4,0.625,0.6,0.2,0.1,0.5,0.2,0.3,-2.4,0.7352941176470588,1.0,6.0,30.5,7.5,4.0,0.533,0.7,0.2,0.25,0.8,0.5,0.6,8.7,3.2,0.7,8.0,2.8,5.2,-0.8,0.553998981151299,0.5466666666666666,0.6271599561749169,2022-23
1630215,Jared Butler,1610612760,OKC,6.0,12.8,5.3,2.5,0.469,2.3,1.2,0.5,0.0,0.0,0.0,6.2,1.3,0.8,0.7,0.2,0.5,-0.2,0.5849056603773585,0.5849056603773585,,,,,,,,,,,,,,,,,,,,,,,,,,,,,,,,,,,,,,,,,0.5849056603773585,2022-23
1630217,Desmond Bane,1610612763,MEM,58.0,31.7,16.2,7.8,0.479,7.0,2.9,0.408,3.5,3.1,0.883,21.5,4.4,2.2,5.0,0.7,4.3,6.1,0.6059751972942503,0.5709876543209876,28.0,3.4,1.9,0.9,0.463,0.8,0.2,0.261,1.3,1.1,0.811,3.1,0.2,0.2,0.6,0.3,0.3,0.4,0.6270226537216829,0.5263157894736842,6.0,38.6,19.3,8.2,0.422,8.3,2.7,0.32,4.8,4.5,0.931,23.5,3.2,2.8,6.0,1.2,4.8,-5.3,0.5487577059592752,0.49481865284974086,0.5961106654969114,2022-23
1630219,Skylar Mays,1610612757,POR,6.0,31.5,11.3,5.7,0.5,4.3,2.0,0.462,2.2,2.0,0.923,15.3,8.3,1.7,3.2,0.3,2.8,-12.3,0.6235735246168894,0.5929203539823009,2.0,3.2,1.0,0.5,0.5,0.0,0.0,0.0,0.0,0.0,0.0,1.0,0.0,0.0,1.0,0.0,1.0,-2.5,0.5,0.5,,,,,,,,,,,,,,,,,,,,,0.5500407323936373,2022-23
1630224,Jalen Green,1610612745,HOU,76.0,34.2,17.9,7.4,0.416,7.3,2.5,0.338,6.1,4.8,0.786,22.1,3.7,2.6,3.7,0.6,3.2,-5.9,0.5368247182277498,0.4832402234636872,36.0,3.3,1.4,0.7,0.462,0.4,0.1,0.231,0.9,0.6,0.656,2.0,0.2,0.3,0.4,0.1,0.3,-1.5,0.556792873051225,0.5357142857142857,,,,,,,,,,,,,,,,,,,,,0.5579580504932424,2022-23
1630225,Isaiah Todd,1610612764,WAS,6.0,10.2,3.2,0.5,0.158,1.7,0.2,0.1,0.3,0.3,1.0,1.5,0.7,0.3,2.0,0.3,1.7,-1.2,0.22509003601440575,0.18749999999999997,1.0,3.2,0.0,0.0,0.0,0.0,0.0,0.0,0.0,0.0,0.0,0.0,0.0,0.0,0.0,0.0,0.0,-8.0,,,,,,,,,,,,,,,,,,,,,,,0.07503001200480192,2022-23
1630227,Daishen Nix,1610612745,HOU,57.0,16.0,4.2,1.4,0.342,2.5,0.7,0.286,0.6,0.4,0.667,4.0,2.3,1.5,1.7,0.3,1.4,-2.6,0.4480286738351254,0.41666666666666663,7.0,2.2,0.6,0.4,0.75,0.1,0.1,1.0,0.4,0.3,0.667,1.3,0.1,0.1,0.1,0.0,0.1,0.1,0.8376288659793815,0.75,,,,,,,,,,,,,,,,,,,,,0.7220478495469425,2022-23
1630228,Jonathan Kuminga,1610612744,GSW,67.0,20.8,7.4,3.9,0.525,2.2,0.8,0.37,2.1,1.3,0.652,9.9,1.9,1.4,3.4,1.0,2.4,-0.8,0.594666025949063,0.581081081081081,17.0,2.5,0.8,0.5,0.643,0.1,0.1,1.0,0.2,0.2,0.75,1.3,0.2,0.2,0.5,0.1,0.4,0.0,0.7319819819819819,0.6875,10.0,6.1,2.4,1.3,0.542,0.7,0.3,0.429,0.9,0.5,0.556,3.4,0.5,0.4,0.9,0.4,0.5,-2.3,0.6080114449213162,0.6041666666666666,0.6579215315888458,2022-23
1630230,Naji Marshall,1610612740,NOP,77.0,23.3,7.4,3.2,0.433,2.8,0.9,0.303,2.3,1.8,0.789,9.1,2.5,1.3,3.6,0.6,3.0,0.1,0.5408939610080836,0.49324324324324326,19.0,3.2,0.6,0.3,0.545,0.3,0.1,0.2,0.3,0.2,0.667,0.9,0.2,0.1,0.3,0.1,0.3,0.8,0.6147540983606558,0.5833333333333334,,,,,,,,,,,,,,,,,,,,,0.5982421606834775,2022-23
1630231,KJ Martin,1610612745,HOU,82.0,28.0,8.8,5.0,0.569,2.6,0.8,0.315,2.7,1.8,0.68,12.7,1.5,1.1,5.5,1.5,4.0,-4.5,0.6357629154985982,0.6136363636363636,36.0,2.3,0.5,0.3,0.474,0.1,0.1,0.5,0.4,0.3,0.563,0.8,0.0,0.2,0.6,0.2,0.5,-1.5,0.591715976331361,0.7,,,,,,,,,,,,,,,,,,,,,0.6120801075682792,2022-23
1630235,Trent Forrest,1610612737,ATL,23.0,12.0,2.6,1.1,0.417,0.1,0.0,0.0,0.1,0.1,0.667,2.3,1.7,0.7,1.6,0.2,1.4,-2.5,0.43494704992435695,0.4230769230769231,2.0,5.9,0.5,0.0,0.0,0.0,0.0,0.0,0.0,0.0,0.0,0.0,0.0,0.0,1.0,0.5,0.5,-7.0,0.0,0.0,,,,,,,,,,,,,,,,,,,,,0.16421311919815842,2022-23
1630237,Anthony Lamb,1610612744,GSW,62.0,19.3,5.1,2.4,0.471,3.2,1.2,0.367,1.0,0.7,0.767,6.7,1.5,0.9,3.5,0.9,2.6,0.5,0.6046931407942239,0.5882352941176471,14.0,2.3,0.5,0.2,0.429,0.4,0.1,0.333,0.0,0.0,0.0,0.6,0.2,0.1,0.5,0.1,0.4,0.7,0.6,0.5,6.0,5.2,0.8,0.3,0.4,0.7,0.2,0.25,0.0,0.0,0.0,0.8,0.0,0.3,1.0,0.2,0.8,-0.7,0.5,0.5,0.5605861116990757,2022-23
1630240,Saben Lee,1610612756,PHX,25.0,14.9,4.8,2.0,0.405,1.2,0.4,0.367,2.3,1.7,0.737,6.0,2.7,1.0,1.8,0.5,1.3,-1.2,0.516173434273916,0.45833333333333337,4.0,2.5,0.5,0.0,0.0,0.0,0.0,0.0,1.0,0.8,0.75,0.8,0.3,0.0,0.5,0.0,0.5,2.3,0.4255319148936171,0.0,,,,,,,,,,,,,,,,,,,,,0.46616242135154656,2022-23
1630241,Sam Merrill,1610612739,CLE,5.0,11.7,4.4,1.8,0.409,3.6,1.0,0.278,0.4,0.4,1.0,5.0,1.0,0.0,1.8,0.0,1.8,-1.0,0.5463286713286712,0.5227272727272726,,,,,,,,,,,,,,,,,,,,,,,,,,,,,,,,,,,,,,,,,0.5463286713286712,2022-23
1630243,Trevelin Queen,1610612755,PHI,7.0,10.0,4.1,1.0,0.241,2.1,0.3,0.133,0.7,0.7,1.0,3.0,0.9,1.0,2.4,1.1,1.3,2.0,0.3402903811252269,0.2804878048780488,,,,,,,,,,,,,,,,,,,,,,,,,,,,,,,,,,,,,,,,,0.3402903811252269,2022-23
1630245,Ayo Dosunmu,1610612741,CHI,80.0,26.2,7.1,3.5,0.493,2.4,0.7,0.312,1.0,0.8,0.805,8.6,2.6,1.2,2.8,0.6,2.2,-1.0,0.5702917771883289,0.5422535211267606,24.0,2.6,0.6,0.3,0.5,0.2,0.0,0.0,0.2,0.1,0.75,0.7,0.1,0.0,0.5,0.1,0.4,-0.5,0.5087209302325582,0.5,,,,,,,,,,,,,,,,,,,,,0.5376952501086436,2022-23
1630256,Jae'Sean Tate,1610612745,HOU,31.0,21.9,7.4,3.5,0.48,1.5,0.4,0.283,2.2,1.6,0.725,9.1,2.7,1.5,3.8,1.3,2.5,-3.0,0.5437380497131931,0.5,14.0,2.0,0.4,0.2,0.5,0.0,0.0,0.0,0.1,0.1,0.5,0.5,0.4,0.3,0.6,0.2,0.4,-0.7,0.5630630630630631,0.5,,,,,,,,,,,,,,,,,,,,,0.5620267973511146,2022-23
1630264,Anthony Gill,1610612764,WAS,59.0,10.6,2.2,1.2,0.538,0.5,0.1,0.138,1.1,0.8,0.731,3.3,0.6,0.3,1.7,0.6,1.1,-0.2,0.6147540983606556,0.5681818181818181,5.0,0.7,0.0,0.0,0.0,0.0,0.0,0.0,0.0,0.0,0.0,0.0,0.2,0.0,0.2,0.0,0.2,0.4,,,,,,,,,,,,,,,,,,,,,,,0.20491803278688522,2022-23
1630270,Xavier Sneed,1610612766,CHA,4.0,12.1,2.5,1.3,0.5,1.5,0.8,0.5,1.0,1.0,1.0,4.3,1.3,0.8,1.3,0.0,1.3,-7.0,0.7312925170068028,0.68,,,,,,,,,,,,,,,,,,,,,,,,,,,,,,,,,,,,,,,,,0.7312925170068028,2022-23
1630284,Kevon Harris,1610612753,ORL,34.0,13.4,3.1,1.4,0.439,1.3,0.5,0.372,1.2,0.9,0.756,4.1,0.5,0.6,2.1,0.8,1.2,0.0,0.5650496141124586,0.532258064516129,7.0,1.4,0.1,0.0,0.0,0.1,0.0,0.0,0.0,0.0,0.0,0.0,0.0,0.0,0.1,0.1,0.0,1.3,0.0,0.0,,,,,,,,,,,,,,,,,,,,,0.19157567782139184,2022-23
1630288,Jeff Dowtin Jr.,1610612761,TOR,25.0,10.3,2.3,1.0,0.439,0.6,0.2,0.313,0.4,0.2,0.667,2.4,1.2,0.2,0.9,0.2,0.7,-0.4,0.48465266558966075,0.47826086956521746,1.0,1.0,0.0,0.0,0.0,0.0,0.0,0.0,0.0,0.0,0.0,0.0,0.0,1.0,2.0,1.0,1.0,1.0,,,,,,,,,,,,,,,,,,,,,,,0.16155088852988692,2022-23
1630322,Lindy Waters III,1610612760,OKC,41.0,12.9,4.3,1.7,0.393,4.0,1.4,0.358,0.5,0.4,0.8,5.2,0.7,0.2,1.8,0.4,1.4,3.3,0.5752212389380532,0.5581395348837209,6.0,0.3,0.0,0.0,0.0,0.0,0.0,0.0,0.0,0.0,0.0,0.0,0.0,0.0,0.0,0.0,0.0,-0.2,,,,,,,,,,,,,,,,,,,,,,,0.19174041297935107,2022-23
1630526,Jeremiah Robinson-Earl,1610612760,OKC,43.0,18.9,5.8,2.6,0.444,2.6,0.9,0.333,1.0,0.8,0.833,6.8,1.0,0.4,4.2,1.7,2.5,-0.2,0.5448717948717948,0.5258620689655173,11.0,2.4,0.5,0.2,0.333,0.3,0.2,0.667,0.0,0.0,0.0,0.5,0.3,0.1,0.6,0.1,0.5,0.7,0.5,0.6000000000000001,,,,,,,,,,,,,,,,,,,,,0.523577954610951,2022-23
1630527,Brandon Boston,1610612746,LAC,22.0,11.3,5.5,2.3,0.418,1.3,0.5,0.414,1.7,1.3,0.763,6.5,0.9,0.5,1.4,0.3,1.0,-2.0,0.5201664532650448,0.4636363636363636,,,,,,,,,,,,,,,,,,,,,1.0,1.0,0.0,0.0,0.0,0.0,0.0,0.0,0.0,0.0,0.0,0.0,0.0,1.0,0.0,0.0,0.0,-2.0,,,0.1300416133162612,2022-23
1630528,Josh Christopher,1610612745,HOU,64.0,12.3,5.1,2.4,0.465,1.4,0.3,0.236,0.9,0.7,0.75,5.8,1.1,0.9,1.1,0.3,0.8,-3.5,0.5276564774381368,0.5,4.0,1.7,0.3,0.3,1.0,0.0,0.0,0.0,0.0,0.0,0.0,0.5,0.0,0.3,0.0,0.0,0.0,0.8,0.8333333333333334,1.0,,,,,,,,,,,,,,,,,,,,,0.7373234009749575,2022-23
1630529,Herbert Jones,1610612740,NOP,66.0,29.6,7.6,3.6,0.469,2.5,0.8,0.335,2.4,1.9,0.764,9.8,2.5,1.3,4.1,1.5,2.6,2.3,0.5660813308687617,0.5263157894736842,29.0,3.7,0.9,0.4,0.44,0.2,0.0,0.143,0.7,0.5,0.7,1.3,0.3,0.2,0.6,0.2,0.4,0.2,0.5380794701986755,0.4444444444444445,,,,,,,,,,,,,,,,,,,,,0.5592555290169706,2022-23
1630530,Trey Murphy III,1610612740,NOP,79.0,31.0,10.1,4.9,0.484,6.3,2.6,0.406,2.4,2.2,0.905,14.5,1.4,0.8,3.6,0.7,2.8,0.5,0.6498745069917534,0.6138613861386139,30.0,3.3,0.9,0.4,0.5,0.6,0.3,0.421,0.5,0.5,0.938,1.6,0.2,0.1,0.3,0.0,0.3,1.9,0.7142857142857143,0.6111111111111112,,,,,,,,,,,,,,,,,,,,,0.7017262029426206,2022-23
1630532,Franz Wagner,1610612753,ORL,80.0,32.6,14.0,6.8,0.485,4.5,1.6,0.361,4.0,3.4,0.842,18.6,3.5,2.1,4.1,0.9,3.2,0.6,0.5901015228426396,0.5428571428571428,41.0,3.2,1.6,0.6,0.388,0.7,0.1,0.2,0.4,0.4,1.0,1.8,0.0,0.2,0.4,0.1,0.3,-1.2,0.5067567567567568,0.40625,,,,,,,,,,,,,,,,,,,,,0.5459669168798061,2022-23
1630533,Ziaire Williams,1610612763,MEM,37.0,15.2,5.3,2.3,0.429,2.6,0.7,0.258,0.6,0.5,0.773,5.7,0.9,1.0,2.1,0.4,1.7,-2.1,0.5122214234363767,0.5,5.0,0.6,0.2,0.0,0.0,0.2,0.0,0.0,0.0,0.0,0.0,0.0,0.0,0.0,0.2,0.0,0.2,-1.0,0.0,0.0,4.0,3.0,1.8,0.5,0.286,0.8,0.3,0.333,0.0,0.0,0.0,1.3,0.5,0.5,0.5,0.0,0.5,-2.3,0.3611111111111111,0.3611111111111111,0.26969937769990004,2022-23
1630534,Ochai Agbaji,1610612762,UTA,59.0,20.5,6.5,2.8,0.427,3.9,1.4,0.355,1.2,0.9,0.812,7.9,1.1,0.7,2.1,0.7,1.3,-0.3,0.5620375640295959,0.5384615384615384,20.0,2.5,1.1,0.5,0.476,0.5,0.2,0.4,0.3,0.3,1.0,1.5,0.1,0.1,0.2,0.1,0.1,2.5,0.6087662337662336,0.5454545454545454,,,,,,,,,,,,,,,,,,,,,0.6101130874411611,2022-23
1630537,Chris Duarte,1610612754,IND,46.0,19.5,7.2,2.7,0.369,3.8,1.2,0.316,1.6,1.3,0.847,7.9,1.4,0.9,2.5,0.4,2.1,-2.5,0.49974696356275305,0.45833333333333337,6.0,0.8,0.2,0.0,0.0,0.0,0.0,0.0,0.0,0.0,0.0,0.0,0.0,0.0,0.0,0.0,0.0,-2.2,0.0,0.0,,,,,,,,,,,,,,,,,,,,,0.1693600989649763,2022-23
1630538,Bones Hyland,1610612746,LAC,56.0,19.4,10.2,4.1,0.399,5.6,2.1,0.371,1.8,1.5,0.843,11.8,3.1,1.5,2.4,0.4,2.1,-2.3,0.5367540029112082,0.5049019607843137,12.0,1.7,0.5,0.3,0.5,0.2,0.0,0.0,0.4,0.3,0.8,0.8,0.4,0.3,0.2,0.0,0.2,-1.1,0.591715976331361,0.6,5.0,16.5,8.8,3.0,0.341,4.0,1.0,0.25,2.0,1.6,0.8,8.6,0.8,0.8,0.8,0.2,0.6,3.2,0.44421487603305776,0.3977272727272727,0.5137070580626837,2022-23
1630539,Kai Jones,1610612766,CHA,46.0,11.9,2.6,1.5,0.558,0.4,0.1,0.211,0.6,0.4,0.731,3.4,0.3,0.7,2.7,0.8,1.9,-0.7,0.5935754189944135,0.5961538461538461,1.0,0.3,0.0,0.0,0.0,0.0,0.0,0.0,0.0,0.0,0.0,0.0,0.0,0.0,0.0,0.0,0.0,-1.0,,,,,,,,,,,,,,,,,,,,,,,0.19785847299813783,2022-23
1630540,Miles McBride,1610612752,NYK,64.0,11.9,3.4,1.2,0.358,2.1,0.6,0.299,0.7,0.4,0.667,3.5,1.1,0.4,0.8,0.2,0.6,0.8,0.4719525350593312,0.4411764705882353,5.0,1.4,0.8,0.2,0.25,0.6,0.2,0.333,0.8,0.6,0.75,1.2,0.0,0.0,0.0,0.0,0.0,-0.8,0.5208333333333333,0.37500000000000006,8.0,2.5,0.5,0.1,0.25,0.4,0.1,0.333,0.0,0.0,0.0,0.4,0.1,0.0,0.3,0.0,0.3,-1.1,0.4,0.30000000000000004,0.47579927871211847,2022-23
1630541,Moses Moody,1610612744,GSW,63.0,13.0,3.6,1.7,0.476,2.1,0.8,0.363,0.8,0.6,0.698,4.8,0.8,0.5,1.7,0.4,1.2,-0.1,0.6072874493927125,0.5833333333333334,6.0,1.7,0.5,0.3,0.667,0.5,0.3,0.667,0.0,0.0,0.0,1.0,0.0,0.0,0.2,0.0,0.2,-2.3,1.0,0.8999999999999999,12.0,13.4,3.6,1.9,0.535,1.8,1.1,0.591,1.0,0.9,0.917,5.8,0.7,0.2,2.6,0.6,2.0,-1.2,0.7178217821782178,0.6805555555555556,0.8073476882062585,2022-23
1630543,Isaiah Jackson,1610612754,IND,63.0,16.5,5.0,2.8,0.563,0.2,0.0,0.143,2.3,1.5,0.651,7.2,0.8,0.8,4.5,1.8,2.7,-2.0,0.5988023952095808,0.5599999999999999,7.0,1.6,0.1,0.1,1.0,0.0,0.0,0.0,0.0,0.0,0.0,0.3,0.0,0.0,0.1,0.0,0.1,1.0,1.4999999999999998,1.0,,,,,,,,,,,,,,,,,,,,,1.2016007984027934,2022-23
1630544,Tre Mann,1610612760,OKC,67.0,17.7,7.5,2.9,0.393,3.8,1.2,0.315,0.8,0.6,0.764,7.7,1.8,0.9,2.3,0.4,1.9,0.9,0.4903209373408049,0.4666666666666667,8.0,3.0,1.8,0.4,0.214,0.5,0.0,0.0,0.0,0.0,0.0,0.8,0.0,0.0,0.8,0.0,0.8,2.6,0.22222222222222224,0.22222222222222224,,,,,,,,,,,,,,,,,,,,,0.33558846059188313,2022-23
1630547,James Bouknight,1610612766,CHA,34.0,15.2,5.7,2.0,0.358,3.2,1.0,0.303,0.9,0.6,0.667,5.6,1.2,0.9,2.1,0.2,1.9,-2.9,0.45931758530183725,0.43859649122807015,2.0,0.6,0.0,0.0,0.0,0.0,0.0,0.0,0.0,0.0,0.0,0.0,0.0,0.0,0.0,0.0,0.0,-0.5,,,,,,,,,,,,,,,,,,,,,,,0.15310586176727908,2022-23
1630548,Johnny Juzang,1610612762,UTA,18.0,12.9,5.8,1.9,0.337,3.5,0.8,0.238,0.2,0.1,0.5,4.8,0.4,0.2,2.2,0.4,1.7,-4.8,0.4076086956521739,0.396551724137931,,,,,,,,,,,,,,,,,,,,,,,,,,,,,,,,,,,,,,,,,0.4076086956521739,2022-23
1630549,Day'Ron Sharpe,1610612751,BKN,48.0,11.5,3.6,1.9,0.544,0.2,0.1,0.545,1.1,0.7,0.636,4.7,0.8,0.9,4.2,2.1,2.1,-2.1,0.5754162585700293,0.5416666666666666,8.0,0.8,0.1,0.0,0.0,0.0,0.0,0.0,0.0,0.0,0.0,0.0,0.0,0.0,0.0,0.0,0.0,-0.5,0.0,0.0,2.0,9.8,1.5,1.0,0.667,0.0,0.0,0.0,1.0,1.0,1.0,3.0,2.5,1.0,3.0,1.0,2.0,-4.5,0.7731958762886598,0.6666666666666666,0.48527842568300766,2022-23
1630550,JT Thor,1610612766,CHA,69.0,14.0,3.4,1.4,0.399,1.8,0.6,0.317,0.7,0.5,0.702,3.8,0.5,0.6,2.2,0.5,1.7,-2.4,0.5124056094929882,0.5,5.0,1.6,0.4,0.0,0.0,0.4,0.0,0.0,0.8,0.2,0.25,0.2,0.0,0.2,0.2,0.0,0.2,0.0,0.13297872340425532,0.0,,,,,,,,,,,,,,,,,,,,,0.27121905797939233,2022-23
1630552,Jalen Johnson,1610612737,ATL,70.0,14.9,4.6,2.3,0.491,1.5,0.4,0.288,1.1,0.7,0.628,5.6,1.2,0.6,4.0,0.7,3.3,-0.1,0.5507474429583006,0.5434782608695653,12.0,0.8,0.3,0.0,0.0,0.2,0.0,0.0,0.0,0.0,0.0,0.0,0.1,0.0,0.3,0.2,0.1,-1.4,0.0,0.0,6.0,9.3,4.0,1.7,0.417,1.8,0.7,0.364,0.3,0.3,1.0,4.3,1.3,0.8,2.5,0.3,2.2,-0.5,0.5203291384317522,0.5125,0.3584775488379432,2022-23
1630553,Keon Johnson,1610612757,POR,40.0,10.4,4.5,1.7,0.376,2.0,0.7,0.346,1.0,0.7,0.659,4.7,1.5,1.1,1.1,0.3,0.8,-3.8,0.4757085020242915,0.4555555555555555,5.0,2.0,0.8,0.2,0.25,0.6,0.0,0.0,0.0,0.0,0.0,0.4,0.0,0.0,0.2,0.0,0.2,-2.4,0.25,0.25,,,,,,,,,,,,,,,,,,,,,0.3430139451152577,2022-23
1630556,Kessler Edwards,1610612758,SAC,36.0,10.7,2.6,1.0,0.387,1.5,0.5,0.309,0.4,0.3,0.733,2.8,0.6,0.4,1.7,0.6,1.1,0.1,0.5043227665706052,0.4807692307692307,8.0,1.5,0.4,0.1,0.333,0.3,0.1,0.5,0.3,0.1,0.5,0.5,0.3,0.1,0.1,0.0,0.1,-1.1,0.4699248120300752,0.37500000000000006,6.0,1.2,0.0,0.0,0.0,0.0,0.0,0.0,0.0,0.0,0.0,0.0,0.0,0.0,0.2,0.0,0.2,0.8,,,0.25608001381715745,2022-23
1630557,Corey Kispert,1610612764,WAS,74.0,28.3,7.9,3.9,0.497,5.2,2.2,0.424,1.2,1.0,0.852,11.1,1.2,0.7,2.8,0.4,2.4,-1.7,0.6585192216421452,0.6329113924050632,28.0,2.9,0.3,0.0,0.0,0.3,0.0,0.0,0.1,0.1,1.0,0.1,0.1,0.0,0.3,0.1,0.2,-1.1,0.14534883720930233,0.0,,,,,,,,,,,,,,,,,,,,,0.32020310037419963,2022-23
1630558,Davion Mitchell,1610612758,SAC,80.0,18.1,5.0,2.3,0.454,2.5,0.8,0.32,0.4,0.3,0.806,5.6,2.3,0.8,1.3,0.2,1.1,0.0,0.5409582689335394,0.5399999999999999,31.0,1.5,0.4,0.2,0.636,0.2,0.1,0.333,0.0,0.0,0.0,0.5,0.1,0.0,0.1,0.0,0.1,-0.6,0.625,0.625,7.0,20.0,6.6,2.7,0.413,3.9,1.0,0.259,0.9,0.7,0.833,7.1,1.7,0.9,1.3,0.4,0.9,-3.3,0.5074328187535735,0.4848484848484849,0.5602094541974433,2022-23
1630559,Austin Reaves,1610612747,LAL,64.0,28.8,7.7,4.0,0.529,3.4,1.3,0.398,4.1,3.6,0.864,13.0,3.4,1.5,3.0,0.5,2.5,3.3,0.6839225589225589,0.6038961038961039,28.0,3.2,0.5,0.3,0.692,0.2,0.1,0.5,0.8,0.6,0.81,1.4,0.3,0.1,0.1,0.0,0.1,1.0,0.8215962441314553,0.7,16.0,36.2,12.1,5.6,0.464,5.5,2.4,0.443,3.6,3.2,0.895,16.9,4.6,1.6,4.4,1.3,3.2,4.6,0.617509500146156,0.5619834710743802,0.7031007644299861,2022-23
1630560,Cam Thomas,1610612751,BKN,57.0,16.6,8.0,3.5,0.441,2.3,0.9,0.383,3.1,2.6,0.868,10.6,1.4,1.1,1.7,0.1,1.5,-0.1,0.5659974369927381,0.49375,11.0,2.7,1.8,1.1,0.6,0.3,0.1,0.333,1.7,1.5,0.842,3.7,0.0,0.2,0.5,0.1,0.4,-0.3,0.7260596546310832,0.638888888888889,2.0,7.8,3.5,1.5,0.429,1.0,0.0,0.0,0.0,0.0,0.0,3.0,0.5,0.5,0.5,0.0,0.5,-6.5,0.42857142857142855,0.42857142857142855,0.5731385053253859,2022-23
1630563,Joshua Primo,1610612759,SAS,4.0,23.3,6.5,2.3,0.346,3.0,0.8,0.25,2.3,1.8,0.778,7.0,4.5,2.8,3.3,0.5,2.8,-0.5,0.46592119275825344,0.41538461538461535,,,,,,,,,,,,,,,,,,,,,,,,,,,,,,,,,,,,,,,,,0.46592119275825344,2022-23
1630564,RaiQuan Gray,1610612751,BKN,1.0,35.1,12.0,6.0,0.5,5.0,2.0,0.4,2.0,2.0,1.0,16.0,7.0,4.0,9.0,3.0,6.0,-14.0,0.6211180124223602,0.5833333333333334,,,,,,,,,,,,,,,,,,,,,,,,,,,,,,,,,,,,,,,,,0.6211180124223602,2022-23
1630567,Scottie Barnes,1610612761,TOR,77.0,34.8,13.2,6.0,0.456,2.9,0.8,0.281,3.2,2.5,0.772,15.3,4.8,2.0,6.6,2.3,4.3,2.3,0.5236856516977,0.4848484848484849,39.0,3.4,1.1,0.6,0.545,0.2,0.1,0.333,0.4,0.4,0.938,1.7,0.4,0.2,0.5,0.3,0.3,-0.1,0.6661442006269592,0.5909090909090908,,,,,,,,,,,,,,,,,,,,,0.6269913509832415,2022-23
1630570,Trendon Watford,1610612757,POR,62.0,19.1,5.2,2.9,0.56,1.0,0.4,0.391,1.6,1.2,0.72,7.4,2.1,1.1,3.8,0.7,3.2,-2.9,0.6266937669376694,0.5961538461538461,8.0,2.2,0.6,0.5,0.8,0.1,0.1,1.0,0.0,0.0,0.0,1.1,0.3,0.1,0.9,0.3,0.6,1.6,0.9166666666666667,0.9166666666666667,,,,,,,,,,,,,,,,,,,,,0.8315474949599102,2022-23
1630572,Sandro Mamukelashvili,1610612759,SAS,43.0,15.3,5.3,2.3,0.422,2.3,0.7,0.303,1.3,0.9,0.684,6.1,1.4,0.8,4.3,1.6,2.7,-2.7,0.5194141689373297,0.5,3.0,2.8,1.3,0.7,0.5,1.0,0.7,0.667,0.0,0.0,0.0,2.0,0.0,0.0,0.3,0.3,0.0,-2.7,0.7692307692307692,0.8076923076923075,,,,,,,,,,,,,,,,,,,,,0.7104868710151205,2022-23
1630573,Sam Hauser,1610612738,BOS,80.0,16.1,5.0,2.3,0.455,4.2,1.8,0.418,0.2,0.2,0.706,6.4,0.9,0.4,2.6,0.4,2.1,2.7,0.6289308176100629,0.6399999999999999,7.0,1.5,0.6,0.1,0.25,0.4,0.1,0.333,0.0,0.0,0.0,0.4,0.0,0.0,0.4,0.1,0.3,-0.6,0.33333333333333337,0.25000000000000006,15.0,6.9,1.9,0.7,0.345,1.6,0.5,0.333,0.1,0.1,1.0,2.0,0.3,0.0,1.1,0.3,0.8,1.7,0.51440329218107,0.5,0.48513456013425654,2022-23
1630577,Julian Champagnie,1610612759,SAS,17.0,18.8,7.6,3.5,0.454,4.8,1.9,0.402,1.0,0.8,0.824,9.7,0.6,0.6,3.5,0.6,2.9,-4.4,0.6032338308457712,0.5855263157894738,3.0,4.8,0.7,0.0,0.0,0.3,0.0,0.0,0.0,0.0,0.0,0.0,0.0,0.0,0.7,0.0,0.7,4.3,0.0,0.0,,,,,,,,,,,,,,,,,,,,,0.21028846992983463,2022-23
1630578,Alperen Sengun,1610612745,HOU,75.0,28.9,10.7,5.9,0.553,0.8,0.3,0.333,3.8,2.7,0.715,14.8,3.9,2.6,9.0,3.2,5.8,-3.8,0.5981247979308115,0.5654205607476637,29.0,2.7,0.7,0.2,0.333,0.0,0.0,0.0,0.6,0.3,0.625,0.8,0.2,0.3,0.7,0.4,0.3,-0.4,0.4149377593360996,0.28571428571428575,,,,,,,,,,,,,,,,,,,,,0.4825421616084919,2022-23
1630579,Jericho Sims,1610612752,NYK,52.0,15.6,2.1,1.6,0.776,0.0,0.0,0.0,0.3,0.2,0.75,3.4,0.5,0.5,4.7,1.9,2.8,-2.2,0.7616487455197132,0.7619047619047619,9.0,3.3,0.4,0.4,1.0,0.0,0.0,0.0,0.1,0.1,1.0,1.0,0.0,0.1,0.9,0.4,0.4,-1.6,1.1261261261261262,1.0,,,,,,,,,,,,,,,,,,,,,1.0236812849625372,2022-23
1630581,Josh Giddey,1610612760,OKC,76.0,31.1,14.7,7.1,0.482,3.1,1.0,0.325,1.9,1.4,0.731,16.6,6.2,2.8,7.9,1.9,5.9,-1.4,0.5342430484037076,0.5170068027210885,36.0,3.2,1.4,0.6,0.392,0.4,0.1,0.143,0.3,0.2,0.667,1.3,0.3,0.2,1.2,0.4,0.8,-0.8,0.42428198433420367,0.46428571428571436,,,,,,,,,,,,,,,,,,,,,0.4704594818805333,2022-23
1630583,Santi Aldama,1610612763,MEM,77.0,21.8,6.8,3.2,0.47,3.5,1.2,0.353,1.9,1.4,0.75,9.0,1.3,0.8,4.8,1.1,3.7,1.2,0.5893137768465165,0.5588235294117647,14.0,2.1,0.1,0.0,0.0,0.1,0.0,0.0,0.2,0.1,0.667,0.1,0.1,0.1,0.2,0.1,0.1,0.1,0.26595744680851063,0.0,6.0,16.8,5.5,2.5,0.455,2.5,1.2,0.467,0.3,0.3,1.0,6.5,1.2,0.3,4.3,1.2,3.2,-6.3,0.5770596590909092,0.5636363636363636,0.47687186285778876,2022-23
1630586,Usman Garuba,1610612745,HOU,75.0,12.9,2.4,1.1,0.486,0.8,0.3,0.407,0.6,0.4,0.617,3.0,0.9,0.6,4.1,1.6,2.5,-3.4,0.5630630630630631,0.5208333333333334,6.0,2.6,0.3,0.3,1.0,0.2,0.2,1.0,0.3,0.0,0.0,0.8,0.0,0.2,0.8,0.3,0.5,-1.8,0.925925925925926,1.3333333333333335,,,,,,,,,,,,,,,,,,,,,0.8174716382997633,2022-23
1630587,Isaiah Livers,1610612765,DET,52.0,23.1,5.5,2.3,0.417,3.9,1.4,0.365,0.8,0.6,0.821,6.7,0.8,0.6,2.8,0.5,2.2,-3.9,0.5724538619275461,0.5454545454545454,19.0,2.4,0.6,0.1,0.182,0.3,0.1,0.167,0.0,0.0,0.0,0.3,0.0,0.1,0.4,0.0,0.4,-1.8,0.25,0.25000000000000006,,,,,,,,,,,,,,,,,,,,,0.3683937115496228,2022-23
1630591,Jalen Suggs,1610612753,ORL,53.0,23.5,8.4,3.5,0.419,3.8,1.2,0.327,2.2,1.6,0.723,9.9,2.9,1.8,3.0,1.0,2.0,-0.8,0.5283945345858241,0.488095238095238,16.0,3.2,1.2,0.4,0.368,0.8,0.3,0.385,0.6,0.6,0.9,1.8,0.3,0.3,0.3,0.1,0.1,-2.8,0.6147540983606558,0.45833333333333337,,,,,,,,,,,,,,,,,,,,,0.6002532913863922,2022-23
1630593,McKinley Wright IV,1610612742,DAL,27.0,12.4,3.6,1.7,0.469,1.0,0.3,0.321,0.7,0.5,0.684,4.2,2.1,0.7,1.7,0.3,1.4,-4.1,0.5373592630501536,0.5138888888888888,1.0,3.4,5.0,3.0,0.6,2.0,0.0,0.0,0.0,0.0,0.0,6.0,0.0,0.0,0.0,0.0,0.0,-2.0,0.6,0.6,,,,,,,,,,,,,,,,,,,,,0.6791197543500511,2022-23
1630595,Cade Cunningham,1610612765,DET,12.0,33.3,18.7,7.8,0.415,5.1,1.4,0.279,3.6,3.0,0.837,19.9,6.0,3.3,6.2,1.0,5.2,-5.0,0.49053441135870635,0.4545454545454546,4.0,4.2,3.3,0.5,0.154,0.5,0.0,0.0,0.8,0.8,1.0,1.8,1.3,0.0,1.0,0.0,1.0,1.8,0.24644030668127057,0.15151515151515152,,,,,,,,,,,,,,,,,,,,,0.3454520670630015,2022-23
1630596,Evan Mobley,1610612739,CLE,79.0,34.4,12.0,6.6,0.554,1.3,0.3,0.216,3.8,2.6,0.674,16.2,2.8,1.8,9.0,2.4,6.6,4.3,0.5924517261556466,0.5625,43.0,3.4,0.7,0.5,0.656,0.1,0.0,0.4,0.4,0.2,0.471,1.2,0.1,0.1,0.8,0.3,0.5,0.1,0.684931506849315,0.7142857142857143,5.0,37.5,9.6,4.4,0.458,0.2,0.0,0.0,1.6,1.0,0.625,9.8,2.0,2.4,10.0,3.0,7.0,-0.8,0.47554347826086957,0.45833333333333337,0.5706575291056614,2022-23
1630598,Aaron Wiggins,1610612760,OKC,70.0,18.5,5.2,2.7,0.512,1.7,0.7,0.393,1.0,0.8,0.831,6.8,1.1,0.8,3.0,1.0,2.0,0.1,0.602836879432624,0.5865384615384616,21.0,1.6,0.1,0.0,0.333,0.0,0.0,0.0,0.0,0.0,0.0,0.1,0.1,0.1,0.2,0.1,0.1,0.5,0.5,0.0,,,,,,,,,,,,,,,,,,,,,0.5362020367335818,2022-23
1630613,Duane Washington Jr.,1610612752,NYK,31.0,12.7,8.3,3.0,0.367,3.6,1.3,0.36,0.8,0.5,0.667,7.9,2.0,1.1,1.2,0.1,1.1,-0.2,0.4565418400369856,0.4397590361445783,,,,,,,,,,,,,,,,,,,,,,,,,,,,,,,,,,,,,,,,,0.4565418400369856,2022-23
1630631,Jose Alvarado,1610612740,NOP,61.0,21.5,8.0,3.3,0.411,4.0,1.4,0.336,1.3,1.1,0.813,9.0,3.0,1.3,2.3,0.5,1.9,1.7,0.5249650023331779,0.5,13.0,2.9,0.7,0.3,0.444,0.3,0.2,0.5,0.0,0.0,0.0,0.8,0.2,0.2,0.1,0.0,0.1,0.8,0.5714285714285715,0.5714285714285715,,,,,,,,,,,,,,,,,,,,,0.5646907150623465,2022-23
1630643,Jay Huff,1610612764,WAS,7.0,13.6,3.6,2.1,0.6,1.7,0.9,0.5,2.3,2.1,0.938,7.3,1.4,0.7,3.0,0.9,2.1,-1.0,0.7914137033824804,0.7083333333333334,,,,,,,,,,,,,,,,,,,,,,,,,,,,,,,,,,,,,,,,,0.7914137033824804,2022-23
1630644,Mac McClung,1610612755,PHI,2.0,20.5,10.0,4.5,0.45,5.5,2.0,0.364,2.5,1.5,0.6,12.5,4.5,1.5,5.0,1.5,3.5,9.0,0.5630630630630631,0.55,,,,,,,,,,,,,,,,,,,,,,,,,,,,,,,,,,,,,,,,,0.5630630630630631,2022-23
1630647,Eugene Omoruyi,1610612765,DET,40.0,16.1,5.7,2.5,0.443,2.2,0.6,0.281,1.9,1.3,0.68,7.0,0.7,0.9,2.8,1.1,1.7,-1.0,0.5354957160342717,0.49122807017543857,5.0,3.0,0.4,0.2,0.5,0.2,0.0,0.0,0.4,0.2,0.5,0.6,0.2,0.0,0.6,0.2,0.4,-2.2,0.5208333333333333,0.5,,,,,,,,,,,,,,,,,,,,,0.5327383380920641,2022-23
1630688,Ish Wainright,1610612756,PHX,60.0,15.3,3.8,1.4,0.37,2.9,1.0,0.329,0.5,0.4,0.839,4.2,0.9,0.4,2.3,0.8,1.6,1.5,0.5223880597014926,0.5,11.0,1.3,0.5,0.2,0.4,0.4,0.2,0.5,0.0,0.0,0.0,0.5,0.1,0.0,0.1,0.0,0.1,-0.6,0.5,0.6000000000000001,6.0,3.5,0.7,0.2,0.25,0.7,0.2,0.25,0.0,0.0,0.0,0.5,0.0,0.0,0.2,0.0,0.2,-1.2,0.35714285714285715,0.42857142857142866,0.44546066658839023,2022-23
1630692,Jordan Goodwin,1610612764,WAS,62.0,17.8,5.7,2.5,0.448,1.9,0.6,0.322,1.1,0.9,0.768,6.6,2.7,0.9,3.3,0.9,2.4,-1.9,0.5336351875808538,0.49122807017543857,15.0,1.6,0.2,0.1,0.667,0.0,0.0,0.0,0.1,0.1,1.0,0.3,0.1,0.1,0.3,0.0,0.3,-1.9,0.6147540983606556,0.5,,,,,,,,,,,,,,,,,,,,,0.591223233363264,2022-23
1630696,Dru Smith,1610612751,BKN,15.0,10.6,3.0,1.2,0.4,1.3,0.3,0.263,0.2,0.2,1.0,2.9,1.5,0.2,1.6,0.1,1.5,-1.9,0.4695595854922279,0.44999999999999996,2.0,1.2,0.0,0.0,0.0,0.0,0.0,0.0,0.0,0.0,0.0,0.0,0.0,0.0,0.5,0.0,0.5,-2.0,,,,,,,,,,,,,,,,,,,,,,,0.15651986183074265,2022-23
1630699,MarJon Beauchamp,1610612749,MIL,52.0,13.5,4.7,1.8,0.395,2.7,0.9,0.331,0.7,0.5,0.73,5.1,0.7,0.9,2.2,0.7,1.5,-1.9,0.509185303514377,0.4787234042553191,1.0,4.3,0.0,0.0,0.0,0.0,0.0,0.0,0.0,0.0,0.0,0.0,0.0,0.0,2.0,1.0,1.0,4.0,,,2.0,2.6,1.5,1.0,0.667,0.5,0.5,1.0,0.0,0.0,0.0,2.5,0.0,0.0,0.5,0.0,0.5,0.0,0.8333333333333334,0.8333333333333334,0.5015308839190628,2022-23
1630700,Dyson Daniels,1610612740,NOP,59.0,17.7,3.5,1.5,0.418,1.5,0.5,0.314,0.7,0.4,0.65,3.8,2.3,1.0,3.2,0.6,2.6,-0.1,0.4989495798319328,0.5,9.0,2.2,0.3,0.2,0.667,0.1,0.0,0.0,0.2,0.0,0.0,0.4,0.4,0.1,0.6,0.2,0.3,0.1,0.5154639175257733,0.6666666666666667,,,,,,,,,,,,,,,,,,,,,0.5185305668634728,2022-23
1630702,Jaden Hardy,1610612742,DAL,48.0,14.8,6.9,3.0,0.438,3.3,1.3,0.404,1.6,1.4,0.823,8.8,1.4,1.0,1.9,0.2,1.6,-0.7,0.5786428195686482,0.5289855072463767,9.0,2.3,1.1,0.3,0.3,0.2,0.2,1.0,0.9,0.7,0.75,1.6,0.0,0.1,0.2,0.1,0.1,-1.9,0.5347593582887701,0.36363636363636365,,,,,,,,,,,,,,,,,,,,,0.565329207698593,2022-23
1630846,Olivier Sarr,1610612760,OKC,9.0,12.6,3.3,1.7,0.5,0.9,0.1,0.125,0.8,0.6,0.714,4.0,0.4,0.4,3.4,1.3,2.1,1.6,0.547645125958379,0.5303030303030303,,,,,,,,,,,,,,,,,,,,,,,,,,,,,,,,,,,,,,,,,0.547645125958379,2022-23
1631093,Jaden Ivey,1610612765,DET,74.0,31.1,13.3,5.5,0.416,4.7,1.6,0.343,4.8,3.6,0.747,16.3,5.2,3.2,3.9,1.0,2.9,-8.7,0.52880872047755,0.47368421052631576,28.0,3.5,1.4,0.6,0.436,0.6,0.3,0.389,0.9,0.6,0.75,2.1,0.3,0.3,0.3,0.1,0.2,-1.0,0.5846325167037862,0.5357142857142857,,,,,,,,,,,,,,,,,,,,,0.5765509004170564,2022-23
1631094,Paolo Banchero,1610612753,ORL,72.0,33.7,15.6,6.7,0.427,4.0,1.2,0.298,7.4,5.5,0.738,20.0,3.7,2.8,6.9,1.2,5.7,-3.0,0.5303351718285956,0.46794871794871795,40.0,3.4,1.5,0.6,0.414,0.3,0.1,0.364,1.2,1.0,0.848,2.3,0.2,0.1,0.6,0.2,0.5,-0.8,0.5670611439842208,0.43333333333333335,,,,,,,,,,,,,,,,,,,,,0.5644345378804474,2022-23
1631095,Jabari Smith Jr.,1610612745,HOU,79.0,31.0,11.3,4.6,0.408,4.9,1.5,0.307,2.6,2.1,0.786,12.8,1.3,1.3,7.2,1.5,5.7,-7.0,0.5143040822886532,0.4734513274336283,34.0,3.5,1.2,0.3,0.25,0.7,0.2,0.25,0.6,0.5,0.762,1.2,0.1,0.1,0.9,0.1,0.8,-1.4,0.4098360655737705,0.33333333333333337,,,,,,,,,,,,,,,,,,,,,0.45527820683767367,2022-23
1631097,Bennedict Mathurin,1610612754,IND,78.0,28.5,12.2,5.3,0.434,4.0,1.3,0.323,5.8,4.8,0.828,16.7,1.5,1.9,4.1,1.1,3.0,-2.3,0.5660249457700651,0.4877049180327869,35.0,2.9,1.1,0.3,0.316,0.5,0.1,0.118,0.7,0.5,0.739,1.2,0.0,0.2,0.4,0.2,0.2,-0.5,0.4261363636363636,0.3181818181818181,,,,,,,,,,,,,,,,,,,,,0.481782284456148,2022-23
1631098,Johnny Davis,1610612764,WAS,28.0,15.1,6.1,2.4,0.386,2.5,0.6,0.243,1.0,0.5,0.519,5.8,1.0,0.6,2.3,0.4,2.0,-1.9,0.4434250764525994,0.4426229508196721,2.0,3.4,2.5,0.0,0.0,2.0,0.0,0.0,0.0,0.0,0.0,0.0,0.0,0.0,0.0,0.0,0.0,-6.0,0.0,0.0,,,,,,,,,,,,,,,,,,,,,0.18879196536819154,2022-23
1631099,Keegan Murray,1610612758,SAC,80.0,29.8,9.8,4.4,0.453,6.3,2.6,0.411,1.0,0.8,0.765,12.2,1.2,0.8,4.6,1.1,3.5,1.2,0.595703125,0.5816326530612245,29.0,3.3,0.6,0.2,0.375,0.3,0.2,0.6,0.0,0.0,0.0,0.6,0.1,0.0,0.8,0.3,0.5,1.5,0.5,0.5000000000000001,7.0,27.7,8.3,3.7,0.448,4.6,1.7,0.375,0.9,0.6,0.667,9.7,0.7,0.6,6.3,2.1,4.1,-1.7,0.5577276908923642,0.5481927710843373,0.5509368152584825,2022-23
1631100,AJ Griffin,1610612737,ATL,72.0,19.5,7.4,3.4,0.465,3.6,1.4,0.39,0.7,0.6,0.894,8.9,1.0,0.6,2.1,0.5,1.6,0.9,0.577322262584328,0.554054054054054,12.0,2.6,1.2,0.6,0.5,0.4,0.0,0.0,0.0,0.0,0.0,1.2,0.0,0.2,0.3,0.2,0.2,0.3,0.5,0.5,,,,,,,,,,,,,,,,,,,,,0.5419903037421341,2022-23
1631101,Shaedon Sharpe,1610612757,POR,80.0,22.2,8.1,3.8,0.472,3.5,1.3,0.36,1.3,0.9,0.714,9.9,1.2,1.0,3.0,0.8,2.2,-3.7,0.5708025830258302,0.5493827160493827,6.0,2.2,0.7,0.3,0.5,0.0,0.0,0.0,1.3,1.0,0.75,1.7,0.0,0.3,0.3,0.0,0.3,-3.7,0.6682389937106918,0.4285714285714286,,,,,,,,,,,,,,,,,,,,,0.6444021654566464,2022-23
1631102,TyTy Washington Jr.,1610612745,HOU,31.0,14.0,5.2,1.9,0.363,2.6,0.6,0.238,0.6,0.3,0.556,4.7,1.5,0.5,1.5,0.1,1.4,-1.5,0.43008784773060027,0.423076923076923,3.0,1.9,0.7,0.3,0.5,0.3,0.0,0.0,0.7,0.0,0.0,0.7,0.3,0.0,0.7,0.0,0.7,4.0,0.3472222222222222,0.4285714285714286,,,,,,,,,,,,,,,,,,,,,0.38830563585063127,2022-23
1631103,Malaki Branham,1610612759,SAS,66.0,23.5,9.3,4.1,0.44,3.9,1.2,0.302,1.1,0.9,0.829,10.2,1.9,1.2,2.7,0.4,2.3,-5.5,0.5212591986917415,0.5053763440860214,9.0,3.6,0.9,0.3,0.375,0.2,0.0,0.0,0.7,0.6,0.833,1.2,0.3,0.2,0.6,0.1,0.4,-1.9,0.4966887417218543,0.3333333333333333,,,,,,,,,,,,,,,,,,,,,0.5145563133989483,2022-23
1631104,Blake Wesley,1610612759,SAS,37.0,18.1,5.8,1.9,0.321,1.4,0.5,0.385,1.2,0.7,0.591,5.0,2.6,1.8,2.2,0.3,1.9,-5.4,0.3950695322376739,0.3706896551724138,2.0,1.4,1.0,1.0,1.0,0.5,0.5,1.0,0.0,0.0,0.0,2.5,0.0,0.0,0.0,0.0,0.0,4.5,1.25,1.25,,,,,,,,,,,,,,,,,,,,,0.9822645567199301,2022-23
1631105,Jalen Duren,1610612765,DET,67.0,24.9,5.9,3.9,0.648,0.0,0.0,0.0,2.3,1.4,0.611,9.1,1.1,1.4,8.9,3.4,5.5,-4.2,0.6582754629629629,0.6610169491525423,20.0,3.4,0.8,0.3,0.4,0.0,0.0,0.0,0.5,0.2,0.444,0.8,0.2,0.1,1.4,0.8,0.6,-1.5,0.39215686274509803,0.37499999999999994,,,,,,,,,,,,,,,,,,,,,0.4944223848493198,2022-23
1631106,Tari Eason,1610612745,HOU,82.0,21.6,8.0,3.6,0.448,2.1,0.7,0.343,1.8,1.3,0.752,9.3,1.1,1.2,6.0,2.4,3.7,-1.9,0.5288898999090083,0.49375,14.0,1.6,0.4,0.1,0.167,0.1,0.0,0.0,0.2,0.2,1.0,0.4,0.1,0.1,0.5,0.1,0.4,0.9,0.4098360655737705,0.25,,,,,,,,,,,,,,,,,,,,,0.45452067701822474,2022-23
1631107,Nikola Jović,1610612748,MIA,15.0,13.6,4.6,1.9,0.406,2.3,0.5,0.229,1.3,1.2,0.947,5.5,0.7,0.7,2.1,0.6,1.5,-1.1,0.5317092034029389,0.4673913043478261,,,,,,,,,,,,,,,,,,,,,7.0,1.8,0.6,0.1,0.25,0.3,0.0,0.0,0.0,0.0,0.0,0.3,0.0,0.0,0.7,0.1,0.6,0.6,0.25,0.16666666666666669,0.32042730085073473,2022-23
1631108,Max Christie,1610612747,LAL,41.0,12.5,2.6,1.1,0.415,1.5,0.6,0.419,0.4,0.3,0.875,3.1,0.5,0.3,1.8,0.2,1.7,-1.9,0.55835734870317,0.5384615384615385,5.0,2.9,0.0,0.0,0.0,0.0,0.0,0.0,0.0,0.0,0.0,0.0,0.0,0.0,0.6,0.0,0.6,-1.6,,,9.0,3.7,1.1,0.6,0.5,0.4,0.1,0.25,0.4,0.2,0.5,1.4,0.3,0.0,0.8,0.1,0.7,1.8,0.54858934169279,0.5909090909090908,0.36735422896359,2022-23
1631109,Mark Williams,1610612766,CHA,43.0,19.3,5.8,3.7,0.637,0.0,0.0,0.0,2.3,1.6,0.691,9.0,0.4,0.9,7.1,2.2,4.9,-1.8,0.6605989430416912,0.6379310344827587,8.0,2.7,0.6,0.6,1.0,0.0,0.0,0.0,1.0,0.6,0.625,1.9,0.0,0.0,1.4,0.4,1.0,3.5,0.9134615384615384,1.0,,,,,,,,,,,,,,,,,,,,,0.8395188342393459,2022-23
1631110,Jeremy Sochan,1610612759,SAS,56.0,26.0,9.9,4.5,0.453,2.4,0.6,0.246,2.1,1.4,0.698,11.0,2.5,1.7,5.3,1.7,3.6,-4.2,0.508130081300813,0.4848484848484848,17.0,2.8,0.7,0.2,0.333,0.2,0.1,0.25,0.2,0.2,1.0,0.8,0.2,0.1,0.2,0.1,0.1,-1.2,0.5076142131979696,0.35714285714285715,,,,,,,,,,,,,,,,,,,,,0.5148568763022436,2022-23
1631114,Jalen Williams,1610612760,OKC,75.0,30.3,10.6,5.5,0.521,2.7,1.0,0.356,2.5,2.1,0.812,14.1,3.3,1.6,4.5,1.1,3.4,-0.7,0.6025641025641025,0.5660377358490566,37.0,2.8,0.8,0.4,0.533,0.1,0.0,0.2,0.3,0.2,0.75,1.1,0.2,0.1,0.4,0.1,0.3,-1.2,0.5901287553648069,0.5,,,,,,,,,,,,,,,,,,,,,0.6018210409085143,2022-23
1631115,Orlando Robinson,1610612748,MIA,31.0,13.7,2.9,1.5,0.528,0.2,0.0,0.0,1.0,0.7,0.71,3.7,0.8,0.5,4.1,1.5,2.5,0.9,0.5538922155688624,0.5172413793103449,6.0,3.7,0.7,0.2,0.25,0.3,0.0,0.0,0.0,0.0,0.0,0.3,0.2,0.3,1.2,0.7,0.5,-1.2,0.2142857142857143,0.28571428571428575,,,,,,,,,,,,,,,,,,,,,0.35162581240625634,2022-23
1631117,Walker Kessler,1610612762,UTA,74.0,23.0,5.6,4.0,0.72,0.0,0.0,0.333,2.1,1.1,0.516,9.2,0.9,0.8,8.4,3.1,5.3,1.0,0.7050889025137952,0.7142857142857143,24.0,3.6,0.7,0.5,0.813,0.0,0.0,0.0,0.5,0.3,0.462,1.3,0.1,0.0,1.3,0.7,0.7,1.3,0.7065217391304348,0.7142857142857143,,,,,,,,,,,,,,,,,,,,,0.7185441269226561,2022-23
1631119,Jaylin Williams,1610612760,OKC,49.0,18.7,4.8,2.1,0.436,2.3,0.9,0.407,1.1,0.8,0.704,5.9,1.6,0.8,4.9,0.9,4.0,-1.8,0.5582891748675246,0.5312500000000001,8.0,2.3,0.4,0.3,0.667,0.3,0.1,0.5,0.1,0.1,1.0,0.8,0.0,0.1,0.0,0.0,0.0,-2.0,0.9009009009009009,0.8749999999999999,,,,,,,,,,,,,,,,,,,,,0.795030325554706,2022-23
1631121,Bryce McGowens,1610612766,CHA,46.0,17.1,4.4,1.7,0.396,1.7,0.6,0.325,1.7,1.3,0.75,5.3,1.2,0.9,2.0,0.4,1.6,-3.3,0.5147630147630147,0.45454545454545453,3.0,2.4,0.3,0.0,0.0,0.0,0.0,0.0,0.7,0.7,1.0,0.7,0.0,0.0,0.3,0.0,0.3,-1.0,0.575657894736842,0.0,,,,,,,,,,,,,,,,,,,,,0.5621777832288651,2022-23
1631123,Jamaree Bouyea,1610612748,MIA,5.0,14.1,2.8,1.2,0.429,1.2,0.4,0.333,0.4,0.2,0.5,3.0,0.8,0.8,1.2,0.2,1.0,-3.4,0.5040322580645161,0.5,1.0,0.0,0.0,0.0,0.0,0.0,0.0,0.0,0.0,0.0,0.0,0.0,0.0,0.0,0.0,0.0,0.0,0.0,,,,,,,,,,,,,,,,,,,,,,,0.16801075268817203,2022-23
1631128,Christian Braun,1610612743,DEN,76.0,15.5,3.8,1.9,0.495,1.3,0.4,0.354,0.8,0.5,0.625,4.7,0.8,0.5,2.4,0.6,1.8,-1.5,0.5659922928709056,0.5526315789473685,10.0,1.5,0.2,0.1,0.5,0.1,0.0,0.0,0.4,0.3,0.75,0.5,0.0,0.0,0.2,0.0,0.2,-2.6,0.6648936170212766,0.5,19.0,13.0,2.4,1.3,0.533,0.5,0.1,0.2,1.0,0.6,0.579,3.2,0.6,0.5,2.1,0.6,1.4,-0.4,0.5633802816901409,0.5625000000000001,0.6029165532239987,2022-23
1631132,Christian Koloko,1610612761,TOR,58.0,13.8,2.6,1.2,0.48,0.2,0.0,0.083,1.0,0.6,0.627,3.1,0.5,0.3,2.9,1.4,1.5,2.7,0.5098684210526316,0.4615384615384615,3.0,4.9,0.7,0.7,1.0,0.3,0.3,1.0,1.3,0.7,0.5,2.3,0.0,0.0,2.3,1.3,1.0,3.7,0.9040880503144654,1.2142857142857144,,,,,,,,,,,,,,,,,,,,,0.7996045841399093,2022-23
1631133,Jabari Walker,1610612757,POR,56.0,11.1,3.5,1.5,0.419,1.0,0.3,0.286,0.8,0.6,0.756,3.9,0.6,0.5,2.3,0.9,1.5,-2.1,0.5062305295950156,0.4714285714285714,2.0,3.1,1.0,0.0,0.0,0.0,0.0,0.0,0.0,0.0,0.0,0.0,0.0,0.5,0.5,0.0,0.5,-4.5,0.0,0.0,,,,,,,,,,,,,,,,,,,,,0.1973149384282705,2022-23
1631172,Ousmane Dieng,1610612760,OKC,39.0,14.6,4.6,1.9,0.42,2.5,0.7,0.265,0.6,0.4,0.652,4.9,1.2,0.7,2.7,0.5,2.2,1.0,0.5037006578947368,0.48913043478260876,2.0,2.6,0.5,0.0,0.0,0.5,0.0,0.0,0.0,0.0,0.0,0.0,0.0,0.0,0.5,0.0,0.5,-3.0,0.0,0.0,,,,,,,,,,,,,,,,,,,,,0.17876978451327397,2022-23
1631197,Jared Rhoden,1610612765,DET,14.0,14.1,3.1,1.2,0.386,1.4,0.4,0.25,0.4,0.4,1.0,3.2,0.3,0.2,2.6,0.8,1.9,1.5,0.4884004884004884,0.4516129032258064,,,,,,,,,,,,,,,,,,,,,,,,,,,,,,,,,,,,,,,,,0.4884004884004884,2022-23
1631216,Caleb Houstan,1610612753,ORL,51.0,15.9,3.6,1.3,0.363,2.7,0.9,0.338,0.4,0.3,0.833,3.8,0.6,0.4,1.9,0.7,1.3,-1.6,0.5031779661016949,0.4861111111111111,8.0,0.8,0.3,0.0,0.0,0.3,0.0,0.0,0.0,0.0,0.0,0.0,0.0,0.0,0.3,0.1,0.1,-2.4,0.0,0.0,,,,,,,,,,,,,,,,,,,,,0.17605932203158348,2022-23
1631219,John Butler Jr.,1610612757,POR,19.0,11.6,2.8,0.9,0.321,1.8,0.4,0.229,0.2,0.2,0.75,2.4,0.6,0.1,0.9,0.2,0.7,-3.7,0.4155124653739612,0.3928571428571429,2.0,2.8,1.5,0.5,0.333,1.0,0.5,0.5,0.0,0.0,0.0,1.5,0.5,0.0,0.0,0.0,0.0,-5.0,0.5,0.5,,,,,,,,,,,,,,,,,,,,,0.525408917010283,2022-23
1631222,Jake LaRavia,1610612763,MEM,35.0,11.8,2.7,1.1,0.389,2.0,0.7,0.338,0.3,0.2,0.778,3.0,0.6,0.5,1.8,0.5,1.3,-2.2,0.5296610169491525,0.5370370370370371,2.0,0.4,0.0,0.0,0.0,0.0,0.0,0.0,0.0,0.0,0.0,0.0,0.0,0.0,0.0,0.0,0.0,-0.5,,,,,,,,,,,,,,,,,,,,,,,0.17655367231638416,2022-23
1631223,David Roddy,1610612763,MEM,70.0,18.0,6.0,2.6,0.429,3.0,0.9,0.307,0.9,0.6,0.631,6.7,0.8,0.8,2.8,0.7,2.0,-0.9,0.5237648530331457,0.5083333333333334,12.0,1.9,0.3,0.3,0.75,0.2,0.1,0.5,0.0,0.0,0.0,0.6,0.0,0.2,0.3,0.1,0.2,1.8,1.0,1.1666666666666667,6.0,12.6,4.8,1.3,0.276,3.3,1.0,0.3,0.2,0.2,1.0,3.8,0.7,0.2,2.8,0.7,2.2,-5.3,0.38870703764320785,0.375,0.6199809943262949,2022-23
1631230,Dominick Barlow,1610612759,SAS,28.0,14.6,3.1,1.6,0.535,0.1,0.0,0.0,0.9,0.6,0.72,3.9,0.9,0.5,3.6,1.6,2.0,-3.9,0.5577803203661327,0.5161290322580645,2.0,2.3,0.0,0.0,0.0,0.0,0.0,0.0,1.0,1.0,1.0,1.0,0.5,0.0,0.0,0.0,0.0,4.5,1.1363636363636365,,,,,,,,,,,,,,,,,,,,,,0.9435025310311351,2022-23
1631245,Quenton Jackson,1610612764,WAS,9.0,15.0,4.7,2.1,0.452,1.3,0.1,0.083,2.4,1.9,0.773,6.2,1.7,0.4,0.9,0.2,0.7,-1.9,0.5385684503127172,0.45744680851063824,1.0,2.7,0.0,0.0,0.0,0.0,0.0,0.0,0.0,0.0,0.0,0.0,0.0,0.0,0.0,0.0,0.0,-6.0,,,,,,,,,,,,,,,,,,,,,,,0.17952281677090573,2022-23
1631288,Jamal Cain,1610612748,MIA,18.0,13.3,3.7,2.1,0.561,1.1,0.4,0.35,1.2,0.9,0.773,5.4,0.7,0.3,2.9,0.8,2.1,1.2,0.6385998107852413,0.6216216216216217,2.0,5.2,0.5,0.0,0.0,0.0,0.0,0.0,1.0,1.0,1.0,1.0,0.5,0.0,0.5,0.0,0.5,-2.0,0.5319148936170213,0.0,,,,,,,,,,,,,,,,,,,,,0.5809900461829558,2022-23
1631303,Justin Minaya,1610612757,POR,4.0,22.2,5.8,1.8,0.304,3.0,0.8,0.25,0.3,0.0,0.0,4.3,1.0,1.0,3.8,0.8,3.0,-5.0,0.3624409979770735,0.37931034482758624,2.0,2.8,0.5,0.0,0.0,0.0,0.0,0.0,0.0,0.0,0.0,0.0,0.0,0.0,0.0,0.0,0.0,-5.0,0.0,0.0,,,,,,,,,,,,,,,,,,,,,0.1294343556460439,2022-23
1631323,Simone Fontecchio,1610612762,UTA,52.0,14.7,6.0,2.2,0.369,3.7,1.2,0.33,0.8,0.7,0.795,6.3,0.8,0.8,1.7,0.6,1.1,-3.9,0.49590680100755663,0.46666666666666673,9.0,2.6,1.0,0.2,0.222,0.7,0.1,0.167,0.0,0.0,0.0,0.6,0.3,0.2,0.2,0.1,0.1,0.9,0.3,0.25,,,,,,,,,,,,,,,,,,,,,0.3819689336664077,2022-23
1631367,Jacob Gilyard,1610612763,MEM,1.0,40.8,3.0,1.0,0.333,3.0,1.0,0.333,0.0,0.0,0.0,3.0,7.0,2.0,4.0,0.0,4.0,-13.0,0.5,0.5,,,,,,,,,,,,,,,,,,,,,,,,,,,,,,,,,,,,,,,,,0.5,2022-23
1631466,Nate Williams,1610612757,POR,5.0,25.3,7.8,4.8,0.615,1.6,0.6,0.375,0.6,0.4,0.667,10.6,2.0,0.8,3.0,2.0,1.0,-7.6,0.6572420634920635,0.6538461538461539,1.0,1.0,0.0,0.0,0.0,0.0,0.0,0.0,0.0,0.0,0.0,0.0,0.0,0.0,0.0,0.0,0.0,-3.0,,,,,,,,,,,,,,,,,,,,,,,0.21908068783068782,2022-23
1641645,Xavier Cooks,1610612764,WAS,10.0,12.6,2.8,1.7,0.607,0.1,0.0,0.0,1.0,0.4,0.4,3.8,0.6,0.8,3.8,1.6,2.2,1.9,0.5864197530864198,0.6071428571428572,1.0,3.2,1.0,0.0,0.0,0.0,0.0,0.0,0.0,0.0,0.0,0.0,0.0,0.0,1.0,1.0,0.0,-8.0,0.0,0.0,,,,,,,,,,,,,,,,,,,,,0.23118753673033723,2022-23
2544,LeBron James,1610612747,LAL,71.0,35.3,17.9,9.6,0.54,5.1,2.1,0.41,5.7,4.3,0.75,25.7,8.3,3.5,7.3,0.9,6.4,3.1,0.6296550372402979,0.5949720670391062,28.0,4.1,2.4,1.3,0.529,1.0,0.3,0.259,0.9,0.7,0.731,3.5,0.6,0.5,1.3,0.1,1.1,0.9,0.6258941344778255,0.6041666666666666,5.0,40.8,19.8,11.2,0.566,5.2,2.0,0.385,4.6,3.4,0.739,27.8,8.8,3.8,6.8,0.8,6.0,-2.2,0.6369134897360703,0.6161616161616161,0.6454384504623278,2023-24
101108,Chris Paul,1610612744,GSW,58.0,26.4,8.1,3.6,0.441,3.6,1.3,0.371,0.9,0.7,0.827,9.2,6.8,1.3,3.9,0.3,3.6,1.9,0.5414312617702447,0.5246913580246914,28.0,2.2,0.6,0.3,0.412,0.4,0.1,0.364,0.0,0.0,0.0,0.6,0.4,0.0,0.2,0.1,0.1,0.5,0.5,0.5833333333333334,,,,,,,,,,,,,,,,,,,,,0.5212178279965746,2023-24
200768,Kyle Lowry,1610612755,PHI,60.0,28.2,6.3,2.7,0.432,4.2,1.6,0.392,1.3,1.1,0.84,8.1,4.2,1.4,3.2,0.6,2.7,0.0,0.5893480791618161,0.5555555555555556,25.0,3.0,0.8,0.4,0.429,0.4,0.2,0.364,0.2,0.1,0.5,1.0,0.3,0.1,0.3,0.0,0.3,-0.1,0.5630630630630631,0.625,6.0,29.2,5.3,1.8,0.344,4.0,1.3,0.333,2.5,2.0,0.8,7.0,4.0,0.7,3.5,1.0,2.5,2.8,0.546875,0.4622641509433963,0.5720482802443874,2023-24
200782,P.J. Tucker,1610612746,LAC,31.0,15.7,1.6,0.6,0.36,1.1,0.4,0.371,0.1,0.1,1.0,1.7,0.5,0.3,2.7,0.9,1.8,-0.8,0.5170316301703163,0.5,5.0,2.9,0.0,0.0,0.0,0.0,0.0,0.0,0.0,0.0,0.0,0.0,0.0,0.0,1.2,0.8,0.4,-3.6,,,2.0,15.3,3.0,2.0,0.667,2.0,1.5,0.75,0.0,0.0,0.0,5.5,0.0,1.5,1.5,1.5,0.0,-12.0,0.9166666666666666,0.9166666666666666,0.5445052716950527,2023-24
201142,Kevin Durant,1610612756,PHX,75.0,37.2,19.1,10.0,0.523,5.4,2.2,0.413,5.6,4.8,0.856,27.1,5.0,3.3,6.6,0.5,6.1,3.9,0.6283620849564089,0.5811518324607329,39.0,3.5,2.2,0.8,0.357,0.8,0.3,0.303,0.9,0.7,0.853,2.5,0.3,0.2,0.8,0.1,0.7,-0.3,0.4815100154083205,0.4318181818181818,4.0,42.1,16.8,9.3,0.552,3.0,1.3,0.417,8.5,7.0,0.824,26.8,3.3,2.5,6.5,0.3,6.3,-17.8,0.6523855890944499,0.5922619047619048,0.6029414717827933,2023-24
201143,Al Horford,1610612738,BOS,65.0,26.8,6.4,3.3,0.511,4.0,1.7,0.419,0.5,0.4,0.867,8.6,2.6,0.7,6.4,1.3,5.1,6.5,0.6495468277945619,0.6484374999999999,21.0,3.4,0.7,0.3,0.429,0.4,0.2,0.5,0.2,0.1,0.75,0.9,0.1,0.1,0.8,0.3,0.5,2.5,0.5710659898477158,0.5714285714285715,19.0,30.3,7.3,3.5,0.478,5.0,1.8,0.368,0.6,0.4,0.636,9.2,2.1,0.6,7.0,1.8,5.2,7.4,0.6081438392384981,0.6027397260273973,0.6136225541992056,2023-24
201144,Mike Conley,1610612750,MIN,76.0,28.9,8.5,3.9,0.457,5.3,2.4,0.442,1.5,1.3,0.911,11.4,5.9,1.3,2.9,0.5,2.4,3.6,0.6222707423580787,0.6,30.0,3.7,1.0,0.4,0.414,0.6,0.2,0.316,0.2,0.2,0.833,1.2,0.4,0.1,0.4,0.1,0.4,-0.4,0.551470588235294,0.5,15.0,31.6,9.7,4.1,0.428,5.1,2.0,0.395,1.9,1.3,0.714,11.6,5.7,1.3,3.9,0.7,3.2,3.9,0.5504935459377372,0.5257731958762887,0.5745467986546153,2023-24
201145,Jeff Green,1610612745,HOU,78.0,16.8,4.7,2.1,0.456,2.1,0.7,0.331,1.9,1.6,0.819,6.5,0.9,0.6,2.3,0.6,1.7,-1.0,0.5870664739884393,0.5212765957446809,20.0,1.9,0.4,0.1,0.143,0.3,0.0,0.0,0.2,0.1,0.667,0.2,0.1,0.0,0.3,0.1,0.2,-1.3,0.20491803278688525,0.25,,,,,,,,,,,,,,,,,,,,,0.3408114848167982,2023-24
201152,Thaddeus Young,1610612756,PHX,33.0,13.3,3.3,2.0,0.602,0.2,0.0,0.143,0.5,0.2,0.4,4.2,1.7,0.5,3.1,1.4,1.7,-1.2,0.5965909090909091,0.6060606060606061,6.0,1.6,0.3,0.2,0.5,0.0,0.0,0.0,0.0,0.0,0.0,0.3,0.0,0.0,0.2,0.0,0.2,-1.8,0.5,0.6666666666666667,1.0,3.6,0.0,0.0,0.0,0.0,0.0,0.0,0.0,0.0,0.0,0.0,0.0,0.0,0.0,0.0,0.0,-5.0,,,0.2751893939366391,2023-24
201565,Derrick Rose,1610612763,MEM,24.0,16.6,6.9,3.2,0.461,1.7,0.6,0.366,1.1,1.0,0.889,8.0,3.3,1.3,1.9,0.3,1.6,-1.4,0.5417118093174431,0.5072463768115941,1.0,2.1,1.0,1.0,1.0,0.0,0.0,0.0,0.0,0.0,0.0,2.0,0.0,1.0,1.0,0.0,1.0,-4.0,1.0,1.0,,,,,,,,,,,,,,,,,,,,,0.8617300233935691,2023-24
201566,Russell Westbrook,1610612746,LAC,68.0,22.5,9.8,4.4,0.454,2.3,0.6,0.273,2.4,1.6,0.688,11.1,4.5,2.1,5.0,1.4,3.7,1.5,0.5112380250552688,0.47959183673469385,18.0,2.3,0.6,0.2,0.273,0.1,0.0,0.0,0.6,0.4,0.7,0.7,0.4,0.0,0.5,0.1,0.4,1.1,0.40509259259259256,0.33333333333333337,6.0,19.0,8.3,2.2,0.26,2.8,0.7,0.235,2.2,1.3,0.615,6.3,1.7,1.7,4.2,1.0,3.2,0.2,0.3398791540785498,0.3072289156626506,0.3962992277249843,2023-24
201567,Kevin Love,1610612748,MIA,55.0,16.8,6.5,2.9,0.44,4.4,1.5,0.344,2.0,1.5,0.787,8.8,2.1,0.9,6.1,1.1,5.1,2.0,0.5962059620596206,0.5615384615384615,10.0,1.5,0.4,0.2,0.5,0.3,0.1,0.333,0.0,0.0,0.0,0.5,0.0,0.1,0.4,0.1,0.3,-0.5,0.625,0.625,5.0,6.4,1.8,0.8,0.444,0.8,0.2,0.25,0.0,0.0,0.0,1.8,0.8,0.4,2.8,0.2,2.6,-6.8,0.5,0.5,0.5638548398295028,2023-24
201568,Danilo Gallinari,1610612749,MIL,49.0,12.8,3.9,1.7,0.437,1.9,0.6,0.323,2.0,1.7,0.857,5.7,1.1,0.5,2.2,0.4,1.8,-2.0,0.5962343096234309,0.5128205128205129,1.0,0.2,1.0,0.0,0.0,1.0,0.0,0.0,0.0,0.0,0.0,0.0,0.0,0.0,0.0,0.0,0.0,-4.0,0.0,0.0,3.0,12.4,2.7,1.3,0.5,0.7,0.0,0.0,1.3,1.0,0.75,3.7,0.7,0.3,3.0,0.3,2.7,-2.0,0.565403422982885,0.48148148148148145,0.40771512206313204,2023-24
201569,Eric Gordon,1610612756,PHX,68.0,27.8,9.1,4.0,0.443,5.8,2.2,0.378,0.9,0.8,0.797,11.0,2.0,1.1,1.8,0.2,1.6,1.9,0.5791912384161753,0.5604395604395604,27.0,3.1,0.6,0.3,0.438,0.4,0.2,0.417,0.1,0.1,0.5,0.8,0.2,0.0,0.1,0.0,0.1,0.1,0.6211180124223603,0.6666666666666667,4.0,29.4,7.0,2.3,0.321,4.3,1.8,0.412,2.0,1.8,0.875,8.0,1.3,1.0,1.8,0.3,1.5,-6.5,0.5076142131979695,0.45714285714285713,0.5639717237351495,2023-24
201572,Brook Lopez,1610612749,MIL,79.0,30.5,9.6,4.6,0.485,5.1,1.9,0.366,1.7,1.4,0.821,12.5,1.6,1.0,5.2,1.5,3.7,3.5,0.6039814456899885,0.578125,37.0,3.3,0.7,0.4,0.481,0.5,0.2,0.5,0.4,0.3,0.769,1.2,0.2,0.1,0.4,0.1,0.3,1.8,0.684931506849315,0.7142857142857143,6.0,33.4,12.5,7.3,0.587,3.8,1.7,0.435,2.5,1.3,0.533,17.7,1.8,1.5,4.3,1.8,2.5,-5.8,0.6507352941176471,0.652,0.6616333902895003,2023-24
201587,Nicolas Batum,1610612755,PHI,60.0,25.5,4.3,1.9,0.453,3.1,1.2,0.395,0.4,0.3,0.714,5.3,2.1,0.7,4.1,1.2,3.0,3.0,0.5920464700625558,0.5813953488372093,21.0,3.6,0.5,0.2,0.364,0.4,0.2,0.444,0.1,0.1,1.0,0.7,0.3,0.2,0.5,0.1,0.4,2.0,0.6433823529411764,0.6000000000000001,6.0,28.3,4.8,2.0,0.414,3.7,1.5,0.409,1.3,0.8,0.625,6.3,1.3,0.8,5.8,1.5,4.3,-3.0,0.586373790022338,0.5729166666666667,0.6179499979760272,2023-24
201599,DeAndre Jordan,1610612743,DEN,36.0,11.0,2.6,1.6,0.624,0.0,0.0,0.0,1.5,0.7,0.491,3.9,0.7,0.6,4.4,1.5,2.9,-2.4,0.598159509202454,0.6153846153846154,1.0,2.1,0.0,0.0,0.0,0.0,0.0,0.0,4.0,2.0,0.5,2.0,0.0,0.0,0.0,0.0,0.0,0.0,0.5681818181818182,,2.0,6.5,1.0,0.5,0.5,0.0,0.0,0.0,1.0,1.0,1.0,2.0,0.0,0.0,1.5,0.5,1.0,-10.0,0.6944444444444444,0.5,0.636309413149904,2023-24
201935,James Harden,1610612746,LAC,72.0,34.3,11.4,4.9,0.428,6.8,2.6,0.381,4.8,4.2,0.878,16.6,8.5,2.6,5.1,0.5,4.7,4.0,0.6142687981053878,0.543859649122807,33.0,2.9,0.7,0.2,0.348,0.3,0.1,0.364,0.3,0.3,1.0,0.9,0.7,0.2,0.4,0.1,0.3,1.6,0.5408653846153847,0.35714285714285715,6.0,40.3,14.8,6.7,0.449,7.8,3.0,0.383,5.3,4.8,0.906,21.2,8.0,2.3,4.5,0.5,4.0,-8.0,0.6187251926219939,0.554054054054054,0.5981695417436774,2023-24
201939,Stephen Curry,1610612744,GSW,74.0,32.7,19.5,8.8,0.45,11.8,4.8,0.408,4.4,4.0,0.923,26.4,5.1,2.8,4.5,0.5,4.0,2.6,0.6157865273371897,0.5743589743589744,43.0,3.3,2.8,1.4,0.496,1.6,0.7,0.457,1.0,0.9,0.951,4.4,0.4,0.2,0.5,0.0,0.5,0.5,0.6790123456790125,0.625,,,,,,,,,,,,,,,,,,,,,0.6722960472566429,2023-24
201942,DeMar DeRozan,1610612741,CHI,79.0,37.8,17.2,8.2,0.48,2.8,0.9,0.333,7.7,6.6,0.853,24.0,5.3,1.7,4.3,0.5,3.8,-0.8,0.5828638041577617,0.5029069767441859,40.0,4.8,2.8,1.4,0.487,0.4,0.2,0.467,1.9,1.6,0.878,4.6,0.4,0.3,0.7,0.1,0.6,2.4,0.6325632563256326,0.5357142857142857,,,,,,,,,,,,,,,,,,,,,0.632275842036171,2023-24
201950,Jrue Holiday,1610612738,BOS,69.0,32.8,10.0,4.8,0.48,4.7,2.0,0.429,1.0,0.9,0.833,12.5,4.8,1.8,5.4,1.2,4.2,6.2,0.5986590038314177,0.58,28.0,4.0,0.8,0.4,0.476,0.3,0.1,0.375,0.7,0.5,0.789,1.4,0.5,0.2,0.7,0.2,0.5,2.0,0.6317689530685919,0.5625,19.0,37.9,10.2,5.1,0.503,4.6,1.8,0.402,1.2,1.1,0.955,13.2,4.4,1.5,6.1,1.9,4.2,7.5,0.6152125279642058,0.5882352941176471,0.6259724156427364,2023-24
201959,Taj Gibson,1610612765,DET,20.0,10.2,1.9,0.8,0.405,0.5,0.1,0.2,0.1,0.1,1.0,1.7,0.6,0.3,1.9,0.6,1.3,-1.5,0.43724279835390945,0.44736842105263164,,,,,,,,,,,,,,,,,,,,,,,,,,,,,,,,,,,,,,,,,0.43724279835390945,2023-24
201976,Patrick Beverley,1610612749,MIL,73.0,20.0,5.2,2.2,0.417,2.5,0.8,0.337,1.2,1.0,0.822,6.2,2.9,0.9,3.3,0.7,2.6,-0.8,0.5412011173184358,0.5,14.0,2.4,0.7,0.4,0.6,0.4,0.3,0.667,0.3,0.2,0.75,1.4,0.1,0.0,0.4,0.2,0.2,-0.9,0.8413461538461539,0.7857142857142858,6.0,34.9,6.5,2.7,0.41,1.8,0.7,0.364,2.5,2.2,0.867,8.2,5.5,1.0,3.3,0.7,2.7,-0.2,0.5394736842105263,0.4692307692307693,0.6538472847326701,2023-24
201988,Patty Mills,1610612748,MIA,32.0,13.0,4.1,1.4,0.351,2.7,0.8,0.276,0.3,0.3,1.0,4.0,1.1,0.5,1.1,0.3,0.8,0.2,0.47258979206049156,0.43902439024390244,2.0,2.1,0.5,0.0,0.0,0.5,0.0,0.0,0.0,0.0,0.0,0.0,0.0,0.0,0.0,0.0,0.0,-1.5,0.0,0.0,3.0,17.2,5.7,2.0,0.353,3.7,1.0,0.273,1.3,1.0,0.75,6.0,1.0,0.3,0.3,0.3,0.0,-3.0,0.47831632653061223,0.43859649122807015,0.3301182505569664,2023-24
202066,Garrett Temple,1610612761,TOR,27.0,10.7,2.9,1.1,0.372,1.5,0.4,0.3,0.8,0.7,0.818,3.3,1.0,0.5,1.7,0.7,1.0,-2.9,0.507380073800738,0.4482758620689655,2.0,2.6,0.5,0.0,0.0,0.0,0.0,0.0,0.0,0.0,0.0,0.0,0.0,0.5,0.0,0.0,0.0,-2.5,0.0,0.0,,,,,,,,,,,,,,,,,,,,,0.18636807057131222,2023-24
202083,Wesley Matthews,1610612737,ATL,36.0,11.5,2.7,0.9,0.351,1.9,0.7,0.348,0.7,0.5,0.75,3.1,0.6,0.2,1.5,0.3,1.2,-1.9,0.5152925531914894,0.4629629629629629,3.0,2.5,0.3,0.0,0.0,0.0,0.0,0.0,0.0,0.0,0.0,0.0,0.0,0.0,0.7,0.3,0.3,-1.3,0.0,0.0,,,,,,,,,,,,,,,,,,,,,0.182875295504159,2023-24
202330,Gordon Hayward,1610612760,OKC,51.0,24.4,7.9,3.7,0.464,1.8,0.7,0.411,2.4,1.7,0.742,9.8,3.1,1.3,3.5,0.7,2.8,-2.6,0.5471192496650291,0.5126582278481012,16.0,3.4,1.3,0.6,0.476,0.1,0.1,0.5,0.5,0.4,0.875,1.8,0.4,0.2,0.9,0.3,0.6,-1.3,0.5921052631578947,0.5,7.0,6.6,0.4,0.0,0.0,0.0,0.0,0.0,0.0,0.0,0.0,0.0,0.4,0.0,1.9,0.1,1.7,2.3,0.0,0.0,0.30501065886391837,2023-24
202331,Paul George,1610612746,LAC,74.0,33.8,16.7,7.9,0.471,7.9,3.3,0.413,3.9,3.6,0.907,22.6,3.5,2.1,5.2,0.5,4.7,6.2,0.6135968722849696,0.5718562874251498,32.0,3.1,1.2,0.6,0.487,0.6,0.3,0.4,1.0,0.9,0.938,2.4,0.2,0.2,0.5,0.1,0.4,1.5,0.7317073170731707,0.625,6.0,37.1,15.8,6.5,0.411,8.2,3.0,0.367,4.2,3.5,0.84,19.5,4.8,2.3,6.8,0.5,6.3,-4.5,0.5524705349048051,0.5063291139240506,0.6295894805997058,2023-24
202397,Ish Smith,1610612766,CHA,43.0,17.2,3.7,1.5,0.418,0.2,0.1,0.5,0.1,0.1,0.75,3.2,3.4,1.1,1.8,0.3,1.5,-6.5,0.42735042735042733,0.4189189189189189,2.0,1.0,0.5,0.5,1.0,0.0,0.0,0.0,0.0,0.0,0.0,1.0,0.0,0.0,0.0,0.0,0.0,-1.5,1.0,1.0,,,,,,,,,,,,,,,,,,,,,0.8226303226266702,2023-24
202681,Kyrie Irving,1610612742,DAL,58.0,35.0,19.5,9.7,0.497,7.3,3.0,0.411,3.6,3.3,0.905,25.6,5.2,1.8,5.0,0.8,4.2,4.8,0.6070954278125593,0.5743589743589743,20.0,3.8,2.3,1.4,0.6,1.0,0.4,0.421,1.1,1.1,0.955,4.2,0.4,0.2,0.4,0.1,0.4,3.8,0.7543103448275863,0.6956521739130435,22.0,40.0,18.1,8.5,0.467,6.2,2.4,0.39,3.3,2.8,0.849,22.1,5.1,2.3,3.7,1.0,2.7,5.1,0.5651595744680852,0.5359116022099447,0.6469940119395983,2023-24
202684,Tristan Thompson,1610612739,CLE,49.0,11.2,2.4,1.5,0.613,0.0,0.0,0.0,1.1,0.3,0.288,3.3,1.0,0.6,3.6,1.5,2.1,-0.3,0.5721220527045769,0.625,6.0,0.7,0.3,0.2,0.5,0.0,0.0,0.0,0.0,0.0,0.0,0.3,0.0,0.0,0.3,0.0,0.3,-2.2,0.5,0.6666666666666667,10.0,8.7,1.6,0.7,0.438,0.0,0.0,0.0,0.2,0.1,0.5,1.5,1.0,0.2,2.0,1.0,1.0,-3.2,0.44431279620853076,0.43749999999999994,0.4966767402164866,2023-24
202685,Jonas Valančiūnas,1610612740,NOP,82.0,23.5,8.8,4.9,0.559,1.5,0.5,0.308,2.5,2.0,0.785,12.2,2.1,1.4,8.8,2.3,6.5,1.9,0.6161616161616161,0.5852272727272727,13.0,3.0,1.0,0.7,0.692,0.1,0.0,0.0,0.4,0.3,0.8,1.7,0.2,0.2,1.2,0.5,0.7,-1.4,0.7227891156462585,0.7,4.0,22.4,10.5,5.5,0.524,0.3,0.0,0.0,4.3,3.5,0.824,14.5,1.3,2.5,11.0,4.5,6.5,-8.0,0.5850548741123306,0.5238095238095238,0.6475143813275325,2023-24
202687,Bismack Biyombo,1610612760,OKC,40.0,19.8,3.3,1.9,0.565,0.0,0.0,0.0,1.4,0.7,0.481,4.4,1.3,1.1,5.2,1.6,3.7,-1.6,0.5617977528089888,0.5757575757575758,5.0,3.6,0.4,0.2,0.5,0.0,0.0,0.0,1.4,0.6,0.429,1.0,0.0,0.0,1.2,0.6,0.6,1.2,0.4921259842519685,0.5,,,,,,,,,,,,,,,,,,,,,0.5274711192218476,2023-24
202691,Klay Thompson,1610612744,GSW,77.0,29.7,14.7,6.4,0.432,9.0,3.5,0.387,1.8,1.6,0.927,17.9,2.3,1.5,3.3,0.5,2.8,0.1,0.577717531629228,0.554421768707483,40.0,3.3,1.4,0.4,0.298,1.0,0.3,0.268,0.3,0.3,1.0,1.4,0.1,0.0,0.3,0.0,0.2,0.8,0.4569190600522193,0.3928571428571429,,,,,,,,,,,,,,,,,,,,,0.5067090267677171,2023-24
202692,Alec Burks,1610612752,NYK,66.0,18.4,8.6,3.2,0.369,5.0,1.9,0.376,2.5,2.2,0.868,10.4,1.3,0.7,2.3,0.4,1.9,-3.9,0.5360824742268042,0.4825581395348838,18.0,3.2,1.3,0.3,0.261,0.8,0.2,0.286,0.2,0.2,1.0,1.1,0.2,0.0,0.2,0.1,0.2,-2.8,0.3962536023054755,0.3076923076923077,6.0,20.1,8.3,4.2,0.5,4.7,2.0,0.429,5.3,4.5,0.844,14.8,1.0,0.0,3.3,0.7,2.7,-3.5,0.6960120391271633,0.6265060240963856,0.5845539117712172,2023-24
202694,Marcus Morris Sr.,1610612739,CLE,49.0,16.7,5.4,2.4,0.439,2.4,1.0,0.403,0.9,0.7,0.818,6.4,0.7,0.6,2.7,0.5,2.3,-1.2,0.5521048999309869,0.537037037037037,6.0,3.7,0.5,0.3,0.667,0.3,0.2,0.5,0.5,0.3,0.667,1.2,0.2,0.2,0.8,0.0,0.8,-2.2,0.8333333333333334,0.8,9.0,15.3,5.3,2.4,0.458,2.6,1.0,0.391,0.3,0.2,0.667,6.1,0.3,0.3,2.8,0.2,2.6,-4.3,0.5614874815905744,0.5471698113207547,0.6597982611524407,2023-24
202695,Kawhi Leonard,1610612746,LAC,68.0,34.3,17.1,9.0,0.525,4.9,2.1,0.417,4.2,3.7,0.885,23.7,3.6,1.8,6.1,1.2,4.9,5.8,0.6253958201393287,0.587719298245614,32.0,3.1,2.1,0.9,0.455,0.6,0.1,0.211,0.9,0.8,0.929,2.8,0.2,0.3,0.6,0.1,0.5,1.1,0.5608974358974359,0.4523809523809524,2.0,29.7,12.0,5.5,0.458,2.5,0.0,0.0,1.5,1.0,0.667,12.0,2.0,2.0,8.0,1.5,6.5,-6.0,0.47393364928909953,0.4583333333333333,0.5404459750539177,2023-24
202696,Nikola Vučević,1610612741,CHI,76.0,34.3,15.9,7.7,0.484,4.1,1.2,0.294,1.7,1.4,0.822,18.0,3.3,1.6,10.5,2.8,7.8,-2.4,0.5406054781355117,0.5220125786163522,42.0,4.6,1.5,0.6,0.435,0.6,0.2,0.32,0.3,0.2,0.833,1.7,0.4,0.0,1.1,0.4,0.7,2.3,0.5208333333333333,0.4666666666666666,,,,,,,,,,,,,,,,,,,,,0.5368580105309504,2023-24
202699,Tobias Harris,1610612755,PHI,70.0,33.8,13.6,6.6,0.487,3.7,1.3,0.353,3.0,2.7,0.878,17.2,3.1,1.3,6.5,1.1,5.3,3.2,0.5764075067024128,0.5330882352941176,29.0,3.4,1.0,0.6,0.571,0.3,0.2,0.556,0.3,0.2,0.75,1.5,0.2,0.2,0.7,0.2,0.5,-0.4,0.6625441696113074,0.7,6.0,36.4,8.5,3.7,0.431,3.0,1.0,0.333,0.7,0.7,1.0,9.0,1.5,0.5,7.2,1.5,5.7,-1.5,0.510899182561308,0.49411764705882355,0.5797185067774218,2023-24
202704,Reggie Jackson,1610612743,DEN,82.0,22.2,9.2,4.0,0.431,3.5,1.2,0.359,1.2,1.0,0.806,10.2,3.8,1.3,1.9,0.4,1.5,1.0,0.5242598684210527,0.5,19.0,2.5,1.3,0.7,0.542,0.2,0.0,0.0,0.7,0.3,0.462,1.7,0.4,0.2,0.4,0.1,0.3,1.2,0.5286069651741293,0.5384615384615384,12.0,9.8,4.0,1.3,0.333,1.9,0.7,0.348,0.2,0.2,1.0,3.5,1.0,0.7,1.3,0.2,1.1,0.2,0.4280821917808219,0.4125,0.4917504971330356,2023-24
202709,Cory Joseph,1610612744,GSW,26.0,11.4,2.5,0.9,0.359,1.6,0.5,0.31,0.3,0.2,0.571,2.4,1.6,0.5,1.2,0.2,0.9,-0.5,0.4559270516717325,0.45999999999999996,5.0,0.2,0.0,0.0,0.0,0.0,0.0,0.0,0.0,0.0,0.0,0.0,0.2,0.0,0.0,0.0,0.0,-0.6,,,,,,,,,,,,,,,,,,,,,,,0.1519756838905775,2023-24
202710,Jimmy Butler III,1610612748,MIA,60.0,34.0,13.2,6.6,0.499,2.4,1.0,0.414,7.7,6.6,0.858,20.8,5.0,1.7,5.3,1.8,3.6,3.6,0.6269592476489028,0.5378787878787878,31.0,3.7,1.7,0.6,0.346,0.5,0.1,0.143,1.0,0.7,0.742,2.0,0.3,0.1,0.5,0.2,0.4,-0.8,0.4672897196261682,0.3823529411764706,,,,,,,,,,,,,,,,,,,,,0.5333916835115586,2023-24
202711,Bojan Bogdanovic,1610612752,NYK,57.0,25.9,11.9,5.4,0.454,5.9,2.3,0.398,2.6,2.1,0.785,15.2,1.7,1.8,2.7,0.4,2.3,-6.1,0.5826433609322293,0.5504201680672269,17.0,3.0,2.2,0.6,0.297,1.3,0.3,0.227,0.3,0.1,0.4,1.7,0.1,0.0,0.5,0.2,0.4,-2.8,0.36449399656946824,0.3409090909090909,4.0,12.7,6.0,1.8,0.292,3.8,1.5,0.4,1.8,1.0,0.571,6.0,1.0,0.3,3.0,0.3,2.8,8.0,0.441696113074205,0.425,0.4579406771720598,2023-24
202722,Davis Bertans,1610612766,CHA,43.0,15.7,5.4,2.1,0.393,4.7,1.8,0.38,0.8,0.7,0.909,6.7,0.8,0.4,1.4,0.2,1.2,-1.7,0.5824061196105702,0.5555555555555555,9.0,1.6,0.4,0.1,0.25,0.4,0.1,0.25,0.2,0.2,1.0,0.6,0.2,0.0,0.1,0.0,0.1,-1.6,0.6147540983606556,0.37500000000000006,,,,,,,,,,,,,,,,,,,,,0.6113788461833294,2023-24
203076,Anthony Davis,1610612747,LAL,76.0,35.5,16.9,9.4,0.556,1.4,0.4,0.271,6.8,5.5,0.816,24.7,3.5,2.1,12.6,3.1,9.5,2.0,0.6208526040619344,0.5680473372781065,30.0,4.6,1.5,0.8,0.522,0.3,0.0,0.111,1.4,1.2,0.857,2.8,0.2,0.2,1.4,0.4,1.0,1.1,0.661625708884688,0.5333333333333333,5.0,41.6,18.6,11.8,0.634,1.0,0.0,0.0,5.2,4.2,0.808,27.8,4.0,2.2,15.6,3.0,12.6,-1.8,0.6654538490999616,0.6344086021505376,0.665620001166311,2023-24
203078,Bradley Beal,1610612756,PHX,53.0,33.3,13.9,7.1,0.513,4.4,1.9,0.43,2.5,2.1,0.813,18.2,5.0,2.5,4.4,1.0,3.4,2.0,0.6066666666666667,0.579136690647482,21.0,2.8,1.1,0.6,0.5,0.3,0.1,0.286,0.1,0.1,1.0,1.4,0.3,0.2,0.4,0.0,0.3,-0.2,0.6118881118881118,0.5909090909090908,4.0,38.5,14.8,6.5,0.441,5.8,2.5,0.435,1.3,1.0,0.8,16.5,4.5,3.3,2.8,1.5,1.3,-12.8,0.5366900858704138,0.5236486486486486,0.5813325270732008,2023-24
203081,Damian Lillard,1610612749,MIL,73.0,35.3,17.5,7.4,0.424,8.5,3.0,0.354,7.0,6.5,0.92,24.3,7.0,2.6,4.4,0.5,3.9,5.3,0.5903790087463557,0.5085714285714286,37.0,3.7,2.3,0.9,0.412,1.2,0.4,0.295,1.6,1.5,0.949,3.8,0.7,0.2,0.3,0.1,0.3,2.1,0.6324900133155792,0.47826086956521746,4.0,39.1,20.3,8.5,0.42,12.0,5.0,0.417,9.5,9.3,0.974,31.3,5.0,2.3,3.3,0.5,2.8,-8.8,0.639297385620915,0.541871921182266,0.6420180558488161,2023-24
203083,Andre Drummond,1610612741,CHI,79.0,17.1,6.1,3.4,0.556,0.0,0.0,0.0,2.8,1.6,0.592,8.4,0.5,1.0,9.0,3.4,5.6,0.3,0.5728314238952538,0.5573770491803279,14.0,2.1,0.6,0.5,0.875,0.0,0.0,0.0,0.1,0.0,0.0,1.0,0.0,0.0,0.9,0.4,0.5,3.0,0.7763975155279503,0.8333333333333334,,,,,,,,,,,,,,,,,,,,,0.7183782172225428,2023-24
203084,Harrison Barnes,1610612758,SAC,82.0,29.0,8.9,4.2,0.474,4.7,1.8,0.387,2.4,1.9,0.801,12.2,1.2,0.7,3.0,0.8,2.2,-1.0,0.6126958617918843,0.5730337078651686,31.0,3.9,0.9,0.3,0.345,0.4,0.1,0.167,0.5,0.4,0.813,1.1,0.2,0.1,0.5,0.2,0.3,0.8,0.49107142857142855,0.38888888888888884,,,,,,,,,,,,,,,,,,,,,0.541725265861006,2023-24
203095,Evan Fournier,1610612765,DET,32.0,18.1,6.9,2.5,0.357,4.1,1.0,0.254,1.1,0.9,0.806,6.9,1.5,0.7,1.8,0.2,1.7,-4.4,0.46722643553629467,0.43478260869565216,5.0,2.3,0.2,0.0,0.0,0.0,0.0,0.0,0.0,0.0,0.0,0.0,0.2,0.0,0.2,0.0,0.2,1.6,0.0,0.0,,,,,,,,,,,,,,,,,,,,,0.1586406959029825,2023-24
203109,Jae Crowder,1610612749,MIL,50.0,23.1,5.4,2.3,0.422,3.3,1.2,0.349,0.7,0.5,0.722,6.2,1.3,0.5,3.2,0.6,2.6,-1.4,0.5430974071478627,0.537037037037037,13.0,2.8,0.3,0.2,0.5,0.2,0.0,0.0,0.3,0.2,0.5,0.5,0.2,0.0,0.4,0.0,0.4,0.2,0.5787037037037037,0.6666666666666667,4.0,10.5,3.0,0.8,0.25,1.8,0.3,0.143,0.5,0.5,1.0,2.3,0.5,0.0,1.5,0.5,1.0,-6.3,0.3571428571428571,0.3166666666666667,0.46754445321850024,2023-24
203110,Draymond Green,1610612744,GSW,55.0,27.1,6.8,3.4,0.497,2.3,0.9,0.395,1.3,1.0,0.73,8.6,6.0,2.5,7.2,1.4,5.9,3.1,0.583288117200217,0.5661764705882353,24.0,3.8,0.8,0.4,0.474,0.3,0.0,0.0,0.2,0.2,0.8,0.9,1.1,0.3,0.6,0.2,0.4,-0.7,0.5067567567567568,0.5,,,,,,,,,,,,,,,,,,,,,0.5440319161185331,2023-24
203114,Khris Middleton,1610612749,MIL,55.0,27.0,11.7,5.8,0.493,4.5,1.7,0.381,2.2,1.8,0.833,15.1,5.3,2.3,4.7,0.7,3.9,2.3,0.595989895800442,0.5683760683760684,24.0,3.2,0.9,0.4,0.429,0.4,0.1,0.3,0.4,0.4,0.9,1.3,0.4,0.2,0.7,0.1,0.6,-0.3,0.604089219330855,0.5,6.0,38.3,19.0,9.2,0.482,5.2,1.8,0.355,5.0,4.5,0.9,24.7,4.7,2.3,9.2,2.0,7.2,0.8,0.5825471698113207,0.531578947368421,0.5996606150076692,2023-24
203200,Justin Holiday,1610612743,DEN,58.0,14.9,3.3,1.5,0.454,2.3,0.9,0.404,0.1,0.1,0.75,4.0,1.2,0.2,1.2,0.2,1.1,0.9,0.5980861244019139,0.5909090909090909,7.0,2.2,0.6,0.3,0.5,0.1,0.1,1.0,0.0,0.0,0.0,0.7,0.4,0.0,0.3,0.0,0.3,1.3,0.5833333333333334,0.5833333333333334,12.0,12.5,2.9,0.9,0.314,2.4,0.9,0.379,0.3,0.2,0.5,2.9,0.3,0.3,1.7,0.1,1.6,2.0,0.4782321899736148,0.4655172413793104,0.5514233783412126,2023-24
203468,CJ McCollum,1610612740,NOP,66.0,32.7,16.0,7.3,0.459,8.4,3.6,0.429,2.1,1.7,0.827,20.0,4.6,1.7,4.3,0.6,3.7,3.0,0.590876861262113,0.56875,18.0,3.0,1.3,0.6,0.478,0.6,0.2,0.4,0.4,0.2,0.5,1.7,0.4,0.1,0.5,0.1,0.4,0.6,0.575880758807588,0.5384615384615384,4.0,36.9,18.5,7.8,0.419,7.3,1.8,0.241,0.5,0.5,1.0,17.8,4.8,4.0,4.8,0.5,4.3,-13.3,0.47542735042735046,0.47027027027027024,0.536278405026049,2023-24
203471,Dennis Schröder,1610612751,BKN,80.0,31.1,11.6,5.0,0.435,4.6,1.7,0.375,2.7,2.2,0.836,14.0,6.1,1.9,3.0,0.5,2.5,-1.6,0.5473881764153894,0.5043103448275862,40.0,3.5,1.7,0.7,0.439,0.6,0.2,0.318,0.6,0.6,0.917,2.2,0.5,0.2,0.6,0.2,0.5,-0.4,0.560081466395112,0.47058823529411764,,,,,,,,,,,,,,,,,,,,,0.5705055421477343,2023-24
203482,Kelly Olynyk,1610612761,TOR,78.0,22.5,6.4,3.5,0.555,2.0,0.8,0.387,2.3,1.9,0.833,9.8,4.4,1.9,5.3,1.4,3.9,-3.4,0.6610901241230437,0.609375,22.0,2.3,0.6,0.4,0.615,0.2,0.1,0.6,0.3,0.3,0.857,1.1,0.5,0.2,0.5,0.1,0.4,1.0,0.7513661202185793,0.75,,,,,,,,,,,,,,,,,,,,,0.7306491215186026,2023-24
203484,Kentavious Caldwell-Pope,1610612743,DEN,76.0,31.6,7.7,3.6,0.46,4.1,1.6,0.406,1.5,1.3,0.894,10.1,2.4,1.0,2.4,0.4,2.0,7.5,0.6040669856459331,0.5714285714285715,35.0,3.4,0.7,0.3,0.346,0.5,0.2,0.368,0.3,0.3,0.909,1.0,0.1,0.1,0.2,0.1,0.1,2.3,0.6009615384615384,0.5714285714285715,12.0,35.0,7.2,2.8,0.395,4.6,1.5,0.327,0.9,0.9,1.0,8.1,2.6,0.8,2.9,0.4,2.5,-0.3,0.533175355450237,0.4930555555555555,0.5766769305763485,2023-24
203486,Mason Plumlee,1610612746,LAC,46.0,14.7,3.3,1.9,0.569,0.1,0.0,0.0,2.2,1.5,0.707,5.3,1.2,0.8,5.1,1.3,3.8,0.2,0.6208997188378632,0.5757575757575758,5.0,2.2,0.4,0.0,0.0,0.2,0.0,0.0,0.8,0.2,0.25,0.2,0.0,0.0,0.8,0.2,0.6,1.2,0.13297872340425532,0.0,6.0,11.0,3.0,1.2,0.389,0.0,0.0,0.0,1.3,0.8,0.625,3.2,0.7,0.3,3.3,1.2,2.2,-1.7,0.4479283314669653,0.39999999999999997,0.38389490545875066,2023-24
203488,Mike Muscala,1610612760,OKC,53.0,11.3,2.9,1.1,0.359,1.8,0.5,0.292,0.5,0.3,0.68,3.0,0.7,0.4,2.4,0.7,1.6,-1.7,0.4807692307692307,0.4655172413793104,4.0,0.7,0.3,0.0,0.0,0.3,0.0,0.0,0.0,0.0,0.0,0.0,0.0,0.0,0.0,0.0,0.0,0.5,0.0,0.0,,,,,,,,,,,,,,,,,,,,,0.17060123783904996,2023-24
203490,Otto Porter Jr.,1610612761,TOR,15.0,11.6,2.2,0.9,0.424,1.5,0.5,0.348,0.2,0.2,1.0,2.6,0.5,0.1,1.9,0.4,1.5,1.5,0.5681818181818181,0.5227272727272726,2.0,3.0,0.5,0.0,0.0,0.5,0.0,0.0,0.0,0.0,0.0,0.0,0.0,0.0,1.0,0.0,1.0,1.5,0.0,0.0,,,,,,,,,,,,,,,,,,,,,0.2121212121108815,2023-24
203496,Robert Covington,1610612755,PHI,29.0,16.8,3.4,1.5,0.439,1.9,0.7,0.339,0.9,0.8,0.846,4.4,0.8,0.4,3.3,1.1,2.3,3.6,0.5795574288724974,0.5441176470588236,5.0,1.6,0.4,0.0,0.0,0.2,0.0,0.0,0.0,0.0,0.0,0.0,0.0,0.2,0.2,0.0,0.2,-3.8,0.0,0.0,,,,,,,,,,,,,,,,,,,,,0.2049505155030585,2023-24
203497,Rudy Gobert,1610612750,MIN,76.0,34.1,8.1,5.3,0.661,0.0,0.0,0.0,5.1,3.3,0.638,14.0,1.3,1.6,12.9,3.8,9.2,5.4,0.6767208043310132,0.654320987654321,30.0,4.2,0.3,0.2,0.625,0.0,0.0,0.0,1.3,0.8,0.625,1.2,0.1,0.2,1.3,0.3,1.1,-0.6,0.6880733944954127,0.6666666666666667,15.0,34.2,6.9,4.3,0.615,0.0,0.0,0.0,5.3,3.5,0.671,12.1,1.6,1.5,9.8,2.7,7.1,6.3,0.6553292894280763,0.6231884057971014,0.6735129473042577,2023-24
203501,Tim Hardaway Jr.,1610612742,DAL,79.0,26.8,12.4,5.0,0.402,7.6,2.7,0.353,2.1,1.8,0.852,14.4,1.8,0.9,3.2,0.3,2.9,0.2,0.5403782647853498,0.5120967741935484,25.0,2.1,0.9,0.3,0.304,0.6,0.2,0.267,0.4,0.4,1.0,1.1,0.1,0.0,0.3,0.1,0.2,2.1,0.5111524163568774,0.4444444444444445,14.0,12.7,4.1,1.6,0.379,2.6,0.9,0.351,0.6,0.3,0.5,4.4,0.4,0.1,1.8,0.1,1.6,-2.5,0.5041246562786434,0.5000000000000001,0.5197675755713829,2023-24
203507,Giannis Antetokounmpo,1610612749,MIL,73.0,35.2,18.8,11.5,0.611,1.7,0.5,0.274,10.7,7.0,0.657,30.4,6.5,3.4,11.5,2.7,8.8,4.6,0.6465883954398502,0.625,36.0,3.6,1.6,0.9,0.534,0.2,0.1,0.5,1.5,1.1,0.736,2.9,0.6,0.3,1.2,0.4,0.7,1.5,0.6415929203539822,0.59375,,,,,,,,,,,,,,,,,,,,,0.6517687170133578,2023-24
203552,Seth Curry,1610612766,CHA,44.0,14.0,4.6,1.8,0.392,2.5,0.9,0.352,0.7,0.6,0.903,5.1,1.0,0.5,1.5,0.4,1.1,1.4,0.519559902200489,0.48913043478260876,9.0,0.9,0.8,0.0,0.0,0.6,0.0,0.0,0.0,0.0,0.0,0.0,0.0,0.0,0.2,0.1,0.1,0.2,0.0,0.0,,,,,,,,,,,,,,,,,,,,,0.19057793841087503,2023-24
203897,Zach LaVine,1610612741,CHI,25.0,34.9,15.0,6.8,0.452,6.8,2.4,0.349,4.1,3.5,0.854,19.5,3.9,2.1,5.2,0.3,4.8,-3.7,0.5802189954772674,0.5333333333333333,12.0,5.0,1.8,0.8,0.429,0.6,0.3,0.429,0.5,0.4,0.833,2.2,0.9,0.3,1.1,0.1,1.0,2.1,0.5445544554455446,0.5277777777777778,,,,,,,,,,,,,,,,,,,,,0.5684426354553188,2023-24
203903,Jordan Clarkson,1610612762,UTA,55.0,30.6,14.8,6.1,0.413,5.6,1.7,0.294,3.7,3.2,0.881,17.1,5.0,2.7,3.4,0.9,2.5,-3.5,0.5204528853177502,0.4695945945945945,19.0,4.2,2.5,1.0,0.404,1.2,0.5,0.391,0.6,0.5,0.818,2.9,0.6,0.1,0.9,0.4,0.5,0.8,0.524602026049204,0.5,,,,,,,,,,,,,,,,,,,,,0.54011087102947,2023-24
203914,Gary Harris,1610612753,ORL,54.0,24.0,5.5,2.4,0.441,3.8,1.4,0.371,0.8,0.6,0.756,6.9,1.6,0.6,1.7,0.4,1.2,1.7,0.5895420369104579,0.5636363636363636,14.0,1.4,0.3,0.1,0.5,0.2,0.1,0.333,0.2,0.2,1.0,0.6,0.0,0.0,0.2,0.0,0.2,0.5,0.7731958762886597,0.5000000000000001,6.0,26.5,4.7,1.3,0.286,3.7,1.2,0.318,0.3,0.3,1.0,4.2,0.7,0.3,2.0,0.8,1.2,0.3,0.43460264900662254,0.40425531914893614,0.5787448348714945,2023-24
203915,Spencer Dinwiddie,1610612747,LAL,76.0,28.3,8.4,3.3,0.392,4.8,1.6,0.337,2.8,2.2,0.805,10.5,4.7,1.2,2.7,0.4,2.3,0.9,0.5450581395348837,0.488095238095238,25.0,3.6,1.2,0.5,0.414,0.6,0.3,0.438,0.5,0.4,0.769,1.6,0.7,0.2,0.3,0.0,0.2,0.7,0.5633802816901409,0.5416666666666667,5.0,14.6,2.8,1.0,0.357,1.6,0.4,0.25,1.2,0.6,0.5,3.0,1.6,0.2,1.4,0.2,1.2,-3.8,0.45072115384615385,0.4285714285714286,0.5182827416929514,2023-24
203924,Jerami Grant,1610612757,POR,54.0,33.9,15.7,7.1,0.451,5.1,2.1,0.402,5.8,4.7,0.817,21.0,2.8,2.1,3.5,0.7,2.9,-6.5,0.5752794214332676,0.5191082802547771,23.0,4.0,1.9,1.0,0.5,0.7,0.3,0.467,0.7,0.6,0.765,2.8,0.3,0.6,0.4,0.0,0.3,0.4,0.6340579710144928,0.6052631578947368,,,,,,,,,,,,,,,,,,,,,0.6265670319813391,2023-24
203925,Joe Harris,1610612765,DET,16.0,10.6,2.4,0.9,0.359,1.9,0.6,0.333,0.1,0.1,0.5,2.4,0.6,0.3,0.8,0.2,0.6,-3.0,0.4909983633387889,0.5,2.0,2.2,0.5,0.0,0.0,0.5,0.0,0.0,0.0,0.0,0.0,0.0,0.0,0.0,0.0,0.0,0.0,-2.5,0.0,0.0,,,,,,,,,,,,,,,,,,,,,0.18449945443758242,2023-24
203926,Doug McDermott,1610612754,IND,64.0,14.1,4.4,1.9,0.433,3.6,1.5,0.41,0.3,0.2,0.579,5.5,1.1,0.4,0.9,0.2,0.8,-2.2,0.6067961165048543,0.6022727272727272,8.0,0.9,0.1,0.0,0.0,0.1,0.0,0.0,0.0,0.0,0.0,0.0,0.3,0.1,0.3,0.0,0.3,-1.9,0.0,0.0,10.0,6.4,1.1,0.5,0.455,0.8,0.3,0.375,0.0,0.0,0.0,1.3,0.7,0.1,0.3,0.2,0.1,-1.9,0.5909090909090908,0.5909090909090908,0.39885995881089853,2023-24
203932,Aaron Gordon,1610612743,DEN,73.0,31.5,9.8,5.5,0.556,1.9,0.5,0.29,3.7,2.4,0.658,13.9,3.5,1.4,6.5,2.4,4.1,5.8,0.6081554077703885,0.586734693877551,38.0,3.2,0.8,0.5,0.6,0.2,0.0,0.167,0.5,0.4,0.789,1.4,0.3,0.1,0.7,0.3,0.4,1.7,0.6862745098039215,0.625,12.0,37.1,9.8,5.8,0.585,2.3,0.9,0.407,2.3,1.9,0.821,14.3,4.4,1.5,7.3,3.0,4.3,-3.8,0.6613022567517572,0.6377551020408163,0.6689317982442066,2023-24
203933,T.J. Warren,1610612750,MIN,11.0,11.3,3.7,1.6,0.439,1.2,0.2,0.154,0.4,0.3,0.75,3.7,0.8,0.4,2.0,0.5,1.5,4.6,0.47729618163054693,0.4594594594594595,,,,,,,,,,,,,,,,,,,,,3.0,3.8,0.7,0.0,0.0,0.3,0.0,0.0,0.0,0.0,0.0,0.0,0.3,0.0,1.0,0.7,0.3,2.3,0.0,0.0,0.11932404540763673,2023-24
203935,Marcus Smart,1610612763,MEM,20.0,30.2,11.9,5.1,0.43,6.7,2.1,0.313,2.8,2.2,0.768,14.5,4.3,3.1,2.7,0.3,2.4,-1.0,0.5520865062442888,0.5168067226890756,9.0,3.8,0.8,0.3,0.429,0.3,0.0,0.0,0.4,0.4,1.0,1.1,0.7,0.2,0.2,0.0,0.2,1.0,0.5635245901639344,0.37499999999999994,,,,,,,,,,,,,,,,,,,,,0.5664345845991179,2023-24
203937,Kyle Anderson,1610612750,MIN,79.0,22.6,5.5,2.5,0.46,0.6,0.1,0.229,1.7,1.2,0.708,6.4,4.2,1.2,3.5,0.8,2.7,2.1,0.5121638924455826,0.4636363636363636,30.0,2.2,0.2,0.0,0.143,0.0,0.0,0.0,0.1,0.1,0.5,0.1,0.2,0.2,0.3,0.1,0.2,-0.8,0.20491803278688525,0.0,15.0,15.4,3.8,1.7,0.456,0.5,0.1,0.25,0.8,0.7,0.833,4.3,2.5,0.7,2.7,1.2,1.5,-2.4,0.5178227360308285,0.46052631578947373,0.4162143913210089,2023-24
203939,Dwight Powell,1610612742,DAL,63.0,13.3,1.7,1.1,0.679,0.0,0.0,0.333,1.4,1.0,0.708,3.3,1.3,0.5,3.4,1.5,1.9,0.0,0.7124352331606217,0.6470588235294118,6.0,1.6,0.0,0.0,0.0,0.0,0.0,0.0,0.2,0.2,1.0,0.2,0.3,0.0,0.3,0.2,0.2,0.5,1.1363636363636362,,13.0,3.4,0.2,0.1,0.333,0.0,0.0,0.0,0.5,0.3,0.667,0.5,0.2,0.2,0.9,0.2,0.7,0.0,0.5952380952380952,0.5,0.7951461319336967,2023-24
203944,Julius Randle,1610612752,NYK,46.0,35.4,18.2,8.6,0.472,5.3,1.7,0.311,6.6,5.1,0.781,24.0,5.0,3.5,9.2,2.2,7.0,4.7,0.5686125852918879,0.5192307692307692,18.0,2.9,1.6,0.9,0.552,0.4,0.2,0.5,0.9,0.6,0.647,2.6,0.4,0.1,0.9,0.2,0.8,2.3,0.6513026052104208,0.625,,,,,,,,,,,,,,,,,,,,,0.6325304740283023,2023-24
203952,Andrew Wiggins,1610612744,GSW,71.0,27.0,11.0,5.0,0.453,3.6,1.3,0.358,2.7,2.0,0.751,13.2,1.7,1.2,4.5,1.5,3.0,-0.8,0.5415162454873645,0.5136363636363637,31.0,3.0,0.7,0.3,0.435,0.2,0.1,0.5,0.2,0.1,0.333,0.8,0.2,0.1,0.4,0.2,0.2,-1.2,0.5076142131979696,0.5,,,,,,,,,,,,,,,,,,,,,0.5252785269908258,2023-24
203954,Joel Embiid,1610612755,PHI,39.0,33.6,21.8,11.5,0.529,3.6,1.4,0.388,11.6,10.2,0.883,34.7,5.6,3.8,11.0,2.4,8.6,6.8,0.6448855188819507,0.5596330275229358,12.0,3.2,2.5,0.9,0.367,0.6,0.1,0.143,2.2,2.1,0.962,4.0,0.3,0.2,0.9,0.3,0.6,1.0,0.5767012687427913,0.38,6.0,41.4,22.2,9.8,0.444,6.5,2.2,0.333,13.0,11.2,0.859,33.0,5.7,4.2,10.8,3.2,7.7,7.7,0.5909742120343839,0.490990990990991,0.6066696719861784,2023-24
203957,Danté Exum,1610612742,DAL,55.0,19.8,5.5,2.9,0.533,2.0,1.0,0.491,1.2,1.0,0.779,7.8,2.9,0.9,2.7,0.5,2.3,4.3,0.6469807564698075,0.6181818181818182,14.0,2.9,1.4,0.8,0.579,0.9,0.6,0.667,0.3,0.3,1.0,2.4,0.1,0.2,0.4,0.0,0.4,2.8,0.7832898172323759,0.7857142857142858,21.0,6.8,2.1,0.8,0.364,1.0,0.3,0.35,0.3,0.2,0.667,2.0,0.6,0.2,0.8,0.1,0.7,-0.7,0.4480286738351254,0.4523809523809524,0.6183956141899066,2023-24
203967,Dario Šarić,1610612744,GSW,64.0,17.2,6.1,2.8,0.466,3.1,1.2,0.376,1.5,1.2,0.849,8.0,2.3,1.2,4.4,1.1,3.3,-0.3,0.591715976331361,0.5573770491803279,14.0,1.0,0.3,0.1,0.25,0.3,0.1,0.25,0.0,0.0,0.0,0.2,0.0,0.1,0.3,0.2,0.1,-0.6,0.33333333333333337,0.5000000000000001,,,,,,,,,,,,,,,,,,,,,0.4243789137854216,2023-24
203991,Clint Capela,1610612737,ATL,73.0,25.8,8.5,4.8,0.571,0.0,0.0,0.0,2.8,1.8,0.631,11.5,1.2,1.0,10.6,4.6,6.0,-0.2,0.5908343608713523,0.5647058823529412,34.0,3.6,0.7,0.3,0.391,0.0,0.0,0.0,0.3,0.1,0.5,0.7,0.1,0.1,1.3,0.5,0.8,-2.0,0.4206730769230769,0.4285714285714286,,,,,,,,,,,,,,,,,,,,,0.4856287990225136,2023-24
203992,Bogdan Bogdanović,1610612737,ATL,79.0,30.4,13.9,6.0,0.428,8.1,3.0,0.374,2.1,1.9,0.921,16.9,3.1,1.4,3.4,0.7,2.8,1.6,0.5700215866162979,0.539568345323741,37.0,2.3,0.8,0.3,0.357,0.6,0.2,0.333,0.2,0.2,1.0,0.9,0.1,0.2,0.2,0.1,0.2,-0.1,0.5067567567567568,0.5,,,,,,,,,,,,,,,,,,,,,0.533600429059643,2023-24
203994,Jusuf Nurkić,1610612756,PHX,76.0,27.3,8.3,4.2,0.51,1.2,0.3,0.244,3.4,2.2,0.64,10.9,4.0,2.3,11.0,2.9,8.1,5.3,0.5563495304205798,0.5240963855421686,28.0,3.1,0.9,0.4,0.4,0.1,0.0,0.5,0.5,0.3,0.692,1.1,0.3,0.3,1.3,0.4,0.9,0.2,0.49107142857142855,0.4444444444444445,4.0,25.9,6.5,3.3,0.5,0.5,0.0,0.0,2.8,1.3,0.455,7.8,2.8,1.5,8.3,3.3,5.0,-10.0,0.5043973098810139,0.5076923076923077,0.5194574263604159,2023-24
203995,Vasilije Micic,1610612766,CHA,60.0,19.6,6.2,2.7,0.43,2.6,0.7,0.279,1.3,1.0,0.813,7.0,4.4,1.7,1.5,0.2,1.2,-1.2,0.5168340224453633,0.49193548387096775,8.0,2.7,1.1,0.4,0.333,0.3,0.0,0.0,0.0,0.0,0.0,0.8,0.6,0.4,0.0,0.0,0.0,0.6,0.36363636363636365,0.36363636363636365,,,,,,,,,,,,,,,,,,,,,0.4324441853870396,2023-24
203999,Nikola Jokić,1610612743,DEN,79.0,34.6,17.9,10.4,0.583,2.9,1.1,0.359,5.5,4.5,0.817,26.4,9.0,3.0,12.4,2.8,9.5,8.6,0.6496062992125984,0.6117318435754191,36.0,3.4,2.1,1.2,0.553,0.6,0.3,0.391,1.2,1.0,0.818,3.6,0.6,0.4,1.2,0.2,1.1,2.4,0.684931506849315,0.6428571428571428,12.0,40.2,20.3,11.1,0.545,4.4,1.2,0.264,5.9,5.3,0.901,28.7,8.7,3.3,13.4,3.6,9.8,0.9,0.6267470300489169,0.5763546798029556,0.66168357741776,2023-24
204001,Kristaps Porziņģis,1610612738,BOS,57.0,29.6,13.2,6.8,0.516,5.1,1.9,0.375,5.3,4.5,0.858,20.1,2.0,1.6,7.2,1.7,5.5,7.3,0.6470512490342519,0.5871212121212122,23.0,3.6,1.3,0.7,0.567,0.6,0.2,0.308,0.7,0.7,1.0,2.3,0.2,0.0,0.6,0.3,0.3,0.8,0.7151741293532338,0.6153846153846153,7.0,23.5,8.6,4.0,0.467,4.1,1.4,0.345,3.1,2.9,0.909,12.3,1.1,0.7,4.4,0.6,3.9,5.6,0.6172219991971096,0.5465116279069768,0.6646927357364134,2023-24
204060,Joe Ingles,1610612753,ORL,68.0,17.2,3.3,1.5,0.436,2.4,1.0,0.435,0.5,0.4,0.824,4.4,3.0,1.0,2.1,0.3,1.8,2.4,0.625,0.6060606060606061,11.0,1.0,0.1,0.0,0.0,0.1,0.0,0.0,0.0,0.0,0.0,0.0,0.2,0.0,0.2,0.1,0.1,1.5,0.0,0.0,7.0,9.6,1.7,0.6,0.333,1.0,0.3,0.286,0.3,0.1,0.5,1.6,1.7,0.0,1.9,0.3,1.6,2.1,0.43668122270742366,0.4411764705882353,0.32553758104976327,2023-24
204456,T.J. McConnell,1610612754,IND,71.0,18.2,8.4,4.6,0.556,0.6,0.3,0.409,0.9,0.7,0.79,10.2,5.5,1.5,2.7,0.5,2.2,1.3,0.5798090040927694,0.5654761904761905,10.0,1.3,0.6,0.3,0.5,0.0,0.0,0.0,0.0,0.0,0.0,0.6,0.1,0.0,0.1,0.0,0.1,-0.5,0.5,0.5,17.0,20.5,10.9,5.3,0.486,1.5,0.4,0.269,0.9,0.8,0.867,11.8,5.1,1.2,3.1,0.6,2.4,-0.3,0.5223087818696883,0.5045871559633027,0.5315987487589792,2023-24
1626145,Tyus Jones,1610612764,WAS,66.0,29.3,10.1,4.9,0.489,3.9,1.6,0.414,0.6,0.5,0.8,12.0,7.3,1.0,2.7,0.3,2.4,-7.5,0.578927055191046,0.5643564356435644,25.0,3.0,0.7,0.2,0.278,0.2,0.1,0.333,0.1,0.1,0.667,0.6,0.5,0.1,0.2,0.0,0.2,-4.7,0.4032258064516129,0.35714285714285715,,,,,,,,,,,,,,,,,,,,,0.4687235824333779,2023-24
1626153,Delon Wright,1610612748,MIA,47.0,15.8,4.0,1.6,0.394,1.4,0.5,0.368,1.0,0.8,0.822,4.5,2.5,0.3,1.8,0.4,1.4,0.3,0.5067567567567567,0.4625,3.0,0.9,0.0,0.0,0.0,0.0,0.0,0.0,0.0,0.0,0.0,0.0,0.0,0.0,0.0,0.0,0.0,2.0,,,4.0,26.8,5.0,3.0,0.6,2.5,1.5,0.6,0.5,0.5,1.0,8.0,1.8,0.0,3.0,0.5,2.5,-5.3,0.7662835249042146,0.75,0.46760122191156667,2023-24
1626156,D'Angelo Russell,1610612747,LAL,76.0,32.7,14.2,6.5,0.456,7.2,3.0,0.415,2.5,2.1,0.828,18.0,6.3,2.1,3.1,0.4,2.7,2.4,0.5882352941176471,0.5633802816901409,19.0,4.1,1.5,0.6,0.379,0.8,0.3,0.4,0.9,0.9,1.0,2.4,0.6,0.3,0.5,0.1,0.4,1.8,0.6329113924050633,0.5,5.0,36.9,14.6,5.6,0.384,8.8,2.8,0.318,0.4,0.2,0.5,14.2,4.2,1.8,2.8,0.2,2.6,4.4,0.4805089334055225,0.4794520547945206,0.5598275268050031,2023-24
1626157,Karl-Anthony Towns,1610612750,MIN,62.0,32.7,15.3,7.7,0.504,5.3,2.2,0.416,4.7,4.1,0.873,21.8,3.0,2.9,8.3,1.5,6.8,5.2,0.6275909719023491,0.5751633986928105,27.0,3.6,1.8,0.7,0.388,0.9,0.3,0.292,0.6,0.6,0.882,2.2,0.4,0.1,0.8,0.2,0.6,-0.5,0.5329457364341086,0.4722222222222222,16.0,32.6,14.5,6.8,0.466,5.2,1.9,0.361,4.3,3.7,0.855,19.1,2.6,1.7,9.0,2.2,6.8,1.1,0.5826012689116643,0.5344827586206896,0.5853124144658438,2023-24
1626158,Richaun Holmes,1610612764,WAS,40.0,13.9,3.7,2.1,0.558,0.1,0.0,0.333,1.2,0.9,0.723,5.0,0.6,0.6,4.6,1.8,2.8,-2.3,0.5912961210974457,0.5675675675675675,7.0,2.8,0.6,0.4,0.75,0.1,0.0,0.0,0.0,0.0,0.0,0.9,0.1,0.0,0.6,0.3,0.3,0.7,0.75,0.6666666666666667,,,,,,,,,,,,,,,,,,,,,0.7133149232443153,2023-24
1626162,Kelly Oubre Jr.,1610612755,PHI,68.0,30.2,12.9,5.7,0.441,4.8,1.5,0.311,3.4,2.6,0.75,15.4,1.5,1.3,5.0,1.4,3.6,-0.4,0.5348707974437343,0.5,27.0,3.4,1.1,0.5,0.433,0.2,0.0,0.167,0.4,0.3,0.583,1.3,0.2,0.2,0.6,0.1,0.5,0.0,0.5094043887147336,0.45454545454545453,6.0,37.3,10.7,5.2,0.484,3.8,1.5,0.391,1.8,1.3,0.727,13.2,1.7,1.3,4.0,1.5,2.5,3.8,0.5743125652627915,0.5560747663551402,0.5546300102258807,2023-24
1626164,Devin Booker,1610612756,PHX,68.0,36.0,19.2,9.4,0.492,6.1,2.2,0.364,6.7,6.0,0.886,27.1,6.9,2.6,4.5,0.8,3.7,4.6,0.6117933899223407,0.546875,32.0,3.3,1.6,0.8,0.462,0.7,0.1,0.182,0.9,0.8,0.897,2.4,0.5,0.1,0.5,0.2,0.4,0.7,0.6012024048096192,0.53125,4.0,41.5,16.3,8.0,0.492,5.0,1.8,0.35,10.3,9.8,0.951,27.5,6.0,2.8,3.3,0.3,3.0,-11.5,0.660042242703533,0.5460122699386503,0.6407208212749289,2023-24
1626166,Cameron Payne,1610612755,PHI,78.0,16.7,6.2,2.7,0.432,3.4,1.3,0.39,0.9,0.7,0.866,7.4,2.6,0.8,1.5,0.3,1.2,-0.1,0.5609460278956944,0.5403225806451613,15.0,1.4,0.4,0.1,0.333,0.2,0.1,0.333,0.0,0.0,0.0,0.3,0.1,0.1,0.0,0.0,0.0,-1.1,0.37499999999999994,0.37500000000000006,5.0,12.2,5.0,2.0,0.4,3.6,1.6,0.444,0.0,0.0,0.0,5.6,1.4,0.6,1.2,0.0,1.2,-1.2,0.5599999999999999,0.5599999999999999,0.5049426175514675,2023-24
1626167,Myles Turner,1610612754,IND,77.0,27.0,11.8,6.2,0.524,4.2,1.5,0.358,4.1,3.2,0.773,17.1,1.3,1.4,6.9,1.5,5.5,2.9,0.6284916201117319,0.5889830508474576,29.0,3.1,1.0,0.5,0.5,0.5,0.2,0.467,0.3,0.2,0.778,1.4,0.1,0.2,0.5,0.1,0.4,0.1,0.6183745583038868,0.6,17.0,32.4,12.1,6.2,0.517,5.1,2.3,0.453,2.9,2.2,0.76,17.0,2.1,1.9,6.6,1.5,5.1,3.2,0.6354665071770336,0.6074380165289256,0.6370812859789026,2023-24
1626168,Trey Lyles,1610612758,SAC,58.0,20.0,5.5,2.5,0.445,3.8,1.4,0.384,1.2,0.8,0.7,7.2,1.2,0.7,4.4,1.1,3.4,3.1,0.59721300597213,0.5818181818181819,13.0,2.3,0.2,0.1,0.333,0.2,0.1,0.5,0.3,0.1,0.25,0.3,0.0,0.3,0.5,0.1,0.4,-0.5,0.4518072289156626,0.7500000000000001,,,,,,,,,,,,,,,,,,,,,0.503912184903521,2023-24
1626171,Bobby Portis,1610612749,MIL,82.0,24.5,11.2,5.7,0.508,3.0,1.2,0.407,1.5,1.2,0.79,13.8,1.3,1.1,7.4,1.7,5.7,-0.1,0.581787521079258,0.5625,12.0,3.1,1.1,0.4,0.385,0.3,0.0,0.0,0.1,0.0,0.0,0.8,0.1,0.0,1.3,0.5,0.8,-0.5,0.34965034965034963,0.36363636363636365,6.0,31.1,15.2,7.3,0.484,2.0,0.5,0.25,2.2,1.3,0.615,16.5,1.0,1.5,11.3,2.7,8.7,6.0,0.510267194458189,0.4967105263157895,0.47846972919630576,2023-24
1626172,Kevon Looney,1610612744,GSW,74.0,16.1,3.1,1.9,0.597,0.0,0.0,0.0,1.1,0.8,0.675,4.5,1.8,0.7,5.7,1.9,3.7,0.5,0.6277901785714286,0.6129032258064515,22.0,2.1,0.3,0.1,0.429,0.0,0.0,0.0,0.1,0.0,0.0,0.3,0.3,0.1,0.8,0.4,0.4,-0.2,0.436046511627907,0.33333333333333337,,,,,,,,,,,,,,,,,,,,,0.5096384866274645,2023-24
1626174,Christian Wood,1610612747,LAL,50.0,17.4,5.3,2.5,0.466,2.3,0.7,0.307,1.9,1.3,0.702,6.9,1.0,1.0,5.1,0.8,4.3,0.1,0.5622555410691004,0.5377358490566038,7.0,3.2,0.4,0.1,0.333,0.3,0.0,0.0,0.0,0.0,0.0,0.3,0.1,0.0,0.9,0.1,0.7,1.7,0.37499999999999994,0.25,,,,,,,,,,,,,,,,,,,,,0.4449656834995968,2023-24
1626179,Terry Rozier,1610612748,MIA,61.0,33.4,16.4,7.2,0.443,6.7,2.4,0.363,3.2,2.8,0.869,19.8,5.6,1.7,4.0,0.6,3.5,-4.8,0.5559299191374664,0.5121951219512195,29.0,3.2,1.7,0.8,0.44,0.9,0.4,0.407,1.0,0.9,0.929,2.8,0.4,0.1,0.3,0.0,0.3,-1.4,0.6542056074766355,0.5882352941176471,,,,,,,,,,,,,,,,,,,,,0.6318128983548169,2023-24
1626181,Norman Powell,1610612746,LAC,76.0,26.2,10.1,4.9,0.486,5.1,2.2,0.435,2.3,1.9,0.831,13.9,1.1,0.9,2.6,0.2,2.4,2.8,0.6254499640028798,0.594059405940594,30.0,3.1,0.9,0.5,0.538,0.6,0.2,0.412,0.4,0.3,0.833,1.5,0.0,0.0,0.2,0.0,0.2,1.2,0.6970260223048327,0.6666666666666666,6.0,29.8,10.2,4.3,0.426,4.8,2.2,0.448,2.5,2.0,0.8,12.8,0.3,1.2,2.8,0.5,2.3,-3.7,0.5663716814159293,0.5294117647058825,0.6286803998982822,2023-24
1626192,Pat Connaughton,1610612749,MIL,76.0,22.1,4.6,2.0,0.435,3.1,1.1,0.345,0.8,0.6,0.759,5.6,2.1,0.6,3.1,0.7,2.5,-0.2,0.5654281098546041,0.5543478260869565,17.0,2.6,0.7,0.3,0.417,0.6,0.2,0.364,0.4,0.2,0.429,1.0,0.1,0.1,0.4,0.1,0.3,1.4,0.5707762557077626,0.5714285714285715,6.0,20.7,4.2,1.8,0.44,1.8,0.5,0.273,0.3,0.3,1.0,4.5,2.2,0.5,3.8,0.5,3.3,0.0,0.5193905817174516,0.488095238095238,0.5594094523714537,2023-24
1626196,Josh Richardson,1610612748,MIA,43.0,25.6,8.1,3.6,0.444,4.4,1.5,0.347,1.3,1.2,0.944,9.9,2.4,0.8,2.8,0.4,2.4,-2.5,0.5708025830258302,0.537037037037037,15.0,3.3,0.5,0.2,0.429,0.3,0.1,0.5,0.1,0.1,1.0,0.7,0.3,0.0,0.6,0.1,0.5,-1.2,0.6433823529411764,0.5,,,,,,,,,,,,,,,,,,,,,0.6253619358081385,2023-24
1626204,Larry Nance Jr.,1610612740,NOP,61.0,19.9,4.0,2.3,0.573,1.1,0.4,0.415,1.0,0.8,0.77,5.7,1.9,0.8,5.0,1.5,3.5,1.2,0.6418918918918919,0.625,15.0,1.9,0.5,0.3,0.571,0.1,0.0,0.0,0.4,0.2,0.5,0.7,0.0,0.1,0.3,0.1,0.1,1.3,0.5177514792899408,0.6,4.0,21.1,4.3,2.5,0.588,1.0,0.3,0.25,1.5,1.0,0.667,6.3,1.8,1.8,8.3,3.8,4.5,-4.5,0.6350806451612903,0.6162790697674418,0.6096061309894825,2023-24
1626220,Royce O'Neale,1610612756,PHX,79.0,24.7,6.8,2.7,0.397,5.3,2.0,0.37,0.4,0.3,0.686,7.7,2.8,0.9,4.8,0.8,4.0,1.5,0.5518922018348624,0.5441176470588236,31.0,2.4,0.5,0.3,0.563,0.4,0.3,0.667,0.1,0.1,1.0,0.9,0.2,0.1,0.6,0.1,0.5,0.3,0.8272058823529411,0.8999999999999999,4.0,26.1,5.5,1.8,0.318,4.5,1.5,0.333,0.0,0.0,0.0,5.0,1.0,0.5,4.8,1.3,3.5,-11.5,0.45454545454545453,0.4636363636363636,0.6023429962049073,2023-24
1626224,Cedi Osman,1610612759,SAS,72.0,17.6,5.3,2.6,0.479,3.1,1.2,0.389,0.7,0.5,0.673,6.8,1.7,0.7,2.5,0.3,2.2,-4.9,0.6062767475035663,0.6037735849056605,12.0,1.7,0.3,0.1,0.25,0.2,0.0,0.0,0.0,0.0,0.0,0.2,0.1,0.0,0.3,0.1,0.2,-1.4,0.33333333333333337,0.33333333333333337,,,,,,,,,,,,,,,,,,,,,0.42997484874750025,2023-24
1627732,Ben Simmons,1610612751,BKN,15.0,23.9,4.9,2.9,0.581,0.0,0.0,0.0,1.0,0.4,0.4,6.1,5.7,1.8,7.9,2.1,5.9,-2.5,0.5711610486891384,0.5918367346938775,5.0,3.8,0.2,0.2,1.0,0.0,0.0,0.0,0.0,0.0,0.0,0.4,0.4,0.4,2.0,0.2,1.8,-3.4,1.0,1.0,,,,,,,,,,,,,,,,,,,,,0.8611353155486078,2023-24
1627734,Domantas Sabonis,1610612758,SAC,82.0,35.7,13.0,7.7,0.594,1.1,0.4,0.379,5.1,3.6,0.704,19.4,8.2,3.3,13.7,3.6,10.1,0.8,0.6363159275780634,0.6076923076923078,38.0,4.0,1.1,0.5,0.5,0.1,0.0,0.0,0.5,0.4,0.737,1.4,0.3,0.3,1.3,0.4,0.9,0.4,0.5303030303030303,0.45454545454545453,,,,,,,,,,,,,,,,,,,,,0.574102201188929,2023-24
1627736,Malik Beasley,1610612749,MIL,79.0,29.6,9.1,4.1,0.443,6.9,2.8,0.413,0.4,0.3,0.714,11.3,1.4,0.7,3.7,0.5,3.2,3.7,0.6090987494609746,0.6043956043956045,33.0,3.7,1.1,0.4,0.343,0.8,0.2,0.286,0.0,0.0,0.0,1.0,0.0,0.1,0.4,0.0,0.4,1.1,0.45454545454545453,0.45454545454545453,6.0,21.8,6.8,3.5,0.512,4.2,1.8,0.44,0.0,0.0,0.0,8.8,0.7,0.5,2.5,0.2,2.3,-6.3,0.6470588235294118,0.6470588235294118,0.588648933609937,2023-24
1627739,Kris Dunn,1610612762,UTA,66.0,18.9,4.7,2.2,0.47,1.7,0.6,0.369,0.5,0.3,0.688,5.4,3.8,1.2,2.9,0.8,2.1,0.2,0.5487804878048781,0.5319148936170213,13.0,2.2,0.4,0.2,0.6,0.0,0.0,0.0,0.0,0.0,0.0,0.5,0.5,0.0,0.1,0.1,0.0,1.6,0.625,0.5,,,,,,,,,,,,,,,,,,,,,0.6081041342310209,2023-24
1627741,Buddy Hield,1610612755,PHI,84.0,25.7,10.1,4.4,0.436,6.8,2.6,0.386,0.7,0.6,0.881,12.1,2.8,1.2,3.2,0.7,2.5,0.8,0.5812836279784781,0.5643564356435644,29.0,2.5,1.3,0.8,0.622,0.9,0.4,0.52,0.2,0.1,0.8,2.2,0.1,0.1,0.4,0.2,0.3,0.7,0.792507204610951,0.7692307692307692,4.0,12.7,4.3,1.8,0.412,3.3,1.5,0.462,0.5,0.5,1.0,5.5,0.5,0.5,1.3,0.5,0.8,-1.3,0.6084070796460177,0.5930232558139534,0.6781244998171774,2023-24
1627742,Brandon Ingram,1610612740,NOP,64.0,32.9,15.9,7.8,0.492,3.8,1.3,0.355,4.8,3.8,0.801,20.8,5.7,2.5,5.1,0.7,4.4,2.7,0.5773928492116367,0.5314465408805031,22.0,3.3,1.9,0.8,0.429,0.5,0.1,0.182,0.6,0.5,0.846,2.2,0.3,0.3,0.5,0.2,0.4,-0.9,0.5083179297597044,0.44736842105263164,4.0,36.4,13.8,4.8,0.345,2.0,0.5,0.25,4.8,4.3,0.895,14.3,3.3,2.3,4.5,0.3,4.3,-11.0,0.4493464052287582,0.3659420289855072,0.502294339603393,2023-24
1627747,Caris LeVert,1610612739,CLE,68.0,28.8,12.1,5.1,0.421,4.9,1.6,0.325,3.0,2.3,0.766,14.0,5.1,1.7,4.1,0.6,3.5,1.8,0.5216095380029806,0.48760330578512395,32.0,3.1,1.3,0.4,0.35,0.6,0.2,0.316,0.4,0.3,0.846,1.4,0.3,0.1,0.2,0.0,0.2,-0.3,0.47425474254742545,0.3846153846153846,11.0,25.3,9.3,4.0,0.431,3.0,0.5,0.182,2.4,1.5,0.654,10.1,2.3,1.3,3.6,0.7,2.9,-3.3,0.4876400154499806,0.45698924731182794,0.4995836465599669,2023-24
1627749,Dejounte Murray,1610612737,ATL,78.0,35.7,18.8,8.6,0.459,7.1,2.6,0.363,3.4,2.7,0.794,22.5,6.4,2.6,5.3,0.8,4.5,-2.0,0.5542964130863225,0.526595744680851,42.0,3.8,2.5,1.0,0.388,0.7,0.2,0.286,0.7,0.4,0.643,2.5,0.3,0.2,0.7,0.2,0.5,-1.4,0.4451566951566952,0.44000000000000006,,,,,,,,,,,,,,,,,,,,,0.4948344734729558,2023-24
1627750,Jamal Murray,1610612743,DEN,59.0,31.5,16.7,8.0,0.481,5.8,2.5,0.425,3.1,2.7,0.853,21.2,6.5,2.1,4.1,0.7,3.4,5.3,0.5868024800708591,0.5538922155688623,25.0,3.1,1.4,0.8,0.571,0.4,0.2,0.4,0.8,0.6,0.842,2.4,0.7,0.2,0.4,0.1,0.4,3.1,0.684931506849315,0.6428571428571429,12.0,38.5,20.8,8.3,0.402,6.1,1.9,0.315,2.2,2.0,0.923,20.6,5.6,2.6,4.3,0.8,3.6,-2.7,0.4731716280779126,0.44471153846153844,0.5710799631996365,2023-24
1627751,Jakob Poeltl,1610612761,TOR,50.0,26.4,7.6,5.0,0.656,0.0,0.0,0.0,2.1,1.2,0.551,11.1,2.5,1.5,8.6,2.9,5.7,-0.3,0.6511027686532145,0.6578947368421053,21.0,2.9,0.5,0.4,0.727,0.0,0.0,0.0,0.4,0.2,0.625,1.0,0.2,0.0,1.0,0.4,0.6,0.1,0.7396449704142012,0.8,,,,,,,,,,,,,,,,,,,,,0.7167098505280944,2023-24
1627752,Taurean Prince,1610612747,LAL,78.0,27.0,7.3,3.2,0.442,4.6,1.8,0.396,0.9,0.6,0.735,8.9,1.5,0.9,2.9,0.3,2.7,-1.5,0.5782224532224532,0.5616438356164385,23.0,3.1,0.5,0.2,0.364,0.2,0.0,0.2,0.3,0.3,0.75,0.7,0.1,0.0,0.3,0.0,0.3,0.2,0.5537974683544303,0.4,5.0,22.2,5.8,2.4,0.414,3.4,1.0,0.294,1.6,1.6,1.0,7.4,0.6,0.2,2.4,0.2,2.2,-0.6,0.5688806888068881,0.5,0.5722592244595514,2023-24
1627759,Jaylen Brown,1610612738,BOS,70.0,33.5,17.9,9.0,0.499,5.9,2.1,0.354,4.3,3.0,0.703,23.0,3.6,2.4,5.5,1.2,4.3,5.9,0.5810428455941795,0.5614525139664805,29.0,3.9,1.4,0.7,0.5,0.5,0.1,0.2,0.7,0.4,0.684,1.9,0.2,0.2,0.8,0.2,0.6,1.6,0.5562060889929742,0.5357142857142857,19.0,37.2,17.8,9.2,0.516,5.8,1.9,0.327,5.4,3.6,0.66,23.9,3.3,2.7,5.9,1.2,4.8,4.6,0.5922878667724027,0.5702247191011235,0.5862076663660651,2023-24
1627763,Malcolm Brogdon,1610612757,POR,39.0,28.7,12.7,5.6,0.44,5.1,2.1,0.412,3.0,2.4,0.819,15.7,5.5,1.5,3.8,0.7,3.1,-2.1,0.5599144079885877,0.5236220472440944,20.0,3.8,1.9,0.8,0.405,0.7,0.3,0.357,0.6,0.5,0.818,2.2,0.7,0.3,0.6,0.1,0.6,1.5,0.5083179297597044,0.5000000000000001,,,,,,,,,,,,,,,,,,,,,0.5404773857560806,2023-24
1627777,Georges Niang,1610612739,CLE,82.0,22.3,7.7,3.5,0.449,4.8,1.8,0.376,0.7,0.6,0.85,9.4,1.2,0.9,3.4,0.3,3.1,0.4,0.5869130869130869,0.5714285714285715,19.0,1.8,0.5,0.3,0.556,0.2,0.1,0.25,0.3,0.2,0.6,0.7,0.2,0.0,0.3,0.0,0.3,1.3,0.5537974683544303,0.7,10.0,12.1,4.1,0.9,0.22,2.3,0.3,0.13,0.8,0.7,0.875,2.8,0.4,0.7,1.2,0.3,0.9,-2.4,0.31446540880503143,0.25609756097560976,0.4461442148321701,2023-24
1627780,Gary Payton II,1610612744,GSW,44.0,15.5,4.2,2.3,0.563,1.3,0.5,0.364,0.5,0.3,0.609,5.5,1.1,0.6,2.6,1.0,1.5,1.9,0.6221719457013575,0.6071428571428571,14.0,1.5,0.4,0.2,0.6,0.1,0.0,0.0,0.1,0.1,1.0,0.5,0.1,0.1,0.1,0.1,0.0,0.4,0.5630630630630631,0.5,,,,,,,,,,,,,,,,,,,,,0.5922898334640365,2023-24
1627783,Pascal Siakam,1610612754,IND,80.0,33.2,15.9,8.5,0.536,3.1,1.1,0.346,5.0,3.6,0.732,21.7,4.3,1.8,7.1,1.7,5.3,1.4,0.5994475138121547,0.5691823899371069,44.0,3.4,1.3,0.7,0.582,0.2,0.1,0.667,0.3,0.2,0.533,1.8,0.2,0.3,0.7,0.2,0.4,-1.2,0.6284916201117319,0.5769230769230769,17.0,35.4,17.1,9.2,0.541,2.8,0.8,0.298,3.7,2.3,0.619,21.6,3.8,1.1,7.5,2.5,5.1,2.2,0.5766766339171294,0.5614035087719298,0.6059195432595843,2023-24
1627826,Ivica Zubac,1610612746,LAC,68.0,26.4,7.6,5.0,0.649,0.0,0.0,0.0,2.4,1.8,0.723,11.7,1.4,1.2,9.2,2.9,6.3,2.7,0.6758317929759705,0.6578947368421053,21.0,2.2,0.6,0.3,0.583,0.0,0.0,0.0,0.2,0.2,1.0,0.9,0.1,0.0,0.8,0.4,0.4,1.0,0.6540697674418605,0.5,6.0,32.0,11.7,7.0,0.6,0.0,0.0,0.0,3.3,2.2,0.65,16.2,1.0,1.3,9.3,3.0,6.3,-1.3,0.6158759124087592,0.5982905982905983,0.6464945810220614,2023-24
1627827,Dorian Finney-Smith,1610612751,BKN,68.0,28.4,7.5,3.2,0.421,4.9,1.7,0.348,0.7,0.5,0.717,8.5,1.6,0.9,4.7,1.6,3.1,-1.6,0.5443135245901639,0.5399999999999999,28.0,3.9,1.1,0.5,0.433,0.7,0.3,0.368,0.1,0.0,0.25,1.2,0.0,0.2,0.7,0.3,0.4,-0.4,0.5244755244755244,0.5909090909090908,,,,,,,,,,,,,,,,,,,,,0.5457548578451153,2023-24
1627832,Fred VanVleet,1610612745,HOU,73.0,36.8,13.9,5.8,0.416,8.0,3.1,0.387,3.1,2.7,0.86,17.4,8.1,1.7,3.8,0.5,3.4,2.5,0.5699685534591195,0.5287769784172661,34.0,3.8,1.6,0.6,0.345,1.0,0.3,0.265,0.6,0.5,0.85,1.9,0.7,0.1,0.4,0.1,0.3,-1.0,0.5096566523605149,0.46875,,,,,,,,,,,,,,,,,,,,,0.5412714107594615,2023-24
1627863,Danuel House Jr.,1610612755,PHI,34.0,15.0,3.1,1.4,0.448,1.5,0.4,0.3,1.4,1.0,0.761,4.2,0.8,0.6,1.7,0.5,1.2,0.6,0.5651237890204521,0.5161290322580645,2.0,1.0,0.0,0.0,0.0,0.0,0.0,0.0,0.0,0.0,0.0,0.0,0.0,0.0,0.0,0.0,0.0,-5.0,,,,,,,,,,,,,,,,,,,,,,,0.18837459634015072,2023-24
1627884,Derrick Jones Jr.,1610612742,DAL,76.0,23.5,6.5,3.1,0.483,3.1,1.1,0.343,1.8,1.3,0.713,8.6,1.0,0.9,3.3,1.1,2.2,0.7,0.589687328579265,0.5615384615384615,18.0,1.5,0.4,0.2,0.5,0.1,0.0,0.0,0.2,0.2,1.0,0.6,0.0,0.0,0.3,0.1,0.2,-0.3,0.6147540983606556,0.5,22.0,29.4,7.3,3.5,0.481,3.0,1.1,0.369,1.4,1.0,0.733,9.1,1.2,0.8,3.5,1.5,2.0,2.0,0.5747852450732693,0.5547945205479452,0.5967457229062968,2023-24
1627936,Alex Caruso,1610612741,CHI,71.0,28.7,7.6,3.6,0.468,4.7,1.9,0.408,1.4,1.0,0.76,10.1,3.5,1.4,3.8,0.9,3.0,0.1,0.6146543330087634,0.5986842105263158,35.0,4.8,0.9,0.5,0.485,0.6,0.3,0.476,0.4,0.3,0.786,1.5,0.4,0.3,1.0,0.1,0.9,2.3,0.6970260223048327,0.7222222222222222,,,,,,,,,,,,,,,,,,,,,0.6814108978010759,2023-24
1628365,Markelle Fultz,1610612753,ORL,43.0,21.2,7.6,3.6,0.472,0.4,0.1,0.222,0.8,0.5,0.697,7.8,2.8,1.2,3.2,1.3,1.9,0.3,0.49044265593561365,0.48026315789473684,7.0,2.9,1.0,0.6,0.571,0.0,0.0,0.0,0.0,0.0,0.0,1.1,0.7,0.3,0.6,0.3,0.3,-1.1,0.55,0.6,7.0,15.1,4.9,2.9,0.588,0.1,0.0,0.0,1.3,0.7,0.556,6.4,1.1,1.1,2.0,1.0,1.0,4.6,0.5847953216374269,0.5918367346938775,0.5706293315430931,2023-24
1628368,De'Aaron Fox,1610612758,SAC,74.0,35.9,20.9,9.7,0.465,7.8,2.9,0.369,5.7,4.2,0.738,26.6,5.6,2.6,4.6,0.9,3.7,3.1,0.5681818181818182,0.5334928229665071,35.0,4.0,3.1,1.3,0.439,0.9,0.2,0.219,0.9,0.6,0.677,3.5,0.5,0.4,0.3,0.1,0.3,-0.1,0.5005720823798627,0.4516129032258065,,,,,,,,,,,,,,,,,,,,,0.5379411968649723,2023-24
1628369,Jayson Tatum,1610612738,BOS,74.0,35.7,19.3,9.1,0.471,8.2,3.1,0.376,6.7,5.6,0.833,26.9,4.9,2.5,8.1,0.9,7.2,8.2,0.6045487234807623,0.5518134715025906,29.0,3.8,2.1,0.8,0.361,0.6,0.2,0.333,1.4,1.1,0.825,2.9,0.5,0.2,0.9,0.2,0.7,1.8,0.5338733431516937,0.42857142857142855,19.0,40.4,19.6,8.4,0.427,7.3,2.1,0.283,7.2,6.2,0.861,25.0,6.3,2.6,9.7,0.9,8.8,7.7,0.5490161630358398,0.48214285714285715,0.5641048121635917,2023-24
1628370,Malik Monk,1610612758,SAC,72.0,26.0,12.4,5.5,0.443,5.9,2.1,0.35,2.8,2.4,0.829,15.4,5.1,2.1,2.9,0.4,2.6,0.1,0.5648474178403756,0.5282258064516129,28.0,4.4,2.1,1.1,0.517,1.0,0.4,0.357,1.3,0.9,0.743,3.5,0.6,0.3,0.6,0.0,0.6,0.9,0.6549401197604791,0.6190476190476191,,,,,,,,,,,,,,,,,,,,,0.6418447029900466,2023-24
1628371,Jonathan Isaac,1610612753,ORL,58.0,15.8,4.9,2.5,0.51,1.9,0.7,0.375,1.4,1.0,0.72,6.8,0.5,0.5,4.5,1.3,3.2,3.1,0.6163886874546772,0.5816326530612245,15.0,2.5,0.6,0.3,0.444,0.1,0.0,0.0,0.4,0.3,0.833,0.9,0.1,0.0,1.2,0.5,0.7,-0.7,0.5798969072164949,0.5,7.0,21.0,5.6,2.3,0.41,3.9,1.4,0.37,0.3,0.3,1.0,6.3,0.4,0.6,4.9,1.4,3.4,0.9,0.5495464061409631,0.5357142857142857,0.583048518008444,2023-24
1628372,Dennis Smith Jr.,1610612751,BKN,56.0,18.9,6.0,2.6,0.435,1.9,0.6,0.294,1.0,0.8,0.741,6.6,3.6,1.2,2.9,0.9,2.0,-0.6,0.5124223602484471,0.48333333333333334,14.0,2.4,0.6,0.1,0.25,0.1,0.0,0.0,0.2,0.1,0.667,0.4,0.6,0.1,0.4,0.1,0.4,-1.6,0.29069767441860467,0.16666666666666669,,,,,,,,,,,,,,,,,,,,,0.3746059030268855,2023-24
1628374,Lauri Markkanen,1610612762,UTA,55.0,33.1,16.2,7.8,0.48,8.0,3.2,0.399,5.0,4.5,0.899,23.2,2.0,1.4,8.2,2.2,5.9,0.4,0.6304347826086957,0.5802469135802469,22.0,3.8,1.4,0.7,0.484,0.8,0.3,0.389,0.8,0.6,0.824,2.3,0.2,0.2,1.0,0.3,0.6,0.0,0.6563926940639269,0.6071428571428572,,,,,,,,,,,,,,,,,,,,,0.6563820322202917,2023-24
1628378,Donovan Mitchell,1610612739,CLE,55.0,35.3,19.8,9.1,0.462,9.0,3.3,0.368,5.8,5.0,0.865,26.6,6.1,2.8,5.1,0.8,4.3,5.9,0.5950250536864711,0.5429292929292929,27.0,3.2,2.0,0.9,0.418,0.9,0.4,0.435,1.0,0.9,0.889,3.0,0.3,0.3,0.4,0.1,0.3,0.7,0.6147540983606558,0.55,10.0,38.2,22.5,10.7,0.476,8.2,2.9,0.354,6.5,5.3,0.815,29.6,4.7,2.8,5.4,0.6,4.8,0.0,0.583596214511041,0.5399999999999999,0.6059879924239843,2023-24
1628379,Luke Kennard,1610612763,MEM,39.0,25.6,8.1,3.6,0.448,6.1,2.7,0.45,1.2,1.0,0.889,11.0,3.5,1.4,2.9,0.3,2.6,-4.8,0.6374594343996292,0.6111111111111112,14.0,3.1,0.8,0.3,0.364,0.5,0.1,0.286,0.6,0.6,1.0,1.3,0.0,0.1,0.4,0.0,0.4,-0.6,0.6109022556390977,0.43749999999999994,,,,,,,,,,,,,,,,,,,,,0.629631191767932,2023-24
1628380,Zach Collins,1610612759,SAS,69.0,22.1,8.9,4.3,0.484,2.6,0.8,0.32,2.3,1.8,0.753,11.2,2.8,1.9,5.4,1.7,3.7,-5.7,0.5649717514124293,0.5280898876404494,23.0,2.3,0.6,0.3,0.538,0.1,0.0,0.0,0.5,0.3,0.5,0.9,0.2,0.2,0.3,0.1,0.1,-1.3,0.5487804878048781,0.5,,,,,,,,,,,,,,,,,,,,,0.5609191487070122,2023-24
1628381,John Collins,1610612762,UTA,68.0,28.0,11.0,5.8,0.532,3.4,1.3,0.371,2.7,2.2,0.795,15.1,1.1,1.4,8.5,2.3,6.1,-4.5,0.6194617656711519,0.5863636363636364,22.0,3.6,1.0,0.5,0.571,0.2,0.1,0.75,0.5,0.5,0.833,1.7,0.0,0.1,0.8,0.2,0.5,-0.4,0.6967213114754098,0.55,,,,,,,,,,,,,,,,,,,,,0.6800590386307399,2023-24
1628384,OG Anunoby,1610612752,NYK,50.0,34.0,11.5,5.6,0.489,5.3,2.0,0.382,1.8,1.3,0.753,14.7,2.1,1.6,4.2,0.9,3.2,7.8,0.5979498861047836,0.5739130434782609,23.0,3.2,0.6,0.2,0.385,0.3,0.1,0.375,0.3,0.3,0.857,0.8,0.2,0.0,0.3,0.1,0.2,-0.6,0.546448087431694,0.4166666666666667,9.0,36.0,12.3,6.2,0.505,4.3,1.8,0.41,1.4,0.9,0.615,15.1,1.1,1.1,6.0,0.8,5.2,0.3,0.5845462991638278,0.5772357723577236,0.5792982177138366,2023-24
1628386,Jarrett Allen,1610612739,CLE,77.0,31.7,10.6,6.7,0.634,0.1,0.0,0.0,4.1,3.0,0.742,16.5,2.7,1.6,10.5,3.2,7.4,2.6,0.6651080296678491,0.6320754716981133,35.0,3.4,0.6,0.5,0.8,0.0,0.0,0.0,0.5,0.4,0.765,1.3,0.2,0.2,1.1,0.3,0.9,-0.3,0.7926829268292683,0.8333333333333334,4.0,31.7,9.3,6.3,0.676,0.0,0.0,0.0,6.5,4.5,0.692,17.0,1.3,1.3,13.8,3.8,10.0,-2.0,0.6990131578947368,0.6774193548387096,0.7302459368597226,2023-24
1628389,Bam Adebayo,1610612748,MIA,71.0,34.0,14.3,7.5,0.521,0.6,0.2,0.357,5.5,4.1,0.755,19.3,3.9,2.3,10.4,2.2,8.1,0.7,0.577153110047847,0.5314685314685315,37.0,3.5,1.1,0.4,0.375,0.1,0.0,0.5,0.4,0.4,0.813,1.2,0.2,0.2,0.7,0.2,0.5,-1.2,0.47021943573667707,0.36363636363636365,5.0,38.5,19.4,9.6,0.495,2.0,0.4,0.2,4.2,3.0,0.714,22.6,3.8,1.6,9.4,2.2,7.2,-7.2,0.5318147590361447,0.5051546391752577,0.5265316841300423,2023-24
1628392,Isaiah Hartenstein,1610612752,NYK,75.0,25.3,4.9,3.1,0.644,0.0,0.0,0.333,2.1,1.5,0.707,7.8,2.5,1.2,8.3,3.3,5.1,5.4,0.6696428571428571,0.6326530612244897,24.0,2.3,0.3,0.2,0.625,0.0,0.0,0.0,0.0,0.0,0.0,0.4,0.1,0.0,0.5,0.3,0.2,1.9,0.6666666666666667,0.6666666666666667,13.0,29.8,5.8,3.5,0.592,0.2,0.1,0.5,1.7,1.5,0.864,8.5,3.5,1.5,7.8,3.8,4.1,-5.5,0.6490531459987783,0.6120689655172413,0.6644783870570966,2023-24
1628398,Kyle Kuzma,1610612764,WAS,70.0,32.6,18.8,8.7,0.463,6.4,2.2,0.336,3.4,2.7,0.775,22.2,4.2,2.7,6.6,0.9,5.7,-8.0,0.5469057942451715,0.5212765957446808,30.0,3.1,2.1,0.8,0.375,0.7,0.2,0.238,0.3,0.2,0.778,2.0,0.1,0.2,0.6,0.3,0.4,-3.7,0.4480286738351254,0.42857142857142855,,,,,,,,,,,,,,,,,,,,,0.49215792673717074,2023-24
1628401,Derrick White,1610612738,BOS,73.0,32.6,11.5,5.3,0.461,6.8,2.7,0.396,2.1,1.9,0.901,15.2,5.2,1.5,4.2,0.7,3.5,8.5,0.6117192530585963,0.5782608695652174,29.0,3.6,1.0,0.6,0.533,0.8,0.4,0.522,0.3,0.3,1.0,1.9,0.3,0.1,0.6,0.1,0.6,2.6,0.8392226148409893,0.8,19.0,35.6,12.7,5.7,0.452,8.5,3.4,0.404,2.0,1.8,0.921,16.7,4.1,0.8,4.3,1.0,3.3,3.5,0.6148748159057437,0.5826771653543308,0.6978271405827912,2023-24
1628404,Josh Hart,1610612752,NYK,81.0,33.4,8.4,3.6,0.434,3.2,1.0,0.31,1.4,1.1,0.791,9.4,4.1,1.5,8.3,1.6,6.8,4.3,0.5212954747116239,0.488095238095238,26.0,3.0,0.5,0.3,0.643,0.2,0.1,0.5,0.5,0.3,0.667,1.1,0.2,0.1,1.0,0.3,0.7,1.6,0.763888888888889,0.7,13.0,42.1,11.5,5.1,0.44,4.5,1.7,0.373,3.7,2.7,0.729,14.5,4.5,2.6,11.5,2.8,8.7,-3.5,0.5522547227300426,0.517391304347826,0.6235919510649274,2023-24
1628415,Dillon Brooks,1610612745,HOU,72.0,30.9,10.7,4.6,0.428,5.1,1.8,0.359,2.0,1.7,0.844,12.7,1.7,1.2,3.4,0.7,2.7,-0.3,0.5483592400690845,0.5140186915887851,33.0,3.3,1.2,0.6,0.488,0.8,0.4,0.48,0.1,0.0,0.5,1.6,0.2,0.0,0.4,0.1,0.4,-1.4,0.6430868167202572,0.6666666666666667,,,,,,,,,,,,,,,,,,,,,0.622725911106513,2023-24
1628418,Thomas Bryant,1610612748,MIA,38.0,11.6,3.9,2.3,0.577,0.6,0.1,0.182,1.2,1.1,0.872,5.7,0.6,0.6,3.7,1.1,2.7,0.3,0.6436314363143631,0.6025641025641025,,,,,,,,,,,,,,,,,,,,,2.0,8.9,3.5,2.5,0.714,1.0,0.0,0.0,1.5,1.0,0.667,6.0,0.5,1.0,2.5,1.0,1.5,-2.0,0.7211538461538461,0.7142857142857143,0.7017732436939754,2023-24
1628420,Monté Morris,1610612750,MIN,33.0,14.4,4.6,1.9,0.405,2.1,0.8,0.386,0.6,0.4,0.684,5.0,2.1,0.2,1.7,0.2,1.5,2.6,0.5139802631578948,0.5,3.0,0.9,0.0,0.0,0.0,0.0,0.0,0.0,0.0,0.0,0.0,0.0,0.0,0.0,0.0,0.0,0.0,-3.0,,,9.0,7.4,3.3,1.0,0.3,1.6,0.1,0.071,0.2,0.2,1.0,2.3,1.0,0.0,0.7,0.1,0.6,0.2,0.3394332939787485,0.31818181818181823,0.2553800241823567,2023-24
1628424,Kobi Simmons,1610612761,TOR,4.0,16.9,5.3,2.3,0.429,2.0,0.5,0.25,0.0,0.0,0.0,5.0,3.0,0.3,1.8,0.3,1.5,-7.8,0.4716981132075472,0.4811320754716981,,,,,,,,,,,,,,,,,,,,,,,,,,,,,,,,,,,,,,,,,0.4716981132075472,2023-24
1628426,Sasha Vezenkov,1610612758,SAC,42.0,12.2,4.5,2.0,0.44,2.9,1.1,0.375,0.4,0.3,0.8,5.4,0.5,0.3,2.3,0.7,1.6,0.0,0.5774165953806673,0.5666666666666667,3.0,2.2,1.0,0.0,0.0,0.7,0.0,0.0,0.0,0.0,0.0,0.0,0.0,0.0,0.3,0.3,0.0,0.7,0.0,0.0,,,,,,,,,,,,,,,,,,,,,0.21469442067750638,2023-24
1628436,Luke Kornet,1610612738,BOS,63.0,15.6,3.2,2.3,0.7,0.0,0.0,1.0,0.9,0.8,0.907,5.3,1.1,0.3,4.1,1.9,2.3,3.5,0.7369299221357063,0.7187499999999999,7.0,0.9,0.3,0.1,0.5,0.0,0.0,0.0,0.0,0.0,0.0,0.3,0.0,0.0,0.0,0.0,0.0,0.1,0.5,0.33333333333333337,13.0,10.2,1.6,1.1,0.667,0.0,0.0,0.0,1.0,0.8,0.846,3.0,0.5,0.5,3.2,1.5,1.7,-1.3,0.7352941176470588,0.6875,0.6665103791765508,2023-24
1628449,Chris Boucher,1610612761,TOR,50.0,14.1,4.3,2.2,0.507,1.9,0.6,0.33,1.8,1.4,0.772,6.4,0.5,0.6,4.1,1.2,2.9,0.6,0.6284367635506678,0.5813953488372093,6.0,3.1,0.5,0.5,1.0,0.0,0.0,0.0,1.0,0.8,0.833,1.8,0.0,0.0,1.5,0.5,1.0,-1.3,0.9574468085106383,1.0,,,,,,,,,,,,,,,,,,,,,0.8594047004980216,2023-24
1628464,Daniel Theis,1610612746,LAC,60.0,16.9,4.9,2.6,0.532,1.2,0.4,0.366,0.8,0.6,0.76,6.3,1.0,0.7,4.1,1.4,2.7,1.0,0.5997715156130997,0.5714285714285714,7.0,2.9,0.3,0.1,0.5,0.1,0.0,0.0,0.0,0.0,0.0,0.3,0.0,0.1,0.7,0.0,0.7,-1.4,0.5,0.33333333333333337,1.0,4.4,1.0,1.0,1.0,1.0,1.0,1.0,0.0,0.0,0.0,3.0,0.0,0.0,1.0,0.0,1.0,2.0,1.5,1.5,1.022751034913859,2023-24
1628467,Maxi Kleber,1610612742,DAL,43.0,20.3,3.4,1.5,0.432,2.1,0.7,0.348,1.1,0.8,0.702,4.4,1.6,0.7,3.3,0.7,2.6,2.9,0.5664263645726056,0.5441176470588236,15.0,2.5,0.5,0.1,0.286,0.3,0.0,0.0,0.1,0.1,1.0,0.4,0.5,0.0,0.4,0.1,0.3,1.9,0.3676470588235294,0.2,13.0,16.8,3.0,1.2,0.41,2.2,0.9,0.429,0.5,0.3,0.667,3.7,1.0,0.4,1.9,0.3,1.6,1.0,0.5745341614906833,0.5499999999999999,0.518926376797235,2023-24
1628470,Torrey Craig,1610612741,CHI,53.0,19.8,4.7,2.0,0.43,2.9,1.1,0.392,0.7,0.5,0.75,5.7,1.1,0.6,4.1,1.3,2.8,-3.4,0.5690894568690096,0.5425531914893617,18.0,1.8,0.3,0.2,0.667,0.2,0.2,1.0,0.1,0.1,0.5,0.7,0.1,0.0,0.4,0.1,0.4,0.2,1.0174418604651163,1.0000000000000002,,,,,,,,,,,,,,,,,,,,,0.8743740379884603,2023-24
1628960,Grayson Allen,1610612756,PHX,75.0,33.5,9.1,4.5,0.499,5.9,2.7,0.461,2.0,1.7,0.878,13.5,3.0,1.3,3.9,0.6,3.3,3.5,0.6763527054108216,0.6428571428571428,36.0,3.4,0.5,0.1,0.235,0.4,0.1,0.231,0.3,0.3,0.9,0.6,0.2,0.1,0.3,0.1,0.2,-0.2,0.47468354430379744,0.30000000000000004,2.0,21.3,2.5,0.5,0.2,2.5,0.5,0.2,2.0,2.0,1.0,3.5,1.0,1.5,4.0,1.0,3.0,-1.5,0.5177514792899408,0.3,0.5353235441419416,2023-24
1628963,Marvin Bagley III,1610612764,WAS,50.0,21.1,8.2,4.8,0.586,0.5,0.2,0.391,2.5,1.9,0.762,11.7,1.1,1.2,6.2,2.6,3.6,-2.7,0.6290322580645161,0.5975609756097561,11.0,2.7,0.5,0.4,0.667,0.0,0.0,0.0,0.3,0.3,1.0,1.0,0.1,0.2,1.2,0.5,0.7,-4.3,0.7911392405063291,0.8,,,,,,,,,,,,,,,,,,,,,0.7432011406672575,2023-24
1628964,Mo Bamba,1610612755,PHI,57.0,13.0,3.5,1.7,0.49,1.1,0.4,0.391,0.9,0.6,0.68,4.4,0.7,0.7,4.2,1.4,2.8,-0.8,0.564681724845996,0.5428571428571428,8.0,2.9,0.5,0.5,1.0,0.0,0.0,0.0,0.3,0.1,0.5,1.1,0.1,0.0,0.8,0.4,0.4,-0.6,0.8702531645569621,1.0,,,,,,,,,,,,,,,,,,,,,0.7826817322682728,2023-24
1628966,Keita Bates-Diop,1610612751,BKN,53.0,12.5,3.1,1.4,0.434,1.3,0.4,0.304,0.8,0.6,0.762,3.7,0.7,0.3,2.1,0.6,1.5,-1.0,0.5359212050984936,0.5161290322580645,11.0,2.3,0.6,0.3,0.429,0.5,0.2,0.4,0.0,0.0,0.0,0.7,0.2,0.0,0.4,0.1,0.3,-1.4,0.5833333333333334,0.6666666666666667,,,,,,,,,,,,,,,,,,,,,0.5868841292918207,2023-24
1628969,Mikal Bridges,1610612751,BKN,82.0,34.8,15.8,6.9,0.436,7.2,2.7,0.372,3.9,3.1,0.814,19.6,3.6,2.0,4.5,0.8,3.7,-2.3,0.5594884676866865,0.5221518987341772,32.0,4.6,2.5,1.2,0.494,0.6,0.2,0.316,1.3,0.9,0.75,3.6,0.3,0.1,0.5,0.2,0.3,-0.9,0.5859375,0.52,,,,,,,,,,,,,,,,,,,,,0.5929439407046873,2023-24
1628970,Miles Bridges,1610612766,CHA,69.0,37.4,17.5,8.1,0.462,6.5,2.3,0.349,3.1,2.5,0.825,21.0,3.3,2.0,7.3,1.0,6.3,-9.2,0.5566157760814249,0.5285714285714286,25.0,3.6,1.3,0.6,0.5,0.7,0.2,0.294,0.6,0.5,0.857,2.0,0.1,0.2,0.7,0.1,0.6,-0.8,0.639386189258312,0.5384615384615384,,,,,,,,,,,,,,,,,,,,,0.6192246229608299,2023-24
1628971,Bruce Brown,1610612761,TOR,67.0,27.8,8.7,4.1,0.478,2.4,0.8,0.323,2.1,1.7,0.824,10.8,2.9,1.3,4.2,0.8,3.4,-3.4,0.5610972568578555,0.5172413793103449,21.0,3.4,1.0,0.5,0.455,0.3,0.0,0.143,0.5,0.5,0.909,1.5,0.1,0.1,0.6,0.1,0.5,0.9,0.6147540983606558,0.5,,,,,,,,,,,,,,,,,,,,,0.608362737398631,2023-24
1628972,Troy Brown Jr.,1610612765,DET,59.0,14.0,3.8,1.4,0.372,2.4,0.8,0.333,0.6,0.5,0.865,4.2,1.0,0.5,2.4,0.4,2.0,-2.2,0.5167322834645669,0.47368421052631576,5.0,3.0,1.2,0.6,0.5,0.6,0.4,0.667,1.2,0.8,0.667,2.4,0.0,0.0,0.8,0.2,0.6,-0.8,0.6944444444444444,0.6666666666666667,,,,,,,,,,,,,,,,,,,,,0.6667860048112627,2023-24
1628973,Jalen Brunson,1610612752,NYK,77.0,35.4,21.4,10.3,0.479,6.8,2.7,0.401,6.5,5.5,0.847,28.7,6.7,2.4,3.6,0.6,3.1,6.6,0.5915086562242374,0.5443925233644861,30.0,3.4,2.8,1.2,0.424,0.9,0.2,0.222,1.2,0.9,0.757,3.5,0.7,0.2,0.4,0.1,0.3,2.0,0.5258413461538461,0.46428571428571436,13.0,39.8,26.2,11.6,0.444,6.5,2.0,0.31,9.2,7.2,0.775,32.4,7.5,2.7,3.3,0.6,2.7,0.9,0.5355725998413119,0.48091603053435117,0.5547356368248989,2023-24
1628975,Jevon Carter,1610612741,CHI,72.0,13.9,5.1,1.9,0.378,3.3,1.1,0.329,0.1,0.1,0.571,5.0,1.3,0.5,0.8,0.2,0.7,0.4,0.48600311041990674,0.48039215686274517,4.0,2.1,0.5,0.3,0.5,0.0,0.0,0.0,0.0,0.0,0.0,0.5,0.5,0.0,0.5,0.0,0.5,2.5,0.5,0.6,,,,,,,,,,,,,,,,,,,,,0.505138291706674,2023-24
1628976,Wendell Carter Jr.,1610612753,ORL,55.0,25.6,7.7,4.1,0.525,3.1,1.2,0.374,2.4,1.7,0.694,11.0,1.7,1.2,6.9,2.0,4.9,0.9,0.6281407035175879,0.6103896103896103,14.0,3.2,0.6,0.1,0.125,0.1,0.0,0.0,0.7,0.5,0.7,0.6,0.2,0.1,1.2,0.4,0.8,0.6,0.3303964757709251,0.16666666666666669,7.0,26.4,6.7,2.7,0.404,3.6,1.0,0.28,1.6,1.1,0.727,7.6,1.3,0.7,6.3,1.3,5.0,3.1,0.5132360886007563,0.47761194029850745,0.4792325279348137,2023-24
1628978,Donte DiVincenzo,1610612752,NYK,81.0,29.1,12.4,5.5,0.443,8.7,3.5,0.401,1.4,1.1,0.754,15.5,2.7,1.4,3.7,0.8,2.9,2.0,0.5954210202827289,0.5846774193548387,25.0,2.7,1.0,0.3,0.308,0.8,0.2,0.286,0.3,0.2,0.625,1.1,0.1,0.2,0.5,0.1,0.4,0.1,0.48586572438162545,0.4,13.0,35.8,14.7,6.2,0.419,8.2,3.5,0.425,2.3,2.0,0.867,17.8,2.6,1.2,4.0,1.0,3.0,-4.5,0.5664460285132383,0.5408163265306123,0.552479608559331,2023-24
1628981,Bruno Fernando,1610612737,ATL,45.0,15.2,4.2,2.4,0.583,0.1,0.0,0.0,2.1,1.4,0.667,6.3,1.0,1.0,4.3,1.3,3.0,-2.1,0.6147540983606556,0.5714285714285714,5.0,2.1,0.8,0.2,0.25,0.0,0.0,0.0,0.8,0.4,0.5,0.8,0.0,0.2,0.2,0.0,0.2,-2.0,0.3472222222222222,0.25,,,,,,,,,,,,,,,,,,,,,0.4554471333114506,2023-24
1628983,Shai Gilgeous-Alexander,1610612760,OKC,75.0,34.0,19.8,10.6,0.535,3.6,1.3,0.353,8.7,7.6,0.874,30.1,6.2,2.2,5.5,0.9,4.7,8.2,0.6369561537159303,0.5681818181818181,34.0,3.2,1.8,1.1,0.581,0.4,0.1,0.357,1.1,1.0,0.897,3.3,0.6,0.2,0.6,0.1,0.4,2.0,0.722416812609457,0.638888888888889,10.0,39.9,22.4,11.1,0.496,3.7,1.6,0.432,8.1,6.4,0.79,30.2,6.4,2.2,7.2,0.8,6.4,5.6,0.5815744877522724,0.53125,0.6468431161223935,2023-24
1628984,Devonte' Graham,1610612759,SAS,23.0,13.6,4.7,1.7,0.352,3.6,1.1,0.301,0.7,0.6,0.813,5.0,2.1,0.7,1.6,0.2,1.3,1.0,0.4992012779552716,0.4787234042553191,3.0,7.4,3.3,1.3,0.4,2.3,0.3,0.143,1.0,1.0,1.0,4.0,1.0,0.3,0.3,0.0,0.3,-1.7,0.5347593582887701,0.4393939393939394,,,,,,,,,,,,,,,,,,,,,0.5931194307867785,2023-24
1628988,Aaron Holiday,1610612745,HOU,78.0,16.3,5.3,2.4,0.446,2.8,1.1,0.387,0.8,0.7,0.921,6.6,1.8,0.7,1.6,0.3,1.3,1.1,0.583864118895966,0.5566037735849058,19.0,1.3,0.3,0.0,0.0,0.2,0.0,0.0,0.4,0.3,0.857,0.3,0.1,0.1,0.2,0.1,0.1,-2.0,0.31512605042016806,0.0,,,,,,,,,,,,,,,,,,,,,0.41036578393619,2023-24
1628989,Kevin Huerter,1610612758,SAC,64.0,24.4,8.8,3.9,0.443,5.3,1.9,0.361,0.7,0.6,0.766,10.2,2.6,0.8,3.5,0.6,2.9,1.2,0.5599472990777338,0.5511363636363635,19.0,3.6,1.0,0.5,0.474,0.7,0.3,0.429,0.3,0.2,0.5,1.4,0.3,0.1,1.1,0.1,0.9,2.0,0.6183745583038868,0.65,,,,,,,,,,,,,,,,,,,,,0.6102624415908474,2023-24
1628991,Jaren Jackson Jr.,1610612763,MEM,66.0,32.2,17.6,7.8,0.444,5.5,1.8,0.32,6.3,5.1,0.808,22.5,2.3,2.4,5.5,1.3,4.2,-5.2,0.5522285489888081,0.4943181818181817,30.0,3.2,2.0,0.9,0.441,0.3,0.0,0.125,0.8,0.8,0.92,2.5,0.1,0.3,0.8,0.3,0.5,0.0,0.5314625850340137,0.45,,,,,,,,,,,,,,,,,,,,,0.5497482093819359,2023-24
1628995,Kevin Knox II,1610612765,DET,31.0,18.1,6.0,2.8,0.462,3.0,1.0,0.33,0.7,0.6,0.909,7.2,0.7,0.7,2.4,0.6,1.8,-2.7,0.570703868103995,0.5499999999999999,5.0,2.1,0.6,0.2,0.333,0.2,0.0,0.0,0.0,0.0,0.0,0.4,0.2,0.0,0.6,0.2,0.4,-2.4,0.33333333333333337,0.33333333333333337,,,,,,,,,,,,,,,,,,,,,0.4224568449218873,2023-24
1628997,Caleb Martin,1610612748,MIA,64.0,27.4,8.7,3.8,0.431,3.6,1.3,0.349,1.5,1.2,0.778,10.0,2.2,1.2,4.4,1.2,3.2,1.0,0.5341880341880342,0.5114942528735633,29.0,3.1,0.6,0.3,0.471,0.2,0.0,0.143,0.2,0.1,0.6,0.7,0.0,0.1,0.4,0.2,0.2,-1.3,0.5087209302325582,0.5,5.0,35.1,9.0,4.2,0.467,5.0,2.2,0.44,1.0,1.0,1.0,11.6,1.4,0.6,3.6,1.0,2.6,-11.8,0.614406779661017,0.588888888888889,0.5727049239960454,2023-24
1628998,Cody Martin,1610612766,CHA,28.0,26.9,7.7,2.9,0.381,3.1,1.0,0.314,1.2,0.7,0.606,7.5,3.7,1.6,3.9,0.7,3.2,-5.6,0.4557608167233836,0.44155844155844154,9.0,2.1,0.3,0.1,0.333,0.1,0.0,0.0,0.4,0.3,0.75,0.6,0.2,0.1,0.2,0.0,0.2,-0.2,0.6302521008403361,0.33333333333333337,,,,,,,,,,,,,,,,,,,,,0.5759844433636165,2023-24
1629001,De'Anthony Melton,1610612755,PHI,38.0,26.9,9.5,3.7,0.386,5.6,2.0,0.36,2.1,1.7,0.835,11.1,3.0,1.0,3.7,0.7,3.0,5.7,0.5324251726784344,0.4947368421052632,11.0,2.9,1.0,0.5,0.455,0.6,0.2,0.286,0.7,0.6,0.875,1.7,0.2,0.0,0.4,0.3,0.1,-0.8,0.6498470948012232,0.6,1.0,7.2,2.0,0.0,0.0,2.0,0.0,0.0,0.0,0.0,0.0,0.0,1.0,0.0,1.0,0.0,1.0,-1.0,0.0,0.0,0.3158795428351791,2023-24
1629002,Chimezie Metu,1610612765,DET,51.0,16.8,4.8,2.4,0.504,1.8,0.5,0.298,1.3,1.1,0.906,6.5,0.9,1.0,3.8,0.8,3.0,-2.1,0.6049888309754281,0.5520833333333334,4.0,2.1,0.3,0.0,0.0,0.3,0.0,0.0,0.0,0.0,0.0,0.0,0.0,0.3,0.5,0.0,0.5,-3.0,0.0,0.0,,,,,,,,,,,,,,,,,,,,,0.20791294365717394,2023-24
1629003,Shake Milton,1610612752,NYK,48.0,12.1,4.1,1.6,0.405,1.3,0.4,0.281,1.0,0.8,0.816,4.5,1.3,0.6,1.6,0.3,1.3,-1.0,0.4955947136563877,0.4390243902439025,2.0,0.5,0.0,0.0,0.0,0.0,0.0,0.0,0.0,0.0,0.0,0.0,0.0,0.0,0.0,0.0,0.0,-0.5,,,4.0,5.5,1.5,0.0,0.0,0.5,0.0,0.0,1.5,1.3,0.833,1.3,0.5,0.0,0.3,0.0,0.3,2.8,0.30092592592592593,0.0,0.23306208190569425,2023-24
1629004,Svi Mykhailiuk,1610612738,BOS,41.0,10.1,3.3,1.4,0.416,2.6,1.0,0.389,0.2,0.1,0.667,4.0,0.9,0.3,1.2,0.3,1.0,3.6,0.5903187721369539,0.5757575757575758,1.0,2.0,1.0,0.0,0.0,1.0,0.0,0.0,0.0,0.0,0.0,0.0,0.0,0.0,0.0,0.0,0.0,-3.0,0.0,0.0,8.0,4.0,1.5,0.4,0.25,1.1,0.3,0.222,0.0,0.0,0.0,1.0,0.1,0.3,0.6,0.1,0.5,-1.1,0.3333333333333333,0.3666666666666667,0.2953561589833399,2023-24
1629006,Josh Okogie,1610612756,PHX,60.0,16.0,3.4,1.4,0.417,1.6,0.5,0.309,1.7,1.3,0.745,4.6,1.1,0.6,2.6,1.2,1.3,0.1,0.5544840887174542,0.4852941176470588,15.0,1.7,0.1,0.1,0.5,0.1,0.1,1.0,0.1,0.1,1.0,0.3,0.1,0.1,0.2,0.0,0.2,-1.5,1.0416666666666665,1.5000000000000002,4.0,7.3,2.3,1.3,0.556,0.8,0.3,0.333,1.5,0.8,0.5,3.5,0.5,0.5,1.0,0.0,1.0,1.3,0.5912162162162162,0.6304347826086957,0.7381855215862959,2023-24
1629007,Jontay Porter,1610612761,TOR,26.0,13.8,4.0,1.5,0.385,2.3,0.8,0.333,0.7,0.6,0.833,4.4,2.3,0.8,3.2,1.0,2.2,-2.8,0.5106778087279481,0.475,1.0,0.0,0.0,0.0,0.0,0.0,0.0,0.0,0.0,0.0,0.0,0.0,0.0,0.0,0.0,0.0,0.0,0.0,,,,,,,,,,,,,,,,,,,,,,,0.17022593624264937,2023-24
1629008,Michael Porter Jr.,1610612743,DEN,81.0,31.7,13.3,6.4,0.484,6.8,2.7,0.397,1.4,1.1,0.836,16.7,1.5,1.1,7.0,1.3,5.7,5.8,0.600028743891923,0.5827067669172932,39.0,3.2,0.6,0.3,0.542,0.4,0.2,0.429,0.2,0.1,0.714,0.9,0.1,0.0,0.4,0.1,0.3,2.5,0.6540697674418605,0.6666666666666667,12.0,36.9,12.2,5.7,0.466,6.8,2.8,0.407,2.2,1.7,0.769,15.8,1.1,1.5,6.8,0.7,6.2,-0.8,0.5999392466585662,0.5819672131147541,0.6225089479870399,2023-24
1629011,Mitchell Robinson,1610612752,NYK,31.0,24.8,4.1,2.4,0.575,0.0,0.0,0.0,2.1,0.9,0.409,5.6,0.6,0.8,8.5,4.6,3.9,0.4,0.5573248407643312,0.5853658536585367,9.0,3.6,0.3,0.1,0.333,0.0,0.0,0.0,1.6,0.8,0.5,1.0,0.0,0.1,1.4,0.9,0.6,1.1,0.49800796812749004,0.33333333333333337,6.0,19.1,2.3,1.2,0.5,0.0,0.0,0.0,1.3,0.5,0.375,2.8,0.5,0.5,6.8,3.8,3.0,5.0,0.4874651810584958,0.5217391304347826,0.5099397932014135,2023-24
1629012,Collin Sexton,1610612762,UTA,78.0,26.6,13.3,6.5,0.487,4.2,1.6,0.394,4.7,4.1,0.859,18.7,4.9,2.1,2.6,0.9,1.7,-1.8,0.6084070796460177,0.5488721804511277,23.0,3.1,1.1,0.4,0.385,0.4,0.2,0.4,0.7,0.7,0.941,1.7,0.4,0.1,0.3,0.1,0.2,0.3,0.6036931818181818,0.45454545454545453,,,,,,,,,,,,,,,,,,,,,0.6135351577852346,2023-24
1629013,Landry Shamet,1610612764,WAS,46.0,15.8,6.0,2.6,0.431,3.4,1.2,0.338,1.0,0.8,0.826,7.1,1.2,0.7,1.3,0.3,1.0,-3.2,0.5512422360248447,0.5333333333333333,13.0,0.8,0.5,0.2,0.5,0.3,0.2,0.5,0.1,0.0,0.0,0.6,0.1,0.0,0.2,0.1,0.1,-0.7,0.551470588235294,0.6000000000000001,,,,,,,,,,,,,,,,,,,,,0.5597278041637553,2023-24
1629014,Anfernee Simons,1610612757,POR,46.0,34.4,18.2,7.8,0.43,8.8,3.4,0.385,3.9,3.5,0.916,22.6,5.5,2.7,3.6,0.5,3.2,-7.2,0.5673830086362723,0.521978021978022,18.0,4.2,2.9,1.4,0.5,1.1,0.4,0.4,1.2,1.1,0.952,4.4,0.4,0.4,0.8,0.2,0.6,1.5,0.6417736289381564,0.5517241379310345,,,,,,,,,,,,,,,,,,,,,0.6329108214373855,2023-24
1629018,Gary Trent Jr.,1610612761,TOR,71.0,28.1,11.9,5.1,0.426,6.4,2.5,0.393,1.4,1.0,0.771,13.7,1.7,0.7,2.6,0.4,2.3,-2.7,0.5472994566954298,0.5336134453781513,29.0,2.8,0.9,0.4,0.407,0.5,0.2,0.4,0.2,0.1,0.5,1.1,0.2,0.0,0.1,0.0,0.1,-0.6,0.5566801619433199,0.5555555555555556,,,,,,,,,,,,,,,,,,,,,0.5611162854034717,2023-24
1629020,Jarred Vanderbilt,1610612747,LAL,29.0,20.0,3.9,2.0,0.518,0.9,0.3,0.296,1.2,0.8,0.667,5.2,1.2,1.0,4.8,1.4,3.3,1.5,0.5871725383920506,0.5512820512820513,5.0,3.7,0.4,0.0,0.0,0.0,0.0,0.0,0.0,0.0,0.0,0.0,0.4,0.2,0.4,0.2,0.2,-1.0,0.0,0.0,,,,,,,,,,,,,,,,,,,,,0.20598058971779729,2023-24
1629021,Moritz Wagner,1610612753,ORL,80.0,17.7,6.9,4.2,0.601,1.4,0.5,0.33,2.6,2.1,0.814,10.9,1.2,1.2,4.3,1.5,2.9,1.2,0.6775236200895077,0.644927536231884,16.0,1.7,0.4,0.3,0.667,0.0,0.0,0.0,0.0,0.0,0.0,0.5,0.1,0.1,0.3,0.1,0.1,-0.7,0.625,0.7499999999999999,7.0,15.0,5.1,2.3,0.444,1.3,0.3,0.222,2.4,1.4,0.588,6.3,0.3,1.1,4.4,1.6,2.9,4.9,0.5116959064327485,0.48039215686274506,0.582898991346394,2023-24
1629022,Lonnie Walker IV,1610612751,BKN,58.0,17.4,8.5,3.6,0.423,4.7,1.8,0.384,1.0,0.8,0.763,9.7,1.3,0.9,2.2,0.2,2.0,0.1,0.5425055928411633,0.5294117647058824,8.0,1.5,0.5,0.0,0.0,0.4,0.0,0.0,0.3,0.1,0.5,0.1,0.0,0.0,0.3,0.0,0.3,2.1,0.07911392405063292,0.0,,,,,,,,,,,,,,,,,,,,,0.23946016658796077,2023-24
1629023,P.J. Washington,1610612742,DAL,73.0,30.4,11.1,4.8,0.436,5.7,1.8,0.32,2.0,1.4,0.683,12.9,1.9,1.3,5.6,1.2,4.5,-1.8,0.5383973288814691,0.5135135135135136,31.0,2.9,1.0,0.4,0.367,0.4,0.1,0.273,0.3,0.2,0.75,1.0,0.2,0.0,0.5,0.1,0.5,0.2,0.4416961130742049,0.45,22.0,35.7,10.6,4.5,0.427,6.1,2.1,0.348,2.5,1.8,0.709,13.0,1.4,1.5,6.6,1.5,5.1,2.2,0.5555555555555556,0.5235849056603774,0.5237517126242882,2023-24
1629026,Kenrich Williams,1610612760,OKC,69.0,14.9,4.1,1.9,0.468,2.0,0.8,0.397,0.2,0.1,0.5,4.7,1.3,0.5,3.0,0.9,2.1,2.2,0.561127029608405,0.5609756097560976,14.0,1.7,0.4,0.1,0.4,0.1,0.0,0.0,0.0,0.0,0.0,0.3,0.0,0.0,0.5,0.3,0.2,-0.2,0.37499999999999994,0.25,7.0,4.5,1.1,0.3,0.25,0.7,0.0,0.0,0.0,0.0,0.0,0.6,0.4,0.0,1.1,0.1,1.0,-0.9,0.2727272727272727,0.2727272727272727,0.3646409055236332,2023-24
1629027,Trae Young,1610612737,ATL,54.0,36.0,18.7,8.0,0.43,8.7,3.2,0.373,7.5,6.4,0.855,25.7,10.8,4.4,2.8,0.4,2.3,-2.1,0.5840909090909091,0.5133689839572193,31.0,3.4,1.9,0.8,0.407,0.8,0.2,0.269,2.0,1.7,0.852,3.5,0.5,0.2,0.2,0.1,0.2,-1.8,0.6294964028776979,0.4736842105263158,,,,,,,,,,,,,,,,,,,,,0.6245216660890449,2023-24
1629028,Deandre Ayton,1610612757,POR,55.0,32.4,13.6,7.8,0.57,0.2,0.0,0.1,1.4,1.2,0.823,16.7,1.6,1.8,11.1,3.2,7.9,-5.8,0.5873663477771525,0.5735294117647058,26.0,4.2,1.3,0.7,0.486,0.0,0.0,0.0,0.3,0.3,0.875,1.6,0.2,0.2,2.1,0.8,1.3,0.8,0.558659217877095,0.5384615384615384,,,,,,,,,,,,,,,,,,,,,0.5777870847058232,2023-24
1629029,Luka Dončić,1610612742,DAL,70.0,37.5,23.6,11.5,0.487,10.6,4.1,0.382,8.7,6.8,0.786,33.9,9.8,4.0,9.2,0.8,8.4,4.6,0.6179816246171794,0.5741525423728814,28.0,3.4,1.6,0.8,0.457,0.8,0.3,0.409,0.9,0.7,0.76,2.5,0.9,0.2,0.7,0.0,0.7,2.3,0.62625250501002,0.59375,22.0,40.9,22.9,10.2,0.446,9.6,3.1,0.322,7.0,5.3,0.765,28.9,8.1,4.1,9.5,0.7,8.7,4.4,0.5561970746728253,0.5131004366812227,0.5966259707926111,2023-24
1629048,Goga Bitadze,1610612753,ORL,62.0,15.4,3.4,2.0,0.603,0.2,0.0,0.143,1.4,0.9,0.655,5.0,1.3,0.7,4.6,1.8,2.9,0.4,0.6225099601593626,0.5882352941176471,14.0,3.1,0.4,0.3,0.667,0.1,0.0,0.0,0.5,0.3,0.571,0.9,0.2,0.0,1.1,0.5,0.6,2.1,0.7258064516129032,0.7499999999999999,2.0,4.9,1.0,0.0,0.0,0.0,0.0,0.0,0.0,0.0,0.0,0.0,1.0,0.5,1.5,0.5,1.0,-4.0,0.0,0.0,0.3574518497764209,2023-24
1629052,Oshae Brissett,1610612738,BOS,55.0,11.5,2.8,1.2,0.444,1.0,0.3,0.273,1.5,0.9,0.602,3.7,0.8,0.4,2.9,1.1,1.8,2.1,0.5346820809248555,0.48214285714285715,3.0,0.8,0.0,0.0,0.0,0.0,0.0,0.0,0.0,0.0,0.0,0.0,0.0,0.0,0.7,0.3,0.3,-1.7,,,10.0,5.5,1.1,0.6,0.545,0.2,0.2,1.0,0.4,0.2,0.5,1.6,0.0,0.1,1.4,0.3,1.1,1.0,0.6269592476489029,0.6363636363636362,0.402593303978594,2023-24
1629057,Robert Williams III,1610612757,POR,6.0,19.8,4.3,2.8,0.654,0.0,0.0,0.0,1.5,1.2,0.778,6.8,0.8,1.2,6.3,1.8,4.5,-5.0,0.6854838709677419,0.6511627906976744,,,,,,,,,,,,,,,,,,,,,,,,,,,,,,,,,,,,,,,,,0.6854838709677419,2023-24
1629060,Rui Hachimura,1610612747,LAL,68.0,26.8,9.9,5.3,0.537,3.4,1.4,0.422,2.0,1.5,0.739,13.6,1.2,0.7,4.3,0.9,3.5,1.8,0.6307977736549164,0.6060606060606061,13.0,4.2,0.9,0.5,0.5,0.4,0.1,0.2,0.5,0.5,1.0,1.5,0.1,0.1,0.8,0.5,0.3,0.0,0.6696428571428571,0.6111111111111112,5.0,30.5,7.6,3.0,0.395,2.8,1.0,0.357,1.6,0.8,0.5,7.8,0.8,0.4,3.8,1.2,2.6,-4.8,0.46965317919075145,0.46052631578947373,0.5722647466754716,2023-24
1629111,Jock Landale,1610612745,HOU,56.0,13.6,3.7,1.9,0.515,0.7,0.2,0.25,1.2,0.9,0.8,4.9,1.2,0.6,3.1,1.6,1.5,2.9,0.5794701986754968,0.5405405405405405,5.0,1.9,0.4,0.0,0.0,0.0,0.0,0.0,0.0,0.0,0.0,0.0,0.0,0.0,0.2,0.2,0.0,-2.4,0.0,0.0,,,,,,,,,,,,,,,,,,,,,0.20396754369972123,2023-24
1629117,Wenyen Gabriel,1610612763,MEM,5.0,16.2,4.4,1.6,0.364,1.2,0.2,0.167,1.0,0.0,0.0,3.4,0.6,1.6,5.0,1.4,3.6,-3.2,0.35123966942148754,0.38636363636363635,,,,,,,,,,,,,,,,,,,,,,,,,,,,,,,,,,,,,,,,,0.35123966942148754,2023-24
1629130,Duncan Robinson,1610612748,MIA,68.0,28.0,9.9,4.5,0.45,7.0,2.8,0.395,1.3,1.2,0.889,12.9,2.8,1.4,2.5,0.2,2.3,0.6,0.6159281894576012,0.595959595959596,30.0,2.3,0.8,0.3,0.348,0.6,0.2,0.368,0.3,0.3,1.0,1.1,0.2,0.1,0.2,0.0,0.2,0.7,0.5901287553648069,0.5,5.0,11.9,3.2,1.0,0.313,2.6,0.6,0.231,0.0,0.0,0.0,2.6,1.2,1.0,1.0,0.0,1.0,-9.2,0.40625,0.40625,0.5105700914445277,2023-24
1629139,Yuta Watanabe,1610612763,MEM,34.0,13.7,3.4,1.2,0.353,2.5,0.7,0.294,0.5,0.3,0.588,3.4,0.4,0.6,1.6,0.3,1.3,-1.9,0.46961325966850825,0.4558823529411764,8.0,0.5,0.3,0.0,0.0,0.3,0.0,0.0,0.0,0.0,0.0,0.0,0.0,0.0,0.1,0.1,0.0,-1.1,0.0,0.0,,,,,,,,,,,,,,,,,,,,,0.16536128263200564,2023-24
1629162,Jordan McLaughlin,1610612750,MIN,56.0,11.2,2.6,1.3,0.483,1.6,0.8,0.472,0.3,0.2,0.722,3.5,2.0,0.3,1.3,0.3,1.0,2.8,0.6405563689604685,0.6538461538461539,3.0,0.9,0.0,0.0,0.0,0.0,0.0,0.0,0.0,0.0,0.0,0.0,0.0,0.0,0.0,0.0,0.0,0.3,,,6.0,5.0,1.5,0.3,0.222,0.8,0.0,0.0,0.3,0.0,0.0,0.7,0.3,0.3,0.7,0.0,0.7,2.8,0.21446078431372545,0.19999999999999998,0.2139897869836075,2023-24
1629216,Gabe Vincent,1610612747,LAL,11.0,19.8,4.5,1.4,0.306,2.5,0.3,0.107,0.2,0.1,0.5,3.1,1.9,0.5,0.8,0.4,0.5,2.8,0.33783783783783783,0.3444444444444444,3.0,4.8,0.7,0.0,0.0,0.7,0.0,0.0,0.0,0.0,0.0,0.0,0.0,0.0,0.0,0.0,0.0,1.0,0.0,0.0,5.0,13.8,2.4,0.6,0.25,1.4,0.2,0.143,0.0,0.0,0.0,1.4,0.6,0.6,1.6,0.2,1.4,-1.8,0.2916666666666667,0.2916666666666667,0.21769519519173838,2023-24
1629234,Drew Eubanks,1610612756,PHX,75.0,15.6,3.4,2.0,0.601,0.0,0.0,1.0,1.2,1.0,0.774,5.1,0.8,0.8,4.3,1.4,2.9,-1.4,0.6491853360488798,0.5882352941176471,13.0,1.7,0.2,0.1,0.5,0.0,0.0,0.0,0.0,0.0,0.0,0.2,0.1,0.0,0.3,0.2,0.2,-1.1,0.5,0.5,3.0,12.5,4.0,2.3,0.583,0.0,0.0,0.0,1.0,1.0,1.0,5.7,0.0,0.7,1.3,0.0,1.3,-4.0,0.6418918918918919,0.575,0.6016925215602057,2023-24
1629312,Haywood Highsmith,1610612748,MIA,66.0,20.7,5.0,2.3,0.465,2.9,1.2,0.396,0.5,0.3,0.639,6.1,1.1,0.5,3.2,1.0,2.2,0.1,0.5842911877394636,0.58,13.0,2.6,0.4,0.2,0.6,0.3,0.2,0.5,0.5,0.3,0.667,0.9,0.0,0.1,0.7,0.2,0.5,-0.6,0.7258064516129032,0.7500000000000001,5.0,25.1,5.6,2.0,0.357,3.2,0.6,0.188,0.2,0.2,1.0,4.8,1.6,0.8,2.8,0.4,2.4,-12.2,0.4219409282700422,0.4107142857142857,0.5582878126276328,2023-24
1629599,Amir Coffey,1610612746,LAC,70.0,20.9,5.0,2.4,0.472,2.6,1.0,0.38,1.0,0.9,0.859,6.6,1.1,0.5,2.1,0.4,1.7,-1.3,0.6066176470588235,0.58,19.0,1.7,0.5,0.3,0.556,0.3,0.2,0.667,0.5,0.4,0.778,1.1,0.2,0.0,0.1,0.1,0.1,1.5,0.763888888888889,0.8,6.0,18.7,3.7,1.2,0.318,1.8,0.5,0.273,0.0,0.0,0.0,2.8,0.3,0.8,1.7,0.3,1.3,-6.2,0.37837837837837834,0.3918918918918919,0.5549217599932895,2023-24
1629611,Terance Mann,1610612746,LAC,75.0,25.0,6.6,3.4,0.515,2.7,0.9,0.348,1.3,1.1,0.832,8.8,1.6,0.6,3.4,1.2,2.2,0.7,0.6134969325153375,0.5833333333333334,22.0,2.0,0.5,0.1,0.3,0.2,0.1,0.4,0.1,0.1,1.0,0.5,0.1,0.0,0.4,0.2,0.2,-0.2,0.45955882352941174,0.30000000000000004,6.0,31.2,7.7,3.2,0.413,3.7,1.7,0.455,1.3,1.3,1.0,9.3,1.8,0.8,5.0,2.8,2.2,-4.2,0.562137330754352,0.525974025974026,0.5440801862141459,2023-24
1629614,Andrew Nembhard,1610612754,IND,68.0,25.0,7.7,3.8,0.498,2.5,0.9,0.357,0.8,0.7,0.804,9.2,4.1,1.5,2.1,0.5,1.5,1.0,0.5712866368604074,0.551948051948052,27.0,3.0,0.6,0.3,0.412,0.2,0.0,0.0,0.2,0.2,1.0,0.7,0.4,0.2,0.3,0.0,0.3,-1.2,0.5087209302325582,0.5,17.0,32.6,10.7,6.0,0.56,3.5,1.7,0.483,1.5,1.2,0.769,14.9,5.5,1.4,3.3,0.8,2.5,1.1,0.6558098591549296,0.6401869158878505,0.600485220256248,2023-24
1629622,Max Strus,1610612739,CLE,70.0,32.0,10.4,4.3,0.418,6.8,2.4,0.351,1.4,1.1,0.794,12.2,4.0,1.6,4.8,0.9,3.9,3.6,0.5537400145243282,0.5288461538461539,32.0,3.3,0.9,0.3,0.393,0.6,0.2,0.316,0.3,0.2,0.667,1.1,0.2,0.0,0.6,0.1,0.4,0.1,0.5329457364341086,0.4444444444444445,12.0,36.1,8.6,3.5,0.408,6.0,2.1,0.347,0.4,0.4,1.0,9.5,2.9,1.3,5.3,0.7,4.7,-2.7,0.5412488605287147,0.5290697674418605,0.5492168576494623,2023-24
1629626,Bol Bol,1610612756,PHX,43.0,10.9,3.5,2.2,0.616,1.2,0.5,0.423,0.4,0.3,0.789,5.2,0.4,0.4,3.2,0.7,2.4,0.3,0.7072905331882481,0.7000000000000001,3.0,1.3,0.7,0.7,1.0,0.0,0.0,0.0,0.3,0.3,1.0,1.7,0.0,0.0,0.3,0.0,0.3,-0.3,1.0216346153846154,1.0,3.0,4.3,1.0,0.3,0.333,0.0,0.0,0.0,0.0,0.0,0.0,0.7,0.0,0.0,1.3,0.0,1.3,0.3,0.35,0.3,0.6534266273205321,2023-24
1629627,Zion Williamson,1610612740,NOP,70.0,31.5,15.6,8.9,0.57,0.3,0.1,0.333,7.1,5.0,0.702,22.9,5.0,2.8,5.8,1.7,4.1,2.0,0.6115146336252937,0.5737179487179488,26.0,2.7,1.3,0.6,0.457,0.0,0.0,0.0,0.5,0.3,0.5,1.5,0.3,0.3,0.4,0.1,0.3,0.2,0.4934210526315789,0.4615384615384615,,,,,,,,,,,,,,,,,,,,,0.5411189129622831,2023-24
1629628,RJ Barrett,1610612761,TOR,58.0,31.7,15.2,7.5,0.495,4.3,1.6,0.36,5.0,3.6,0.715,20.2,3.3,2.2,5.4,0.9,4.5,-2.6,0.5804597701149425,0.5460526315789475,21.0,3.1,1.1,0.5,0.458,0.5,0.0,0.1,0.6,0.5,0.846,1.6,0.2,0.1,0.9,0.1,0.8,0.5,0.5865102639296188,0.45454545454545453,,,,,,,,,,,,,,,,,,,,,0.5917302747628471,2023-24
1629629,Cam Reddish,1610612747,LAL,48.0,20.5,4.9,1.9,0.389,2.3,0.8,0.336,1.1,0.9,0.759,5.4,1.0,0.6,2.1,0.6,1.5,-1.0,0.5014858841010401,0.4693877551020407,15.0,2.6,0.5,0.2,0.429,0.3,0.1,0.4,0.3,0.1,0.5,0.7,0.1,0.0,0.2,0.1,0.1,1.3,0.5537974683544303,0.5,,,,,,,,,,,,,,,,,,,,,0.5465643552338709,2023-24
1629630,Ja Morant,1610612763,MEM,9.0,35.3,18.9,8.9,0.471,5.7,1.6,0.275,7.1,5.8,0.813,25.1,8.1,3.0,5.6,0.7,4.9,1.2,0.5698329095532148,0.5132275132275134,4.0,4.2,1.8,1.3,0.714,0.5,0.0,0.0,1.0,0.8,0.75,3.3,0.0,0.3,0.8,0.0,0.8,1.8,0.7366071428571428,0.7222222222222222,,,,,,,,,,,,,,,,,,,,,0.6905395412791392,2023-24
1629631,De'Andre Hunter,1610612737,ATL,57.0,29.5,11.6,5.3,0.459,5.3,2.1,0.385,3.4,2.9,0.847,15.6,1.5,1.5,3.9,0.5,3.4,-0.9,0.5956017104459377,0.5474137931034483,25.0,3.8,0.7,0.2,0.278,0.3,0.1,0.286,0.3,0.2,0.75,0.7,0.2,0.1,0.5,0.0,0.5,-0.9,0.4206730769230769,0.35714285714285715,,,,,,,,,,,,,,,,,,,,,0.4850171041887977,2023-24
1629632,Coby White,1610612741,CHI,79.0,36.5,15.3,6.8,0.447,7.0,2.6,0.376,3.3,2.8,0.838,19.1,5.1,2.1,4.5,0.6,4.0,-0.4,0.5700811843361986,0.5294117647058824,41.0,4.7,1.8,0.8,0.466,0.8,0.2,0.294,0.6,0.5,0.84,2.4,0.7,0.2,0.5,0.1,0.4,2.5,0.5813953488372092,0.5,,,,,,,,,,,,,,,,,,,,,0.5893886665517897,2023-24
1629634,Brandon Clarke,1610612763,MEM,6.0,22.4,9.8,5.5,0.559,1.0,0.2,0.167,1.2,0.2,0.143,11.3,1.5,0.5,5.3,2.2,3.2,-1.3,0.5470565453137103,0.5714285714285714,1.0,3.2,0.0,0.0,0.0,0.0,0.0,0.0,0.0,0.0,0.0,0.0,0.0,0.0,0.0,0.0,0.0,2.0,,,,,,,,,,,,,,,,,,,,,,,0.18235218177123677,2023-24
1629636,Darius Garland,1610612739,CLE,57.0,33.3,14.8,6.6,0.446,6.2,2.3,0.371,3.1,2.6,0.834,18.0,6.5,3.1,2.7,0.5,2.1,2.0,0.5567928730512249,0.5236486486486486,28.0,3.6,1.6,0.5,0.289,0.7,0.2,0.3,0.8,0.6,0.857,1.8,0.5,0.4,0.2,0.1,0.1,0.0,0.4610655737704918,0.37499999999999994,12.0,36.0,14.3,6.1,0.427,5.9,2.1,0.352,1.8,1.4,0.81,15.7,5.8,2.3,3.6,0.1,3.5,-6.2,0.5201431221839384,0.49999999999999994,0.5173697086674177,2023-24
1629637,Jaxson Hayes,1610612747,LAL,70.0,12.5,2.5,1.8,0.72,0.1,0.0,0.0,1.2,0.7,0.622,4.3,0.5,0.6,3.0,1.0,2.0,-1.5,0.7100396301188904,0.72,9.0,0.9,0.0,0.0,0.0,0.0,0.0,0.0,0.2,0.0,0.0,0.0,0.0,0.0,0.1,0.1,0.0,-1.6,0.0,,4.0,6.0,0.5,0.0,0.0,0.0,0.0,0.0,0.5,0.3,0.5,0.3,0.3,0.5,3.0,0.8,2.3,1.8,0.20833333333333334,0.0,0.2225066050198151,2023-24
1629638,Nickeil Alexander-Walker,1610612750,MIN,82.0,23.4,6.6,2.9,0.439,4.1,1.6,0.391,0.8,0.6,0.8,8.0,2.5,0.9,2.0,0.4,1.6,3.8,0.5753739930955121,0.5606060606060607,26.0,1.6,0.3,0.2,0.556,0.3,0.2,0.571,0.2,0.2,1.0,0.8,0.0,0.2,0.1,0.1,0.0,-0.6,1.0309278350515465,1.0000000000000002,16.0,23.6,7.0,2.6,0.366,5.1,1.5,0.296,0.6,0.6,1.0,7.3,2.3,0.9,1.8,0.3,1.4,0.5,0.5024779735682819,0.4785714285714286,0.6953227185286744,2023-24
1629639,Tyler Herro,1610612748,MIA,42.0,33.5,17.5,7.7,0.441,7.9,3.1,0.396,2.6,2.3,0.856,20.8,4.5,2.2,5.3,0.5,4.8,0.7,0.55782021025531,0.5285714285714286,17.0,3.9,2.3,0.8,0.333,1.2,0.4,0.333,0.6,0.5,0.818,2.5,0.1,0.3,0.6,0.1,0.6,-1.7,0.4875195007800312,0.4347826086956522,5.0,37.0,15.6,6.0,0.385,8.6,3.0,0.349,2.0,1.8,0.9,16.8,5.4,2.8,3.6,0.0,3.6,-8.6,0.5097087378640777,0.4807692307692308,0.5234737613767071,2023-24
1629640,Keldon Johnson,1610612759,SAS,69.0,29.5,12.5,5.7,0.454,5.3,1.8,0.346,3.2,2.5,0.792,15.7,2.8,1.4,5.5,1.4,4.1,-5.0,0.5644233534656313,0.528,31.0,3.5,1.1,0.4,0.394,0.5,0.1,0.214,0.5,0.4,0.786,1.3,0.1,0.2,0.7,0.2,0.5,-1.7,0.49242424242424243,0.40909090909090906,,,,,,,,,,,,,,,,,,,,,0.5252239461040015,2023-24
1629642,Nassir Little,1610612756,PHX,45.0,10.2,2.8,1.3,0.46,1.6,0.5,0.3,0.4,0.4,0.85,3.4,0.5,0.3,1.7,0.3,1.4,-2.0,0.5712365591397849,0.5535714285714286,7.0,0.9,0.0,0.0,0.0,0.0,0.0,0.0,0.0,0.0,0.0,0.0,0.0,0.0,0.0,0.0,0.0,0.0,,,4.0,3.4,1.3,0.8,0.6,0.8,0.3,0.333,0.0,0.0,0.0,1.8,0.0,0.0,0.3,0.0,0.3,-1.5,0.6923076923076923,0.7307692307692308,0.4413599393438103,2023-24
1629646,Charles Bassey,1610612759,SAS,19.0,10.8,2.1,1.5,0.725,0.1,0.0,0.0,0.3,0.3,0.833,3.3,1.1,0.8,4.0,1.2,2.8,-2.4,0.7392473118279569,0.7142857142857143,,,,,,,,,,,,,,,,,,,,,,,,,,,,,,,,,,,,,,,,,0.7392473118279569,2023-24
1629647,Darius Bazley,1610612762,UTA,9.0,16.9,3.3,2.0,0.6,0.9,0.2,0.25,1.3,1.1,0.833,5.3,0.8,0.9,3.1,0.9,2.2,-3.7,0.684400826446281,0.6363636363636365,1.0,2.3,1.0,1.0,1.0,0.0,0.0,0.0,0.0,0.0,0.0,2.0,0.0,0.0,1.0,0.0,1.0,4.0,1.0,1.0,,,,,,,,,,,,,,,,,,,,,0.9251033057759412,2023-24
1629651,Nic Claxton,1610612751,BKN,71.0,29.8,8.2,5.2,0.629,0.1,0.0,0.2,2.8,1.5,0.551,11.8,2.1,1.3,9.9,2.7,7.2,-3.9,0.6255301102629348,0.6341463414634148,29.0,4.2,0.6,0.4,0.722,0.0,0.0,0.0,0.2,0.1,0.571,1.0,0.1,0.1,0.9,0.2,0.7,-1.6,0.7267441860465117,0.6666666666666667,,,,,,,,,,,,,,,,,,,,,0.7003232339551588,2023-24
1629652,Luguentz Dort,1610612760,OKC,79.0,28.4,8.3,3.6,0.438,5.0,2.0,0.394,2.0,1.6,0.826,10.9,1.4,0.9,3.6,0.9,2.7,4.4,0.5936819172113289,0.5542168674698794,34.0,3.3,0.6,0.2,0.318,0.3,0.1,0.273,0.3,0.2,0.727,0.7,0.1,0.1,0.6,0.3,0.3,1.0,0.4781420765027322,0.4166666666666667,10.0,35.0,9.1,3.3,0.363,6.4,2.5,0.391,1.9,1.6,0.842,10.7,2.0,1.1,4.6,1.9,2.7,3.5,0.5384460547504025,0.5,0.5347796214064464,2023-24
1629655,Daniel Gafford,1610612742,DAL,74.0,24.5,6.5,4.7,0.725,0.0,0.0,0.0,2.4,1.6,0.674,11.0,1.6,1.0,7.6,2.6,5.0,-1.4,0.7278983589200635,0.7230769230769231,18.0,2.6,0.6,0.4,0.727,0.0,0.0,0.0,0.0,0.0,0.0,0.9,0.1,0.1,1.1,0.4,0.7,-3.0,0.75,0.6666666666666667,22.0,20.2,5.6,3.5,0.634,0.0,0.0,0.0,3.0,1.9,0.631,9.0,0.7,0.9,5.5,1.9,3.6,-2.1,0.6502890173410405,0.625,0.7056916710532133,2023-24
1629656,Quentin Grimes,1610612765,DET,51.0,20.1,6.4,2.4,0.372,4.7,1.6,0.338,0.9,0.7,0.756,7.0,1.3,0.5,2.0,0.3,1.7,-0.8,0.5150088287227781,0.5,7.0,2.5,1.0,0.6,0.571,0.7,0.4,0.6,0.0,0.0,0.0,1.6,0.0,0.1,0.6,0.0,0.6,2.4,0.8,0.8,,,,,,,,,,,,,,,,,,,,,0.7206279429051513,2023-24
1629659,Talen Horton-Tucker,1610612762,UTA,51.0,19.8,9.1,3.6,0.396,3.6,1.2,0.33,2.1,1.7,0.807,10.1,3.5,1.3,2.4,0.4,2.0,-2.1,0.5037909018355946,0.46153846153846156,9.0,2.3,0.7,0.2,0.333,0.2,0.1,0.5,0.2,0.2,1.0,0.8,0.4,0.3,0.2,0.1,0.1,0.8,0.5076142131979696,0.35714285714285715,,,,,,,,,,,,,,,,,,,,,0.5140320837686403,2023-24
1629661,Cameron Johnson,1610612751,BKN,58.0,27.6,10.7,4.8,0.446,6.1,2.4,0.391,1.9,1.5,0.789,13.4,2.4,1.0,4.3,0.9,3.4,-1.3,0.5807905686546464,0.5607476635514019,22.0,3.5,1.5,0.5,0.324,0.9,0.1,0.158,0.4,0.3,0.875,1.5,0.3,0.0,0.5,0.3,0.3,-0.6,0.44749403341288785,0.3666666666666667,,,,,,,,,,,,,,,,,,,,,0.5059449034142822,2023-24
1629667,Jalen McDaniels,1610612761,TOR,50.0,10.8,3.8,1.3,0.344,1.4,0.2,0.169,0.7,0.5,0.73,3.4,0.7,0.6,1.6,0.4,1.2,-3.2,0.41382667964946446,0.368421052631579,6.0,1.3,0.7,0.2,0.25,0.5,0.2,0.333,0.0,0.0,0.0,0.5,0.0,0.0,0.2,0.0,0.2,-2.8,0.35714285714285715,0.42857142857142866,,,,,,,,,,,,,,,,,,,,,0.3944585172717909,2023-24
1629669,Jaylen Nowell,1610612765,DET,13.0,16.4,6.0,2.6,0.436,2.2,0.5,0.207,0.7,0.5,0.778,6.2,1.5,0.5,1.8,0.5,1.4,-2.5,0.4914394419784401,0.47500000000000003,,,,,,,,,,,,,,,,,,,,,,,,,,,,,,,,,,,,,,,,,0.4914394419784401,2023-24
1629670,Jordan Nwora,1610612761,TOR,52.0,13.7,5.8,2.7,0.462,2.5,0.8,0.336,1.0,0.8,0.83,7.0,1.2,1.0,2.9,0.5,2.3,-3.8,0.5608974358974359,0.5344827586206897,2.0,1.3,0.5,0.0,0.0,0.5,0.0,0.0,0.0,0.0,0.0,0.0,0.5,0.0,0.5,0.0,0.5,-0.5,0.0,0.0,,,,,,,,,,,,,,,,,,,,,0.19558650161949806,2023-24
1629673,Jordan Poole,1610612764,WAS,78.0,30.1,15.2,6.3,0.413,7.2,2.4,0.326,2.8,2.5,0.877,17.4,4.4,2.4,2.7,0.4,2.3,-7.1,0.5294547224926972,0.493421052631579,33.0,3.0,1.2,0.3,0.25,0.6,0.1,0.211,0.3,0.3,0.9,1.0,0.2,0.2,0.3,0.0,0.3,-3.5,0.3753753753753754,0.2916666666666667,,,,,,,,,,,,,,,,,,,,,0.4346298945894019,2023-24
1629674,Neemias Queta,1610612738,BOS,28.0,11.9,3.7,2.4,0.644,0.0,0.0,0.0,1.0,0.7,0.714,5.5,0.7,0.5,4.4,1.9,2.5,4.8,0.6642512077294686,0.6486486486486486,1.0,0.0,0.0,0.0,0.0,0.0,0.0,0.0,0.0,0.0,0.0,0.0,0.0,0.0,0.0,0.0,0.0,0.0,,,3.0,4.5,1.0,0.7,0.667,0.0,0.0,0.0,0.0,0.0,0.0,1.3,0.0,0.0,1.0,0.3,0.7,3.7,0.65,0.7,0.4357085346215781,2023-24
1629675,Naz Reid,1610612750,MIN,81.0,24.2,10.5,5.0,0.477,5.0,2.1,0.414,1.8,1.3,0.736,13.5,1.3,1.4,5.2,0.9,4.3,3.1,0.5977683315621679,0.5761904761904761,17.0,2.1,0.8,0.4,0.5,0.4,0.2,0.429,0.0,0.0,0.0,1.0,0.1,0.0,0.3,0.1,0.2,-1.0,0.625,0.625,16.0,22.5,8.9,4.1,0.458,4.3,1.6,0.362,1.9,1.4,0.71,11.1,1.0,0.9,3.7,0.6,3.1,-1.4,0.570049301561216,0.5505617977528089,0.6006050869926246,2023-24
1629680,Matisse Thybulle,1610612757,POR,65.0,22.9,4.9,1.9,0.397,3.6,1.2,0.346,0.4,0.3,0.759,5.4,1.4,0.6,2.1,0.5,1.6,-3.6,0.5319148936170213,0.5102040816326531,15.0,3.6,0.7,0.3,0.5,0.3,0.1,0.5,0.0,0.0,0.0,0.8,0.3,0.2,0.4,0.1,0.3,-0.5,0.5714285714285715,0.5,,,,,,,,,,,,,,,,,,,,,0.5725430597741868,2023-24
1629684,Grant Williams,1610612766,CHA,76.0,28.0,8.0,3.6,0.456,4.4,1.7,0.375,1.8,1.4,0.757,10.3,2.3,1.4,4.2,1.1,3.1,-3.2,0.5857597816196543,0.55625,27.0,2.6,0.6,0.4,0.588,0.4,0.2,0.5,0.4,0.3,0.818,1.3,0.3,0.0,0.4,0.2,0.2,1.2,0.8376288659793815,0.8333333333333334,,,,,,,,,,,,,,,,,,,,,0.7611725045252015,2023-24
1629716,Marques Bolden,1610612766,CHA,11.0,11.0,2.3,1.5,0.68,0.1,0.0,0.0,0.4,0.3,0.75,3.4,0.4,0.3,3.1,0.9,2.2,-1.5,0.6865912762520193,0.6521739130434783,2.0,2.7,0.5,0.0,0.0,0.0,0.0,0.0,0.0,0.0,0.0,0.0,0.0,0.0,1.0,0.0,1.0,4.5,0.0,0.0,,,,,,,,,,,,,,,,,,,,,0.25060288917600393,2023-24
1629717,Armoni Brooks,1610612751,BKN,10.0,10.4,4.6,1.5,0.326,3.2,1.1,0.344,0.2,0.1,0.5,4.2,0.5,0.3,1.8,0.7,1.1,2.8,0.4479522184300342,0.44565217391304346,,,,,,,,,,,,,,,,,,,,,,,,,,,,,,,,,,,,,,,,,0.4479522184300342,2023-24
1629723,John Konchar,1610612763,MEM,55.0,21.3,3.8,1.6,0.423,2.2,0.7,0.317,0.5,0.4,0.84,4.3,2.0,0.8,4.7,1.3,3.4,-2.7,0.5348258706467662,0.5131578947368421,13.0,2.0,0.4,0.2,0.4,0.3,0.1,0.25,0.2,0.2,1.0,0.5,0.2,0.1,0.2,0.0,0.2,-0.4,0.5122950819672131,0.625,,,,,,,,,,,,,,,,,,,,,0.530331660647101,2023-24
1629726,Garrison Mathews,1610612737,ATL,66.0,15.0,3.4,1.6,0.456,2.9,1.3,0.44,0.6,0.5,0.81,4.9,0.6,0.3,1.4,0.3,1.1,-1.5,0.6686681222707425,0.6617647058823529,4.0,1.6,0.0,0.0,0.0,0.0,0.0,0.0,0.0,0.0,0.0,0.0,0.0,0.0,0.0,0.0,0.0,-0.5,,,,,,,,,,,,,,,,,,,,,,,0.22288937409024748,2023-24
1629731,Dean Wade,1610612739,CLE,54.0,20.5,4.3,1.8,0.414,3.7,1.5,0.391,0.5,0.4,0.769,5.4,0.8,0.4,4.0,0.7,3.4,3.3,0.5973451327433629,0.5930232558139534,9.0,3.1,0.3,0.2,0.667,0.2,0.1,0.5,0.0,0.0,0.0,0.6,0.2,0.0,0.8,0.2,0.6,-0.1,1.0,0.8333333333333334,3.0,21.0,4.3,1.3,0.308,3.3,1.0,0.3,0.0,0.0,0.0,3.7,1.7,0.7,2.0,0.3,1.7,-4.3,0.4302325581395349,0.4186046511627907,0.6549838787114186,2023-24
1629750,Javonte Green,1610612741,CHI,9.0,25.6,8.3,5.0,0.6,3.0,1.1,0.37,1.4,1.1,0.769,12.2,0.6,0.8,7.4,2.2,5.2,3.1,0.6841633019291161,0.6686746987951806,2.0,5.0,1.5,0.5,0.333,0.5,0.0,0.0,0.0,0.0,0.0,1.0,0.0,0.0,1.0,1.0,0.0,2.0,0.3333333333333333,0.3333333333333333,,,,,,,,,,,,,,,,,,,,,0.4683489453530434,2023-24
1630162,Anthony Edwards,1610612750,MIN,79.0,35.1,19.7,9.1,0.461,6.7,2.4,0.357,6.4,5.4,0.836,25.9,5.1,3.1,5.4,0.7,4.8,5.5,0.5751465624444839,0.5228426395939086,32.0,4.0,2.5,1.1,0.43,1.0,0.2,0.212,1.0,0.7,0.742,3.1,0.5,0.4,0.5,0.0,0.5,-1.4,0.5272108843537415,0.4800000000000001,16.0,40.5,20.3,9.8,0.481,7.2,2.9,0.4,6.4,5.2,0.814,27.6,6.5,3.3,7.0,1.1,5.9,4.4,0.5969890984599412,0.5541871921182265,0.5827796264179368,2023-24
1630163,LaMelo Ball,1610612766,CHA,22.0,32.3,19.2,8.3,0.433,9.0,3.2,0.355,4.7,4.1,0.865,23.9,8.0,3.8,5.1,1.3,3.8,-6.3,0.5618769983073161,0.515625,12.0,3.7,1.4,0.7,0.471,0.5,0.1,0.167,0.3,0.3,1.0,1.7,1.0,0.5,0.2,0.0,0.2,-0.3,0.5548302872062663,0.5357142857142857,,,,,,,,,,,,,,,,,,,,,0.5644708575729032,2023-24
1630164,James Wiseman,1610612765,DET,63.0,17.3,4.8,3.0,0.613,0.0,0.0,0.0,1.6,1.1,0.706,7.1,0.9,1.0,5.3,1.7,3.6,-5.2,0.6449854651162791,0.625,3.0,2.3,0.3,0.3,1.0,0.0,0.0,0.0,0.0,0.0,0.0,0.7,0.0,0.3,0.3,0.0,0.3,-5.0,1.1666666666666667,1.0,,,,,,,,,,,,,,,,,,,,,0.9990229328152354,2023-24
1630165,Killian Hayes,1610612765,DET,42.0,24.0,6.7,2.8,0.413,1.8,0.5,0.297,1.2,0.8,0.66,6.9,4.9,1.2,2.8,0.3,2.6,-5.8,0.47731045932484784,0.4552238805970149,10.0,1.5,0.3,0.0,0.0,0.0,0.0,0.0,0.0,0.0,0.0,0.0,0.2,0.0,0.4,0.0,0.4,-2.3,0.0,0.0,,,,,,,,,,,,,,,,,,,,,0.16358109838124615,2023-24
1630166,Deni Avdija,1610612764,WAS,75.0,30.1,10.7,5.4,0.506,3.1,1.2,0.374,3.6,2.7,0.74,14.7,3.8,2.1,7.2,1.1,6.1,-4.4,0.5983393031585803,0.5607476635514019,28.0,2.9,0.8,0.2,0.286,0.3,0.0,0.111,0.3,0.2,0.556,0.6,0.1,0.2,1.0,0.2,0.8,-3.5,0.32188841201716734,0.25,,,,,,,,,,,,,,,,,,,,,0.42151534457762496,2023-24
1630167,Obi Toppin,1610612754,IND,82.0,21.1,7.1,4.0,0.573,3.1,1.2,0.403,1.2,0.9,0.77,10.3,1.6,0.8,3.9,1.0,2.9,1.7,0.6751442055584689,0.647887323943662,18.0,1.8,0.4,0.2,0.429,0.2,0.0,0.0,0.2,0.1,0.5,0.4,0.1,0.1,0.5,0.1,0.4,0.5,0.4098360655737705,0.5,17.0,20.2,7.9,4.3,0.541,3.3,1.2,0.357,1.5,1.1,0.76,10.9,1.7,0.8,4.4,0.6,3.8,-0.6,0.6366822429906542,0.6202531645569619,0.5731109804291034,2023-24
1630168,Onyeka Okongwu,1610612737,ATL,55.0,25.5,6.6,4.1,0.611,1.3,0.4,0.333,2.1,1.7,0.793,10.2,1.3,0.8,6.8,2.6,4.2,-0.6,0.6778309409888357,0.6515151515151515,23.0,1.4,0.3,0.2,0.667,0.0,0.0,0.0,0.2,0.1,0.5,0.4,0.0,0.0,0.5,0.3,0.2,0.4,0.5154639175257733,0.6666666666666667,,,,,,,,,,,,,,,,,,,,,0.5741317132248932,2023-24
1630169,Tyrese Haliburton,1610612754,IND,69.0,32.2,15.2,7.2,0.477,7.8,2.8,0.364,3.3,2.8,0.855,20.1,10.9,2.3,3.9,0.5,3.4,4.3,0.6035311073744896,0.5657894736842105,28.0,3.4,2.0,1.1,0.526,1.1,0.4,0.4,0.6,0.6,0.944,3.2,1.0,0.1,0.4,0.1,0.3,0.1,0.7067137809187278,0.65,15.0,34.8,14.3,7.0,0.488,9.3,3.5,0.379,1.3,1.1,0.85,18.7,8.2,2.1,4.8,0.8,4.0,3.9,0.6286982248520709,0.6118881118881119,0.6636667853640028,2023-24
1630170,Devin Vassell,1610612759,SAS,68.0,33.1,15.5,7.3,0.472,6.6,2.4,0.372,3.0,2.4,0.801,19.5,4.1,1.6,3.8,0.4,3.4,-4.3,0.579667063020214,0.5483870967741935,32.0,3.5,1.3,0.4,0.341,0.7,0.2,0.261,0.6,0.4,0.65,1.5,0.5,0.2,0.4,0.0,0.3,-1.7,0.479539641943734,0.3846153846153846,,,,,,,,,,,,,,,,,,,,,0.5213025457428797,2023-24
1630171,Isaac Okoro,1610612739,CLE,69.0,27.3,7.0,3.4,0.49,3.1,1.2,0.391,2.0,1.3,0.679,9.4,1.9,0.8,3.0,1.0,2.0,0.6,0.5964467005076143,0.5714285714285714,35.0,2.4,0.3,0.1,0.444,0.1,0.0,0.0,0.1,0.1,0.75,0.3,0.2,0.1,0.3,0.1,0.1,0.0,0.436046511627907,0.33333333333333337,12.0,21.9,5.8,2.1,0.357,2.9,0.8,0.257,0.8,0.6,0.778,5.5,1.1,0.9,1.8,0.4,1.3,-2.6,0.44700910273081923,0.4310344827586207,0.4725468862777497,2023-24
1630172,Patrick Williams,1610612741,CHI,43.0,27.3,8.3,3.7,0.443,3.4,1.4,0.399,1.5,1.2,0.788,10.0,1.5,1.3,3.9,1.1,2.8,-0.3,0.5580357142857142,0.5301204819277109,13.0,2.9,1.0,0.5,0.538,0.2,0.1,0.333,0.0,0.0,0.0,1.2,0.1,0.0,0.3,0.1,0.2,0.7,0.6,0.55,,,,,,,,,,,,,,,,,,,,,0.5980600975315374,2023-24
1630173,Precious Achiuwa,1610612752,NYK,74.0,21.9,6.3,3.2,0.501,1.3,0.4,0.268,1.5,0.9,0.616,7.6,1.3,1.1,6.6,2.6,4.0,-0.6,0.5459770114942528,0.5396825396825398,20.0,2.1,0.6,0.3,0.5,0.2,0.0,0.0,0.2,0.1,0.5,0.7,0.0,0.1,0.9,0.4,0.5,-0.1,0.5087209302325582,0.5,9.0,20.5,4.8,2.3,0.488,0.3,0.0,0.0,1.4,0.6,0.385,5.2,0.6,0.4,4.2,2.4,1.8,-2.7,0.4800590841949779,0.47916666666666663,0.5101231636130149,2023-24
1630174,Aaron Nesmith,1610612754,IND,72.0,27.7,8.8,4.4,0.496,4.6,1.9,0.419,1.9,1.5,0.781,12.2,1.5,0.9,3.8,0.9,2.9,2.2,0.6330427563304275,0.6079545454545454,29.0,3.4,1.0,0.4,0.393,0.3,0.0,0.1,0.6,0.5,0.824,1.3,0.1,0.1,0.4,0.2,0.3,-0.4,0.5142405063291139,0.4,17.0,32.9,8.3,3.6,0.433,4.6,1.3,0.278,2.2,2.0,0.919,10.5,2.2,1.4,4.9,1.1,3.8,0.8,0.5664652567975831,0.5120481927710843,0.5715168929259125,2023-24
1630175,Cole Anthony,1610612753,ORL,81.0,22.4,9.4,4.1,0.435,3.4,1.1,0.338,2.7,2.2,0.826,11.6,2.9,1.6,3.8,0.8,3.0,1.4,0.5477899508877975,0.4946808510638297,23.0,2.7,1.3,0.5,0.367,0.4,0.0,0.0,0.0,0.0,1.0,1.0,0.3,0.1,0.7,0.3,0.4,0.1,0.3846153846153846,0.3846153846153846,7.0,14.7,5.9,1.9,0.317,1.9,0.3,0.154,1.3,1.1,0.889,5.1,1.3,0.7,2.1,0.3,1.9,1.9,0.3940049443757725,0.34745762711864403,0.4303357127735519,2023-24
1630177,Theo Maledon,1610612756,PHX,17.0,12.5,4.1,1.2,0.286,1.8,0.3,0.167,0.9,0.8,0.933,3.5,1.6,1.1,1.4,0.2,1.2,-3.8,0.3892348754448399,0.32926829268292684,1.0,0.0,0.0,0.0,0.0,0.0,0.0,0.0,0.0,0.0,0.0,0.0,0.0,0.0,0.0,0.0,0.0,-5.0,,,,,,,,,,,,,,,,,,,,,,,0.1297449584816133,2023-24
1630178,Tyrese Maxey,1610612755,PHI,70.0,37.5,20.3,9.1,0.45,8.1,3.0,0.373,5.4,4.7,0.868,25.9,6.2,1.7,3.7,0.5,3.2,4.3,0.5710883753748456,0.522167487684729,28.0,3.8,2.5,0.9,0.352,0.8,0.3,0.304,1.2,1.0,0.879,3.1,0.8,0.2,0.4,0.0,0.4,1.3,0.511889035667107,0.42000000000000004,6.0,44.6,23.0,11.0,0.478,9.2,3.7,0.4,4.7,4.2,0.893,29.8,6.8,2.2,5.2,0.2,5.0,-1.3,0.5943832774852401,0.558695652173913,0.5753179841294839,2023-24
1630180,Saddiq Bey,1610612737,ATL,63.0,32.7,11.1,4.6,0.416,5.7,1.8,0.316,3.2,2.7,0.837,13.7,1.5,0.9,6.5,2.7,3.9,-0.3,0.547649504317237,0.4954954954954955,34.0,2.7,0.8,0.3,0.333,0.4,0.1,0.25,0.4,0.4,0.857,1.0,0.1,0.1,0.5,0.4,0.2,-1.1,0.5122950819672131,0.43749999999999994,,,,,,,,,,,,,,,,,,,,,0.5312870966237789,2023-24
1630182,Josh Green,1610612742,DAL,57.0,26.4,6.6,3.1,0.479,3.3,1.3,0.385,1.0,0.7,0.684,8.2,2.3,1.1,3.2,0.7,2.5,-1.8,0.5823863636363635,0.5681818181818182,17.0,2.0,0.7,0.4,0.583,0.5,0.2,0.375,0.2,0.2,0.75,1.2,0.2,0.0,0.3,0.1,0.2,2.2,0.7614213197969544,0.7142857142857143,22.0,18.1,3.9,1.6,0.424,2.7,1.0,0.39,0.9,0.6,0.737,5.0,1.0,0.3,2.5,1.0,1.6,0.1,0.5819366852886405,0.5384615384615385,0.6524459037871526,2023-24
1630183,Jaden McDaniels,1610612750,MIN,72.0,29.2,8.7,4.3,0.489,3.5,1.2,0.337,1.1,0.8,0.722,10.5,1.4,1.2,3.1,0.8,2.3,2.2,0.5716463414634146,0.5632183908045977,29.0,3.9,0.9,0.3,0.385,0.5,0.2,0.357,0.1,0.0,0.333,0.9,0.1,0.1,0.3,0.1,0.2,-1.1,0.4766949152542373,0.4444444444444445,16.0,33.6,8.8,4.5,0.514,3.5,1.5,0.429,2.2,1.7,0.771,12.2,1.1,1.1,3.8,1.8,2.1,4.2,0.6244881244881244,0.5965909090909091,0.5767615851577284,2023-24
1630186,Jahmi'us Ramsey,1610612761,TOR,7.0,17.3,5.9,2.6,0.439,3.1,0.9,0.273,0.9,0.7,0.833,6.7,1.1,1.0,3.1,0.6,2.6,-4.0,0.5320838627700127,0.516949152542373,,,,,,,,,,,,,,,,,,,,,,,,,,,,,,,,,,,,,,,,,0.5320838627700127,2023-24
1630188,Jalen Smith,1610612754,IND,61.0,17.2,6.5,3.8,0.592,2.4,1.0,0.424,1.7,1.2,0.692,9.9,1.0,0.7,5.5,1.8,3.7,-0.2,0.6829470198675497,0.6615384615384615,9.0,1.0,0.6,0.4,0.8,0.1,0.1,1.0,0.3,0.2,0.667,1.2,0.0,0.0,0.4,0.1,0.3,0.6,0.819672131147541,0.75,7.0,6.0,1.1,0.4,0.375,0.6,0.3,0.5,1.1,0.7,0.625,1.9,0.3,0.6,2.0,1.0,1.0,-5.9,0.5997474747474747,0.5,0.6961530536301916,2023-24
1630191,Isaiah Stewart,1610612765,DET,46.0,30.9,8.3,4.0,0.487,3.8,1.5,0.383,1.8,1.4,0.753,10.9,1.6,1.4,6.6,1.6,5.0,-2.9,0.5994280686317641,0.5722891566265059,17.0,2.5,0.8,0.2,0.286,0.4,0.1,0.286,0.2,0.1,0.667,0.7,0.1,0.1,0.6,0.1,0.5,-2.4,0.3941441441441441,0.3125,,,,,,,,,,,,,,,,,,,,,0.47221067318905696,2023-24
1630193,Immanuel Quickley,1610612761,TOR,68.0,29.2,13.1,5.7,0.434,6.4,2.5,0.395,3.6,3.1,0.853,17.0,4.9,1.5,3.8,0.3,3.6,-0.5,0.5788613456823754,0.5305343511450382,29.0,3.2,1.4,0.4,0.3,0.6,0.1,0.176,1.0,0.8,0.828,1.8,0.3,0.1,0.4,0.1,0.3,0.1,0.48913043478260876,0.32142857142857145,,,,,,,,,,,,,,,,,,,,,0.5297277613158119,2023-24
1630194,Paul Reed,1610612755,PHI,82.0,19.4,5.9,3.2,0.54,0.7,0.3,0.368,1.0,0.7,0.718,7.3,1.3,0.8,6.0,2.4,3.6,1.2,0.5757097791798107,0.5677966101694915,18.0,1.9,0.3,0.1,0.333,0.0,0.0,0.0,0.1,0.1,1.0,0.3,0.0,0.0,0.6,0.2,0.3,-0.9,0.436046511627907,0.33333333333333337,6.0,7.2,1.5,0.7,0.444,0.0,0.0,0.0,0.3,0.2,0.5,1.5,0.3,0.5,2.7,1.5,1.2,-7.3,0.45955882352941174,0.4666666666666666,0.47616462459916004,2023-24
1630197,Aleksej Pokusevski,1610612766,CHA,28.0,14.5,4.3,1.8,0.405,2.0,0.6,0.327,1.5,1.1,0.732,5.2,1.3,0.7,3.2,0.6,2.6,-2.6,0.5241935483870968,0.48837209302325585,5.0,3.2,0.6,0.2,0.333,0.4,0.0,0.0,0.0,0.0,0.0,0.4,0.0,0.0,0.2,0.0,0.2,1.6,0.33333333333333337,0.33333333333333337,,,,,,,,,,,,,,,,,,,,,0.41090689338676917,2023-24
1630198,Isaiah Joe,1610612760,OKC,78.0,18.5,6.2,2.8,0.458,4.5,1.9,0.416,0.7,0.6,0.865,8.2,1.3,0.6,2.3,0.4,1.9,4.5,0.6299938537185003,0.6048387096774194,28.0,2.1,0.5,0.1,0.267,0.5,0.1,0.308,0.2,0.2,1.0,0.6,0.1,0.0,0.2,0.0,0.1,1.4,0.5102040816326531,0.30000000000000004,10.0,17.3,5.4,2.4,0.444,3.9,1.6,0.41,0.0,0.0,0.0,6.4,1.0,0.5,2.2,0.4,1.8,1.3,0.5925925925925926,0.5925925925925926,0.5794278152546622,2023-24
1630200,Tre Jones,1610612759,SAS,77.0,27.8,7.8,3.9,0.505,2.5,0.8,0.335,1.5,1.3,0.856,10.0,6.2,1.5,3.8,0.8,3.0,-0.3,0.591016548463357,0.5512820512820513,35.0,3.8,0.9,0.4,0.433,0.2,0.1,0.286,0.5,0.5,1.0,1.3,0.5,0.1,0.6,0.1,0.5,-0.4,0.5803571428571428,0.5,,,,,,,,,,,,,,,,,,,,,0.5954487395961965,2023-24
1630201,Malachi Flynn,1610612765,DET,69.0,12.7,4.7,2.0,0.418,2.4,0.8,0.331,1.0,0.8,0.732,5.5,1.9,0.9,1.7,0.3,1.3,-2.6,0.5350194552529183,0.5106382978723404,5.0,1.1,0.0,0.0,0.0,0.0,0.0,0.0,0.0,0.0,0.0,0.0,0.0,0.0,0.0,0.0,0.0,-1.0,,,,,,,,,,,,,,,,,,,,,,,0.17833981841763943,2023-24
1630202,Payton Pritchard,1610612738,BOS,82.0,22.3,7.7,3.6,0.468,4.7,1.8,0.385,0.7,0.6,0.821,9.6,3.4,0.7,3.2,0.9,2.4,5.5,0.5994005994005993,0.5844155844155844,13.0,1.2,0.3,0.1,0.25,0.1,0.0,0.0,0.2,0.2,1.0,0.3,0.0,0.0,0.2,0.0,0.2,0.7,0.38659793814432986,0.33333333333333337,19.0,18.7,5.5,2.3,0.419,3.2,1.2,0.383,0.6,0.6,0.917,6.4,2.1,0.7,1.9,0.7,1.2,1.5,0.5551700208188758,0.5272727272727272,0.5102471935865789,2023-24
1630204,Ashton Hagans,1610612757,POR,19.0,16.6,3.7,1.5,0.408,1.3,0.4,0.32,0.9,0.7,0.824,4.2,2.8,1.6,2.4,0.7,1.6,-0.2,0.5126953125,0.45945945945945943,2.0,6.5,2.5,0.0,0.0,1.5,0.0,0.0,0.0,0.0,0.0,0.0,1.0,0.0,1.0,0.0,1.0,-5.0,0.0,0.0,,,,,,,,,,,,,,,,,,,,,0.23846600504930607,2023-24
1630205,Lamar Stevens,1610612763,MEM,38.0,14.7,6.3,2.8,0.45,1.2,0.4,0.304,1.4,1.1,0.778,7.2,0.7,0.6,3.3,0.9,2.4,0.2,0.520532099479468,0.4761904761904762,8.0,2.2,0.6,0.3,0.4,0.1,0.0,0.0,0.3,0.3,1.0,0.8,0.0,0.1,0.5,0.1,0.4,1.3,0.546448087431694,0.5,,,,,,,,,,,,,,,,,,,,,0.5473332343032499,2023-24
1630208,Nick Richards,1610612766,CHA,67.0,26.2,5.6,3.9,0.691,0.0,0.0,0.0,2.7,2.0,0.737,9.7,0.8,1.1,8.0,2.6,5.5,-6.4,0.7144961697112551,0.6964285714285715,16.0,2.6,0.4,0.2,0.5,0.0,0.0,0.0,0.3,0.1,0.5,0.5,0.1,0.0,0.8,0.2,0.6,-2.6,0.4699248120300752,0.5,,,,,,,,,,,,,,,,,,,,,0.5585914550653834,2023-24
1630209,Omer Yurtseven,1610612762,UTA,48.0,11.4,3.8,2.1,0.538,0.5,0.1,0.208,0.6,0.4,0.679,4.6,0.6,0.8,4.3,1.5,2.8,-2.8,0.5659448818897638,0.5657894736842105,6.0,2.6,0.5,0.3,0.667,0.0,0.0,0.0,0.0,0.0,0.0,0.7,0.2,0.0,0.3,0.2,0.2,0.8,0.7,0.6,,,,,,,,,,,,,,,,,,,,,0.6684728553633007,2023-24
1630214,Xavier Tillman,1610612738,BOS,54.0,18.0,5.2,2.2,0.434,1.5,0.4,0.247,0.9,0.4,0.44,5.3,1.4,0.6,3.9,1.3,2.6,-1.1,0.4735525375268048,0.46153846153846156,8.0,3.6,0.5,0.1,0.25,0.0,0.0,0.0,0.0,0.0,0.0,0.3,0.0,0.3,0.4,0.1,0.3,-2.6,0.3,0.2,8.0,8.6,1.0,0.6,0.625,0.1,0.1,1.0,0.1,0.1,1.0,1.5,0.4,0.4,1.8,0.5,1.3,2.8,0.7183908045977011,0.65,0.5477362098335201,2023-24
1630215,Jared Butler,1610612764,WAS,40.0,14.1,5.0,2.5,0.488,2.0,0.6,0.308,0.9,0.8,0.861,6.3,3.2,1.3,1.5,0.2,1.2,-1.2,0.583765752409192,0.5599999999999999,7.0,1.8,0.6,0.1,0.25,0.3,0.0,0.0,0.0,0.0,0.0,0.3,0.6,0.1,0.0,0.0,0.0,-0.9,0.25,0.16666666666666669,,,,,,,,,,,,,,,,,,,,,0.37325525080066396,2023-24
1630217,Desmond Bane,1610612763,MEM,42.0,34.4,18.5,8.6,0.464,8.6,3.3,0.381,3.8,3.3,0.87,23.7,5.5,2.7,4.4,0.9,3.5,-4.8,0.5874479476502081,0.5540540540540541,16.0,4.0,1.8,0.7,0.393,0.9,0.3,0.267,0.7,0.6,0.909,2.3,0.4,0.2,0.4,0.1,0.3,-0.7,0.5455407969639468,0.4722222222222222,,,,,,,,,,,,,,,,,,,,,0.5692395769219044,2023-24
1630219,Skylar Mays,1610612747,LAL,38.0,11.4,4.2,1.7,0.396,1.4,0.4,0.296,0.4,0.3,0.765,4.1,2.2,0.5,1.1,0.3,0.9,-2.7,0.4684643510054844,0.45238095238095233,3.0,4.8,1.3,0.7,0.5,0.3,0.0,0.0,0.0,0.0,0.0,1.3,1.0,0.3,0.0,0.0,0.0,-2.0,0.5,0.5384615384615384,,,,,,,,,,,,,,,,,,,,,0.5204404979468394,2023-24
1630224,Jalen Green,1610612745,HOU,82.0,31.7,16.2,6.9,0.423,7.4,2.5,0.332,4.3,3.5,0.804,19.6,3.5,2.3,5.2,0.5,4.7,0.4,0.5416758788414769,0.5030864197530864,33.0,3.3,0.9,0.4,0.448,0.4,0.2,0.417,0.6,0.4,0.684,1.3,0.5,0.1,0.3,0.0,0.3,-0.8,0.5584192439862542,0.5555555555555556,,,,,,,,,,,,,,,,,,,,,0.558393677826541,2023-24
1630228,Jonathan Kuminga,1610612744,GSW,74.0,26.3,11.6,6.2,0.529,2.2,0.7,0.321,4.0,3.0,0.746,16.1,2.2,1.6,4.8,1.2,3.6,1.7,0.6025449101796408,0.5646551724137931,30.0,2.6,0.7,0.3,0.5,0.0,0.0,0.0,0.2,0.1,0.429,0.8,0.0,0.1,0.4,0.3,0.2,-0.2,0.5076142131979696,0.4285714285714286,,,,,,,,,,,,,,,,,,,,,0.5452922616166271,2023-24
1630230,Naji Marshall,1610612740,NOP,66.0,19.0,5.6,2.6,0.463,2.3,0.9,0.387,1.3,1.0,0.791,7.1,1.9,1.0,3.6,0.8,2.8,3.1,0.5751782242384964,0.5446428571428572,14.0,1.0,0.2,0.1,0.333,0.0,0.0,0.0,0.0,0.0,0.0,0.1,0.1,0.1,0.2,0.1,0.1,-0.1,0.25,0.5,4.0,21.0,7.0,3.0,0.429,3.8,1.5,0.4,1.5,1.5,1.0,9.0,1.3,0.5,2.8,0.8,2.0,-7.8,0.5874673629242819,0.5357142857142857,0.47650148073934784,2023-24
1630231,KJ Martin,1610612755,PHI,60.0,12.4,3.0,1.6,0.536,0.5,0.1,0.286,0.7,0.4,0.537,3.7,0.9,0.5,2.2,0.7,1.5,-0.1,0.5592503022974608,0.55,10.0,2.4,0.3,0.3,1.0,0.0,0.0,0.0,0.0,0.0,0.0,0.6,0.0,0.2,0.3,0.1,0.2,-0.3,1.0,1.0,,,,,,,,,,,,,,,,,,,,,0.8630834340958203,2023-24
1630235,Trent Forrest,1610612737,ATL,38.0,10.9,2.4,0.9,0.378,0.3,0.1,0.2,0.4,0.3,0.765,2.2,2.4,0.5,1.3,0.3,1.1,-2.5,0.42701863354037267,0.39583333333333337,2.0,2.5,2.0,1.5,0.75,0.0,0.0,0.0,0.5,0.0,0.0,3.0,0.0,0.5,0.0,0.0,0.0,-3.0,0.6756756756756757,0.75,,,,,,,,,,,,,,,,,,,,,0.6761233282625192,2023-24
1630241,Sam Merrill,1610612739,CLE,61.0,17.5,6.4,2.6,0.402,5.8,2.3,0.404,0.5,0.4,0.929,8.0,1.8,0.3,2.0,0.4,1.6,0.5,0.6042296072507553,0.5859375,9.0,1.3,0.6,0.2,0.4,0.4,0.1,0.25,0.0,0.0,0.0,0.6,0.1,0.0,0.0,0.0,0.0,0.3,0.5,0.4166666666666667,10.0,12.5,2.9,1.0,0.345,2.7,1.0,0.37,0.3,0.3,1.0,3.3,0.9,0.0,1.2,0.2,1.0,-1.1,0.5441952506596306,0.5172413793103449,0.5488442265368096,2023-24
1630243,Trevelin Queen,1610612753,ORL,14.0,11.8,2.7,1.0,0.368,1.2,0.2,0.176,0.9,0.6,0.75,2.9,1.3,0.5,1.4,0.2,1.2,-0.6,0.46834625322997414,0.40740740740740744,3.0,5.7,0.7,0.0,0.0,0.3,0.0,0.0,0.0,0.0,0.0,0.0,0.3,0.0,0.0,0.0,0.0,-3.7,0.0,0.0,,,,,,,,,,,,,,,,,,,,,0.18204134365964844,2023-24
1630245,Ayo Dosunmu,1610612741,CHI,76.0,29.1,9.5,4.7,0.501,3.9,1.6,0.403,1.4,1.1,0.81,12.2,3.2,1.4,2.8,0.7,2.1,-2.1,0.6030051403716884,0.5789473684210527,26.0,3.8,0.9,0.5,0.5,0.4,0.2,0.4,0.2,0.2,0.667,1.2,0.2,0.1,0.2,0.1,0.1,2.7,0.6072874493927125,0.6666666666666666,,,,,,,,,,,,,,,,,,,,,0.6153336972619002,2023-24
1630249,Vít Krejčí,1610612737,ATL,22.0,24.6,4.7,2.3,0.49,3.1,1.3,0.412,0.3,0.2,0.833,6.1,2.3,0.9,2.4,0.5,1.9,0.0,0.6312086092715231,0.6276595744680851,8.0,5.1,1.1,0.1,0.111,0.8,0.1,0.167,0.3,0.1,0.5,0.5,0.3,0.3,0.4,0.0,0.4,-1.9,0.2029220779220779,0.13636363636363638,,,,,,,,,,,,,,,,,,,,,0.36908851035272894,2023-24
1630256,Jae'Sean Tate,1610612745,HOU,65.0,15.9,3.5,1.7,0.472,1.2,0.4,0.299,0.6,0.4,0.667,4.1,1.0,0.6,3.0,0.9,2.1,1.2,0.5446333687566418,0.5428571428571428,13.0,1.0,0.2,0.1,0.5,0.1,0.0,0.0,0.0,0.0,0.0,0.2,0.1,0.0,0.1,0.1,0.0,-1.5,0.5,0.5,,,,,,,,,,,,,,,,,,,,,0.5205920752982004,2023-24
1630285,Zavier Simpson,1610612763,MEM,7.0,23.1,7.7,2.4,0.315,2.4,0.7,0.294,0.6,0.4,0.75,6.0,3.6,1.4,2.9,0.6,2.3,-4.1,0.37669512807634353,0.35714285714285715,,,,,,,,,,,,,,,,,,,,,,,,,,,,,,,,,,,,,,,,,0.37669512807634353,2023-24
1630288,Jeff Dowtin Jr.,1610612755,PHI,12.0,11.8,3.0,1.7,0.556,1.6,0.8,0.474,0.3,0.3,0.75,4.3,2.3,0.4,1.7,0.3,1.4,1.8,0.6864623243933589,0.7000000000000001,1.0,0.4,0.0,0.0,0.0,0.0,0.0,0.0,0.0,0.0,0.0,0.0,0.0,0.0,0.0,0.0,0.0,-3.0,,,,,,,,,,,,,,,,,,,,,,,0.22882077479778629,2023-24
1630346,Matt Ryan,1610612740,NOP,28.0,13.9,4.0,1.8,0.434,3.3,1.5,0.451,0.5,0.5,0.929,5.4,0.6,0.7,1.4,0.2,1.2,0.5,0.6398104265402844,0.6375,4.0,0.7,0.0,0.0,0.0,0.0,0.0,0.0,0.0,0.0,0.0,0.0,0.0,0.0,0.0,0.0,0.0,-0.3,,,1.0,2.5,1.0,0.0,0.0,1.0,0.0,0.0,0.0,0.0,0.0,0.0,0.0,1.0,1.0,0.0,1.0,2.0,0.0,0.0,0.1066350710900474,2023-24
1630527,Brandon Boston,1610612746,LAC,32.0,10.8,5.0,2.0,0.404,1.6,0.4,0.269,1.0,0.7,0.697,5.2,0.4,0.8,1.6,0.6,1.0,-3.5,0.4779411764705882,0.44000000000000006,3.0,2.8,1.3,0.7,0.5,0.3,0.0,0.0,0.0,0.0,0.0,1.3,0.0,1.3,0.3,0.3,0.0,-0.7,0.5,0.5384615384615384,3.0,3.2,1.3,0.7,0.5,0.0,0.0,0.0,0.7,0.3,0.5,1.7,0.3,0.0,0.7,0.3,0.3,1.7,0.5286069651741293,0.5384615384615384,0.5366270119936293,2023-24
1630529,Herbert Jones,1610612740,NOP,76.0,30.5,7.7,3.9,0.498,3.6,1.5,0.418,2.1,1.8,0.867,11.0,2.6,1.2,3.6,1.0,2.6,3.0,0.6377551020408163,0.6038961038961039,26.0,2.8,0.6,0.3,0.533,0.2,0.1,0.4,0.5,0.4,0.846,1.1,0.4,0.2,0.2,0.1,0.2,-0.1,0.6707317073170732,0.5833333333333334,4.0,35.2,10.3,4.0,0.39,6.0,2.0,0.333,3.0,3.0,1.0,13.0,2.5,2.8,5.0,1.5,3.5,-11.8,0.559380378657487,0.48543689320388345,0.6173521498990998,2023-24
1630530,Trey Murphy III,1610612740,NOP,57.0,29.7,10.9,4.8,0.443,7.8,3.0,0.38,2.6,2.2,0.815,14.8,2.2,0.6,4.9,0.7,4.2,4.6,0.6144138160079707,0.5779816513761468,18.0,2.4,0.5,0.2,0.333,0.5,0.2,0.333,0.3,0.3,1.0,0.8,0.1,0.1,0.3,0.1,0.2,-0.7,0.6329113924050633,0.6000000000000001,4.0,42.0,12.0,4.5,0.375,7.5,2.5,0.333,0.0,0.0,0.0,11.5,2.3,2.0,6.5,0.8,5.8,-15.0,0.4791666666666667,0.4791666666666667,0.5575432560992315,2023-24
1630531,Jaden Springer,1610612738,BOS,49.0,10.3,3.0,1.2,0.399,1.0,0.2,0.208,0.9,0.7,0.833,3.3,0.9,0.7,1.6,0.7,0.9,-0.6,0.48586572438162545,0.43333333333333335,2.0,2.0,1.0,0.0,0.0,0.5,0.0,0.0,0.0,0.0,0.0,0.0,0.0,0.0,0.0,0.0,0.0,-2.0,0.0,0.0,4.0,5.5,0.8,0.5,0.667,0.0,0.0,0.0,0.0,0.0,0.0,1.0,0.3,0.5,0.8,0.0,0.8,1.0,0.625,0.625,0.4268109540524931,2023-24
1630532,Franz Wagner,1610612753,ORL,72.0,32.5,15.2,7.3,0.482,4.6,1.3,0.281,4.4,3.8,0.85,19.7,3.7,1.9,5.3,1.0,4.3,2.8,0.574813258636788,0.5230263157894737,28.0,3.1,1.5,0.5,0.366,0.6,0.0,0.059,0.8,0.7,0.905,1.8,0.3,0.1,0.4,0.1,0.3,0.4,0.48596112311015116,0.3333333333333333,7.0,37.1,14.7,6.0,0.408,4.9,1.3,0.265,6.3,5.6,0.886,18.9,4.4,1.3,6.9,1.4,5.4,4.3,0.5408653846153847,0.45238095238095244,0.5380903641691898,2023-24
1630533,Ziaire Williams,1610612763,MEM,51.0,20.3,7.4,2.9,0.397,3.7,1.1,0.307,1.5,1.2,0.827,8.2,1.5,1.3,3.5,0.7,2.8,-4.8,0.5086848635235731,0.46621621621621623,11.0,2.9,0.7,0.3,0.375,0.3,0.0,0.0,0.1,0.1,1.0,0.6,0.1,0.3,1.2,0.3,0.9,-0.6,0.4032258064516129,0.4285714285714286,,,,,,,,,,,,,,,,,,,,,0.44783828493378075,2023-24
1630534,Ochai Agbaji,1610612761,TOR,78.0,21.0,5.6,2.3,0.411,2.7,0.8,0.294,0.7,0.5,0.661,5.8,1.1,0.8,2.8,0.9,1.8,-3.2,0.49085985104942453,0.48214285714285715,17.0,3.1,0.2,0.1,0.25,0.1,0.0,0.0,0.0,0.0,0.0,0.1,0.1,0.2,0.6,0.2,0.4,-0.9,0.25,0.5,,,,,,,,,,,,,,,,,,,,,0.3338580455872656,2023-24
1630537,Chris Duarte,1610612758,SAC,59.0,12.2,3.6,1.4,0.381,2.2,0.7,0.346,0.6,0.4,0.788,3.9,0.7,0.4,1.8,0.4,1.4,-1.1,0.5046583850931677,0.4861111111111111,8.0,1.5,0.4,0.1,0.333,0.3,0.1,0.5,0.0,0.0,0.0,0.4,0.0,0.0,0.0,0.0,0.0,-0.4,0.5,0.37500000000000006,,,,,,,,,,,,,,,,,,,,,0.5126639061390805,2023-24
1630538,Bones Hyland,1610612746,LAC,37.0,14.6,6.8,2.6,0.386,3.6,1.2,0.326,0.6,0.5,0.783,6.9,2.5,1.2,1.5,0.1,1.4,-1.8,0.488391845979615,0.4705882352941177,4.0,1.9,1.3,0.5,0.4,1.0,0.3,0.25,0.0,0.0,0.0,1.3,0.3,0.0,0.8,0.0,0.8,-0.3,0.5,0.5,3.0,4.0,2.3,1.0,0.429,1.7,0.3,0.2,1.3,1.3,1.0,3.7,1.3,0.3,0.7,0.0,0.7,0.7,0.6441504178272981,0.5,0.5892581636329304,2023-24
1630540,Miles McBride,1610612752,NYK,68.0,19.5,6.7,3.0,0.452,3.9,1.6,0.41,0.7,0.6,0.86,8.3,1.7,0.4,1.5,0.5,1.0,-0.2,0.5921803652968037,0.5671641791044776,11.0,2.7,0.8,0.3,0.333,0.5,0.1,0.2,0.2,0.2,1.0,0.8,0.2,0.1,0.1,0.1,0.0,-0.5,0.45045045045045046,0.43749999999999994,13.0,26.7,9.5,4.2,0.435,5.2,1.9,0.368,0.9,0.8,0.833,11.0,1.9,0.8,2.2,0.5,1.7,-2.8,0.5557801131770412,0.5421052631578948,0.5386772327938186,2023-24
1630541,Moses Moody,1610612744,GSW,66.0,17.5,6.4,2.9,0.462,3.0,1.1,0.36,1.4,1.1,0.785,8.1,0.9,0.7,3.0,1.0,2.0,1.5,0.5772519954389965,0.5390625,14.0,1.0,0.4,0.1,0.4,0.3,0.1,0.25,0.3,0.2,0.75,0.6,0.0,0.0,0.1,0.1,0.0,0.0,0.5639097744360901,0.37500000000000006,,,,,,,,,,,,,,,,,,,,,0.5746071814360824,2023-24
1630543,Isaiah Jackson,1610612754,IND,60.0,12.8,3.9,2.6,0.665,0.1,0.0,0.0,1.7,1.2,0.716,6.4,0.8,0.7,4.0,1.6,2.4,0.5,0.6884681583476765,0.6666666666666667,4.0,2.2,0.5,0.0,0.0,0.0,0.0,0.0,0.5,0.3,0.5,0.3,0.0,0.0,0.8,0.0,0.8,0.3,0.20833333333333334,0.0,15.0,10.2,2.9,1.5,0.535,0.0,0.0,0.0,1.2,0.7,0.611,3.8,0.5,0.3,3.2,1.4,1.8,-0.7,0.5542590431738623,0.5172413793103449,0.4741391719065472,2023-24
1630544,Tre Mann,1610612766,CHA,41.0,24.1,7.7,3.5,0.459,3.1,1.1,0.373,1.4,1.1,0.763,9.3,4.0,1.6,3.6,0.5,3.1,-3.1,0.5591630591630592,0.525974025974026,6.0,3.0,1.0,0.2,0.167,0.5,0.0,0.0,0.0,0.0,0.0,0.3,0.2,0.2,0.5,0.2,0.3,-0.8,0.15,0.2,,,,,,,,,,,,,,,,,,,,,0.29937469937301275,2023-24
1630548,Johnny Juzang,1610612762,UTA,20.0,18.6,5.5,2.6,0.464,3.9,1.6,0.416,0.7,0.5,0.714,7.2,1.2,0.7,1.8,0.4,1.5,-0.4,0.6198347107438017,0.6181818181818183,4.0,2.9,0.8,0.5,0.667,0.3,0.0,0.0,0.0,0.0,0.0,1.0,0.3,0.0,0.3,0.3,0.0,1.8,0.625,0.625,,,,,,,,,,,,,,,,,,,,,0.6378236914574104,2023-24
1630549,Day'Ron Sharpe,1610612751,BKN,61.0,15.1,4.8,2.8,0.571,0.2,0.1,0.267,2.0,1.2,0.61,6.8,1.4,1.1,6.4,2.6,3.7,1.0,0.5985915492957746,0.59375,9.0,0.6,0.0,0.0,0.0,0.0,0.0,0.0,0.0,0.0,0.0,0.0,0.0,0.0,0.4,0.1,0.3,0.8,,,,,,,,,,,,,,,,,,,,,,,0.19953051643192488,2023-24
1630550,JT Thor,1610612766,CHA,63.0,12.4,2.9,1.3,0.437,1.3,0.4,0.346,0.3,0.2,0.55,3.2,0.5,0.2,2.3,0.7,1.6,-0.8,0.5277044854881267,0.5172413793103449,4.0,1.0,0.3,0.3,1.0,0.0,0.0,0.0,0.5,0.3,0.5,0.8,0.0,0.0,0.3,0.0,0.3,0.8,0.7692307692307693,1.0,,,,,,,,,,,,,,,,,,,,,0.6990668355658616,2023-24
1630551,Justin Champagnie,1610612764,WAS,15.0,15.7,5.2,2.1,0.41,3.0,0.9,0.289,1.0,0.8,0.8,5.9,1.3,0.7,3.5,1.3,2.3,-3.9,0.5230496453900709,0.4903846153846154,2.0,2.6,1.5,0.5,0.333,1.5,0.5,0.333,2.0,1.0,0.5,2.5,0.0,0.0,0.5,0.0,0.5,-0.5,0.5252100840336135,0.5,,,,,,,,,,,,,,,,,,,,,0.5533360916597058,2023-24
1630552,Jalen Johnson,1610612737,ATL,56.0,33.7,12.5,6.4,0.511,3.6,1.3,0.355,2.6,1.9,0.728,16.0,3.6,1.8,8.7,1.3,7.4,-1.4,0.5863383172090296,0.5640000000000001,27.0,3.7,0.8,0.3,0.409,0.3,0.0,0.143,0.3,0.3,0.778,1.0,0.1,0.1,0.6,0.0,0.6,-1.3,0.5364806866952789,0.37499999999999994,,,,,,,,,,,,,,,,,,,,,0.5594998968660172,2023-24
1630553,Keon Johnson,1610612751,BKN,5.0,12.3,4.2,1.6,0.381,2.0,0.8,0.4,2.4,2.2,0.917,6.2,0.6,1.0,1.4,0.6,0.8,-5.0,0.5898021308980212,0.47619047619047616,,,,,,,,,,,,,,,,,,,,,,,,,,,,,,,,,,,,,,,,,0.5898021308980212,2023-24
1630554,Jason Preston,1610612762,UTA,7.0,10.2,2.7,0.9,0.316,0.4,0.0,0.0,0.0,0.0,0.0,1.7,2.3,0.3,2.4,0.9,1.6,3.3,0.31481481481481477,0.3333333333333333,,,,,,,,,,,,,,,,,,,,,,,,,,,,,,,,,,,,,,,,,0.31481481481481477,2023-24
1630557,Corey Kispert,1610612764,WAS,80.0,25.8,9.9,4.8,0.486,6.0,2.3,0.383,2.0,1.4,0.726,13.4,2.0,1.2,2.8,0.4,2.4,-5.6,0.62152133580705,0.6010101010101009,26.0,2.1,0.7,0.2,0.353,0.4,0.2,0.4,0.2,0.2,0.8,0.8,0.2,0.0,0.1,0.1,0.0,-2.2,0.5076142131979696,0.42857142857142866,,,,,,,,,,,,,,,,,,,,,0.552653961137656,2023-24
1630558,Davion Mitchell,1610612758,SAC,72.0,15.3,4.5,2.0,0.452,2.2,0.8,0.361,0.6,0.4,0.714,5.3,1.9,0.6,1.3,0.3,1.1,-0.6,0.5562552476910159,0.5333333333333333,8.0,2.6,0.3,0.3,1.0,0.3,0.3,1.0,0.0,0.0,0.0,0.8,0.4,0.0,0.0,0.0,0.0,-3.4,1.3333333333333335,1.5,,,,,,,,,,,,,,,,,,,,,1.0809739714510793,2023-24
1630559,Austin Reaves,1610612747,LAL,82.0,32.1,11.5,5.6,0.486,5.1,1.9,0.367,3.3,2.8,0.853,15.9,5.5,2.1,4.3,0.7,3.6,-0.5,0.6138048177887585,0.5695652173913043,32.0,3.9,1.3,0.6,0.439,0.7,0.2,0.318,1.1,1.0,0.886,2.3,0.5,0.1,0.5,0.1,0.4,1.2,0.6446188340807174,0.5384615384615384,5.0,34.8,12.6,6.0,0.476,5.2,1.4,0.269,3.8,3.4,0.895,16.8,3.6,0.8,3.8,1.0,2.8,-1.8,0.5885650224215246,0.5317460317460317,0.6227606066942318,2023-24
1630560,Cam Thomas,1610612751,BKN,66.0,31.4,18.0,8.0,0.442,6.0,2.2,0.364,5.1,4.3,0.856,22.5,2.9,1.9,3.2,0.4,2.8,-3.0,0.555720213396562,0.5055555555555555,24.0,3.7,2.0,0.5,0.277,1.0,0.1,0.13,1.0,1.0,0.92,2.2,0.2,0.3,0.3,0.0,0.3,0.0,0.4508196721311476,0.275,,,,,,,,,,,,,,,,,,,,,0.4968976303301129,2023-24
1630561,David Duke Jr.,1610612759,SAS,4.0,12.8,4.5,2.5,0.556,1.5,0.8,0.5,0.8,0.8,1.0,6.5,1.3,0.8,2.5,0.5,2.0,1.5,0.6698268755152514,0.6444444444444444,,,,,,,,,,,,,,,,,,,,,,,,,,,,,,,,,,,,,,,,,0.6698268755152514,2023-24
1630562,Matt Hurt,1610612763,MEM,8.0,14.2,4.3,1.5,0.353,2.5,0.6,0.25,0.4,0.4,1.0,4.0,0.5,0.3,2.0,1.1,0.9,-1.5,0.44682752457551383,0.4186046511627907,2.0,0.2,0.5,0.0,0.0,0.0,0.0,0.0,0.0,0.0,0.0,0.0,0.0,0.0,0.5,0.5,0.0,0.0,0.0,0.0,,,,,,,,,,,,,,,,,,,,,0.16057041516587794,2023-24
1630564,RaiQuan Gray,1610612759,SAS,3.0,13.0,5.7,3.3,0.588,2.3,1.0,0.429,0.0,0.0,0.0,7.7,2.0,0.3,2.3,0.7,1.7,4.7,0.6754385964912281,0.6666666666666666,,,,,,,,,,,,,,,,,,,,,,,,,,,,,,,,,,,,,,,,,0.6754385964912281,2023-24
1630567,Scottie Barnes,1610612761,TOR,60.0,34.9,15.7,7.5,0.475,4.9,1.7,0.341,4.2,3.3,0.781,19.9,6.1,2.8,8.2,2.4,5.9,-2.4,0.5670161841805335,0.5318471337579618,34.0,3.3,1.6,0.8,0.473,0.3,0.1,0.3,0.7,0.5,0.72,2.1,0.5,0.3,0.7,0.2,0.5,-0.4,0.550314465408805,0.53125,,,,,,,,,,,,,,,,,,,,,0.5660727878012798,2023-24
1630570,Trendon Watford,1610612751,BKN,63.0,13.6,4.9,2.6,0.527,1.1,0.4,0.397,1.5,1.2,0.794,6.9,1.3,1.0,3.1,0.8,2.3,-1.2,0.6205035971223022,0.5714285714285714,3.0,2.0,0.3,0.3,1.0,0.0,0.0,0.0,0.0,0.0,0.0,0.7,0.3,0.3,1.3,0.3,1.0,0.7,1.1666666666666667,1.0,,,,,,,,,,,,,,,,,,,,,0.9907347591302209,2023-24
1630573,Sam Hauser,1610612738,BOS,79.0,22.0,7.1,3.2,0.446,5.9,2.5,0.424,0.2,0.2,0.895,9.0,1.0,0.4,3.5,0.6,2.9,6.2,0.6260434056761269,0.6267605633802817,9.0,1.7,0.6,0.0,0.0,0.3,0.0,0.0,0.0,0.0,0.0,0.0,0.0,0.0,0.2,0.0,0.2,0.8,0.0,0.0,19.0,14.9,4.4,1.9,0.429,3.7,1.4,0.38,0.2,0.2,1.0,5.4,0.6,0.2,2.2,0.4,1.7,4.5,0.6016042780748663,0.5909090909090908,0.41359341087428286,2023-24
1630577,Julian Champagnie,1610612759,SAS,74.0,19.8,5.4,2.2,0.408,3.7,1.4,0.365,1.2,1.0,0.815,6.8,1.4,0.8,2.8,0.6,2.2,-1.9,0.5735492577597839,0.5370370370370371,16.0,3.1,0.3,0.1,0.4,0.3,0.1,0.25,0.1,0.1,1.0,0.4,0.1,0.1,0.8,0.2,0.6,-0.9,0.5813953488372093,0.5000000000000001,,,,,,,,,,,,,,,,,,,,,0.584335540699261,2023-24
1630578,Alperen Sengun,1610612745,HOU,63.0,32.5,15.6,8.4,0.537,1.8,0.5,0.297,5.6,3.9,0.693,21.1,5.0,2.6,9.3,2.9,6.4,0.8,0.5840345438441099,0.5544871794871795,29.0,3.6,2.2,1.1,0.508,0.0,0.0,0.0,1.4,0.9,0.634,3.1,0.3,0.3,0.8,0.4,0.4,-0.2,0.5504261363636364,0.5,,,,,,,,,,,,,,,,,,,,,0.5757315029587876,2023-24
1630579,Jericho Sims,1610612752,NYK,45.0,13.0,1.2,0.8,0.691,0.0,0.0,0.0,0.5,0.4,0.667,2.0,0.6,0.4,3.3,1.2,2.0,-0.2,0.7042253521126761,0.6666666666666667,1.0,1.2,0.0,0.0,0.0,0.0,0.0,0.0,0.0,0.0,0.0,0.0,0.0,0.0,0.0,0.0,0.0,0.0,,,5.0,5.5,0.4,0.4,1.0,0.0,0.0,0.0,0.8,0.6,0.75,1.4,0.2,0.0,1.6,0.6,1.0,1.6,0.9308510638297872,1.0,0.5827964239336729,2023-24
1630581,Josh Giddey,1610612760,OKC,80.0,25.1,10.6,5.0,0.475,3.0,1.0,0.337,1.6,1.3,0.806,12.3,4.8,2.1,6.4,1.4,5.0,4.7,0.5440552016985138,0.5188679245283019,28.0,2.2,0.7,0.3,0.421,0.2,0.0,0.167,0.3,0.2,0.857,0.8,0.4,0.2,0.4,0.1,0.3,1.2,0.48076923076923084,0.4285714285714286,10.0,18.1,7.5,3.4,0.453,3.4,1.2,0.353,0.8,0.7,0.875,8.7,2.1,1.2,3.6,0.7,2.9,3.9,0.553998981151299,0.5333333333333333,0.5345355413660947,2023-24
1630583,Santi Aldama,1610612763,MEM,61.0,26.5,9.3,4.0,0.435,5.0,1.7,0.349,1.4,0.9,0.621,10.7,2.3,1.1,5.8,1.2,4.6,-4.5,0.5395320693828156,0.5215053763440859,20.0,2.8,0.7,0.2,0.308,0.4,0.0,0.0,0.2,0.2,0.75,0.6,0.3,0.2,0.2,0.0,0.2,-1.5,0.3807106598984772,0.28571428571428575,,,,,,,,,,,,,,,,,,,,,0.4411780114462107,2023-24
1630587,Isaiah Livers,1610612765,DET,23.0,20.4,5.0,1.7,0.345,3.3,1.0,0.286,0.8,0.5,0.667,5.0,1.1,0.7,2.1,0.7,1.4,-8.7,0.4671150971599402,0.44000000000000006,5.0,3.3,0.6,0.2,0.333,0.4,0.0,0.0,0.0,0.0,0.0,0.4,0.0,0.4,0.2,0.2,0.0,-5.4,0.33333333333333337,0.33333333333333337,,,,,,,,,,,,,,,,,,,,,0.389927254606469,2023-24
1630590,Scotty Pippen Jr.,1610612763,MEM,21.0,25.1,9.7,4.8,0.493,3.4,1.4,0.417,2.6,2.0,0.745,12.9,4.7,2.7,3.2,1.0,2.1,-3.4,0.5947989671707857,0.5670103092783506,4.0,2.1,0.5,0.3,0.5,0.0,0.0,0.0,0.0,0.0,0.0,0.5,0.8,0.8,0.3,0.3,0.0,-1.5,0.5,0.6,,,,,,,,,,,,,,,,,,,,,0.5367542948983216,2023-24
1630591,Jalen Suggs,1610612753,ORL,75.0,27.0,9.5,4.5,0.471,5.1,2.0,0.397,2.1,1.6,0.756,12.6,2.7,1.8,3.1,0.6,2.4,0.6,0.6043745203376822,0.5789473684210527,30.0,3.1,0.8,0.3,0.4,0.6,0.3,0.444,0.4,0.3,0.818,1.2,0.1,0.0,0.5,0.2,0.3,-0.1,0.6147540983606556,0.5624999999999999,7.0,33.2,11.7,4.7,0.402,6.9,2.0,0.292,4.3,3.3,0.767,14.7,3.3,2.9,5.1,1.6,3.6,3.7,0.540759270158917,0.4871794871794872,0.5844478072199832,2023-24
1630592,Jalen Wilson,1610612751,BKN,43.0,15.5,4.2,1.8,0.425,1.7,0.6,0.324,1.1,0.9,0.826,5.0,1.0,0.4,3.0,1.1,2.0,-0.1,0.533731853116994,0.5,6.0,2.2,0.5,0.3,0.667,0.2,0.2,1.0,0.3,0.3,1.0,1.2,0.0,0.0,0.5,0.2,0.3,2.3,0.9493670886075949,0.8,,,,,,,,,,,,,,,,,,,,,0.8227267720126553,2023-24
1630595,Cade Cunningham,1610612765,DET,62.0,33.5,18.8,8.5,0.449,5.4,1.9,0.355,4.4,3.8,0.869,22.7,7.5,3.4,4.3,0.5,3.8,-5.6,0.5473572530864197,0.5026595744680851,28.0,3.3,1.8,0.8,0.42,0.5,0.2,0.333,0.7,0.7,1.0,2.4,0.3,0.3,0.4,0.1,0.3,-2.9,0.5692599620493358,0.5,,,,,,,,,,,,,,,,,,,,,0.5715335271462941,2023-24
1630596,Evan Mobley,1610612739,CLE,50.0,30.6,11.0,6.4,0.58,1.2,0.4,0.373,3.4,2.5,0.719,15.7,3.2,1.8,9.4,2.2,7.1,0.7,0.6282010243277848,0.6000000000000001,24.0,3.1,0.8,0.5,0.55,0.2,0.0,0.2,0.4,0.2,0.556,1.2,0.2,0.3,0.9,0.2,0.7,-1.8,0.6147540983606556,0.625,12.0,35.2,12.2,6.8,0.555,1.5,0.4,0.278,3.0,2.1,0.694,16.0,2.3,1.8,9.3,2.5,6.8,-2.7,0.591715976331361,0.5737704918032788,0.6127489189459293,2023-24
1630598,Aaron Wiggins,1610612760,OKC,78.0,15.7,4.8,2.7,0.562,1.6,0.8,0.492,0.9,0.7,0.789,6.9,1.1,0.7,2.4,0.8,1.6,1.2,0.663972286374134,0.6458333333333334,20.0,2.3,0.5,0.3,0.6,0.3,0.1,0.4,0.0,0.0,0.0,0.7,0.1,0.1,0.3,0.1,0.2,-2.0,0.7,0.7,10.0,15.7,4.7,2.3,0.489,2.0,0.6,0.3,1.1,1.0,0.909,6.2,1.0,0.9,3.2,0.9,2.3,2.2,0.5979938271604939,0.553191489361702,0.6534089613070991,2023-24
1630610,DeJon Jarreau,1610612763,MEM,9.0,16.6,5.6,1.9,0.34,1.4,0.4,0.308,1.2,0.6,0.455,4.8,2.9,1.0,4.9,0.9,4.0,-2.7,0.39164490861618795,0.37500000000000006,,,,,,,,,,,,,,,,,,,,,,,,,,,,,,,,,,,,,,,,,0.39164490861618795,2023-24
1630625,Dalano Banton,1610612757,POR,54.0,19.4,9.3,3.7,0.404,3.7,1.1,0.296,2.2,1.7,0.783,10.3,2.4,1.4,3.3,0.8,2.5,-4.1,0.5015582391897156,0.45698924731182794,8.0,3.4,1.0,0.8,0.75,0.1,0.0,0.0,0.3,0.3,1.0,1.8,0.3,0.1,0.4,0.1,0.3,2.3,0.7950530035335689,0.8,,,,,,,,,,,,,,,,,,,,,0.7079741035898379,2023-24
1630631,Jose Alvarado,1610612740,NOP,56.0,18.4,6.2,2.5,0.412,3.7,1.4,0.377,0.9,0.6,0.673,7.1,2.1,0.7,2.3,0.4,1.8,4.3,0.5382049727107338,0.5161290322580645,5.0,2.3,0.4,0.0,0.0,0.4,0.0,0.0,0.4,0.0,0.0,0.0,0.4,0.0,0.4,0.0,0.4,0.0,0.0,0.0,4.0,15.4,5.0,0.8,0.15,3.5,0.3,0.071,0.0,0.0,0.0,1.8,2.3,1.0,1.0,0.0,1.0,-5.3,0.18,0.19,0.1861524416873075,2023-24
1630641,Ibou Badji,1610612757,POR,22.0,10.3,1.0,0.6,0.636,0.0,0.0,0.0,0.5,0.3,0.5,1.5,0.6,0.7,2.3,0.9,1.4,-4.1,0.6147540983606558,0.6,1.0,0.0,0.0,0.0,0.0,0.0,0.0,0.0,0.0,0.0,0.0,0.0,0.0,0.0,0.0,0.0,0.0,0.0,,,,,,,,,,,,,,,,,,,,,,,0.20491803278688525,2023-24
1630649,Stanley Umude,1610612765,DET,24.0,12.8,3.5,1.5,0.44,2.2,1.0,0.453,1.3,1.2,0.906,5.3,0.5,0.6,2.1,0.3,1.8,-3.1,0.6507858546168959,0.5714285714285714,3.0,0.4,0.0,0.0,0.0,0.0,0.0,0.0,0.0,0.0,0.0,0.0,0.0,0.0,0.0,0.0,0.0,0.3,,,,,,,,,,,,,,,,,,,,,,,0.21692861820563195,2023-24
1630692,Jordan Goodwin,1610612763,MEM,57.0,18.5,6.7,2.5,0.369,2.5,0.7,0.298,1.0,0.8,0.746,6.5,2.7,1.0,4.4,1.5,2.9,-1.6,0.4551820728291316,0.4253731343283582,18.0,2.0,0.5,0.2,0.444,0.1,0.0,0.0,0.0,0.0,0.0,0.4,0.1,0.1,0.4,0.3,0.1,-0.6,0.4,0.4,,,,,,,,,,,,,,,,,,,,,0.4258567108424276,2023-24
1630695,Micah Potter,1610612762,UTA,16.0,11.6,2.5,1.2,0.475,1.3,0.6,0.429,0.5,0.4,0.75,3.3,0.4,0.3,2.7,0.6,2.1,-1.8,0.6066176470588235,0.6,,,,,,,,,,,,,,,,,,,,,,,,,,,,,,,,,,,,,,,,,0.6066176470588235,2023-24
1630696,Dru Smith,1610612748,MIA,9.0,14.5,3.7,1.7,0.455,1.9,0.8,0.412,0.2,0.2,1.0,4.3,1.6,0.6,1.6,0.7,0.9,-4.8,0.5675818373812037,0.5675675675675675,,,,,,,,,,,,,,,,,,,,,,,,,,,,,,,,,,,,,,,,,0.5675818373812037,2023-24
1630699,MarJon Beauchamp,1610612749,MIL,48.0,12.7,3.5,1.7,0.488,1.6,0.6,0.4,0.6,0.4,0.679,4.4,0.6,0.6,2.1,0.5,1.6,-0.3,0.5844845908607864,0.5714285714285714,1.0,0.1,0.0,0.0,0.0,0.0,0.0,0.0,0.0,0.0,0.0,0.0,0.0,0.0,0.0,0.0,0.0,-2.0,,,4.0,2.4,1.0,0.3,0.25,0.5,0.0,0.0,0.5,0.3,0.5,0.8,0.5,0.3,0.3,0.0,0.3,0.8,0.3278688524590164,0.3,0.26134852470630593,2023-24
1630700,Dyson Daniels,1610612740,NOP,61.0,22.3,5.1,2.3,0.447,2.2,0.7,0.311,0.9,0.6,0.642,5.8,2.7,1.0,3.9,1.0,2.9,1.2,0.5276564774381368,0.5196078431372549,19.0,2.0,0.3,0.1,0.167,0.1,0.0,0.0,0.1,0.1,1.0,0.2,0.2,0.1,0.3,0.1,0.2,-1.2,0.29069767441860467,0.33333333333333337,3.0,5.7,2.0,0.7,0.333,0.7,0.0,0.0,0.0,0.0,0.0,1.3,0.0,0.3,0.7,0.0,0.7,-4.3,0.325,0.35,0.3532243239859142,2023-24
1630702,Jaden Hardy,1610612742,DAL,73.0,13.6,6.6,2.7,0.407,3.1,1.1,0.362,1.0,0.8,0.776,7.3,1.5,0.8,1.8,0.3,1.5,-1.7,0.5184659090909091,0.49242424242424243,5.0,1.3,0.6,0.2,0.333,0.4,0.2,0.5,0.0,0.0,0.0,0.6,0.0,0.0,0.0,0.0,0.0,0.6,0.5,0.5000000000000001,19.0,6.8,3.6,1.5,0.426,1.4,0.6,0.407,0.8,0.6,0.733,4.2,0.9,0.4,0.8,0.1,0.7,-1.2,0.5313765182186235,0.5,0.527856819713995,2023-24
1630703,Scoot Henderson,1610612757,POR,62.0,28.5,12.9,5.0,0.385,4.3,1.4,0.325,3.3,2.7,0.819,14.0,5.4,3.4,3.1,0.9,2.3,-8.0,0.487736900780379,0.4418604651162791,15.0,2.2,0.9,0.5,0.538,0.2,0.0,0.0,0.3,0.1,0.4,1.1,0.3,0.5,0.1,0.0,0.1,-0.9,0.5329457364341086,0.5555555555555556,,,,,,,,,,,,,,,,,,,,,0.5248528687350378,2023-24
1631093,Jaden Ivey,1610612765,DET,77.0,28.8,12.6,5.4,0.429,4.8,1.6,0.336,3.9,2.9,0.749,15.4,3.8,2.5,3.4,1.1,2.3,-4.5,0.5378597373568036,0.4920634920634921,26.0,2.6,0.8,0.3,0.364,0.3,0.1,0.375,0.6,0.5,0.8,1.2,0.3,0.3,0.3,0.2,0.1,-2.2,0.5639097744360901,0.43749999999999994,,,,,,,,,,,,,,,,,,,,,0.5615756350916971,2023-24
1631094,Paolo Banchero,1610612753,ORL,80.0,35.0,17.6,8.0,0.455,4.4,1.5,0.339,7.0,5.1,0.725,22.6,5.4,3.1,6.9,1.0,5.9,0.0,0.5464216634429401,0.4971590909090909,35.0,3.8,2.3,0.9,0.378,0.9,0.2,0.25,1.1,0.8,0.718,2.8,0.2,0.4,0.5,0.2,0.4,0.4,0.5028735632183908,0.4347826086956522,7.0,37.5,21.3,9.7,0.456,5.7,2.3,0.4,7.0,5.3,0.755,27.0,4.0,4.6,8.6,2.0,6.6,2.9,0.5537325676784248,0.5093896713615023,0.5486292639699386,2023-24
1631095,Jabari Smith Jr.,1610612745,HOU,76.0,31.9,11.0,5.0,0.454,5.0,1.8,0.363,2.4,2.0,0.811,13.7,1.6,1.2,8.1,1.8,6.3,-1.1,0.5681818181818181,0.5363636363636364,33.0,3.2,0.9,0.4,0.467,0.5,0.2,0.438,0.4,0.2,0.462,1.2,0.1,0.1,0.7,0.2,0.5,-0.7,0.5576208178438661,0.5555555555555556,,,,,,,,,,,,,,,,,,,,,0.5693229694709244,2023-24
1631096,Chet Holmgren,1610612760,OKC,82.0,29.4,11.6,6.2,0.53,4.3,1.6,0.37,3.4,2.7,0.793,16.5,2.4,1.6,7.9,1.6,6.3,5.2,0.6299633475870495,0.603448275862069,35.0,3.2,1.1,0.6,0.525,0.5,0.2,0.412,0.6,0.4,0.714,1.8,0.2,0.1,0.7,0.1,0.7,1.5,0.6598240469208211,0.6363636363636362,10.0,34.5,11.9,5.9,0.496,5.0,1.3,0.26,3.3,2.5,0.758,15.6,2.1,1.9,7.2,1.4,5.8,7.5,0.5841821449970042,0.5504201680672269,0.6265090713564896,2023-24
1631097,Bennedict Mathurin,1610612754,IND,59.0,26.1,11.2,5.0,0.446,3.6,1.4,0.374,3.8,3.1,0.821,14.5,2.0,1.6,4.0,1.0,2.9,-1.6,0.5632380360472343,0.5089285714285715,13.0,2.2,0.8,0.2,0.2,0.4,0.1,0.2,0.4,0.3,0.8,0.7,0.1,0.1,0.4,0.2,0.2,0.6,0.3586065573770491,0.3125,,,,,,,,,,,,,,,,,,,,,0.43395990740933027,2023-24
1631098,Johnny Davis,1610612764,WAS,50.0,12.3,3.1,1.2,0.403,0.8,0.3,0.35,0.5,0.3,0.583,3.0,0.6,0.3,1.4,0.4,1.1,-3.0,0.4518072289156626,0.4354838709677419,1.0,0.0,0.0,0.0,0.0,0.0,0.0,0.0,0.0,0.0,0.0,0.0,0.0,0.0,0.0,0.0,0.0,-1.0,,,,,,,,,,,,,,,,,,,,,,,0.1506024096385542,2023-24
1631099,Keegan Murray,1610612758,SAC,77.0,33.6,12.7,5.8,0.454,6.6,2.4,0.358,1.6,1.3,0.831,15.2,1.7,0.8,5.5,1.4,4.1,1.8,0.5669949268874962,0.5511811023622047,34.0,3.9,0.8,0.3,0.393,0.4,0.1,0.286,0.3,0.2,0.7,1.0,0.1,0.0,0.8,0.3,0.4,0.5,0.5364806866952789,0.43749999999999994,,,,,,,,,,,,,,,,,,,,,0.5529513126906139,2023-24
1631101,Shaedon Sharpe,1610612757,POR,32.0,33.1,13.6,5.5,0.406,5.6,1.9,0.333,3.7,3.1,0.824,15.9,2.9,2.3,5.0,1.3,3.7,-7.7,0.5220646178092987,0.474264705882353,15.0,4.5,1.0,0.5,0.533,0.3,0.1,0.4,0.9,0.7,0.786,1.9,0.2,0.4,0.3,0.1,0.3,-0.5,0.6805157593123209,0.55,,,,,,,,,,,,,,,,,,,,,0.6350516533205767,2023-24
1631103,Malaki Branham,1610612759,SAS,75.0,21.3,8.4,3.6,0.432,3.6,1.2,0.347,0.8,0.7,0.873,9.2,2.1,1.2,2.0,0.4,1.6,-5.0,0.5255941499085922,0.5,14.0,2.4,1.0,0.6,0.571,0.4,0.2,0.6,0.3,0.3,1.0,1.6,0.1,0.3,0.2,0.1,0.1,-1.9,0.7067137809187278,0.7,,,,,,,,,,,,,,,,,,,,,0.6582453324853605,2023-24
1631104,Blake Wesley,1610612759,SAS,61.0,14.4,3.5,1.7,0.474,0.9,0.2,0.218,1.3,0.9,0.667,4.4,2.7,0.9,1.5,0.3,1.2,-2.4,0.5402750491159136,0.5142857142857143,4.0,0.4,0.0,0.0,0.0,0.0,0.0,0.0,0.0,0.0,0.0,0.0,0.0,0.0,0.0,0.0,0.0,-2.3,,,,,,,,,,,,,,,,,,,,,,,0.18009168303863787,2023-24
1631105,Jalen Duren,1610612765,DET,61.0,29.1,9.2,5.7,0.619,0.1,0.0,0.0,3.0,2.3,0.79,13.8,2.4,2.1,11.6,3.1,8.5,-5.1,0.6558935361216731,0.6195652173913044,27.0,3.2,0.5,0.4,0.786,0.0,0.0,0.0,0.4,0.3,0.818,1.1,0.0,0.0,1.0,0.4,0.6,-2.2,0.8136094674556213,0.8,,,,,,,,,,,,,,,,,,,,,0.7664722729524102,2023-24
1631106,Tari Eason,1610612745,HOU,22.0,21.8,8.6,4.0,0.466,2.3,0.8,0.36,1.5,1.0,0.636,9.8,1.2,0.9,7.0,2.1,4.9,4.0,0.5291576673866091,0.5116279069767442,7.0,2.9,1.4,0.4,0.3,0.3,0.0,0.0,0.1,0.1,1.0,1.0,0.3,0.0,0.4,0.1,0.3,-0.1,0.3462603878116344,0.28571428571428575,,,,,,,,,,,,,,,,,,,,,0.42350521743550823,2023-24
1631107,Nikola Jović,1610612748,MIA,46.0,19.5,6.1,2.8,0.452,3.5,1.4,0.399,1.0,0.7,0.702,7.7,2.0,0.9,4.2,0.5,3.6,3.2,0.5886850152905199,0.5737704918032788,3.0,7.3,2.0,0.7,0.333,1.3,0.3,0.25,0.0,0.0,0.0,1.7,0.3,0.3,2.0,0.0,2.0,3.0,0.425,0.425,5.0,25.7,7.2,3.2,0.444,4.4,1.8,0.409,1.4,1.2,0.857,9.4,2.2,1.2,6.6,0.4,6.2,-11.4,0.6013306038894576,0.5694444444444445,0.5732330230670089,2023-24
1631108,Max Christie,1610612747,LAL,67.0,14.1,3.6,1.5,0.427,1.8,0.6,0.356,0.7,0.5,0.783,4.2,0.9,0.5,2.1,0.2,1.9,-0.3,0.5373592630501536,0.5,6.0,1.5,0.0,0.0,0.0,0.0,0.0,0.0,0.3,0.2,0.5,0.2,0.0,0.0,0.2,0.2,0.0,1.0,0.7575757575757576,,,,,,,,,,,,,,,,,,,,,,0.6841702594005562,2023-24
1631109,Mark Williams,1610612766,CHA,19.0,26.8,7.9,5.2,0.649,0.0,0.0,0.0,3.4,2.4,0.719,12.7,1.2,0.9,9.7,4.0,5.7,-1.1,0.6758194976585781,0.6582278481012658,8.0,4.6,1.6,0.6,0.385,0.0,0.0,0.0,1.4,1.0,0.727,2.3,0.0,0.1,1.8,0.8,1.0,1.9,0.5189530685920577,0.37499999999999994,,,,,,,,,,,,,,,,,,,,,0.5914950428352961,2023-24
1631110,Jeremy Sochan,1610612759,SAS,74.0,29.6,10.5,4.6,0.438,3.1,0.9,0.308,1.9,1.5,0.771,11.6,3.4,1.9,6.4,1.9,4.6,-4.6,0.5116443189837685,0.4809523809523809,33.0,2.9,0.8,0.3,0.393,0.2,0.1,0.286,0.5,0.3,0.733,1.1,0.2,0.2,0.5,0.2,0.3,-2.3,0.5392156862745099,0.43749999999999994,,,,,,,,,,,,,,,,,,,,,0.5376442781292514,2023-24
1631114,Jalen Williams,1610612760,OKC,71.0,31.3,14.0,7.5,0.54,3.4,1.5,0.427,3.1,2.5,0.814,19.1,4.5,1.7,4.0,0.5,3.5,5.4,0.6215829211142931,0.5892857142857143,32.0,3.0,1.3,0.9,0.683,0.4,0.2,0.583,0.7,0.6,0.826,2.6,0.3,0.3,0.4,0.1,0.4,1.2,0.808457711442786,0.7692307692307692,10.0,37.7,16.0,7.5,0.469,3.9,1.5,0.385,2.7,2.2,0.815,18.7,5.4,1.9,6.8,1.3,5.5,6.6,0.5439841750058181,0.515625,0.6543608591212708,2023-24
1631116,Patrick Baldwin Jr.,1610612764,WAS,38.0,13.0,4.1,1.6,0.381,2.6,0.8,0.32,0.7,0.5,0.679,4.4,0.8,0.5,3.2,0.4,2.8,-0.6,0.49909255898366617,0.48780487804878053,3.0,1.8,0.3,0.3,1.0,0.0,0.0,0.0,0.0,0.0,0.0,0.7,0.0,0.0,0.7,0.0,0.7,-2.7,1.1666666666666667,1.0,,,,,,,,,,,,,,,,,,,,,0.9514590372746136,2023-24
1631117,Walker Kessler,1610612762,UTA,64.0,23.3,5.5,3.6,0.654,0.3,0.1,0.211,1.5,0.9,0.602,8.1,0.9,1.0,7.5,2.6,4.9,-2.3,0.6574675324675324,0.6636363636363636,15.0,2.5,0.6,0.5,0.778,0.0,0.0,0.0,0.4,0.2,0.5,1.1,0.2,0.2,0.9,0.3,0.7,0.9,0.7087628865979382,0.8333333333333334,,,,,,,,,,,,,,,,,,,,,0.7025735261282438,2023-24
1631119,Jaylin Williams,1610612760,OKC,69.0,13.0,3.3,1.4,0.417,2.1,0.8,0.368,0.6,0.5,0.805,4.0,1.6,0.5,3.4,0.5,2.9,1.8,0.5611672278338945,0.5454545454545454,13.0,0.9,0.2,0.1,0.5,0.1,0.0,0.0,0.2,0.2,1.0,0.3,0.2,0.0,0.2,0.1,0.1,-0.5,0.5208333333333333,0.5,10.0,12.7,3.3,1.6,0.485,2.2,0.9,0.409,0.4,0.3,0.75,4.4,1.5,0.3,3.2,0.4,2.8,-2.9,0.6329113924050633,0.6212121212121213,0.5896552846780615,2023-24
1631121,Bryce McGowens,1610612766,CHA,59.0,14.9,3.9,1.7,0.439,1.7,0.6,0.333,1.4,1.1,0.776,5.1,0.9,0.5,1.7,0.3,1.4,-3.9,0.5646589902568644,0.5128205128205129,7.0,1.1,0.0,0.0,0.0,0.0,0.0,0.0,0.0,0.0,0.0,0.0,0.0,0.0,0.0,0.0,0.0,-1.0,,,,,,,,,,,,,,,,,,,,,,,0.1882196634189548,2023-24
1631123,Jamaree Bouyea,1610612759,SAS,9.0,10.5,3.1,1.1,0.357,1.0,0.1,0.111,0.0,0.0,0.0,2.3,1.2,1.0,2.1,0.3,1.8,-1.7,0.3709677419354838,0.37096774193548393,,,,,,,,,,,,,,,,,,,,,,,,,,,,,,,,,,,,,,,,,0.3709677419354838,2023-24
1631124,Julian Strawther,1610612743,DEN,50.0,10.9,4.4,1.6,0.369,2.8,0.8,0.297,0.6,0.4,0.71,4.5,0.9,0.5,1.2,0.1,1.1,-2.1,0.482418524871355,0.45454545454545453,,,,,,,,,,,,,,,,,,,,,3.0,5.3,2.0,0.7,0.333,1.3,0.3,0.25,1.3,0.7,0.5,2.3,0.0,0.3,0.7,0.0,0.7,-4.0,0.4471228615863141,0.425,0.45594677740757433,2023-24
1631128,Christian Braun,1610612743,DEN,82.0,20.2,5.9,2.7,0.46,2.0,0.8,0.384,1.6,1.1,0.694,7.3,1.6,0.7,3.7,1.0,2.8,-0.2,0.5526953361599031,0.5254237288135593,17.0,1.4,0.2,0.1,0.5,0.0,0.0,0.0,0.0,0.0,0.0,0.2,0.1,0.0,0.4,0.2,0.1,-0.2,0.5,0.5,12.0,17.0,4.5,1.9,0.426,1.5,0.3,0.222,1.3,0.9,0.688,5.1,0.8,0.1,2.7,0.8,1.9,0.7,0.5027602523659306,0.4555555555555555,0.5135525127175158,2023-24
1631133,Jabari Walker,1610612757,POR,72.0,23.6,7.1,3.3,0.46,1.9,0.6,0.295,2.4,1.8,0.754,8.9,1.0,0.9,7.1,2.1,5.0,-4.7,0.5456105934281511,0.5070422535211268,19.0,3.1,0.9,0.3,0.294,0.2,0.0,0.0,0.6,0.5,0.75,1.0,0.2,0.1,1.1,0.5,0.6,0.6,0.42955326460481097,0.3333333333333333,,,,,,,,,,,,,,,,,,,,,0.48091509721550046,2023-24
1631165,Keon Ellis,1610612758,SAC,57.0,17.2,4.1,1.9,0.461,2.9,1.2,0.417,0.6,0.5,0.743,5.4,1.5,0.6,2.2,0.6,1.6,1.6,0.618698441796517,0.6097560975609757,13.0,2.8,0.5,0.2,0.5,0.2,0.1,0.333,0.2,0.1,0.5,0.6,0.2,0.2,0.8,0.3,0.5,-0.4,0.5102040816326531,0.5,,,,,,,,,,,,,,,,,,,,,0.5585639903021862,2023-24
1631170,Jaime Jaquez Jr.,1610612748,MIA,75.0,28.2,9.3,4.5,0.489,2.7,0.9,0.322,2.3,1.9,0.811,11.9,2.6,1.5,3.8,1.1,2.7,1.4,0.5769976726144297,0.532258064516129,29.0,2.3,0.8,0.3,0.333,0.2,0.1,0.286,0.2,0.2,1.0,0.8,0.1,0.1,0.5,0.3,0.2,0.0,0.45045045045045046,0.43749999999999994,4.0,30.6,13.0,5.3,0.404,3.3,0.8,0.231,1.8,1.5,0.857,12.8,3.0,1.8,3.3,0.5,2.8,-5.8,0.4640371229698376,0.43846153846153846,0.48693714094085,2023-24
1631172,Ousmane Dieng,1610612760,OKC,33.0,11.1,3.5,1.5,0.422,2.1,0.6,0.3,0.5,0.4,0.875,4.0,1.1,0.6,1.5,0.3,1.2,0.0,0.5376344086021505,0.5142857142857143,,,,,,,,,,,,,,,,,,,,,4.0,1.8,0.5,0.3,0.5,0.3,0.0,0.0,0.0,0.0,0.0,0.5,0.0,0.0,0.0,0.0,0.0,0.0,0.5,0.6,0.5094086021505376,2023-24
1631197,Jared Rhoden,1610612765,DET,17.0,14.4,3.9,1.9,0.5,1.8,0.7,0.387,0.5,0.3,0.625,4.9,0.8,0.4,1.9,0.2,1.8,-2.3,0.5946601941747574,0.576923076923077,,,,,,,,,,,,,,,,,,,,,,,,,,,,,,,,,,,,,,,,,0.5946601941747574,2023-24
1631200,Kris Murray,1610612757,POR,62.0,21.7,5.9,2.3,0.396,3.0,0.8,0.268,0.9,0.6,0.661,6.1,1.3,0.9,3.6,1.4,2.2,-2.6,0.48443456162642945,0.45762711864406774,13.0,1.8,0.2,0.1,0.333,0.1,0.0,0.0,0.0,0.0,0.0,0.2,0.2,0.1,0.3,0.1,0.2,0.0,0.5,0.5,,,,,,,,,,,,,,,,,,,,,0.49820135105004315,2023-24
1631204,Marcus Sasser,1610612765,DET,71.0,19.0,7.2,3.1,0.428,3.4,1.3,0.375,0.9,0.8,0.879,8.3,3.3,1.3,1.8,0.2,1.6,-3.5,0.5463401790416009,0.5208333333333334,8.0,3.2,1.0,0.4,0.375,0.6,0.4,0.6,0.0,0.0,0.0,1.1,0.3,0.1,0.4,0.0,0.4,-2.3,0.55,0.6000000000000001,,,,,,,,,,,,,,,,,,,,,0.5626689485674935,2023-24
1631207,Dalen Terry,1610612741,CHI,59.0,11.5,2.7,1.2,0.439,1.3,0.3,0.23,0.7,0.4,0.581,3.1,1.4,0.5,1.9,0.5,1.4,0.6,0.5152925531914894,0.49999999999999994,3.0,1.9,0.7,0.7,1.0,0.0,0.0,0.0,1.0,0.3,0.333,1.7,0.3,0.0,0.0,0.0,0.0,3.0,0.7456140350877194,1.0,,,,,,,,,,,,,,,,,,,,,0.6947661337052997,2023-24
1631212,Peyton Watson,1610612743,DEN,80.0,18.6,5.6,2.6,0.465,1.9,0.6,0.296,1.3,0.9,0.67,6.7,1.1,0.7,3.2,0.7,2.5,-0.9,0.5427738172391445,0.5178571428571429,18.0,1.1,0.4,0.2,0.429,0.1,0.0,0.0,0.1,0.0,0.0,0.3,0.1,0.0,0.3,0.1,0.2,0.8,0.33783783783783783,0.5,10.0,9.0,2.4,0.6,0.25,1.2,0.3,0.25,0.6,0.3,0.5,1.8,0.4,0.3,1.5,0.2,1.3,-3.4,0.3378378378378379,0.3125,0.3791366915463039,2023-24
1631216,Caleb Houstan,1610612753,ORL,59.0,13.8,3.5,1.4,0.388,3.3,1.2,0.373,0.4,0.4,0.808,4.3,0.5,0.3,1.4,0.5,0.9,-0.5,0.5848748639825897,0.5714285714285714,3.0,6.9,1.0,0.3,0.333,1.0,0.3,0.333,0.0,0.0,0.0,1.0,0.0,0.3,0.0,0.0,0.0,4.0,0.5,0.44999999999999996,3.0,4.7,0.7,0.3,0.5,0.7,0.3,0.5,0.0,0.0,0.0,1.0,0.0,0.0,0.7,0.3,0.3,-4.3,0.7142857142857143,0.6428571428571428,0.6498600963698874,2023-24
1631218,Trayce Jackson-Davis,1610612744,GSW,68.0,16.6,4.9,3.4,0.702,0.0,0.0,0.0,1.9,1.1,0.561,7.9,1.2,0.7,5.0,2.0,3.0,0.5,0.6886331938633193,0.693877551020408,13.0,1.6,0.2,0.2,1.0,0.0,0.0,0.0,0.0,0.0,0.0,0.5,0.2,0.0,0.3,0.0,0.3,1.2,1.25,1.0,,,,,,,,,,,,,,,,,,,,,1.0669593639400012,2023-24
1631222,Jake LaRavia,1610612763,MEM,35.0,23.0,8.7,3.4,0.389,4.5,1.5,0.34,3.1,2.6,0.826,10.8,1.7,1.3,3.7,1.5,2.2,-3.3,0.5365659777424484,0.47701149425287365,8.0,3.4,1.1,0.4,0.333,0.4,0.0,0.0,1.0,1.0,1.0,1.8,0.1,0.0,1.0,0.4,0.6,3.0,0.5844155844155844,0.36363636363636365,,,,,,,,,,,,,,,,,,,,,0.5811093936840053,2023-24
1631223,David Roddy,1610612756,PHX,65.0,18.1,6.3,2.5,0.403,2.5,0.7,0.293,1.0,0.7,0.691,6.5,1.2,0.9,3.2,0.8,2.4,-3.5,0.4821958456973294,0.4523809523809524,9.0,2.4,1.0,0.4,0.444,0.3,0.0,0.0,0.0,0.0,0.0,0.9,0.1,0.0,0.8,0.1,0.7,-2.7,0.45,0.4,2.0,1.4,0.0,0.0,0.0,0.0,0.0,0.0,0.0,0.0,0.0,0.0,0.0,0.0,0.0,0.0,0.0,2.5,,,0.24623899015338457,2023-24
1631230,Dominick Barlow,1610612759,SAS,33.0,12.7,3.4,1.7,0.496,0.3,0.1,0.333,1.3,0.9,0.69,4.4,1.1,0.3,3.4,1.4,2.1,-1.0,0.5538771399798591,0.5147058823529412,5.0,1.1,0.2,0.2,1.0,0.0,0.0,0.0,0.0,0.0,0.0,0.4,0.2,0.0,0.0,0.0,0.0,-0.2,1.0,1.0,,,,,,,,,,,,,,,,,,,,,0.8571747329327328,2023-24
1631241,Javon Freeman-Liberty,1610612761,TOR,22.0,18.3,5.6,2.5,0.444,1.9,0.5,0.238,1.6,1.5,0.917,7.0,1.8,1.1,3.2,0.7,2.5,-7.2,0.5552030456852792,0.4910714285714286,1.0,0.6,0.0,0.0,0.0,0.0,0.0,0.0,0.0,0.0,0.0,0.0,0.0,0.0,0.0,0.0,0.0,-2.0,,,,,,,,,,,,,,,,,,,,,,,0.18506768189509307,2023-24
1631243,Mouhamed Gueye,1610612737,ATL,6.0,12.1,3.8,1.3,0.348,1.5,0.5,0.333,1.0,0.8,0.833,4.0,0.7,0.2,3.7,1.7,2.0,-6.8,0.4716981132075471,0.4078947368421053,1.0,3.5,0.0,0.0,0.0,0.0,0.0,0.0,0.0,0.0,0.0,0.0,0.0,0.0,0.0,0.0,0.0,-5.0,,,,,,,,,,,,,,,,,,,,,,,0.15723270440251572,2023-24
1631246,Vince Williams Jr.,1610612763,MEM,52.0,27.6,7.3,3.3,0.446,4.0,1.5,0.378,2.5,2.0,0.8,10.0,3.4,1.8,5.6,1.1,4.4,-1.8,0.5952380952380952,0.5547945205479452,21.0,3.2,0.7,0.2,0.333,0.3,0.0,0.167,0.4,0.4,0.889,0.9,0.3,0.3,0.4,0.1,0.2,-0.4,0.5136986301369864,0.28571428571428575,,,,,,,,,,,,,,,,,,,,,0.5504674929319329,2023-24
1631260,AJ Green,1610612749,MIL,56.0,11.0,3.5,1.5,0.423,3.0,1.2,0.408,0.3,0.3,0.895,4.5,0.5,0.2,1.1,0.2,1.0,0.9,0.6194933920704846,0.6,4.0,2.3,0.8,0.3,0.333,0.8,0.3,0.333,0.0,0.0,0.0,0.8,0.8,0.0,0.3,0.0,0.3,2.8,0.5,0.5624999999999999,6.0,11.2,2.7,1.0,0.375,1.8,0.3,0.182,0.5,0.5,1.0,2.8,0.3,0.2,1.5,0.0,1.5,-0.3,0.47945205479452047,0.4259259259259259,0.5324987355929532,2023-24
1631288,Jamal Cain,1610612748,MIA,26.0,10.0,3.0,1.3,0.43,1.2,0.4,0.355,0.9,0.7,0.783,3.7,0.4,0.3,1.4,0.6,0.8,-1.0,0.5447585394581862,0.5,1.0,0.8,0.0,0.0,0.0,0.0,0.0,0.0,0.0,0.0,0.0,0.0,0.0,0.0,0.0,0.0,0.0,-1.0,,,,,,,,,,,,,,,,,,,,,,,0.1815861798193954,2023-24
1631298,Jack White,1610612763,MEM,4.0,15.9,4.0,0.5,0.125,2.5,0.5,0.2,0.0,0.0,0.0,1.5,0.3,0.5,3.0,1.0,2.0,-7.0,0.1875,0.1875,1.0,2.6,0.0,0.0,0.0,0.0,0.0,0.0,0.0,0.0,0.0,0.0,0.0,1.0,1.0,1.0,0.0,-3.0,,,,,,,,,,,,,,,,,,,,,,,0.0625,2023-24
1631303,Justin Minaya,1610612757,POR,34.0,11.2,2.2,0.6,0.297,1.4,0.4,0.245,0.3,0.1,0.556,1.8,0.6,0.3,1.6,0.9,0.8,-2.4,0.385934819897084,0.36363636363636365,3.0,0.9,0.3,0.0,0.0,0.3,0.0,0.0,0.0,0.0,0.0,0.0,0.0,0.0,0.0,0.0,0.0,-3.0,0.0,0.0,,,,,,,,,,,,,,,,,,,,,0.14228130359585997,2023-24
1631311,Lester Quinones,1610612744,GSW,37.0,10.7,3.8,1.5,0.397,2.4,0.9,0.364,0.8,0.5,0.69,4.4,1.0,0.5,1.9,0.6,1.4,0.5,0.5298651252408478,0.5131578947368421,3.0,2.3,1.0,0.3,0.333,0.7,0.0,0.0,0.0,0.0,0.0,0.7,0.0,0.7,0.0,0.0,0.0,-0.3,0.35,0.3,,,,,,,,,,,,,,,,,,,,,0.43627083121370824,2023-24
1631321,Sidy Cissoko,1610612759,SAS,12.0,11.7,2.8,1.3,0.485,1.0,0.1,0.083,1.3,1.0,0.8,3.8,0.8,0.3,1.8,0.7,1.2,2.1,0.5634638196915777,0.4821428571428572,1.0,0.0,0.0,0.0,0.0,0.0,0.0,0.0,0.0,0.0,0.0,0.0,0.0,0.0,0.0,0.0,0.0,0.0,,,,,,,,,,,,,,,,,,,,,,,0.1878212732305259,2023-24
1631323,Simone Fontecchio,1610612765,DET,66.0,24.9,8.3,3.8,0.46,5.1,2.0,0.401,1.0,0.8,0.818,10.5,1.5,1.0,3.7,1.0,2.8,-0.4,0.6006864988558352,0.5783132530120482,16.0,4.1,1.0,0.2,0.188,0.8,0.1,0.154,0.0,0.0,0.0,0.5,0.3,0.1,0.6,0.1,0.6,1.5,0.25,0.25,,,,,,,,,,,,,,,,,,,,,0.37894369238824455,2023-24
1631338,Mouhamadou Gueye,1610612761,TOR,11.0,10.9,3.5,1.0,0.289,0.3,0.0,0.0,0.8,0.4,0.444,2.4,0.5,1.1,2.1,1.1,1.0,-7.3,0.3115264797507788,0.2857142857142857,,,,,,,,,,,,,,,,,,,,,,,,,,,,,,,,,,,,,,,,,0.3115264797507788,2023-24
1631367,Jacob Gilyard,1610612751,BKN,41.0,17.0,3.7,1.5,0.4,3.1,1.2,0.405,0.0,0.0,1.0,4.2,3.3,0.7,1.1,0.2,0.9,-4.2,0.5675675675675675,0.5675675675675675,5.0,1.6,0.4,0.0,0.0,0.2,0.0,0.0,0.0,0.0,0.0,0.0,0.2,0.2,0.2,0.0,0.2,-0.6,0.0,0.0,,,,,,,,,,,,,,,,,,,,,0.19999999999707815,2023-24
1631386,Taze Moore,1610612757,POR,4.0,10.1,4.8,2.0,0.421,1.8,0.3,0.143,0.5,0.3,0.5,4.5,1.3,0.8,2.0,1.0,1.0,-5.5,0.4482071713147411,0.4479166666666667,,,,,,,,,,,,,,,,,,,,,,,,,,,,,,,,,,,,,,,,,0.4482071713147411,2023-24
1641705,Victor Wembanyama,1610612759,SAS,71.0,29.7,16.7,7.8,0.465,5.5,1.8,0.325,5.2,4.1,0.796,21.4,3.9,3.7,10.6,2.3,8.4,-2.0,0.5635137981883295,0.5209580838323353,35.0,3.6,1.9,0.7,0.385,0.8,0.1,0.185,1.1,0.8,0.763,2.4,0.3,0.4,1.3,0.3,0.9,-1.7,0.5033557046979866,0.39473684210526316,,,,,,,,,,,,,,,,,,,,,0.5347856480364017,2023-24
1641706,Brandon Miller,1610612766,CHA,74.0,32.2,14.6,6.4,0.44,6.7,2.5,0.373,2.3,1.9,0.827,17.3,2.4,1.8,4.3,0.8,3.4,-6.9,0.5540609787343069,0.523972602739726,27.0,3.4,0.7,0.4,0.6,0.3,0.2,0.625,0.2,0.2,1.0,1.3,0.2,0.1,0.2,0.0,0.1,-1.3,0.8248730964467006,0.7142857142857143,,,,,,,,,,,,,,,,,,,,,0.7393969110901861,2023-24
1641707,Taylor Hendricks,1610612762,UTA,40.0,21.4,6.0,2.7,0.45,3.5,1.3,0.379,0.7,0.6,0.793,7.3,0.8,0.7,4.6,1.2,3.5,-3.8,0.5786303107165505,0.5583333333333333,7.0,2.6,0.4,0.3,0.667,0.4,0.3,0.667,0.0,0.0,0.0,0.9,0.1,0.0,0.7,0.1,0.6,-2.1,1.125,1.1249999999999998,,,,,,,,,,,,,,,,,,,,,0.9495434369044058,2023-24
1641708,Amen Thompson,1610612745,HOU,62.0,22.4,7.2,3.9,0.536,0.9,0.1,0.138,2.5,1.7,0.684,9.5,2.6,1.5,6.6,2.4,4.2,0.7,0.5722891566265059,0.548611111111111,16.0,2.3,0.8,0.4,0.5,0.1,0.1,1.0,0.4,0.3,0.571,1.1,0.3,0.0,1.1,0.5,0.6,-0.5,0.5635245901639344,0.5625,,,,,,,,,,,,,,,,,,,,,0.5775572234276928,2023-24
1641709,Ausar Thompson,1610612765,DET,63.0,25.1,7.6,3.7,0.483,1.8,0.3,0.186,1.9,1.1,0.597,8.8,1.9,1.3,6.4,2.0,4.3,-3.7,0.5215742057847321,0.5065789473684211,18.0,2.6,0.8,0.2,0.267,0.2,0.1,0.333,0.0,0.0,0.0,0.5,0.1,0.1,0.6,0.3,0.3,-0.9,0.3125,0.3125,,,,,,,,,,,,,,,,,,,,,0.3927177177163327,2023-24
1641710,Anthony Black,1610612753,ORL,69.0,16.9,3.6,1.7,0.466,1.4,0.5,0.394,1.2,0.7,0.613,4.6,1.3,0.8,2.0,0.5,1.5,-0.5,0.5571705426356589,0.5416666666666666,13.0,0.9,0.2,0.1,0.5,0.0,0.0,0.0,0.3,0.2,0.5,0.3,0.0,0.0,0.1,0.1,0.0,0.4,0.4518072289156626,0.5,2.0,5.4,3.5,1.5,0.429,1.0,0.0,0.0,0.0,0.0,0.0,3.0,1.0,0.5,1.0,0.5,0.5,-4.0,0.42857142857142855,0.42857142857142855,0.46330543658422396,2023-24
1641711,Gradey Dick,1610612761,TOR,60.0,21.1,7.4,3.2,0.425,4.0,1.5,0.365,0.9,0.7,0.863,8.5,1.1,0.8,2.2,0.5,1.8,-6.3,0.5451513596716264,0.5337837837837838,8.0,2.6,0.5,0.0,0.0,0.3,0.0,0.0,0.0,0.0,0.0,0.0,0.1,0.0,0.5,0.3,0.3,-1.5,0.0,0.0,,,,,,,,,,,,,,,,,,,,,0.18847387664638582,2023-24
1641712,Rayan Rupert,1610612757,POR,39.0,16.2,4.1,1.4,0.335,2.0,0.7,0.359,0.6,0.5,0.76,4.0,1.6,0.8,2.4,0.6,1.7,-3.2,0.4582951420714941,0.426829268292683,2.0,3.4,0.0,0.0,0.0,0.0,0.0,0.0,0.0,0.0,0.0,0.0,0.0,0.0,0.0,0.0,0.0,0.0,,,,,,,,,,,,,,,,,,,,,,,0.1527650473571647,2023-24
1641713,GG Jackson,1610612763,MEM,48.0,25.7,11.7,5.0,0.428,6.0,2.1,0.357,3.2,2.4,0.752,14.6,1.2,1.4,4.1,1.1,3.0,-4.0,0.5569118095819348,0.5170940170940171,16.0,3.2,1.2,0.5,0.421,0.6,0.2,0.333,0.3,0.2,0.75,1.4,0.0,0.1,0.4,0.1,0.3,-1.9,0.5255255255255256,0.5,,,,,,,,,,,,,,,,,,,,,0.5462440304665289,2023-24
1641715,Cam Whitmore,1610612745,HOU,47.0,18.7,9.9,4.5,0.454,4.7,1.7,0.359,2.4,1.6,0.679,12.3,0.7,1.0,3.8,0.9,2.9,-0.6,0.5613362541073385,0.5404040404040403,7.0,3.3,1.4,0.3,0.2,0.4,0.0,0.0,0.0,0.0,0.0,0.6,0.0,0.1,0.1,0.1,0.0,-1.0,0.2142857142857143,0.2142857142857143,,,,,,,,,,,,,,,,,,,,,0.3441106416995747,2023-24
1641716,Jarace Walker,1610612754,IND,33.0,10.3,3.3,1.4,0.409,1.7,0.7,0.4,0.3,0.2,0.889,3.6,1.2,0.5,1.9,0.4,1.5,0.6,0.5244755244755245,0.5303030303030303,2.0,1.8,0.0,0.0,0.0,0.0,0.0,0.0,0.0,0.0,0.0,0.0,0.0,0.5,0.0,0.0,0.0,0.0,,,9.0,3.4,1.1,0.3,0.3,0.3,0.0,0.0,0.3,0.2,0.667,0.9,0.4,0.7,0.4,0.1,0.3,-2.0,0.36525974025974023,0.2727272727272727,0.27004245754245754,2023-24
1641717,Cason Wallace,1610612760,OKC,82.0,20.6,5.4,2.6,0.491,2.9,1.2,0.419,0.5,0.4,0.784,6.8,1.5,0.5,2.3,0.6,1.6,1.5,0.6049822064056939,0.5925925925925926,12.0,1.7,0.5,0.3,0.667,0.2,0.1,0.5,0.0,0.0,0.0,0.8,0.1,0.0,0.1,0.0,0.1,0.9,0.8,0.7,10.0,19.8,4.1,1.6,0.39,2.8,0.9,0.321,0.2,0.1,0.5,4.2,1.0,0.4,1.3,0.7,0.6,3.2,0.5014326647564471,0.5000000000000001,0.6274726260367172,2023-24
1641718,Keyonte George,1610612762,UTA,75.0,27.0,10.9,4.3,0.391,5.9,2.0,0.334,3.0,2.5,0.848,13.0,4.4,2.5,2.8,0.2,2.6,-5.0,0.5319148936170213,0.4862385321100917,19.0,3.7,1.9,0.7,0.361,0.9,0.4,0.444,0.8,0.6,0.733,2.4,0.5,0.7,0.6,0.1,0.6,0.8,0.5328596802841918,0.47368421052631576,,,,,,,,,,,,,,,,,,,,,0.5499759440540862,2023-24
1641722,Jordan Hawkins,1610612740,NOP,67.0,17.3,6.8,2.6,0.382,4.4,1.6,0.366,1.2,1.0,0.838,7.8,1.0,0.6,2.2,0.4,1.8,0.2,0.5322052401746725,0.5000000000000001,10.0,1.5,0.0,0.0,0.0,0.0,0.0,0.0,0.0,0.0,0.0,0.0,0.1,0.0,0.1,0.0,0.1,-1.5,,,3.0,3.8,1.3,0.0,0.0,1.0,0.0,0.0,0.0,0.0,0.0,0.0,0.0,0.0,0.7,0.0,0.7,0.3,0.0,0.0,0.08870087336244542,2023-24
1641723,Kobe Bufkin,1610612737,ATL,17.0,11.5,5.4,2.0,0.37,2.4,0.5,0.225,0.5,0.2,0.5,4.8,1.6,0.6,1.9,0.4,1.6,-2.1,0.4270462633451957,0.41666666666666663,2.0,5.1,2.0,1.5,0.75,0.5,0.0,0.0,0.0,0.0,0.0,3.0,0.0,0.0,1.0,0.5,0.5,-4.0,0.75,0.75,,,,,,,,,,,,,,,,,,,,,0.6793857914785769,2023-24
1641726,Dereck Lively II,1610612742,DAL,55.0,23.5,5.4,4.0,0.747,0.0,0.0,0.0,1.5,0.7,0.506,8.8,1.1,0.9,6.9,2.5,4.4,2.6,0.7260726072607261,0.7407407407407407,17.0,2.4,0.2,0.2,1.0,0.0,0.0,0.0,0.2,0.1,0.5,0.5,0.1,0.1,1.0,0.5,0.5,3.2,0.8680555555555555,1.0,21.0,22.0,4.5,3.0,0.674,0.0,0.0,1.0,2.9,1.7,0.59,7.9,1.3,1.0,7.4,2.7,4.7,4.7,0.6838642659279779,0.6666666666666666,0.7559997897289796,2023-24
1641727,Dariq Whitehead,1610612751,BKN,2.0,12.0,2.5,0.5,0.2,1.5,0.0,0.0,1.0,0.5,0.5,1.5,1.5,0.0,2.0,0.0,2.0,-11.0,0.25510204081632654,0.2,,,,,,,,,,,,,,,,,,,,,,,,,,,,,,,,,,,,,,,,,0.25510204081632654,2023-24
1641729,Brice Sensabaugh,1610612762,UTA,32.0,18.3,6.8,2.7,0.39,3.6,1.1,0.296,1.3,1.2,0.902,7.5,1.7,1.5,3.2,0.5,2.7,-5.4,0.5086814975583288,0.47794117647058826,4.0,3.0,1.0,0.3,0.25,0.3,0.0,0.0,0.0,0.0,0.0,0.5,0.3,0.5,1.3,0.5,0.8,-2.0,0.25,0.3,,,,,,,,,,,,,,,,,,,,,0.3509330482035548,2023-24
1641730,Noah Clowney,1610612751,BKN,23.0,16.1,4.0,2.2,0.538,1.4,0.5,0.364,1.3,0.9,0.7,5.8,0.8,0.7,3.5,1.1,2.4,-2.3,0.6342957130358705,0.6125,5.0,2.2,0.4,0.2,0.5,0.2,0.0,0.0,0.8,0.4,0.5,0.8,0.0,0.2,0.6,0.2,0.4,3.2,0.5319148936170213,0.5,,,,,,,,,,,,,,,,,,,,,0.5760418334208044,2023-24
1641731,Bilal Coulibaly,1610612764,WAS,63.0,27.2,6.9,3.0,0.435,2.9,1.0,0.346,2.1,1.5,0.702,8.4,1.7,1.4,4.1,0.9,3.2,-6.7,0.5368098159509203,0.5072463768115941,21.0,1.8,0.2,0.0,0.2,0.1,0.0,0.333,0.1,0.1,1.0,0.2,0.0,0.0,0.2,0.0,0.2,-2.8,0.4098360655737705,0.0,,,,,,,,,,,,,,,,,,,,,0.455059199757038,2023-24
1641733,Nick Smith Jr.,1610612766,CHA,51.0,14.3,5.7,2.2,0.391,2.9,1.2,0.432,0.3,0.3,0.867,5.9,1.2,0.8,1.4,0.4,1.1,-3.8,0.5058299039780522,0.4912280701754386,8.0,2.9,0.6,0.3,0.4,0.6,0.3,0.4,0.0,0.0,0.0,0.8,0.0,0.3,0.0,0.0,0.0,-1.8,0.6666666666666667,0.75,,,,,,,,,,,,,,,,,,,,,0.6235807282247555,2023-24
1641739,Toumani Camara,1610612757,POR,70.0,24.8,6.3,2.8,0.45,2.5,0.8,0.337,1.4,1.1,0.758,7.5,1.2,1.2,4.9,2.0,2.9,-2.7,0.5422209369577791,0.5079365079365079,23.0,3.7,0.5,0.1,0.25,0.1,0.0,0.0,0.3,0.2,0.667,0.4,0.2,0.1,0.5,0.3,0.3,-0.9,0.31645569620253167,0.2,,,,,,,,,,,,,,,,,,,,,0.399647284389529,2023-24
1641748,Andre Jackson Jr.,1610612749,MIL,57.0,10.0,1.8,0.9,0.5,0.8,0.3,0.37,0.2,0.1,0.727,2.2,0.9,0.5,2.0,0.8,1.2,-1.6,0.5826271186440678,0.5833333333333334,3.0,1.7,0.3,0.0,0.0,0.3,0.0,0.0,0.0,0.0,0.0,0.0,0.0,0.0,0.0,0.0,0.0,2.0,0.0,0.0,5.0,11.9,2.2,1.0,0.455,1.2,0.4,0.333,0.0,0.0,0.0,2.4,2.0,0.6,2.2,1.0,1.2,2.2,0.5454545454545454,0.5454545454545454,0.3864984591586914,2023-24
1641764,Brandin Podziemski,1610612744,GSW,74.0,26.6,8.1,3.7,0.454,3.2,1.2,0.385,1.1,0.7,0.633,9.2,3.7,1.2,5.8,1.6,4.2,3.6,0.5358807082945014,0.5308641975308642,30.0,1.8,0.8,0.3,0.375,0.4,0.1,0.182,0.2,0.2,0.833,0.8,0.3,0.0,0.4,0.1,0.3,-0.4,0.45045045045045046,0.43749999999999994,,,,,,,,,,,,,,,,,,,,,0.48880374627379136,2023-24
1641767,Ben Sheppard,1610612754,IND,57.0,14.3,4.0,1.6,0.393,2.7,0.9,0.314,0.5,0.4,0.885,4.4,0.9,0.3,1.6,0.3,1.3,1.2,0.5213270142180095,0.5125000000000001,7.0,2.5,0.6,0.3,0.5,0.4,0.1,0.333,0.0,0.0,0.0,0.7,0.0,0.0,0.4,0.0,0.4,-1.1,0.5833333333333334,0.5833333333333334,17.0,19.7,4.2,1.8,0.437,2.9,1.1,0.38,0.5,0.4,0.778,5.2,1.0,0.6,3.0,0.6,2.4,1.7,0.5882352941176471,0.5595238095238095,0.5904499272025195,2023-24
1641774,Tristan Vukcevic,1610612764,WAS,10.0,15.3,6.7,2.9,0.433,3.6,1.0,0.278,2.2,1.7,0.773,8.5,1.3,1.0,3.6,0.6,3.0,3.2,0.5542514345331246,0.5074626865671642,4.0,2.6,1.3,0.8,0.6,0.3,0.0,0.0,1.0,0.8,0.75,2.3,0.0,0.8,0.5,0.3,0.3,0.3,0.660919540229885,0.6153846153846154,,,,,,,,,,,,,,,,,,,,,0.6447664900693624,2023-24
1641778,Leaky Black,1610612766,CHA,26.0,10.9,2.0,1.0,0.481,0.8,0.3,0.45,0.6,0.4,0.667,2.7,0.9,0.2,1.8,0.3,1.5,-1.0,0.5962897526501767,0.575,3.0,1.8,0.0,0.0,0.0,0.0,0.0,0.0,0.7,0.7,1.0,0.7,0.3,0.0,0.3,0.0,0.3,5.0,1.1363636363636362,,,,,,,,,,,,,,,,,,,,,,0.9563390084591497,2023-24
1641787,Tosan Evbuomwan,1610612765,DET,17.0,21.6,4.2,2.1,0.507,1.9,0.7,0.375,1.5,1.0,0.68,5.9,0.9,0.5,3.5,1.1,2.5,-7.5,0.6069958847736625,0.5833333333333334,3.0,1.2,0.0,0.0,0.0,0.0,0.0,0.0,0.0,0.0,0.0,0.0,0.0,0.0,0.0,0.0,0.0,3.0,,,,,,,,,,,,,,,,,,,,,,,0.20233196159122083,2023-24
1641851,Timmy Allen,1610612763,MEM,5.0,25.1,4.6,1.2,0.261,1.4,0.0,0.0,0.4,0.2,0.5,2.6,1.0,0.4,3.4,0.8,2.6,-13.0,0.27219430485762147,0.2608695652173913,1.0,4.6,0.0,0.0,0.0,0.0,0.0,0.0,0.0,0.0,0.0,0.0,0.0,0.0,0.0,0.0,0.0,0.0,,,,,,,,,,,,,,,,,,,,,,,0.09073143495254049,2023-24
1641854,Craig Porter Jr.,1610612739,CLE,51.0,12.7,4.5,2.3,0.509,0.7,0.2,0.353,1.1,0.8,0.732,5.6,2.3,0.9,2.1,0.4,1.7,-0.5,0.5617977528089887,0.5333333333333333,4.0,2.7,1.0,0.5,0.5,0.3,0.0,0.0,0.5,0.5,1.0,1.5,0.3,0.0,0.5,0.3,0.3,-2.0,0.6147540983606558,0.5,,,,,,,,,,,,,,,,,,,,,0.6193242053940506,2023-24
1641871,Duop Reath,1610612757,POR,68.0,17.9,7.3,3.4,0.461,3.6,1.3,0.359,1.4,1.0,0.742,9.1,1.0,0.8,3.7,1.4,2.3,-2.8,0.5747852450732693,0.5547945205479452,10.0,2.6,0.2,0.1,0.5,0.1,0.0,0.0,0.0,0.0,0.0,0.2,0.3,0.0,0.5,0.1,0.4,0.0,0.5,0.5,,,,,,,,,,,,,,,,,,,,,0.5276681410514451,2023-24
1641877,Nathan Mensah,1610612766,CHA,25.0,12.3,1.1,0.5,0.429,0.0,0.0,0.0,0.5,0.4,0.75,1.3,0.4,0.6,2.6,1.2,1.4,-5.3,0.49242424242424243,0.45454545454545453,,,,,,,,,,,,,,,,,,,,,,,,,,,,,,,,,,,,,,,,,0.49242424242424243,2023-24
1641931,Onuralp Bitim,1610612741,CHI,23.0,11.7,3.7,1.4,0.381,1.9,0.5,0.273,0.2,0.2,0.8,3.5,0.6,0.4,1.4,0.3,1.1,-2.0,0.46198521647307283,0.4459459459459459,4.0,3.9,0.5,0.0,0.0,0.0,0.0,0.0,0.5,0.5,1.0,0.5,0.0,0.0,1.0,0.0,1.0,3.5,0.3472222222222222,0.0,,,,,,,,,,,,,,,,,,,,,0.3989900671490336,2023-24
1641970,Maozinha Pereira,1610612763,MEM,7.0,17.4,5.0,2.6,0.514,1.9,0.7,0.385,1.4,1.0,0.7,6.9,0.3,0.7,5.3,1.6,3.7,1.3,0.6143162393162394,0.5900000000000001,,,,,,,,,,,,,,,,,,,,,,,,,,,,,,,,,,,,,,,,,0.6143162393162394,2023-24
1641998,Trey Jemison III,1610612763,MEM,25.0,23.0,5.4,3.0,0.551,0.0,0.0,0.0,1.0,0.8,0.84,6.8,1.1,1.4,5.4,2.6,2.8,-4.4,0.5821917808219177,0.5555555555555555,4.0,0.8,0.0,0.0,0.0,0.0,0.0,0.0,0.0,0.0,0.0,0.0,0.0,0.0,0.3,0.0,0.3,-0.3,,,,,,,,,,,,,,,,,,,,,,,0.19406392694063923,2023-24
1642013,Malik Williams,1610612761,TOR,7.0,15.2,4.9,1.3,0.265,0.7,0.1,0.2,0.3,0.0,0.0,2.7,0.3,0.4,5.4,2.1,3.3,-8.0,0.2682829888712242,0.2755102040816326,1.0,4.5,1.0,0.0,0.0,0.0,0.0,0.0,0.0,0.0,0.0,0.0,0.0,0.0,4.0,0.0,4.0,-3.0,0.0,0.0,,,,,,,,,,,,,,,,,,,,,0.10983582621821592,2023-24
2544,LeBron James,1610612747,LAL,70.0,34.9,18.1,9.3,0.513,5.7,2.1,0.376,4.7,3.7,0.782,24.4,8.2,3.7,7.8,1.0,6.8,-0.8,0.6049186830622768,0.5718232044198895,34.0,3.0,1.6,0.9,0.518,0.8,0.3,0.393,0.6,0.5,0.818,2.6,0.6,0.2,0.7,0.1,0.6,1.6,0.6974248927038627,0.65625,5.0,40.7,17.6,8.6,0.489,5.6,2.0,0.357,8.0,6.2,0.775,25.4,5.6,2.6,9.0,2.4,6.6,-8.2,0.6013257575757576,0.5454545454545454,0.6427974025379156,2024-25
101108,Chris Paul,1610612759,SAS,82.0,28.0,7.1,3.0,0.427,4.5,1.7,0.377,1.1,1.0,0.924,8.8,7.4,1.6,3.6,0.4,3.2,0.0,0.580168776371308,0.5422535211267606,30.0,3.1,1.1,0.5,0.469,0.5,0.2,0.438,0.5,0.4,0.929,1.7,0.7,0.2,0.7,0.1,0.6,-0.3,0.6439393939393939,0.5454545454545454,,,,,,,,,,,,,,,,,,,,,0.6381754791609954,2024-25
200768,Kyle Lowry,1610612755,PHI,35.0,18.8,3.3,1.2,0.35,2.5,0.8,0.33,0.9,0.8,0.818,3.9,2.7,0.6,1.9,0.3,1.6,-2.0,0.5275974025974026,0.4848484848484849,8.0,1.6,0.1,0.0,0.0,0.0,0.0,0.0,0.5,0.4,0.75,0.4,0.1,0.1,0.5,0.0,0.5,-0.1,0.625,0.0,,,,,,,,,,,,,,,,,,,,,0.5955627705618524,2024-25
200782,P.J. Tucker,1610612752,NYK,3.0,19.3,2.3,1.0,0.429,2.0,1.0,0.5,0.0,0.0,0.0,3.0,0.0,0.3,2.7,1.3,1.3,-7.3,0.6521739130434783,0.6521739130434783,2.0,0.5,0.5,0.0,0.0,0.0,0.0,0.0,0.0,0.0,0.0,0.0,0.0,0.0,0.0,0.0,0.0,-3.0,0.0,0.0,1.0,4.4,0.0,0.0,0.0,0.0,0.0,0.0,0.0,0.0,0.0,0.0,0.0,0.0,0.0,0.0,0.0,4.0,,,0.13043478259924385,2024-25
201142,Kevin Durant,1610612756,PHX,62.0,36.5,18.1,9.5,0.527,6.0,2.6,0.43,5.8,4.9,0.839,26.6,4.2,3.1,6.0,0.4,5.7,-0.6,0.6440054232035638,0.5966850828729282,32.0,3.5,2.0,1.0,0.477,0.8,0.3,0.333,1.0,0.9,0.938,3.1,0.3,0.1,0.6,0.0,0.6,0.1,0.6352459016393442,0.575,,,,,,,,,,,,,,,,,,,,,0.6492154659170465,2024-25
201143,Al Horford,1610612738,BOS,60.0,27.6,7.7,3.3,0.423,5.2,1.9,0.363,0.6,0.6,0.895,9.0,2.1,0.8,6.2,1.3,4.8,6.6,0.5650426921145153,0.551948051948052,24.0,2.7,0.8,0.4,0.5,0.5,0.2,0.308,0.0,0.0,1.0,1.0,0.1,0.0,0.4,0.0,0.3,1.3,0.625,0.625,11.0,31.6,6.5,3.1,0.472,3.2,1.3,0.4,0.6,0.5,0.857,8.0,1.8,0.6,6.0,1.6,4.4,0.9,0.5913660555884092,0.5769230769230769,0.6085797535348849,2024-25
201144,Mike Conley,1610612750,MIN,71.0,24.7,6.6,2.6,0.4,4.4,1.8,0.41,1.3,1.1,0.9,8.2,4.5,1.1,2.6,0.5,2.1,3.7,0.5716675962074734,0.5303030303030303,28.0,3.1,0.6,0.1,0.25,0.4,0.1,0.3,0.2,0.2,1.0,0.6,0.4,0.1,0.3,0.1,0.1,-0.7,0.436046511627907,0.25000000000000006,15.0,23.7,6.4,1.9,0.302,4.0,1.3,0.333,0.9,0.8,0.923,6.0,3.3,0.8,2.9,0.8,2.1,3.7,0.44143613890523836,0.39843749999999994,0.4704357484526988,2024-25
201145,Jeff Green,1610612745,HOU,32.0,12.4,3.8,1.9,0.504,2.5,0.9,0.367,0.8,0.7,0.808,5.4,0.6,0.3,1.8,0.3,1.5,-1.2,0.6502890173410405,0.618421052631579,3.0,0.8,1.0,0.0,0.0,0.7,0.0,0.0,0.0,0.0,0.0,0.0,0.0,0.0,0.0,0.0,0.0,-1.0,0.0,0.0,3.0,1.8,1.0,0.3,0.333,0.3,0.3,1.0,0.0,0.0,0.0,1.0,0.0,0.0,0.3,0.3,0.0,-5.3,0.5,0.44999999999999996,0.3846972923569324,2024-25
201566,Russell Westbrook,1610612743,DEN,75.0,27.9,11.1,5.0,0.449,3.9,1.3,0.323,3.1,2.1,0.661,13.3,6.1,3.2,4.9,1.4,3.6,-0.3,0.5335365853658537,0.509009009009009,32.0,2.6,0.8,0.3,0.417,0.2,0.1,0.333,0.2,0.1,0.333,0.8,0.2,0.2,0.3,0.1,0.2,-0.4,0.45045045045045046,0.43749999999999994,13.0,24.1,10.2,4.0,0.391,4.8,1.5,0.317,3.1,2.2,0.7,11.7,2.6,2.3,3.7,1.5,2.2,-8.2,0.5058803182289865,0.46568627450980393,0.49922028069884355,2024-25
201567,Kevin Love,1610612748,MIA,23.0,10.9,5.0,1.8,0.357,2.9,1.0,0.358,1.0,0.7,0.696,5.3,1.0,0.6,4.1,1.0,3.1,-1.1,0.4871323529411764,0.45999999999999996,5.0,0.1,0.0,0.0,0.0,0.0,0.0,0.0,0.0,0.0,0.0,0.0,0.0,0.0,0.0,0.0,0.0,0.6,,,,,,,,,,,,,,,,,,,,,,,0.16237745098039214,2024-25
201569,Eric Gordon,1610612755,PHI,39.0,19.7,5.2,2.2,0.426,3.5,1.4,0.409,1.2,0.9,0.75,6.8,1.7,0.7,1.2,0.2,1.0,-1.8,0.5935754189944135,0.5576923076923077,8.0,4.5,1.0,0.5,0.5,0.9,0.4,0.429,0.3,0.1,0.5,1.5,0.1,0.0,0.0,0.0,0.0,-1.8,0.6625441696113074,0.7,,,,,,,,,,,,,,,,,,,,,0.6587853552994137,2024-25
201572,Brook Lopez,1610612749,MIL,80.0,31.8,9.7,4.9,0.509,4.7,1.7,0.373,1.7,1.4,0.826,13.0,1.8,1.1,5.0,1.4,3.6,1.7,0.6221286370597244,0.5927835051546392,34.0,3.4,0.9,0.5,0.5,0.4,0.1,0.333,0.5,0.4,0.824,1.5,0.1,0.1,0.6,0.1,0.5,0.4,0.6696428571428571,0.6111111111111112,5.0,14.8,4.4,1.6,0.364,3.0,0.8,0.267,1.0,1.0,1.0,5.0,0.8,0.8,1.6,0.6,1.0,-5.2,0.5165289256198347,0.45454545454545453,0.5944452052153312,2024-25
201587,Nicolas Batum,1610612746,LAC,78.0,17.5,3.1,1.3,0.437,2.6,1.1,0.433,0.3,0.2,0.81,4.0,1.1,0.4,2.8,0.6,2.2,1.9,0.6188118811881188,0.5967741935483871,13.0,2.6,0.1,0.1,1.0,0.1,0.1,1.0,0.0,0.0,0.0,0.2,0.1,0.0,0.4,0.0,0.4,1.4,1.0,1.5000000000000002,7.0,24.5,4.7,1.9,0.394,4.7,1.9,0.394,0.0,0.0,0.0,5.6,2.0,0.4,3.9,0.6,3.3,0.0,0.5957446808510638,0.6063829787234042,0.7375667937407907,2024-25
201599,DeAndre Jordan,1610612743,DEN,56.0,12.3,2.5,1.6,0.65,0.0,0.0,0.0,1.1,0.5,0.422,3.7,0.9,0.7,5.1,1.5,3.6,-0.8,0.6199731903485255,0.64,3.0,1.2,0.0,0.0,0.0,0.0,0.0,0.0,0.0,0.0,0.0,0.0,0.0,0.0,0.3,0.0,0.3,-1.7,,,7.0,5.1,0.4,0.4,1.0,0.0,0.0,0.0,0.6,0.0,0.0,0.9,0.3,0.3,1.3,0.1,1.1,-1.9,0.677710843373494,1.0,0.4421842867448345,2024-25
201935,James Harden,1610612746,LAC,79.0,35.3,16.4,6.7,0.41,8.5,3.0,0.352,7.3,6.4,0.874,22.8,8.7,4.3,5.8,0.7,5.1,4.4,0.5812767693249032,0.5,34.0,3.9,1.8,0.7,0.377,0.9,0.2,0.25,1.6,1.2,0.755,2.8,0.7,0.7,0.5,0.1,0.4,0.0,0.5591054313099041,0.4444444444444444,7.0,39.4,14.4,6.3,0.436,6.3,2.3,0.364,4.7,3.9,0.818,18.7,9.1,3.0,5.4,0.6,4.9,-3.3,0.5677677920816128,0.517361111111111,0.5781074444536867,2024-25
201939,Stephen Curry,1610612744,GSW,70.0,32.2,18.0,8.1,0.448,11.2,4.4,0.397,4.3,4.0,0.933,24.5,6.0,2.9,4.4,0.6,3.9,4.3,0.6158254574703399,0.5722222222222223,35.0,3.2,2.4,1.0,0.417,1.5,0.5,0.373,1.1,1.1,0.949,3.6,0.3,0.3,0.5,0.1,0.4,0.5,0.6241331484049931,0.5208333333333334,8.0,35.1,16.3,7.8,0.477,10.0,4.0,0.4,3.5,3.1,0.893,22.6,5.1,3.4,5.3,0.3,5.0,3.3,0.6334080717488789,0.6012269938650306,0.640719328253753,2024-25
201942,DeMar DeRozan,1610612758,SAC,77.0,35.9,17.0,8.1,0.477,3.3,1.1,0.328,5.7,4.9,0.857,22.2,4.4,1.4,3.9,0.6,3.2,1.4,0.5689973344269018,0.5088235294117647,37.0,4.1,3.0,1.3,0.441,0.7,0.1,0.2,0.9,0.8,0.879,3.6,0.3,0.1,0.5,0.0,0.5,0.7,0.5300353356890459,0.45,,,,,,,,,,,,,,,,,,,,,0.5606697274241559,2024-25
201950,Jrue Holiday,1610612738,BOS,62.0,30.6,9.2,4.1,0.443,4.9,1.7,0.353,1.2,1.1,0.909,11.1,3.9,1.2,4.3,1.2,3.0,5.5,0.5705180921052632,0.5380434782608695,26.0,3.3,0.9,0.4,0.458,0.5,0.2,0.385,0.3,0.3,1.0,1.4,0.3,0.1,0.5,0.2,0.3,2.1,0.6782945736434108,0.5555555555555556,8.0,33.0,7.5,3.6,0.483,3.3,1.1,0.346,1.6,1.1,0.692,9.5,4.0,2.0,4.1,1.5,2.6,1.3,0.5789858605558263,0.5533333333333333,0.6204600788711827,2024-25
201959,Taj Gibson,1610612766,CHA,37.0,11.1,2.6,1.3,0.495,0.1,0.0,0.5,0.5,0.3,0.6,2.9,0.6,0.7,3.2,1.4,1.9,-3.4,0.5141843971631205,0.5,5.0,0.0,0.0,0.0,0.0,0.0,0.0,0.0,0.0,0.0,0.0,0.0,0.0,0.0,0.2,0.0,0.2,0.0,,,,,,,,,,,,,,,,,,,,,,,0.1713947990543735,2024-25
201988,Patty Mills,1610612746,LAC,29.0,11.1,3.3,1.2,0.375,2.6,0.9,0.347,0.5,0.4,0.929,3.8,0.9,0.6,0.8,0.1,0.6,-0.5,0.5397727272727273,0.5,2.0,0.8,0.0,0.0,0.0,0.0,0.0,0.0,0.0,0.0,0.0,0.0,0.0,0.0,0.0,0.0,0.0,-1.5,,,1.0,3.7,2.0,1.0,0.5,1.0,1.0,1.0,0.0,0.0,0.0,3.0,0.0,1.0,0.0,0.0,0.0,6.0,0.75,0.75,0.46496212121212127,2024-25
202331,Paul George,1610612755,PHI,41.0,32.5,13.9,6.0,0.43,6.5,2.3,0.358,2.4,1.9,0.814,16.2,4.3,2.6,5.3,0.6,4.8,-2.0,0.5415886600695373,0.5143884892086331,19.0,3.5,1.1,0.4,0.35,0.4,0.2,0.5,0.5,0.4,0.7,1.3,0.2,0.2,0.3,0.1,0.3,-0.4,0.49242424242424243,0.45454545454545453,,,,,,,,,,,,,,,,,,,,,0.5167260507035196,2024-25
202681,Kyrie Irving,1610612742,DAL,50.0,36.1,18.9,8.9,0.473,7.2,2.9,0.401,4.3,3.9,0.916,24.7,4.6,2.2,4.8,1.2,3.6,2.5,0.5939784532512505,0.5476190476190477,26.0,3.4,2.1,0.8,0.382,1.0,0.3,0.259,0.7,0.5,0.765,2.4,0.4,0.3,0.3,0.2,0.2,0.3,0.4983388704318937,0.4523809523809524,,,,,,,,,,,,,,,,,,,,,0.5413298424822025,2024-25
202685,Jonas Valančiūnas,1610612758,SAC,81.0,18.8,7.7,4.3,0.55,0.5,0.1,0.216,2.0,1.8,0.879,10.4,2.0,1.5,7.7,2.3,5.4,-3.8,0.6060606060606061,0.5649350649350648,9.0,2.9,0.8,0.3,0.429,0.0,0.0,0.0,0.3,0.3,1.0,1.0,0.1,0.4,0.9,0.2,0.7,-0.9,0.5364806866952789,0.37499999999999994,,,,,,,,,,,,,,,,,,,,,0.570063603538649,2024-25
202687,Bismack Biyombo,1610612759,SAS,28.0,18.8,4.1,2.4,0.588,0.0,0.0,0.0,0.9,0.4,0.4,5.1,1.1,1.0,5.6,1.5,4.1,-3.6,0.5671708185053381,0.5853658536585367,4.0,1.2,0.0,0.0,0.0,0.0,0.0,0.0,0.0,0.0,0.0,0.0,0.0,0.3,0.3,0.0,0.3,-1.0,,,,,,,,,,,,,,,,,,,,,,,0.18905693950177938,2024-25
202691,Klay Thompson,1610612742,DAL,72.0,27.3,12.2,5.0,0.412,7.7,3.0,0.391,1.0,0.9,0.905,14.0,2.0,1.2,3.4,0.6,2.8,-1.1,0.5537974683544304,0.5327868852459017,30.0,2.4,0.9,0.4,0.423,0.7,0.3,0.381,0.2,0.2,1.0,1.2,0.2,0.1,0.3,0.1,0.2,-0.5,0.6072874493927125,0.6111111111111112,,,,,,,,,,,,,,,,,,,,,0.5968345048930083,2024-25
202692,Alec Burks,1610612748,MIA,49.0,17.6,5.5,2.3,0.424,4.2,1.8,0.425,1.0,0.8,0.776,7.3,1.1,0.6,2.5,0.3,2.2,2.2,0.6144781144781144,0.5818181818181818,9.0,3.8,0.7,0.4,0.667,0.4,0.2,0.5,0.7,0.4,0.667,1.6,0.0,0.2,0.8,0.2,0.6,-1.4,0.7936507936507937,0.7142857142857143,1.0,15.2,3.0,2.0,0.667,3.0,2.0,0.667,0.0,0.0,0.0,6.0,2.0,0.0,2.0,0.0,2.0,-1.0,1.0,1.0,0.879690556354909,2024-25
202693,Markieff Morris,1610612747,LAL,15.0,11.0,4.7,1.4,0.3,2.4,0.6,0.25,0.4,0.3,0.833,3.7,1.4,0.3,1.5,0.2,1.3,-1.9,0.37940935192780967,0.36170212765957444,1.0,2.7,1.0,0.0,0.0,1.0,0.0,0.0,0.0,0.0,0.0,0.0,0.0,0.0,0.0,0.0,0.0,-9.0,0.0,0.0,,,,,,,,,,,,,,,,,,,,,0.14774637971609048,2024-25
202695,Kawhi Leonard,1610612746,LAC,37.0,31.9,16.8,8.4,0.498,5.1,2.1,0.411,3.3,2.6,0.81,21.5,3.1,1.9,5.9,0.9,5.0,8.0,0.588976550515012,0.5625,14.0,3.2,1.6,0.5,0.318,0.5,0.1,0.143,0.4,0.2,0.5,1.3,0.1,0.2,0.6,0.4,0.2,-1.1,0.36599099099099097,0.34375,7.0,37.8,17.6,9.4,0.537,5.3,2.1,0.405,5.1,4.0,0.778,25.0,4.7,2.1,7.6,1.6,6.0,-0.9,0.6299133239266277,0.59375,0.5446402269027221,2024-25
202696,Nikola Vučević,1610612741,CHI,73.0,31.2,14.2,7.5,0.53,4.4,1.8,0.402,2.0,1.6,0.805,18.5,3.5,1.6,10.1,2.4,7.6,-1.3,0.613395225464191,0.591549295774648,29.0,3.1,1.0,0.5,0.5,0.4,0.2,0.5,0.4,0.3,0.667,1.5,0.2,0.2,0.7,0.2,0.6,-0.4,0.6377551020408163,0.6,,,,,,,,,,,,,,,,,,,,,0.6366773967025721,2024-25
202699,Tobias Harris,1610612765,DET,73.0,31.6,11.0,5.3,0.477,3.6,1.2,0.345,2.3,2.0,0.861,13.7,2.2,1.2,5.9,0.9,5.0,2.6,0.5702630702630702,0.5363636363636363,35.0,3.5,0.9,0.5,0.485,0.3,0.1,0.364,0.1,0.1,0.5,1.1,0.2,0.1,0.5,0.1,0.3,-0.4,0.5826271186440678,0.6111111111111112,6.0,38.8,11.8,5.7,0.479,3.8,1.7,0.435,2.7,2.7,1.0,15.7,0.5,1.0,7.7,1.3,6.3,-3.8,0.6044040652910377,0.5550847457627118,0.5996367354184609,2024-25
202704,Reggie Jackson,1610612755,PHI,31.0,12.4,4.3,1.7,0.391,2.4,0.8,0.338,0.3,0.2,0.778,4.4,1.5,0.5,1.4,0.3,1.1,-0.6,0.496389891696751,0.48837209302325585,2.0,1.8,0.0,0.0,0.0,0.0,0.0,0.0,0.0,0.0,0.0,0.0,0.0,0.0,0.5,0.0,0.5,-4.5,,,,,,,,,,,,,,,,,,,,,,,0.16546329723225034,2024-25
202709,Cory Joseph,1610612753,ORL,50.0,12.2,3.1,1.2,0.403,2.1,0.8,0.364,0.4,0.3,0.778,3.5,1.4,0.4,1.5,0.3,1.1,0.7,0.5341880341880342,0.5161290322580645,6.0,2.4,0.0,0.0,0.0,0.0,0.0,0.0,0.0,0.0,0.0,0.0,0.0,0.0,0.3,0.0,0.3,1.0,,,5.0,24.9,4.8,2.0,0.417,3.2,1.0,0.313,0.0,0.0,0.0,5.0,3.0,0.4,1.8,0.2,1.6,-1.6,0.5208333333333334,0.5208333333333334,0.34944800569800566,2024-25
202710,Jimmy Butler III,1610612744,GSW,55.0,31.7,10.9,5.5,0.504,1.9,0.6,0.308,7.1,6.0,0.842,17.5,5.4,1.3,5.4,2.3,3.1,4.5,0.6239304050199658,0.5321100917431192,21.0,4.0,2.0,0.8,0.415,0.4,0.1,0.333,1.0,0.9,0.857,2.6,0.4,0.2,1.2,0.4,0.8,1.0,0.5327868852459017,0.42500000000000004,11.0,36.0,13.8,6.2,0.447,3.3,1.0,0.306,7.3,5.8,0.8,19.2,5.2,1.2,6.6,2.4,4.3,-4.8,0.5643075476134493,0.4855072463768116,0.5820864269102138,2024-25
203076,Anthony Davis,1610612742,DAL,51.0,33.4,17.8,9.2,0.516,2.4,0.7,0.282,7.2,5.6,0.775,24.7,3.5,2.2,11.6,2.6,8.9,0.5,0.5889927508584509,0.5365168539325842,21.0,3.0,1.2,0.7,0.538,0.2,0.2,0.8,0.7,0.4,0.6,2.0,0.3,0.2,0.7,0.0,0.7,-0.4,0.6631299734748011,0.6666666666666666,,,,,,,,,,,,,,,,,,,,,0.6451591389693468,2024-25
203078,Bradley Beal,1610612756,PHX,53.0,32.1,13.1,6.5,0.497,5.0,1.9,0.386,2.6,2.1,0.803,17.0,3.7,1.9,3.3,0.6,2.7,-5.2,0.5967424880651503,0.5687022900763359,23.0,3.9,1.2,0.4,0.333,0.5,0.1,0.25,0.9,0.7,0.85,1.7,0.2,0.1,0.7,0.2,0.6,-1.3,0.5325814536340852,0.375,,,,,,,,,,,,,,,,,,,,,0.5631287704539191,2024-25
203081,Damian Lillard,1610612749,MIL,58.0,36.1,17.1,7.7,0.448,9.0,3.4,0.376,6.8,6.2,0.921,24.9,7.1,2.8,4.7,0.5,4.2,0.9,0.6196496117857853,0.5497076023391813,27.0,3.6,2.0,0.6,0.321,1.0,0.1,0.148,0.9,0.8,0.917,2.2,0.6,0.3,0.6,0.1,0.6,1.1,0.45909849749582643,0.325,3.0,24.9,9.0,2.0,0.222,5.3,1.0,0.188,2.3,2.0,0.857,7.0,4.7,1.0,2.7,0.3,2.3,2.0,0.3495805033959249,0.2777777777777778,0.44279392592626665,2024-25
203083,Andre Drummond,1610612755,PHI,40.0,18.8,5.9,2.9,0.5,0.5,0.1,0.15,2.3,1.4,0.622,7.3,0.9,1.4,7.8,2.7,5.0,-6.1,0.5280671296296295,0.49999999999999994,5.0,3.8,0.4,0.0,0.0,0.0,0.0,0.0,0.0,0.0,0.0,0.0,0.4,0.2,1.8,0.6,1.2,-0.4,0.0,0.0,,,,,,,,,,,,,,,,,,,,,0.1828020375590099,2024-25
203084,Harrison Barnes,1610612759,SAS,82.0,27.2,8.3,4.2,0.508,4.4,1.9,0.433,2.4,2.0,0.809,12.3,1.7,0.6,3.8,1.2,2.6,-0.3,0.6573321932449764,0.6204819277108433,28.0,2.6,0.8,0.4,0.476,0.4,0.2,0.455,0.2,0.1,0.667,1.0,0.1,0.1,0.4,0.1,0.3,1.3,0.5630630630630631,0.625,,,,,,,,,,,,,,,,,,,,,0.6041246606727404,2024-25
203109,Jae Crowder,1610612758,SAC,9.0,11.4,2.4,0.8,0.318,1.7,0.4,0.267,0.7,0.6,0.833,2.6,0.7,0.4,2.2,0.7,1.6,-2.0,0.4800590841949779,0.4166666666666667,1.0,2.6,1.0,0.0,0.0,1.0,0.0,0.0,0.0,0.0,0.0,0.0,0.0,0.0,0.0,0.0,0.0,9.0,0.0,0.0,,,,,,,,,,,,,,,,,,,,,0.20168636138096485,2024-25
203110,Draymond Green,1610612744,GSW,68.0,29.2,7.5,3.2,0.424,3.6,1.2,0.325,2.2,1.5,0.687,9.0,5.6,2.6,6.1,1.1,5.0,4.0,0.5314123760037789,0.5066666666666667,33.0,3.0,0.5,0.1,0.267,0.1,0.0,0.25,0.7,0.4,0.583,0.7,0.6,0.3,1.0,0.3,0.7,0.7,0.4331683168316831,0.2,12.0,32.4,9.0,3.5,0.389,5.0,1.3,0.267,1.1,0.8,0.692,9.1,3.8,3.0,5.5,0.8,4.8,-1.9,0.4797553774778574,0.46111111111111114,0.4795025236825639,2024-25
203114,Khris Middleton,1610612764,WAS,37.0,22.8,9.1,4.3,0.475,3.6,1.3,0.361,2.3,1.9,0.857,11.9,4.1,1.5,3.7,0.4,3.4,1.1,0.5884098101265823,0.543956043956044,17.0,3.6,1.7,0.5,0.31,0.6,0.1,0.182,0.4,0.4,0.857,1.5,0.6,0.6,0.6,0.1,0.5,0.4,0.39978678038379534,0.3235294117647059,,,,,,,,,,,,,,,,,,,,,0.48134244231065676,2024-25
203468,CJ McCollum,1610612740,NOP,56.0,32.7,17.9,7.9,0.444,8.2,3.1,0.373,3.1,2.2,0.717,21.1,4.1,1.9,3.8,0.8,3.0,-5.0,0.5476536544850499,0.5279329608938549,24.0,4.1,2.3,1.0,0.446,0.9,0.4,0.409,0.8,0.6,0.789,3.1,0.3,0.1,0.6,0.1,0.5,1.1,0.5844645550527904,0.5217391304347826,,,,,,,,,,,,,,,,,,,,,0.585043416873999,2024-25
203471,Dennis Schröder,1610612765,DET,75.0,28.1,11.0,4.5,0.406,4.9,1.7,0.342,2.9,2.4,0.838,13.1,5.4,1.9,2.6,0.4,2.3,-1.0,0.5335614206581949,0.48636363636363633,40.0,2.7,1.0,0.5,0.462,0.4,0.1,0.286,0.7,0.5,0.778,1.5,0.5,0.2,0.3,0.0,0.2,-0.8,0.573394495412844,0.55,6.0,27.4,8.8,4.3,0.491,3.5,1.7,0.476,2.7,2.2,0.813,12.5,3.7,1.2,2.3,0.7,1.7,-2.3,0.6257509010812975,0.5852272727272726,0.6020247615447119,2024-25
203482,Kelly Olynyk,1610612740,NOP,44.0,20.2,6.1,3.0,0.5,1.8,0.8,0.418,2.5,1.9,0.769,8.7,2.9,1.7,4.7,1.4,3.3,-1.3,0.6041666666666666,0.5573770491803279,8.0,2.2,1.3,0.8,0.6,0.3,0.1,0.5,0.8,0.4,0.5,2.0,0.0,0.1,1.0,0.6,0.4,-0.6,0.6053268765133172,0.6538461538461539,,,,,,,,,,,,,,,,,,,,,0.6262516153041094,2024-25
203484,Kentavious Caldwell-Pope,1610612763,MEM,77.0,29.6,7.1,3.1,0.439,4.3,1.5,0.342,1.2,1.1,0.863,8.7,1.8,0.8,2.2,0.4,1.8,0.1,0.5702674357629784,0.5422535211267606,30.0,3.0,0.6,0.2,0.294,0.4,0.1,0.182,0.3,0.2,0.75,0.6,0.0,0.0,0.2,0.0,0.2,0.2,0.4098360655737705,0.4166666666666667,5.0,32.7,6.0,1.6,0.267,4.6,1.2,0.261,0.8,0.6,0.75,5.0,1.8,0.4,3.0,0.2,2.8,-8.2,0.39357682619647355,0.3666666666666667,0.4368957118074852,2024-25
203486,Mason Plumlee,1610612756,PHX,74.0,17.6,2.7,1.7,0.619,0.1,0.0,0.0,1.7,1.1,0.648,4.5,1.8,0.8,6.1,1.6,4.6,0.7,0.6525522041763341,0.6296296296296295,20.0,3.0,0.4,0.3,0.714,0.0,0.0,0.0,0.3,0.2,0.5,0.7,0.2,0.3,0.5,0.3,0.2,-1.1,0.6578947368421052,0.7499999999999999,,,,,,,,,,,,,,,,,,,,,0.6709287074295094,2024-25
203497,Rudy Gobert,1610612750,MIN,72.0,33.2,7.1,4.7,0.669,0.0,0.0,0.0,3.8,2.6,0.674,12.0,1.8,1.2,10.9,3.7,7.2,4.5,0.6839945280437756,0.6619718309859155,35.0,3.2,0.4,0.2,0.615,0.0,0.0,0.0,0.6,0.3,0.55,0.8,0.1,0.2,0.9,0.3,0.6,-1.1,0.6024096385542169,0.5,15.0,27.4,5.3,3.1,0.582,0.0,0.0,0.0,3.3,1.7,0.52,7.9,0.7,0.9,8.6,3.1,5.5,3.9,0.5850118483412323,0.5849056603773585,0.6129420278454256,2024-25
203500,Steven Adams,1610612745,HOU,58.0,13.7,2.9,1.6,0.545,0.0,0.0,0.0,1.6,0.7,0.462,3.9,1.1,0.9,5.6,2.9,2.8,3.0,0.5410654827968923,0.5517241379310345,16.0,0.5,0.1,0.0,0.0,0.0,0.0,0.0,0.1,0.0,0.0,0.0,0.0,0.1,0.3,0.3,0.0,-0.1,0.0,0.0,7.0,22.1,2.9,1.7,0.6,0.0,0.0,0.0,4.3,2.3,0.533,5.7,0.6,0.7,6.6,3.3,3.3,6.3,0.5947412353923206,0.5862068965517241,0.39099647402318893,2024-25
203501,Tim Hardaway Jr.,1610612765,DET,77.0,28.0,8.8,3.6,0.406,5.9,2.2,0.368,1.9,1.6,0.855,11.0,1.6,0.6,2.4,0.2,2.1,0.3,0.5707762557077625,0.5340909090909091,34.0,2.3,0.6,0.3,0.5,0.5,0.2,0.471,0.2,0.1,0.571,0.9,0.2,0.1,0.1,0.0,0.1,0.0,0.6540697674418605,0.6666666666666667,6.0,31.4,11.8,4.0,0.338,8.7,2.7,0.308,1.7,1.3,0.8,12.0,1.2,1.5,2.8,0.3,2.5,1.8,0.47816385081287854,0.45338983050847453,0.5590527389890936,2024-25
203507,Giannis Antetokounmpo,1610612749,MIL,67.0,34.2,19.7,11.8,0.601,0.9,0.2,0.222,10.6,6.5,0.617,30.4,6.5,3.1,11.9,2.2,9.7,5.0,0.6238712855032015,0.6040609137055838,29.0,4.0,2.1,1.0,0.467,0.1,0.1,0.5,1.3,0.9,0.676,2.9,0.8,0.2,1.8,0.5,1.3,2.2,0.5426646706586826,0.5,5.0,37.6,19.8,12.0,0.606,1.0,0.2,0.2,12.6,8.8,0.698,33.0,6.6,4.6,15.4,3.8,11.6,-7.0,0.6510416666666666,0.611111111111111,0.6210475029467107,2024-25
203552,Seth Curry,1610612766,CHA,68.0,15.6,5.0,2.4,0.478,2.7,1.2,0.456,0.6,0.5,0.846,6.5,0.9,0.5,1.7,0.4,1.3,-2.5,0.6174012158054711,0.6,16.0,0.9,0.1,0.0,0.0,0.1,0.0,0.0,0.0,0.0,0.0,0.0,0.1,0.0,0.0,0.0,0.0,-0.3,0.0,0.0,,,,,,,,,,,,,,,,,,,,,0.20780040526809038,2024-25
203897,Zach LaVine,1610612758,SAC,74.0,35.2,16.5,8.4,0.511,7.2,3.2,0.446,3.9,3.2,0.825,23.3,4.2,2.8,4.3,0.3,4.0,-0.9,0.6395476504172156,0.6060606060606061,31.0,3.7,1.6,0.5,0.347,0.6,0.2,0.35,0.7,0.6,0.783,1.9,0.2,0.4,0.6,0.1,0.5,-1.4,0.49790356394129975,0.37499999999999994,,,,,,,,,,,,,,,,,,,,,0.5548152291296538,2024-25
203901,Elfrid Payton,1610612740,NOP,24.0,21.3,5.1,1.7,0.328,0.3,0.0,0.167,0.3,0.2,0.571,3.5,6.9,2.5,3.3,0.6,2.7,-6.2,0.3344801223241591,0.33333333333333337,4.0,2.0,0.8,0.3,0.333,0.0,0.0,0.0,0.0,0.0,0.0,0.5,0.8,0.3,0.0,0.0,0.0,-2.0,0.3125,0.37499999999999994,,,,,,,,,,,,,,,,,,,,,0.3355129819481145,2024-25
203903,Jordan Clarkson,1610612762,UTA,37.0,26.0,13.3,5.4,0.408,6.3,2.3,0.362,3.9,3.1,0.797,16.2,3.7,2.3,3.2,0.7,2.5,-5.5,0.5394246137453382,0.4924812030075188,9.0,3.8,1.8,0.6,0.313,0.3,0.2,0.667,1.4,1.2,0.846,2.6,0.3,0.4,0.7,0.3,0.3,-1.9,0.5380794701986755,0.38888888888888884,,,,,,,,,,,,,,,,,,,,,0.552061685966345,2024-25
203914,Gary Harris,1610612753,ORL,48.0,14.8,2.8,1.1,0.383,2.1,0.8,0.356,0.3,0.1,0.583,3.0,0.6,0.4,1.3,0.4,0.9,1.8,0.5115961800818554,0.5357142857142857,7.0,2.2,0.0,0.0,0.0,0.0,0.0,0.0,0.0,0.0,0.0,0.0,0.3,0.0,0.3,0.1,0.1,0.7,,,5.0,16.5,1.6,0.6,0.375,1.2,0.2,0.167,0.0,0.0,0.0,1.4,0.6,0.0,1.0,0.2,0.8,-6.4,0.43749999999999994,0.43749999999999994,0.3040160300136425,2024-25
203915,Spencer Dinwiddie,1610612742,DAL,79.0,27.0,8.6,3.6,0.416,4.1,1.4,0.334,3.1,2.5,0.802,11.0,4.4,1.3,2.6,0.2,2.4,-2.8,0.5519871537535126,0.5,29.0,3.1,1.3,0.5,0.359,0.8,0.2,0.227,0.7,0.5,0.789,1.7,0.3,0.2,0.4,0.0,0.4,0.7,0.5286069651741293,0.4615384615384615,,,,,,,,,,,,,,,,,,,,,0.5515166404352668,2024-25
203924,Jerami Grant,1610612757,POR,47.0,32.4,12.2,4.6,0.373,6.3,2.3,0.365,3.5,3.0,0.849,14.4,2.1,1.4,3.5,0.6,2.9,-4.3,0.5240174672489084,0.4713114754098361,21.0,2.8,1.0,0.4,0.429,0.5,0.1,0.2,0.4,0.3,0.75,1.2,0.1,0.2,0.5,0.2,0.3,0.2,0.5102040816326531,0.45,,,,,,,,,,,,,,,,,,,,,0.5230052648155417,2024-25
203932,Aaron Gordon,1610612743,DEN,51.0,28.4,9.7,5.2,0.531,3.4,1.5,0.436,3.5,2.8,0.81,14.7,3.2,1.4,4.8,1.6,3.3,5.9,0.653914590747331,0.6134020618556701,20.0,4.4,1.0,0.5,0.526,0.6,0.3,0.417,1.1,0.9,0.81,2.1,0.5,0.0,0.7,0.4,0.3,2.1,0.7075471698113208,0.65,14.0,37.3,11.9,5.8,0.485,4.1,1.6,0.379,3.6,3.1,0.86,16.2,2.7,1.9,7.6,3.6,4.0,1.6,0.6007119549095223,0.5546218487394957,0.6555000775325426,2024-25
203935,Marcus Smart,1610612764,WAS,34.0,20.0,7.6,3.0,0.393,4.1,1.4,0.348,2.1,1.6,0.761,9.0,3.2,1.6,2.1,0.5,1.6,1.2,0.5279211637728767,0.48684210526315796,11.0,2.2,0.6,0.2,0.286,0.4,0.0,0.0,0.8,0.5,0.667,0.9,0.3,0.0,0.5,0.0,0.5,-1.0,0.47268907563025214,0.33333333333333337,,,,,,,,,,,,,,,,,,,,,0.4989945085188602,2024-25
203937,Kyle Anderson,1610612748,MIA,61.0,16.4,5.0,2.3,0.469,1.1,0.4,0.357,1.1,0.8,0.738,5.9,2.4,0.6,3.4,0.9,2.5,-0.4,0.537928519328957,0.5,16.0,2.1,0.5,0.3,0.625,0.1,0.1,0.5,0.4,0.4,1.0,1.1,0.3,0.0,0.4,0.1,0.3,0.0,0.8136094674556213,0.7,2.0,7.0,1.0,0.0,0.0,0.0,0.0,0.0,0.0,0.0,0.0,0.0,0.5,0.5,0.5,0.0,0.5,-13.5,0.0,0.0,0.3708579090380333,2024-25
203939,Dwight Powell,1610612742,DAL,55.0,10.0,1.1,0.8,0.689,0.1,0.0,0.4,0.8,0.5,0.651,2.1,1.0,0.3,2.1,0.9,1.3,-0.3,0.7231404958677685,0.7272727272727273,3.0,0.5,0.0,0.0,0.0,0.0,0.0,0.0,0.0,0.0,0.0,0.0,0.0,0.3,0.0,0.0,0.0,-1.0,,,,,,,,,,,,,,,,,,,,,,,0.24104683195592283,2024-25
203944,Julius Randle,1610612750,MIN,69.0,32.3,13.6,6.6,0.485,4.6,1.6,0.344,4.9,3.9,0.806,18.7,4.7,2.8,7.1,2.1,5.0,2.4,0.5934247270880934,0.5441176470588235,34.0,3.7,0.9,0.4,0.467,0.2,0.1,0.333,0.6,0.5,0.81,1.4,0.3,0.3,0.6,0.2,0.4,-0.9,0.6013745704467353,0.5,15.0,35.6,15.3,7.7,0.502,5.2,2.0,0.385,5.0,4.4,0.88,21.7,4.9,3.3,5.9,1.8,4.1,2.7,0.62,0.5686274509803921,0.6159799583885975,2024-25
203952,Andrew Wiggins,1610612748,MIA,60.0,30.7,14.0,6.3,0.448,5.8,2.2,0.374,4.3,3.3,0.763,18.0,2.6,1.7,4.5,1.5,3.0,-1.7,0.5663226780770199,0.5285714285714286,32.0,3.0,1.2,0.5,0.395,0.5,0.2,0.4,0.4,0.3,0.846,1.5,0.2,0.2,0.3,0.2,0.2,-0.1,0.5450581395348838,0.5,4.0,30.6,10.8,4.0,0.372,5.0,1.8,0.35,2.5,1.8,0.7,11.5,2.3,2.8,3.3,1.0,2.3,-20.0,0.4831932773109244,0.4537037037037037,0.526241226750743,2024-25
203954,Joel Embiid,1610612755,PHI,19.0,30.2,16.6,7.4,0.444,4.1,1.2,0.299,8.9,7.8,0.882,23.8,4.5,3.3,8.2,1.9,6.3,-3.0,0.5800350945603431,0.48192771084337344,7.0,2.9,1.7,0.6,0.333,0.1,0.0,0.0,1.3,1.0,0.778,2.1,0.3,0.6,1.0,0.1,0.9,-0.4,0.46214788732394363,0.35294117647058826,,,,,,,,,,,,,,,,,,,,,0.5116845869242148,2024-25
203957,Danté Exum,1610612742,DAL,20.0,18.6,6.7,3.2,0.478,2.7,1.2,0.434,1.6,1.2,0.742,8.7,2.8,1.1,1.7,0.2,1.5,-2.4,0.5875202593192869,0.5671641791044776,6.0,1.4,0.3,0.2,0.5,0.0,0.0,0.0,0.3,0.3,1.0,0.7,0.0,0.2,0.0,0.0,0.0,2.3,0.8101851851851851,0.6666666666666667,,,,,,,,,,,,,,,,,,,,,0.740441155169516,2024-25
203967,Dario Šarić,1610612743,DEN,16.0,13.1,3.6,1.3,0.362,1.6,0.4,0.269,0.6,0.4,0.7,3.5,1.4,0.9,3.1,0.9,2.3,-3.1,0.4528985507246377,0.41666666666666663,2.0,1.3,1.0,0.5,0.5,1.0,0.5,0.5,0.0,0.0,0.0,1.5,0.0,0.5,0.5,0.0,0.5,-2.5,0.75,0.75,,,,,,,,,,,,,,,,,,,,,0.678743961344941,2024-25
203991,Clint Capela,1610612737,ATL,55.0,21.4,7.1,4.0,0.559,0.0,0.0,0.0,1.8,0.9,0.536,8.9,1.1,0.9,8.5,3.2,5.4,-1.4,0.56386213887481,0.5633802816901409,17.0,2.1,0.6,0.4,0.7,0.0,0.0,0.0,0.2,0.2,0.75,1.0,0.1,0.1,0.4,0.2,0.2,-0.1,0.7267441860465117,0.6666666666666667,,,,,,,,,,,,,,,,,,,,,0.680900874546773,2024-25
203992,Bogdan Bogdanović,1610612746,LAC,54.0,25.0,9.1,3.9,0.427,5.4,1.9,0.363,1.2,1.1,0.879,10.8,2.7,1.4,2.9,0.4,2.5,2.0,0.5608641462401329,0.532967032967033,22.0,1.9,0.5,0.2,0.333,0.4,0.1,0.333,0.0,0.0,0.0,0.5,0.0,0.1,0.2,0.0,0.1,0.2,0.5,0.5,7.0,16.8,6.3,2.3,0.364,3.4,1.0,0.292,1.0,0.9,0.857,6.4,2.1,1.6,2.9,0.7,2.1,2.4,0.47477744807121663,0.4444444444444444,0.5030272539028655,2024-25
203994,Jusuf Nurkić,1610612766,CHA,51.0,20.8,6.9,3.3,0.477,2.1,0.6,0.305,2.5,1.7,0.664,8.9,2.3,1.9,7.8,1.7,6.1,-3.6,0.55625,0.5217391304347825,10.0,2.5,0.2,0.2,1.0,0.0,0.0,0.0,0.8,0.7,0.875,1.1,0.0,0.1,0.7,0.3,0.4,2.4,0.9963768115942029,1.0,,,,,,,,,,,,,,,,,,,,,0.8525664251203529,2024-25
203995,Vasilije Micic,1610612756,PHX,41.0,19.1,6.7,2.3,0.348,3.0,1.1,0.36,1.0,0.8,0.829,6.6,3.1,1.9,2.2,0.5,1.7,-3.0,0.46218487394957974,0.42537313432835816,12.0,1.9,0.8,0.3,0.4,0.7,0.2,0.25,0.2,0.1,0.5,0.9,0.2,0.3,0.0,0.0,0.0,-2.4,0.5067567567567568,0.5,,,,,,,,,,,,,,,,,,,,,0.5038397609933783,2024-25
203999,Nikola Jokić,1610612743,DEN,70.0,36.7,19.5,11.2,0.576,4.7,2.0,0.417,6.4,5.2,0.8,29.6,10.2,3.3,12.7,2.9,9.9,8.5,0.6632012905538628,0.6256410256410256,33.0,4.2,2.7,1.5,0.562,0.4,0.2,0.429,1.4,1.0,0.723,4.2,1.1,0.5,1.5,0.5,1.0,1.8,0.6332931242460796,0.5925925925925926,14.0,40.2,19.1,9.4,0.489,5.1,1.9,0.38,7.2,5.6,0.772,26.2,8.0,3.9,12.7,2.1,10.6,-0.8,0.5882881264594934,0.5418848167539266,0.6296214735828608,2024-25
204001,Kristaps Porziņģis,1610612738,BOS,42.0,28.8,13.7,6.6,0.483,6.0,2.5,0.412,4.7,3.8,0.809,19.5,2.1,1.3,6.8,1.6,5.1,4.1,0.6183409436834095,0.572992700729927,13.0,2.8,0.8,0.5,0.636,0.4,0.2,0.4,0.6,0.4,0.625,1.6,0.2,0.1,0.5,0.2,0.4,1.9,0.7518796992481203,0.7499999999999999,11.0,21.0,7.2,2.3,0.316,2.4,0.4,0.154,4.1,2.8,0.689,7.7,0.7,0.9,4.6,1.9,2.7,0.6,0.42758773878276324,0.3472222222222222,0.5733166758126245,2024-25
204456,T.J. McConnell,1610612754,IND,79.0,17.9,7.9,4.1,0.519,0.6,0.2,0.306,1.0,0.7,0.74,9.1,4.4,1.4,2.4,0.6,1.9,-0.7,0.5455635491606714,0.531645569620253,10.0,3.1,0.9,0.5,0.556,0.1,0.0,0.0,1.2,0.9,0.75,1.9,0.6,0.0,0.5,0.0,0.5,1.2,0.665266106442577,0.5555555555555556,23.0,17.5,7.6,4.1,0.537,0.8,0.3,0.421,1.2,1.0,0.815,9.5,4.0,1.9,3.3,0.5,2.7,-1.5,0.5843996062992126,0.5592105263157895,0.6162748352190929,2024-25
1626145,Tyus Jones,1610612756,PHX,81.0,26.8,8.4,3.8,0.448,5.0,2.0,0.414,0.7,0.6,0.895,10.2,5.3,1.1,2.4,0.5,1.9,-1.1,0.5856683509416628,0.5714285714285714,31.0,2.4,0.5,0.2,0.313,0.3,0.1,0.375,0.1,0.1,1.0,0.5,0.3,0.0,0.4,0.1,0.3,-0.5,0.45955882352941174,0.5,,,,,,,,,,,,,,,,,,,,,0.5075477136185012,2024-25
1626153,Delon Wright,1610612752,NYK,40.0,15.9,3.3,1.1,0.344,1.8,0.5,0.274,0.6,0.4,0.6,3.1,1.9,0.6,1.7,0.7,1.0,0.0,0.43490460157126826,0.4090909090909091,4.0,2.2,0.5,0.3,0.5,0.3,0.0,0.0,0.0,0.0,0.0,0.5,0.0,0.0,0.3,0.3,0.0,-2.0,0.5,0.6,6.0,8.0,1.5,0.3,0.222,1.0,0.2,0.167,0.3,0.3,1.0,1.2,0.8,0.2,0.3,0.2,0.2,1.8,0.3676470588235294,0.26666666666666666,0.4381258114872332,2024-25
1626156,D'Angelo Russell,1610612751,BKN,58.0,25.5,11.0,4.3,0.39,6.2,1.9,0.314,2.5,2.1,0.834,12.6,5.1,1.9,2.8,0.3,2.4,0.0,0.5206611570247934,0.4772727272727273,24.0,1.9,0.8,0.3,0.35,0.4,0.1,0.333,0.3,0.3,0.857,1.0,0.5,0.3,0.2,0.0,0.2,-1.0,0.5364806866952789,0.43749999999999994,,,,,,,,,,,,,,,,,,,,,0.5384802374105165,2024-25
1626157,Karl-Anthony Towns,1610612752,NYK,72.0,35.0,16.9,8.9,0.526,4.7,2.0,0.42,5.7,4.7,0.829,24.4,3.1,2.7,12.8,2.9,9.8,5.3,0.6286067600989284,0.5857988165680474,26.0,5.0,1.3,0.7,0.543,0.5,0.2,0.357,0.2,0.1,0.75,1.8,0.3,0.2,1.2,0.2,1.0,0.5,0.648414985590778,0.6153846153846153,18.0,35.5,15.8,7.7,0.488,4.1,1.4,0.351,5.4,4.6,0.845,21.4,1.3,2.2,11.6,2.1,9.5,1.1,0.58868838028169,0.5316455696202531,0.6229426197127782,2024-25
1626158,Richaun Holmes,1610612764,WAS,31.0,17.2,4.5,2.9,0.647,0.1,0.0,0.0,1.9,1.6,0.833,7.4,1.4,0.7,5.7,2.0,3.7,-1.2,0.6934032983508246,0.6444444444444444,5.0,2.0,0.2,0.0,0.0,0.2,0.0,0.0,0.2,0.2,1.0,0.2,0.0,0.0,0.4,0.0,0.4,1.0,0.3472222222222222,0.0,,,,,,,,,,,,,,,,,,,,,0.46706035870854645,2024-25
1626162,Kelly Oubre Jr.,1610612755,PHI,60.0,34.6,12.4,5.8,0.47,4.0,1.2,0.293,3.1,2.3,0.751,15.1,1.8,1.3,6.1,1.6,4.5,-4.3,0.548532403371113,0.5161290322580645,28.0,3.8,1.0,0.4,0.407,0.3,0.2,0.556,0.5,0.3,0.643,1.3,0.1,0.1,0.5,0.4,0.1,-0.1,0.5327868852459017,0.5,,,,,,,,,,,,,,,,,,,,,0.5460999074160207,2024-25
1626164,Devin Booker,1610612756,PHX,75.0,37.3,18.9,8.7,0.461,7.3,2.4,0.332,6.4,5.8,0.894,25.6,7.1,2.9,4.1,1.0,3.1,-2.4,0.5894271504881194,0.5238095238095237,37.0,3.0,1.5,0.5,0.333,0.7,0.1,0.185,0.9,0.7,0.818,1.9,0.5,0.1,0.4,0.2,0.3,0.3,0.5010548523206751,0.3666666666666667,,,,,,,,,,,,,,,,,,,,,0.5384487929792446,2024-25
1626166,Cameron Payne,1610612752,NYK,72.0,15.1,6.2,2.5,0.401,3.6,1.3,0.363,0.8,0.7,0.907,6.9,2.8,0.7,1.4,0.2,1.3,2.8,0.5265567765567766,0.5080645161290323,7.0,1.4,0.7,0.0,0.0,0.4,0.0,0.0,0.3,0.1,0.5,0.1,0.1,0.0,0.0,0.0,0.0,0.6,0.060096153846153855,0.0,14.0,7.3,2.6,0.9,0.324,1.5,0.4,0.238,0.2,0.1,0.333,2.1,0.6,0.5,0.6,0.0,0.6,-0.5,0.390625,0.4230769230769231,0.31439433662033817,2024-25
1626167,Myles Turner,1610612754,IND,72.0,30.2,11.3,5.4,0.481,5.5,2.2,0.396,3.3,2.6,0.773,15.6,1.5,1.7,6.5,1.3,5.3,2.8,0.6116687578419071,0.5752212389380531,29.0,3.7,0.8,0.4,0.522,0.5,0.3,0.533,0.4,0.3,0.692,1.4,0.1,0.2,0.8,0.2,0.6,1.7,0.7172131147540982,0.6875,23.0,29.3,9.5,4.6,0.484,3.9,1.3,0.344,4.2,3.2,0.771,13.8,1.4,1.7,4.8,1.2,3.6,2.3,0.6080366584420162,0.5526315789473685,0.6521138064630979,2024-25
1626168,Trey Lyles,1610612758,SAC,69.0,19.6,5.4,2.3,0.42,3.4,1.2,0.34,1.2,0.8,0.7,6.5,1.2,0.6,4.6,1.2,3.4,-1.0,0.5482456140350876,0.537037037037037,21.0,2.1,0.4,0.2,0.444,0.2,0.0,0.2,0.1,0.0,0.333,0.5,0.0,0.0,0.4,0.2,0.2,-0.7,0.5630630630630631,0.5,,,,,,,,,,,,,,,,,,,,,0.565531320793107,2024-25
1626171,Bobby Portis,1610612749,MIL,49.0,25.4,12.1,5.7,0.466,3.6,1.3,0.365,1.5,1.2,0.836,13.9,2.1,1.2,8.4,1.8,6.6,1.9,0.5446708463949843,0.5247933884297521,15.0,3.2,1.1,0.3,0.313,0.5,0.1,0.25,0.1,0.1,1.0,0.9,0.0,0.0,0.7,0.1,0.6,-0.4,0.39335664335664333,0.3181818181818181,5.0,31.7,13.6,6.0,0.441,5.6,2.0,0.357,0.2,0.0,0.0,14.0,1.4,1.2,8.2,1.6,6.6,2.0,0.5113968439509059,0.5147058823529412,0.4866866865836558,2024-25
1626172,Kevon Looney,1610612744,GSW,76.0,15.0,3.7,1.9,0.514,0.1,0.0,0.4,1.3,0.7,0.566,4.5,1.6,0.5,6.1,2.4,3.6,1.5,0.5266853932584269,0.5135135135135135,26.0,1.5,0.2,0.1,0.6,0.0,0.0,0.0,0.1,0.0,0.0,0.2,0.2,0.0,0.8,0.3,0.4,0.8,0.4098360655737705,0.5,12.0,10.0,1.9,0.8,0.435,0.0,0.0,0.0,0.7,0.5,0.75,2.2,0.3,0.2,3.6,1.4,2.2,-2.0,0.49818840579710155,0.4210526315789474,0.4788925290368232,2024-25
1626179,Terry Rozier,1610612748,MIA,64.0,25.9,9.9,3.9,0.391,4.8,1.4,0.295,1.7,1.4,0.852,10.6,2.6,1.2,3.7,0.7,3.0,-2.2,0.4977460555972953,0.4646464646464646,26.0,4.0,1.0,0.3,0.269,0.8,0.2,0.3,0.3,0.3,0.875,1.0,0.2,0.1,0.2,0.1,0.1,-0.8,0.4416961130742049,0.4,,,,,,,,,,,,,,,,,,,,,0.4704804373485582,2024-25
1626181,Norman Powell,1610612746,LAC,60.0,32.6,15.8,7.6,0.484,7.1,3.0,0.418,4.4,3.6,0.804,21.8,2.1,1.8,3.2,0.4,2.8,5.9,0.6145692377086153,0.5759493670886076,24.0,3.8,1.6,0.9,0.538,0.6,0.3,0.5,1.3,1.1,0.871,3.2,0.1,0.2,0.4,0.0,0.4,1.0,0.7366482504604052,0.65625,7.0,34.0,12.7,6.0,0.472,5.7,2.0,0.35,2.6,2.0,0.778,16.0,2.4,1.7,2.4,0.1,2.3,-4.1,0.5778676683039584,0.5511811023622047,0.6470380395347236,2024-25
1626192,Pat Connaughton,1610612749,MIL,41.0,14.7,4.3,2.0,0.469,2.0,0.6,0.321,0.8,0.6,0.774,5.3,1.7,0.6,2.7,0.5,2.2,-0.3,0.5696474634565778,0.5348837209302325,7.0,1.9,1.6,0.9,0.545,0.9,0.3,0.333,0.4,0.3,0.667,2.3,0.1,0.0,0.4,0.0,0.4,0.9,0.6475225225225225,0.65625,3.0,4.6,2.7,0.7,0.25,1.3,0.3,0.25,0.7,0.3,0.5,2.0,0.3,0.3,0.7,0.0,0.7,-3.3,0.3324468085106383,0.31481481481481477,0.5142147913225177,2024-25
1626196,Josh Richardson,1610612748,MIA,8.0,18.7,4.8,1.4,0.289,2.8,0.8,0.273,0.5,0.5,1.0,4.0,1.5,1.0,1.5,0.8,0.8,-3.9,0.39840637450199207,0.375,1.0,0.7,0.0,0.0,0.0,0.0,0.0,0.0,0.0,0.0,0.0,0.0,0.0,0.0,0.0,0.0,0.0,-4.0,,,,,,,,,,,,,,,,,,,,,,,0.13280212483399736,2024-25
1626204,Larry Nance Jr.,1610612737,ATL,24.0,19.3,6.5,3.3,0.516,3.2,1.4,0.447,0.5,0.4,0.692,8.5,1.6,0.7,4.3,1.0,3.3,-4.0,0.6324404761904762,0.6153846153846154,4.0,4.3,1.8,1.3,0.714,0.3,0.3,1.0,0.0,0.0,0.0,2.8,0.3,0.0,1.8,0.5,1.3,-1.0,0.7777777777777777,0.8055555555555555,,,,,,,,,,,,,,,,,,,,,0.7570243182700579,2024-25
1626220,Royce O'Neale,1610612756,PHX,75.0,24.5,7.6,3.2,0.423,5.9,2.4,0.406,0.3,0.3,0.731,9.1,2.2,0.9,4.7,0.7,3.9,-2.1,0.5884635281945163,0.5789473684210527,29.0,2.8,0.6,0.3,0.444,0.5,0.2,0.467,0.0,0.0,0.0,0.8,0.3,0.0,0.4,0.1,0.3,-0.5,0.6666666666666667,0.6666666666666667,,,,,,,,,,,,,,,,,,,,,0.648493690683683,2024-25
1627732,Ben Simmons,1610612746,LAC,51.0,22.0,4.4,2.3,0.52,0.0,0.0,0.0,0.6,0.5,0.727,5.0,5.6,2.0,4.7,0.9,3.8,-1.1,0.5360205831903945,0.5227272727272726,8.0,3.2,0.4,0.3,0.667,0.0,0.0,0.0,0.0,0.0,0.0,0.5,0.5,0.0,0.9,0.0,0.9,1.9,0.625,0.7499999999999999,5.0,8.3,1.2,0.4,0.333,0.0,0.0,0.0,0.0,0.0,0.0,0.8,0.8,0.4,1.4,0.6,0.8,1.4,0.33333333333333337,0.33333333333333337,0.4734276729539087,2024-25
1627734,Domantas Sabonis,1610612758,SAC,70.0,34.7,12.8,7.5,0.59,2.2,0.9,0.417,4.1,3.1,0.754,19.1,6.0,2.9,13.9,3.8,10.1,2.1,0.6539304300191728,0.62109375,35.0,3.9,0.8,0.7,0.793,0.2,0.1,0.833,0.5,0.4,0.765,1.8,0.3,0.2,1.5,0.6,0.9,1.1,0.8823529411764706,0.9375,,,,,,,,,,,,,,,,,,,,,0.8124621041235498,2024-25
1627736,Malik Beasley,1610612765,DET,82.0,27.8,13.1,5.6,0.43,9.3,3.9,0.416,1.7,1.2,0.679,16.3,1.7,1.0,2.6,0.6,2.0,2.1,0.5885326400924322,0.5763358778625954,41.0,2.5,0.9,0.4,0.421,0.7,0.3,0.448,0.4,0.3,0.706,1.4,0.1,0.0,0.2,0.0,0.2,-0.5,0.6505576208178437,0.6111111111111112,6.0,27.2,12.5,4.7,0.373,9.8,3.3,0.339,1.3,1.3,1.0,14.0,1.2,1.2,2.5,0.2,2.3,-2.3,0.5354957160342717,0.508,0.5895594006455982,2024-25
1627739,Kris Dunn,1610612746,LAC,74.0,24.1,5.9,2.6,0.439,3.0,1.0,0.335,0.3,0.2,0.682,6.4,2.8,1.0,3.4,0.7,2.7,3.5,0.5305039787798409,0.5254237288135593,24.0,2.7,0.5,0.1,0.154,0.3,0.0,0.125,0.0,0.0,1.0,0.3,0.3,0.2,0.6,0.2,0.5,-0.1,0.3,0.2,7.0,21.9,6.3,2.4,0.386,4.0,1.4,0.357,0.0,0.0,0.0,6.3,1.3,0.1,3.4,1.4,2.0,-1.1,0.5,0.49206349206349204,0.4468919060663902,2024-25
1627741,Buddy Hield,1610612744,GSW,82.0,22.7,9.6,4.0,0.417,6.7,2.5,0.37,0.8,0.6,0.828,11.1,1.6,1.1,3.2,0.6,2.6,1.7,0.557676848874598,0.546875,31.0,1.4,0.5,0.2,0.357,0.3,0.1,0.222,0.3,0.3,1.0,0.7,0.0,0.0,0.2,0.1,0.2,1.3,0.5537974683544303,0.5,12.0,27.3,10.4,4.3,0.416,6.4,2.8,0.429,1.2,1.1,0.929,12.5,1.8,1.1,3.5,1.5,2.0,0.6,0.5719253294289897,0.548076923076923,0.5687162956445287,2024-25
1627742,Brandon Ingram,1610612761,TOR,18.0,33.1,18.5,8.6,0.465,6.4,2.4,0.374,3.1,2.6,0.855,22.2,5.2,3.8,5.6,0.9,4.6,-7.1,0.5587998389045509,0.5297297297297296,7.0,4.0,2.0,1.0,0.5,0.3,0.1,0.5,0.6,0.3,0.5,2.4,0.6,0.4,0.6,0.1,0.4,1.3,0.5300353356890458,0.525,,,,,,,,,,,,,,,,,,,,,0.5504343142377739,2024-25
1627747,Caris LeVert,1610612737,ATL,64.0,24.9,9.4,4.4,0.467,4.4,1.7,0.373,2.4,1.7,0.71,12.1,3.4,1.2,3.2,0.6,2.5,4.0,0.5786151491966335,0.5585106382978723,20.0,3.1,0.7,0.5,0.643,0.4,0.2,0.5,0.2,0.1,0.25,1.2,0.2,0.1,0.5,0.0,0.5,2.8,0.7614213197969544,0.8571428571428572,,,,,,,,,,,,,,,,,,,,,0.7079327381066935,2024-25
1627749,Dejounte Murray,1610612740,NOP,31.0,32.6,15.9,6.3,0.393,5.6,1.7,0.299,4.0,3.3,0.823,17.5,7.4,3.4,6.5,0.5,5.9,-6.7,0.49546998867497166,0.4496855345911949,11.0,4.3,2.6,1.1,0.414,0.5,0.2,0.333,0.5,0.4,0.8,2.7,0.5,0.1,1.0,0.1,0.9,0.5,0.4787234042553191,0.46153846153846156,,,,,,,,,,,,,,,,,,,,,0.5006578003187031,2024-25
1627750,Jamal Murray,1610612743,DEN,67.0,36.1,16.7,7.9,0.474,5.9,2.3,0.393,3.7,3.3,0.886,21.4,6.0,2.1,3.9,0.7,3.2,4.9,0.5838061981667394,0.5419161676646708,29.0,3.5,1.4,0.8,0.548,0.5,0.2,0.429,1.0,0.8,0.828,2.6,0.8,0.1,0.4,0.1,0.4,2.1,0.7065217391304348,0.6428571428571429,14.0,41.3,17.9,7.9,0.444,6.9,2.4,0.354,4.0,3.5,0.875,21.8,5.2,3.1,4.9,0.6,4.2,2.1,0.5544252288911495,0.5083798882681565,0.6184041273826083,2024-25
1627751,Jakob Poeltl,1610612761,TOR,57.0,29.6,10.2,6.4,0.627,0.1,0.0,0.333,2.5,1.7,0.674,14.5,2.8,1.9,9.6,3.3,6.3,-0.6,0.6415929203539824,0.627450980392157,18.0,3.1,0.4,0.2,0.375,0.0,0.0,0.0,0.6,0.4,0.636,0.7,0.1,0.2,0.9,0.4,0.6,-0.4,0.5271084337349397,0.5,,,,,,,,,,,,,,,,,,,,,0.5691914979016871,2024-25
1627752,Taurean Prince,1610612749,MIL,80.0,27.1,6.4,2.9,0.457,4.2,1.8,0.439,0.6,0.5,0.813,8.2,1.9,1.0,3.6,0.4,3.2,-0.3,0.6152460984393756,0.5937499999999999,29.0,2.5,0.5,0.2,0.333,0.3,0.1,0.25,0.3,0.3,1.0,0.7,0.1,0.1,0.4,0.1,0.3,0.7,0.5537974683544303,0.5,5.0,12.2,2.0,0.4,0.2,1.8,0.4,0.222,0.0,0.0,0.0,1.2,1.6,1.0,1.0,0.0,1.0,-6.0,0.3,0.30000000000000004,0.4449526725234853,2024-25
1627759,Jaylen Brown,1610612738,BOS,63.0,34.3,17.7,8.2,0.463,5.7,1.8,0.324,5.1,3.9,0.764,22.2,4.5,2.6,5.8,1.3,4.5,6.4,0.5565583634175693,0.5141242937853108,25.0,3.9,1.8,0.9,0.511,0.8,0.4,0.474,0.8,0.5,0.65,2.7,0.3,0.3,0.6,0.1,0.5,2.2,0.6273234200743495,0.6111111111111112,11.0,36.6,17.7,7.8,0.441,5.7,1.9,0.333,6.0,4.5,0.758,22.1,3.9,3.5,7.1,1.2,5.9,5.5,0.5432645034414947,0.4943502824858757,0.5836692771733079,2024-25
1627763,Malcolm Brogdon,1610612764,WAS,24.0,23.5,10.0,4.3,0.433,2.3,0.7,0.286,3.8,3.4,0.88,12.7,4.1,1.6,3.8,0.9,2.9,-5.0,0.5440370116518163,0.46499999999999997,6.0,2.8,1.0,0.3,0.333,0.2,0.0,0.0,0.7,0.5,0.75,1.2,0.7,0.0,0.5,0.0,0.5,-1.7,0.4587155963302752,0.3,,,,,,,,,,,,,,,,,,,,,0.4971560681031222,2024-25
1627777,Georges Niang,1610612737,ATL,79.0,21.5,7.8,3.6,0.461,5.2,2.1,0.406,0.7,0.6,0.793,9.9,1.4,1.0,3.4,0.6,2.8,2.5,0.6105081401085347,0.5961538461538463,23.0,1.9,0.4,0.1,0.2,0.3,0.0,0.0,0.1,0.1,0.667,0.3,0.1,0.0,0.3,0.0,0.3,0.0,0.33783783783783783,0.25,,,,,,,,,,,,,,,,,,,,,0.4338561437222844,2024-25
1627780,Gary Payton II,1610612744,GSW,62.0,15.0,4.8,2.8,0.574,1.5,0.5,0.326,0.6,0.4,0.711,6.5,1.3,0.6,3.0,0.9,2.1,0.7,0.641785150078989,0.6354166666666666,24.0,2.0,0.5,0.1,0.25,0.2,0.0,0.0,0.1,0.1,0.667,0.3,0.1,0.1,0.6,0.3,0.3,-0.5,0.275735294117647,0.2,11.0,16.4,4.3,1.9,0.447,2.1,0.8,0.391,0.0,0.0,0.0,4.6,1.5,0.5,2.2,0.9,1.3,-4.9,0.5348837209302325,0.5348837209302325,0.47673448351532655,2024-25
1627783,Pascal Siakam,1610612754,IND,78.0,32.7,15.2,7.9,0.519,4.2,1.6,0.389,3.9,2.9,0.734,20.2,3.4,1.4,6.9,1.7,5.2,4.0,0.5970678647434381,0.5723684210526316,33.0,4.1,1.3,0.6,0.488,0.5,0.2,0.353,0.4,0.3,0.714,1.8,0.4,0.2,0.6,0.1,0.5,1.6,0.6097560975609756,0.5384615384615384,23.0,33.5,14.8,7.6,0.513,3.6,1.5,0.427,5.3,3.8,0.713,20.5,3.4,1.3,6.3,1.3,5.0,4.5,0.5982955872052299,0.5641891891891891,0.6104637684918979,2024-25
1627824,Guerschon Yabusele,1610612755,PHI,70.0,27.1,8.0,4.0,0.501,3.9,1.5,0.38,2.0,1.4,0.725,11.0,2.1,1.2,5.6,1.9,3.7,-1.7,0.6193693693693693,0.59375,26.0,3.7,1.1,0.3,0.286,0.6,0.1,0.188,0.4,0.2,0.6,1.0,0.2,0.1,0.7,0.2,0.5,-1.2,0.39184952978056425,0.3181818181818181,,,,,,,,,,,,,,,,,,,,,0.4814394763084472,2024-25
1627826,Ivica Zubac,1610612746,LAC,80.0,32.8,11.8,7.4,0.628,0.0,0.0,0.0,3.0,2.0,0.661,16.8,2.7,1.6,12.6,3.8,8.9,6.4,0.6402439024390244,0.6271186440677966,33.0,3.4,0.8,0.5,0.571,0.0,0.0,0.0,0.6,0.4,0.65,1.4,0.1,0.1,1.2,0.4,0.8,0.0,0.6578947368421052,0.625,7.0,36.6,11.7,7.7,0.659,0.0,0.0,0.0,3.7,2.0,0.538,17.4,2.3,1.6,10.1,3.9,6.3,-2.6,0.6527611044417767,0.6581196581196582,0.6591657759244688,2024-25
1627827,Dorian Finney-Smith,1610612747,LAL,63.0,28.9,6.9,3.1,0.448,5.0,2.0,0.411,0.7,0.5,0.667,8.7,1.4,0.9,3.9,1.3,2.7,4.9,0.603496115427303,0.5942028985507245,29.0,3.5,0.7,0.2,0.25,0.5,0.1,0.133,0.2,0.2,0.714,0.6,0.2,0.1,0.5,0.1,0.4,0.2,0.3807106598984772,0.35714285714285715,5.0,33.9,5.8,2.4,0.414,3.8,1.4,0.368,0.0,0.0,0.0,6.2,2.6,1.0,4.2,2.0,2.2,-2.0,0.5344827586206897,0.5344827586206896,0.5048725460491493,2024-25
1627832,Fred VanVleet,1610612745,HOU,60.0,35.2,12.7,4.8,0.378,7.7,2.7,0.345,2.3,1.9,0.81,14.1,5.6,1.5,3.7,0.5,3.2,4.4,0.5141481913652275,0.48425196850393704,32.0,3.7,1.5,0.4,0.271,1.1,0.3,0.235,0.5,0.5,0.941,1.6,0.4,0.1,0.3,0.1,0.3,0.7,0.4651162790697675,0.3666666666666667,7.0,40.0,13.3,5.7,0.43,8.9,3.9,0.435,3.4,3.4,1.0,18.7,4.4,1.9,4.1,0.4,3.7,3.0,0.6319275479859421,0.575187969924812,0.5685049225315486,2024-25
1627884,Derrick Jones Jr.,1610612746,LAC,77.0,24.3,7.6,4.0,0.526,2.8,1.0,0.356,1.5,1.1,0.703,10.1,0.8,0.9,3.4,1.2,2.2,3.2,0.6113801452784503,0.5921052631578948,25.0,3.0,0.6,0.4,0.688,0.2,0.1,0.75,0.4,0.2,0.6,1.2,0.1,0.0,0.4,0.0,0.3,-1.3,0.7731958762886597,0.75,7.0,18.5,6.9,3.0,0.438,2.9,0.9,0.3,1.1,0.4,0.375,7.3,0.3,0.4,1.9,0.7,1.1,0.0,0.49431202600216684,0.5,0.6146793994847781,2024-25
1627936,Alex Caruso,1610612760,OKC,54.0,19.3,5.8,2.6,0.446,3.1,1.1,0.353,0.9,0.8,0.824,7.1,2.5,0.7,2.9,0.7,2.2,5.9,0.5729502905100065,0.5431034482758621,7.0,2.3,0.9,0.6,0.667,0.4,0.3,0.667,0.3,0.1,0.5,1.6,0.1,0.3,0.4,0.3,0.1,-0.7,0.7751937984496124,0.8333333333333333,23.0,24.4,7.0,3.1,0.45,3.9,1.6,0.411,1.7,1.3,0.795,9.2,2.2,0.8,2.7,0.7,2.0,4.6,0.5937016004130098,0.5571428571428572,0.6662576894846783,2024-25
1628366,Lonzo Ball,1610612741,CHI,35.0,22.2,6.9,2.5,0.366,5.6,1.9,0.344,0.8,0.6,0.815,7.6,3.3,1.2,3.4,0.7,2.7,2.9,0.5239933811362382,0.5,16.0,3.6,0.9,0.3,0.286,0.8,0.3,0.333,0.3,0.2,0.75,0.9,0.4,0.1,0.6,0.1,0.4,1.9,0.436046511627907,0.49999999999999994,,,,,,,,,,,,,,,,,,,,,0.47840561305632995,2024-25
1628368,De'Aaron Fox,1610612759,SAS,62.0,36.1,18.8,8.7,0.463,6.1,1.9,0.31,5.1,4.2,0.827,23.5,6.3,2.8,4.8,0.9,3.9,-1.1,0.5583539251092948,0.5132978723404255,32.0,3.6,2.2,1.0,0.465,0.7,0.3,0.381,1.0,0.8,0.839,3.1,0.5,0.3,0.4,0.1,0.3,0.5,0.5871212121212122,0.5227272727272726,,,,,,,,,,,,,,,,,,,,,0.5892342441095251,2024-25
1628369,Jayson Tatum,1610612738,BOS,72.0,36.4,20.3,9.2,0.452,10.1,3.5,0.343,6.1,5.0,0.814,26.8,6.0,2.9,8.7,0.7,8.0,7.4,0.5830142707970762,0.5394088669950738,30.0,4.3,2.5,1.1,0.427,1.0,0.2,0.194,1.1,0.7,0.656,3.0,0.8,0.3,0.9,0.0,0.9,1.3,0.5026809651474531,0.4800000000000001,8.0,40.2,21.9,9.3,0.423,9.8,3.6,0.372,6.8,6.0,0.889,28.1,5.4,3.3,11.5,1.1,10.4,9.6,0.5644383737747067,0.5068493150684933,0.559263824671371,2024-25
1628370,Malik Monk,1610612758,SAC,65.0,31.6,14.4,6.3,0.439,6.6,2.1,0.325,2.7,2.4,0.865,17.2,5.6,2.4,3.8,0.5,3.3,1.8,0.5517064408519373,0.5104166666666666,31.0,3.6,1.5,0.8,0.5,0.5,0.1,0.214,0.8,0.7,0.917,2.4,0.4,0.2,0.5,0.2,0.4,1.0,0.6479481641468682,0.5666666666666668,,,,,,,,,,,,,,,,,,,,,0.6262842563811678,2024-25
1628371,Jonathan Isaac,1610612753,ORL,71.0,15.4,4.6,1.9,0.414,2.1,0.5,0.258,1.5,1.0,0.682,5.4,0.6,0.5,4.4,1.7,2.7,-0.5,0.5133079847908746,0.4673913043478261,18.0,1.6,0.3,0.2,0.667,0.2,0.1,0.5,0.1,0.1,1.0,0.7,0.2,0.0,0.5,0.1,0.4,0.3,1.0174418604651163,0.8333333333333334,5.0,13.8,2.4,1.4,0.583,0.8,0.2,0.25,1.0,0.6,0.6,3.6,0.4,0.4,2.0,1.0,1.0,-2.2,0.6338028169014085,0.625,0.7481217651999059,2024-25
1628374,Lauri Markkanen,1610612762,UTA,47.0,31.4,14.9,6.3,0.423,8.5,2.9,0.346,3.9,3.4,0.876,19.0,1.5,1.4,5.9,1.5,4.4,-4.0,0.571738083774675,0.5201342281879194,18.0,3.9,1.6,0.5,0.321,0.8,0.2,0.214,1.1,0.9,0.842,2.1,0.1,0.2,0.4,0.1,0.3,-2.5,0.5038387715930902,0.37499999999999994,,,,,,,,,,,,,,,,,,,,,0.5372101306864548,2024-25
1628378,Donovan Mitchell,1610612739,CLE,71.0,31.4,18.6,8.2,0.443,8.9,3.3,0.368,5.1,4.2,0.823,24.0,5.0,2.1,4.5,0.8,3.7,7.4,0.5757052389176741,0.5295698924731183,31.0,2.9,1.9,0.7,0.367,1.0,0.4,0.367,1.4,1.1,0.786,2.8,0.3,0.3,0.5,0.1,0.3,1.5,0.5564387917329093,0.47368421052631576,9.0,32.0,21.6,9.6,0.443,9.3,3.1,0.333,9.9,7.3,0.742,29.6,3.9,1.9,4.7,1.2,3.4,5.0,0.5701957158267837,0.5162037037037037,0.5767433820735324,2024-25
1628379,Luke Kennard,1610612763,MEM,65.0,22.6,6.6,3.2,0.478,4.0,1.7,0.433,0.9,0.8,0.895,8.9,3.3,1.1,2.8,0.6,2.2,1.9,0.6360777587192682,0.6136363636363636,17.0,2.1,0.5,0.3,0.556,0.4,0.2,0.571,0.1,0.1,1.0,0.9,0.1,0.0,0.1,0.0,0.1,1.2,0.8272058823529411,0.8,4.0,20.0,4.5,2.0,0.444,2.3,0.5,0.222,0.0,0.0,0.0,4.5,2.0,1.5,3.5,0.5,3.0,-4.5,0.5,0.5,0.6393240114788015,2024-25
1628380,Zach Collins,1610612741,CHI,64.0,15.3,4.7,2.4,0.507,1.7,0.5,0.302,1.2,1.1,0.885,6.4,1.7,0.9,4.5,1.6,2.9,-0.5,0.6120887528691661,0.5638297872340425,8.0,2.9,0.3,0.3,1.0,0.0,0.0,0.0,0.3,0.1,0.5,0.6,0.4,0.3,0.6,0.3,0.4,3.6,0.6944444444444444,1.0,,,,,,,,,,,,,,,,,,,,,0.6733755259747312,2024-25
1628381,John Collins,1610612762,UTA,40.0,30.5,13.3,7.0,0.527,3.7,1.5,0.399,4.1,3.5,0.848,19.0,2.0,2.6,8.2,2.2,6.0,-0.4,0.6289724576271186,0.5827067669172932,14.0,4.2,1.1,0.4,0.4,0.4,0.2,0.6,0.6,0.6,1.0,1.6,0.1,0.4,1.4,0.6,0.7,-2.2,0.5865102639296188,0.45454545454545453,,,,,,,,,,,,,,,,,,,,,0.6089350051865596,2024-25
1628384,OG Anunoby,1610612752,NYK,74.0,36.6,13.9,6.6,0.476,6.2,2.3,0.372,3.1,2.5,0.81,18.0,2.2,1.4,4.8,1.3,3.5,4.1,0.5896226415094339,0.5575539568345323,23.0,5.3,1.6,0.6,0.378,0.7,0.1,0.2,0.3,0.2,0.571,1.5,0.2,0.1,0.9,0.3,0.6,0.0,0.4330254041570438,0.40625,18.0,39.2,13.7,5.7,0.417,6.7,2.3,0.339,3.2,2.6,0.81,16.3,1.3,1.7,4.6,1.3,3.3,-2.0,0.5394492983849617,0.5,0.5238476821958128,2024-25
1628386,Jarrett Allen,1610612739,CLE,82.0,28.0,7.8,5.5,0.706,0.1,0.0,0.0,3.4,2.4,0.718,13.5,1.9,1.2,9.7,2.6,7.1,6.3,0.7261187607573151,0.7051282051282052,28.0,2.9,0.4,0.3,0.75,0.0,0.0,0.0,0.6,0.3,0.563,1.0,0.2,0.2,1.0,0.2,0.8,2.0,0.753012048192771,0.7499999999999999,9.0,29.0,6.8,4.9,0.721,0.0,0.0,0.0,3.9,3.7,0.943,13.4,1.3,1.9,8.4,2.3,6.1,8.1,0.7867543447627995,0.7205882352941178,0.7705291870327569,2024-25
1628389,Bam Adebayo,1610612748,MIA,78.0,34.3,14.3,6.9,0.485,2.8,1.0,0.357,4.2,3.2,0.765,18.1,4.3,2.1,9.6,2.4,7.2,0.3,0.5604409214763438,0.5174825174825175,40.0,4.7,1.9,1.0,0.52,0.3,0.1,0.25,0.4,0.2,0.4,2.2,0.4,0.2,1.0,0.4,0.7,-1.5,0.5298651252408478,0.5526315789473685,4.0,38.4,16.0,7.0,0.438,5.3,1.8,0.333,2.8,1.8,0.636,17.5,4.3,3.0,11.0,4.0,7.0,-18.3,0.5077762302692665,0.49375,0.5372033570800906,2024-25
1628392,Isaiah Hartenstein,1610612760,OKC,57.0,27.9,8.4,4.9,0.581,0.3,0.0,0.0,2.1,1.4,0.675,11.2,3.8,1.7,10.7,2.9,7.9,7.3,0.6006006006006006,0.5833333333333334,14.0,3.0,0.6,0.4,0.625,0.0,0.0,0.0,0.9,0.6,0.667,1.3,0.4,0.1,0.9,0.2,0.7,2.4,0.6526104417670683,0.6666666666666667,23.0,22.4,5.8,3.6,0.619,0.0,0.0,0.0,1.3,0.9,0.667,8.1,2.2,1.2,7.5,2.7,4.8,1.5,0.635593220338983,0.6206896551724138,0.6425763813339544,2024-25
1628398,Kyle Kuzma,1610612749,MIL,65.0,29.8,13.0,5.7,0.436,4.8,1.5,0.307,3.1,2.0,0.634,14.8,2.3,2.2,5.7,0.8,4.9,-6.4,0.5151768309663046,0.49615384615384617,25.0,2.1,0.7,0.2,0.333,0.3,0.1,0.429,0.2,0.2,0.8,0.8,0.1,0.1,0.4,0.0,0.4,0.0,0.5076142131979696,0.35714285714285715,5.0,20.4,7.0,2.4,0.343,2.0,0.4,0.2,1.2,0.6,0.5,5.8,0.8,0.6,2.2,0.6,1.6,-8.6,0.38522848034006374,0.37142857142857144,0.4530663984479404,2024-25
1628401,Derrick White,1610612738,BOS,76.0,33.9,12.6,5.6,0.442,9.1,3.5,0.384,2.1,1.8,0.839,16.4,4.8,1.7,4.5,0.9,3.6,7.1,0.6063294883170659,0.5833333333333334,29.0,4.1,1.0,0.6,0.567,0.9,0.5,0.56,0.5,0.4,0.867,2.1,0.5,0.2,0.5,0.2,0.3,1.9,0.8606557377049181,0.85,11.0,37.8,13.4,6.2,0.463,9.5,3.6,0.385,3.3,2.8,0.861,18.8,3.5,1.2,5.1,1.3,3.8,1.9,0.6329113924050633,0.5970149253731343,0.7123323647595601,2024-25
1628404,Josh Hart,1610612752,NYK,77.0,37.6,10.0,5.2,0.525,3.3,1.1,0.333,2.7,2.1,0.776,13.6,5.9,2.1,9.6,2.1,7.5,2.6,0.6077940650697176,0.575,28.0,5.1,1.4,0.5,0.385,0.4,0.0,0.091,0.4,0.4,1.0,1.5,0.4,0.3,1.3,0.4,0.9,0.9,0.4758883248730965,0.35714285714285715,18.0,35.7,8.0,3.8,0.472,3.0,1.1,0.37,3.7,2.9,0.776,11.6,4.4,1.9,8.8,2.4,6.3,0.3,0.6024096385542168,0.54375,0.5751332717450269,2024-25
1628415,Dillon Brooks,1610612745,HOU,75.0,31.8,11.9,5.1,0.429,6.3,2.5,0.397,1.6,1.3,0.818,14.0,1.7,1.0,3.7,1.0,2.7,2.8,0.5553792446842272,0.5336134453781513,40.0,3.4,0.9,0.3,0.314,0.5,0.1,0.25,0.4,0.3,0.813,1.0,0.1,0.1,0.5,0.2,0.3,0.7,0.4646840148698885,0.38888888888888884,7.0,29.4,9.0,4.0,0.444,4.1,1.4,0.345,3.4,2.9,0.833,12.3,1.3,1.3,3.1,1.3,1.9,1.4,0.5859375,0.5222222222222223,0.5479896542801158,2024-25
1628418,Thomas Bryant,1610612754,IND,66.0,14.6,4.9,2.5,0.508,2.2,0.7,0.324,1.0,0.8,0.859,6.5,0.8,0.5,3.8,1.3,2.5,-0.6,0.6086142322097378,0.5816326530612245,6.0,2.2,1.0,0.5,0.5,0.3,0.2,0.5,0.2,0.2,1.0,1.3,0.0,0.2,0.5,0.2,0.3,2.8,0.5974264705882353,0.6,20.0,8.3,1.7,0.8,0.485,0.9,0.5,0.5,0.7,0.6,0.786,2.6,0.2,0.4,1.4,0.4,1.0,-1.4,0.647410358565737,0.6176470588235294,0.6446912047750444,2024-25
1628420,Monté Morris,1610612756,PHX,45.0,12.7,4.3,1.8,0.426,1.9,0.7,0.36,0.9,0.8,0.857,5.2,1.6,0.5,1.5,0.3,1.2,1.0,0.5536626916524703,0.5,1.0,0.5,1.0,0.0,0.0,1.0,0.0,0.0,0.0,0.0,0.0,0.0,0.0,0.0,0.0,0.0,0.0,2.0,0.0,0.0,,,,,,,,,,,,,,,,,,,,,0.20781004449890347,2024-25
1628427,Vlatko Čančar,1610612743,DEN,13.0,10.4,2.0,0.8,0.385,1.2,0.3,0.267,0.0,0.0,0.0,1.8,0.7,0.8,2.5,0.5,2.0,-1.4,0.45,0.47500000000000003,1.0,1.6,0.0,0.0,0.0,0.0,0.0,0.0,0.0,0.0,0.0,0.0,0.0,0.0,0.0,0.0,0.0,-2.0,,,3.0,3.6,0.0,0.0,0.0,0.0,0.0,0.0,0.0,0.0,0.0,0.0,0.0,0.7,0.7,0.0,0.7,-3.0,,,0.075,2024-25
1628436,Luke Kornet,1610612738,BOS,73.0,18.6,3.8,2.6,0.668,0.0,0.0,0.0,1.3,0.9,0.691,6.0,1.6,0.4,5.3,2.6,2.7,5.5,0.6861848124428179,0.6842105263157895,11.0,2.5,0.2,0.1,0.5,0.0,0.0,0.0,0.0,0.0,0.0,0.2,0.2,0.0,0.5,0.4,0.2,1.5,0.5,0.5,11.0,16.4,2.6,1.9,0.724,0.0,0.0,0.0,0.7,0.7,1.0,4.5,0.5,0.5,3.9,1.5,2.5,3.0,0.7737276478679505,0.7307692307692307,0.67315778390113,2024-25
1628449,Chris Boucher,1610612761,TOR,50.0,17.2,7.4,3.6,0.492,3.9,1.4,0.363,1.7,1.4,0.782,10.0,0.7,0.6,4.5,1.4,3.1,0.1,0.6136475208640157,0.581081081081081,11.0,1.9,0.8,0.6,0.778,0.4,0.2,0.5,0.0,0.0,0.0,1.5,0.2,0.1,0.6,0.3,0.4,1.2,0.9375,0.8749999999999999,,,,,,,,,,,,,,,,,,,,,0.8403599844306885,2024-25
1628464,Daniel Theis,1610612740,NOP,38.0,16.3,3.4,1.6,0.473,1.0,0.2,0.243,1.0,0.8,0.838,4.3,1.6,0.7,4.3,1.2,3.2,-1.6,0.5598958333333334,0.5000000000000001,6.0,2.6,0.2,0.2,1.0,0.0,0.0,0.0,0.0,0.0,0.0,0.3,0.2,0.2,0.7,0.3,0.3,1.0,0.7499999999999999,1.0,,,,,,,,,,,,,,,,,,,,,0.6925142973838907,2024-25
1628467,Maxi Kleber,1610612747,LAL,34.0,18.7,2.8,1.1,0.385,1.4,0.4,0.265,0.6,0.5,0.762,3.0,1.3,0.7,2.8,0.7,2.1,-0.5,0.489556135770235,0.46428571428571436,10.0,1.7,0.3,0.1,0.333,0.3,0.1,0.333,0.0,0.0,0.0,0.3,0.1,0.0,0.2,0.1,0.1,0.2,0.5,0.5000000000000001,1.0,5.0,1.0,0.0,0.0,1.0,0.0,0.0,2.0,2.0,1.0,2.0,0.0,1.0,0.0,0.0,0.0,-1.0,0.5319148936170213,0.0,0.5249310884806756,2024-25
1628470,Torrey Craig,1610612738,BOS,26.0,12.1,3.5,1.5,0.422,2.5,0.9,0.364,0.5,0.3,0.667,4.2,0.7,0.3,2.8,1.0,1.8,-1.9,0.564516129032258,0.5571428571428572,2.0,3.6,2.0,1.5,0.75,1.0,1.0,1.0,0.0,0.0,0.0,4.0,0.0,0.0,1.0,0.5,0.5,6.0,1.0,1.0,5.0,4.2,0.8,0.4,0.5,0.6,0.4,0.667,0.0,0.0,0.0,1.2,0.6,0.2,1.0,0.4,0.6,1.2,0.7499999999999999,0.7500000000000001,0.8595622119652402,2024-25
1628960,Grayson Allen,1610612756,PHX,64.0,24.1,7.6,3.4,0.448,5.5,2.3,0.426,1.8,1.5,0.816,10.6,2.1,1.2,3.0,0.5,2.5,-1.2,0.6315538608198284,0.5986842105263158,30.0,2.4,0.5,0.2,0.5,0.4,0.2,0.5,0.4,0.3,0.75,1.0,0.2,0.1,0.2,0.1,0.1,0.2,0.7396449704142012,0.6000000000000001,,,,,,,,,,,,,,,,,,,,,0.7101935479169657,2024-25
1628964,Mo Bamba,1610612740,NOP,32.0,12.9,3.5,1.6,0.464,1.7,0.5,0.278,0.8,0.6,0.704,4.3,0.6,0.6,4.5,1.0,3.5,-2.3,0.5581516095534788,0.5285714285714286,1.0,0.0,0.0,0.0,0.0,0.0,0.0,0.0,0.0,0.0,0.0,0.0,0.0,0.0,0.0,0.0,0.0,0.0,,,,,,,,,,,,,,,,,,,,,,,0.18605053651782624,2024-25
1628969,Mikal Bridges,1610612752,NYK,82.0,37.0,14.4,7.2,0.5,5.6,2.0,0.354,1.4,1.2,0.814,17.6,3.7,1.6,3.2,0.9,2.3,4.1,0.5860415556739479,0.5694444444444444,30.0,4.7,1.0,0.6,0.581,0.2,0.1,0.5,0.1,0.1,0.667,1.4,0.3,0.1,0.4,0.1,0.3,-0.3,0.6704980842911876,0.65,18.0,39.2,14.6,6.7,0.456,4.7,1.6,0.333,0.9,0.7,0.75,15.6,2.9,2.1,4.5,1.1,3.4,-3.8,0.5201387036543078,0.5136986301369864,0.5881867503138366,2024-25
1628970,Miles Bridges,1610612766,CHA,64.0,31.7,17.0,7.3,0.431,7.0,2.2,0.313,4.0,3.5,0.87,20.3,3.9,2.1,7.5,1.1,6.4,-4.0,0.5410447761194029,0.49411764705882355,25.0,3.7,2.0,0.8,0.408,1.1,0.4,0.37,0.7,0.7,1.0,2.7,0.3,0.2,0.9,0.1,0.8,-0.4,0.5849220103986136,0.5,,,,,,,,,,,,,,,,,,,,,0.5820609715205376,2024-25
1628971,Bruce Brown,1610612740,NOP,41.0,22.5,7.5,3.2,0.421,2.0,0.7,0.333,1.6,1.3,0.815,8.3,2.0,1.0,4.0,1.0,3.0,-5.5,0.5058508044856168,0.4733333333333334,13.0,2.2,0.6,0.2,0.25,0.2,0.1,0.5,0.5,0.3,0.667,0.7,0.2,0.0,0.4,0.1,0.3,-0.7,0.4268292682926829,0.4166666666666667,,,,,,,,,,,,,,,,,,,,,0.4611697803559276,2024-25
1628973,Jalen Brunson,1610612752,NYK,65.0,35.4,18.5,9.0,0.488,6.1,2.3,0.383,6.9,5.7,0.821,26.0,7.3,2.5,2.9,0.4,2.5,2.2,0.6036404160475483,0.5486486486486487,28.0,4.8,3.6,1.9,0.515,1.2,0.4,0.294,1.8,1.5,0.84,5.6,1.0,0.3,0.4,0.0,0.4,0.8,0.6375227686703095,0.5833333333333334,18.0,37.8,21.8,10.1,0.461,7.4,2.7,0.358,7.8,6.7,0.851,29.4,7.0,3.1,3.4,0.7,2.8,0.1,0.5825935320228282,0.525229357798165,0.6238705510345162,2024-25
1628976,Wendell Carter Jr.,1610612753,ORL,68.0,25.9,7.2,3.3,0.46,2.3,0.5,0.234,2.6,1.9,0.737,9.1,2.0,1.1,7.2,2.2,5.0,-0.2,0.5453020134228187,0.4930555555555555,26.0,2.5,0.4,0.1,0.3,0.2,0.0,0.0,0.3,0.3,1.0,0.6,0.0,0.0,0.4,0.1,0.3,-0.2,0.5639097744360901,0.25,5.0,32.4,8.0,4.2,0.525,2.2,0.6,0.273,2.0,1.2,0.6,10.2,1.2,1.6,10.8,3.8,7.0,-12.6,0.5743243243243242,0.5625,0.5715713114327793,2024-25
1628978,Donte DiVincenzo,1610612750,MIN,62.0,25.9,9.6,4.0,0.422,7.1,2.8,0.397,1.0,0.8,0.778,11.7,3.6,1.6,3.7,0.5,3.2,2.8,0.5826693227091634,0.5625000000000001,24.0,2.4,0.8,0.3,0.368,0.7,0.3,0.375,0.3,0.2,0.5,1.0,0.3,0.1,0.5,0.1,0.4,-1.1,0.5364806866952789,0.5624999999999999,15.0,25.2,8.4,3.1,0.365,5.9,1.9,0.318,0.9,0.7,0.769,8.7,3.3,1.9,3.1,0.8,2.3,-4.1,0.4945429740791268,0.4821428571428571,0.5315432697219823,2024-25
1628983,Shai Gilgeous-Alexander,1610612760,OKC,76.0,34.2,21.8,11.3,0.519,5.7,2.1,0.375,8.8,7.9,0.898,32.7,6.4,2.4,5.0,0.9,4.1,12.1,0.6368806481770022,0.56651376146789,22.0,2.8,1.7,0.8,0.474,0.6,0.3,0.538,1.3,1.1,0.828,3.0,0.3,0.1,0.4,0.1,0.3,1.5,0.6602112676056338,0.5588235294117647,23.0,37.0,21.9,10.1,0.462,4.9,1.4,0.283,9.4,8.3,0.876,29.9,6.5,2.6,5.3,1.0,4.3,7.2,0.5742049469964664,0.4931506849315068,0.6211178358668684,2024-25
1628988,Aaron Holiday,1610612745,HOU,62.0,12.8,4.3,1.9,0.437,2.9,1.2,0.398,0.7,0.5,0.829,5.5,1.3,0.6,1.3,0.2,1.0,1.4,0.5967881944444445,0.5813953488372093,15.0,0.5,0.0,0.0,0.0,0.0,0.0,0.0,0.3,0.3,0.8,0.3,0.0,0.0,0.1,0.0,0.1,-0.9,1.1363636363636362,,3.0,9.1,3.3,1.3,0.4,1.7,0.7,0.4,1.3,0.7,0.5,4.0,1.0,0.3,0.7,0.3,0.3,-5.0,0.5165289256198348,0.5,0.7365170406718703,2024-25
1628989,Kevin Huerter,1610612741,CHI,69.0,24.3,8.8,3.7,0.425,5.7,1.9,0.338,0.7,0.5,0.714,9.9,2.3,1.0,3.0,0.4,2.5,1.5,0.5434782608695652,0.5284090909090909,20.0,2.5,0.8,0.3,0.4,0.5,0.1,0.111,0.2,0.2,0.75,0.8,0.2,0.0,0.6,0.1,0.5,1.0,0.45045045045045046,0.43749999999999994,,,,,,,,,,,,,,,,,,,,,0.4905506296800314,2024-25
1628991,Jaren Jackson Jr.,1610612763,MEM,74.0,29.8,16.4,8.0,0.488,5.3,2.0,0.375,5.4,4.2,0.781,22.2,2.0,2.1,5.6,1.2,4.4,4.5,0.5911802300809544,0.5487804878048781,30.0,2.7,1.4,0.7,0.465,0.4,0.1,0.333,0.6,0.5,0.789,2.0,0.1,0.1,0.4,0.1,0.3,0.4,0.6009615384615384,0.5357142857142857,4.0,34.2,14.5,5.5,0.379,2.8,0.8,0.273,5.0,4.3,0.85,16.0,1.5,2.8,5.0,2.3,2.8,-14.0,0.47904191616766467,0.40689655172413797,0.5469080946165039,2024-25
1628997,Caleb Martin,1610612742,DAL,45.0,27.1,6.8,2.9,0.424,2.3,0.8,0.359,2.2,1.4,0.622,7.9,2.1,1.2,3.9,1.2,2.8,-3.4,0.5084963954685892,0.4852941176470588,14.0,4.4,0.7,0.2,0.3,0.3,0.1,0.25,0.3,0.2,0.75,0.7,0.2,0.1,0.8,0.3,0.5,-0.7,0.4206730769230769,0.35714285714285715,,,,,,,,,,,,,,,,,,,,,0.46024163408379265,2024-25
1628998,Cody Martin,1610612756,PHX,53.0,22.1,6.1,2.6,0.418,2.8,0.8,0.285,1.2,0.8,0.705,6.8,2.0,1.0,4.2,1.0,3.2,-2.0,0.5129752564876282,0.49180327868852464,26.0,2.3,0.6,0.2,0.4,0.3,0.1,0.25,0.4,0.3,0.636,0.8,0.2,0.2,0.6,0.2,0.5,-0.3,0.5154639175257733,0.4166666666666667,,,,,,,,,,,,,,,,,,,,,0.5244704294185496,2024-25
1629001,De'Anthony Melton,1610612751,BKN,6.0,20.2,9.0,3.7,0.407,5.8,2.2,0.371,1.3,0.8,0.625,10.3,2.8,1.7,3.3,1.0,2.3,4.5,0.5380275804429587,0.5333333333333334,1.0,3.5,0.0,0.0,0.0,0.0,0.0,0.0,0.0,0.0,0.0,0.0,0.0,0.0,1.0,0.0,1.0,5.0,,,,,,,,,,,,,,,,,,,,,,,0.17934252681431959,2024-25
1629003,Shake Milton,1610612747,LAL,57.0,14.7,4.5,2.0,0.453,1.9,0.7,0.358,1.0,0.8,0.797,5.5,1.8,0.7,1.8,0.5,1.3,-2.1,0.5566801619433198,0.5222222222222223,6.0,1.9,0.2,0.0,0.0,0.0,0.0,0.0,0.0,0.0,0.0,0.0,0.5,0.3,0.7,0.2,0.5,1.5,0.0,0.0,2.0,1.8,0.5,0.0,0.0,0.0,0.0,0.0,0.0,0.0,0.0,0.0,0.0,0.0,0.0,0.0,0.0,0.5,0.0,0.0,0.0972244714340101,2024-25
1629004,Svi Mykhailiuk,1610612762,UTA,38.0,20.0,7.9,3.1,0.391,5.3,1.8,0.345,0.9,0.7,0.8,8.8,2.0,1.4,2.4,0.6,1.8,-2.8,0.5303760848601735,0.5063291139240506,5.0,1.4,0.6,0.2,0.333,0.4,0.0,0.0,0.0,0.0,0.0,0.4,0.0,0.0,0.0,0.0,0.0,0.4,0.33333333333333337,0.33333333333333337,,,,,,,,,,,,,,,,,,,,,0.40660918721684614,2024-25
1629006,Josh Okogie,1610612766,CHA,40.0,15.6,5.3,2.4,0.443,2.3,0.8,0.348,2.1,1.6,0.741,7.1,0.8,0.8,2.8,1.1,1.7,-0.3,0.5703727506426735,0.5283018867924528,8.0,0.8,0.3,0.0,0.0,0.1,0.0,0.0,0.0,0.0,0.0,0.0,0.0,0.0,0.1,0.0,0.1,-2.3,0.0,0.0,,,,,,,,,,,,,,,,,,,,,0.19578462757164705,2024-25
1629008,Michael Porter Jr.,1610612743,DEN,77.0,33.7,13.6,6.9,0.504,6.4,2.5,0.395,2.5,1.9,0.768,18.2,2.1,1.4,7.0,1.8,5.2,3.4,0.6190476190476191,0.599264705882353,33.0,3.3,0.8,0.5,0.593,0.3,0.2,0.545,0.1,0.1,0.667,1.2,0.2,0.1,0.5,0.0,0.4,2.1,0.7109004739336492,0.7499999999999999,14.0,31.1,8.6,3.4,0.392,5.0,1.7,0.343,1.0,0.7,0.714,9.1,0.6,0.9,5.5,1.0,4.5,-1.5,0.5033185840707964,0.49418604651162795,0.597683072795295,2024-25
1629011,Mitchell Robinson,1610612752,NYK,17.0,17.1,3.3,2.2,0.661,0.0,0.0,0.0,1.1,0.8,0.684,5.1,0.8,0.6,5.9,3.1,2.9,1.4,0.6738900634249472,0.6666666666666667,7.0,0.9,0.0,0.0,0.0,0.0,0.0,0.0,0.3,0.1,0.5,0.1,0.0,0.0,0.6,0.1,0.4,-2.3,0.3787878787878788,,18.0,20.6,2.8,1.7,0.608,0.0,0.0,0.0,3.1,1.2,0.393,4.7,0.4,0.7,7.1,3.7,3.3,0.4,0.564361191162344,0.6071428571428572,0.5207582324146228,2024-25
1629012,Collin Sexton,1610612762,UTA,63.0,27.9,13.8,6.6,0.48,4.3,1.7,0.406,4.0,3.4,0.865,18.4,4.2,2.5,2.7,1.0,1.8,-4.5,0.5912596401028277,0.5398550724637681,16.0,4.0,1.5,0.8,0.5,0.5,0.3,0.5,0.8,0.6,0.833,2.4,0.3,0.3,0.5,0.3,0.3,-1.7,0.6479481641468682,0.6333333333333334,,,,,,,,,,,,,,,,,,,,,0.6399215546821251,2024-25
1629013,Landry Shamet,1610612752,NYK,50.0,15.2,4.6,2.1,0.461,3.1,1.2,0.397,0.4,0.2,0.667,5.7,0.5,0.4,1.2,0.2,1.0,1.8,0.5967336683417086,0.5869565217391305,3.0,1.3,0.3,0.0,0.0,0.3,0.0,0.0,0.7,0.7,1.0,0.7,0.0,0.0,0.0,0.0,0.0,1.0,0.575657894736842,0.0,11.0,7.5,1.8,0.8,0.45,1.4,0.6,0.467,0.4,0.1,0.25,2.4,0.7,0.4,0.4,0.0,0.4,1.2,0.6072874493927125,0.6111111111111112,0.6015070401279387,2024-25
1629014,Anfernee Simons,1610612757,POR,70.0,32.7,16.1,6.8,0.426,8.5,3.1,0.363,2.8,2.5,0.902,19.3,4.8,2.0,2.7,0.4,2.3,-3.1,0.5567735979690746,0.5186335403726707,25.0,3.2,2.0,0.9,0.451,1.0,0.4,0.385,0.9,0.9,1.0,3.2,0.4,0.2,0.2,0.0,0.2,-0.4,0.6677796327212021,0.55,,,,,,,,,,,,,,,,,,,,,0.6431999813848353,2024-25
1629018,Gary Trent Jr.,1610612749,MIL,74.0,25.6,8.9,3.8,0.431,5.9,2.4,0.416,1.2,1.1,0.848,11.1,1.2,0.6,2.3,0.3,2.0,0.9,0.5886720407297411,0.5617977528089887,25.0,3.1,1.2,0.4,0.345,0.8,0.3,0.368,0.2,0.2,0.667,1.2,0.0,0.1,0.3,0.0,0.3,1.0,0.4658385093167702,0.45833333333333337,5.0,34.2,12.4,6.4,0.516,8.8,4.4,0.5,2.0,1.6,0.8,18.8,1.2,0.6,2.2,0.2,2.0,-3.6,0.7078313253012047,0.6935483870967742,0.6207903186103834,2024-25
1629020,Jarred Vanderbilt,1610612747,LAL,36.0,16.1,3.4,1.6,0.488,0.9,0.3,0.281,1.0,0.6,0.556,4.1,1.1,0.8,5.1,1.9,3.2,1.0,0.5338541666666666,0.5147058823529412,9.0,1.1,0.0,0.0,0.0,0.0,0.0,0.0,0.2,0.1,0.5,0.1,0.1,0.0,0.0,0.0,0.0,-3.1,0.5681818181818181,,5.0,12.0,1.2,0.4,0.333,0.2,0.0,0.0,0.8,0.6,0.75,1.4,1.0,0.6,3.8,0.8,3.0,-0.6,0.4510309278350515,0.33333333333333337,0.5038850977559095,2024-25
1629021,Moritz Wagner,1610612753,ORL,30.0,18.8,8.3,4.7,0.562,2.5,0.9,0.36,3.7,2.6,0.718,12.9,1.4,1.6,4.9,1.3,3.6,-0.6,0.6496776792908944,0.6204819277108433,2.0,0.4,0.5,0.5,1.0,0.0,0.0,0.0,0.0,0.0,0.0,1.0,0.0,0.0,0.0,0.0,0.0,3.0,1.0,1.0,,,,,,,,,,,,,,,,,,,,,0.8892499894817811,2024-25
1629022,Lonnie Walker IV,1610612755,PHI,20.0,23.8,10.6,4.5,0.42,6.4,2.3,0.354,1.5,1.2,0.8,12.4,2.5,1.3,3.2,0.3,2.9,-7.1,0.5506216696269982,0.5330188679245284,2.0,1.1,0.0,0.0,0.0,0.0,0.0,0.0,1.0,1.0,1.0,1.0,0.0,0.0,0.0,0.0,0.0,0.5,1.1363636363636365,,,,,,,,,,,,,,,,,,,,,,0.9411163141180904,2024-25
1629023,P.J. Washington,1610612742,DAL,57.0,32.2,11.7,5.3,0.453,4.2,1.6,0.381,3.5,2.5,0.722,14.7,2.3,2.1,7.8,1.4,6.3,0.9,0.5551359516616314,0.5213675213675214,26.0,3.1,1.0,0.5,0.481,0.4,0.2,0.4,1.0,0.8,0.808,2.0,0.3,0.1,0.7,0.3,0.5,0.3,0.6944444444444444,0.6,,,,,,,,,,,,,,,,,,,,,0.6565552887297847,2024-25
1629026,Kenrich Williams,1610612760,OKC,69.0,16.4,5.1,2.5,0.483,2.5,1.0,0.386,0.6,0.4,0.718,6.3,1.4,0.6,3.5,0.9,2.6,4.8,0.587248322147651,0.5882352941176471,8.0,1.4,0.1,0.0,0.0,0.1,0.0,0.0,0.0,0.0,0.0,0.0,0.0,0.0,0.4,0.3,0.1,-0.3,0.0,0.0,16.0,8.6,2.5,1.0,0.4,1.3,0.3,0.2,0.4,0.2,0.5,2.4,0.4,0.4,2.2,0.5,1.7,2.9,0.44843049327354256,0.45999999999999996,0.3240507513080541,2024-25
1629027,Trae Young,1610612737,ATL,76.0,36.0,18.1,7.4,0.411,8.4,2.9,0.34,7.4,6.5,0.875,24.2,11.6,4.7,3.1,0.5,2.6,0.4,0.5665855029031653,0.48895027624309384,38.0,4.0,2.6,0.9,0.364,1.3,0.4,0.333,1.9,1.7,0.851,4.0,1.0,0.4,0.4,0.0,0.3,0.9,0.5820721769499418,0.4230769230769231,,,,,,,,,,,,,,,,,,,,,0.5912745931508673,2024-25
1629028,Deandre Ayton,1610612757,POR,40.0,30.1,11.7,6.6,0.566,0.8,0.2,0.188,1.5,1.0,0.667,14.4,1.6,1.7,10.2,3.1,7.1,-4.1,0.5825242718446603,0.5726495726495726,13.0,3.5,1.1,0.5,0.5,0.1,0.0,0.0,0.6,0.5,0.75,1.5,0.2,0.1,1.5,0.5,1.0,0.9,0.5498533724340176,0.45454545454545453,,,,,,,,,,,,,,,,,,,,,0.570145381638471,2024-25
1629029,Luka Dončić,1610612747,LAL,50.0,35.4,20.5,9.2,0.45,9.6,3.5,0.368,7.9,6.2,0.782,28.2,7.7,3.6,8.2,0.8,7.4,6.9,0.5880880880880881,0.5341463414634146,24.0,3.3,1.8,0.7,0.395,0.9,0.3,0.318,0.3,0.2,0.571,1.9,0.6,0.2,0.6,0.1,0.5,1.0,0.4917184265010352,0.4722222222222222,5.0,41.6,20.8,9.4,0.452,9.2,3.2,0.348,9.2,8.2,0.891,30.2,5.8,4.0,7.0,0.4,6.6,-4.8,0.6076947842884739,0.5288461538461539,0.574548703463713,2024-25
1629048,Goga Bitadze,1610612753,ORL,70.0,20.4,4.8,3.0,0.611,0.4,0.0,0.107,1.9,1.2,0.639,7.2,2.0,1.0,6.6,2.4,4.2,1.1,0.63875088715401,0.625,17.0,2.0,0.5,0.4,0.875,0.0,0.0,0.0,0.2,0.2,0.75,1.0,0.1,0.0,0.8,0.2,0.5,1.4,0.8503401360544218,0.8,3.0,3.8,0.3,0.3,1.0,0.0,0.0,0.0,0.0,0.0,0.0,0.7,0.3,0.0,1.0,0.0,1.0,-1.7,1.1666666666666667,1.0,0.9836551932083054,2024-25
1629052,Oshae Brissett,1610612755,PHI,6.0,23.7,6.5,3.2,0.487,3.0,1.0,0.333,2.3,1.3,0.571,8.7,0.7,1.3,3.7,1.2,2.5,-5.2,0.579073482428115,0.5692307692307692,2.0,3.6,0.5,0.0,0.0,0.5,0.0,0.0,1.0,0.5,0.5,0.5,0.0,0.0,0.5,0.0,0.5,-6.0,0.26595744680851063,0.0,,,,,,,,,,,,,,,,,,,,,0.37802176637283635,2024-25
1629057,Robert Williams III,1610612757,POR,20.0,17.6,3.9,2.5,0.641,0.2,0.1,0.333,0.9,0.8,0.882,5.8,1.1,0.9,5.9,1.8,4.2,-0.9,0.675046554934823,0.6538461538461539,2.0,3.0,0.0,0.0,0.0,0.0,0.0,0.0,0.0,0.0,0.0,0.0,0.0,0.0,1.0,0.0,1.0,0.0,,,,,,,,,,,,,,,,,,,,,,,0.22501551831160768,2024-25
1629060,Rui Hachimura,1610612747,LAL,59.0,31.7,9.8,5.0,0.509,4.2,1.7,0.413,1.9,1.5,0.77,13.1,1.4,0.8,5.0,1.3,3.7,2.7,0.6158330199323053,0.596938775510204,24.0,2.6,0.5,0.3,0.615,0.3,0.1,0.5,0.1,0.0,0.0,0.8,0.0,0.0,0.6,0.3,0.3,1.6,0.7352941176470588,0.7,5.0,36.4,11.4,5.6,0.491,6.2,3.0,0.484,0.6,0.6,1.0,14.8,1.0,1.4,4.6,0.8,3.8,-11.0,0.6344307270233197,0.6228070175438596,0.6700542801985362,2024-25
1629111,Jock Landale,1610612745,HOU,42.0,11.9,3.6,1.9,0.533,0.6,0.3,0.423,1.0,0.6,0.675,4.8,0.9,0.5,3.3,1.3,1.9,-0.6,0.594059405940594,0.5694444444444444,1.0,1.5,1.0,0.0,0.0,0.0,0.0,0.0,0.0,0.0,0.0,0.0,0.0,0.0,0.0,0.0,0.0,-3.0,0.0,0.0,1.0,4.9,2.0,1.0,0.5,0.0,0.0,0.0,0.0,0.0,0.0,2.0,0.0,0.0,0.0,0.0,0.0,-12.0,0.5,0.5,0.3767876787601608,2024-25
1629130,Duncan Robinson,1610612748,MIA,74.0,24.1,9.0,3.9,0.437,6.5,2.6,0.393,0.7,0.6,0.887,11.0,2.4,1.2,2.3,0.2,2.0,0.9,0.5908895573700043,0.5777777777777778,25.0,2.6,1.0,0.3,0.333,0.6,0.1,0.2,0.1,0.1,1.0,0.8,0.3,0.2,0.2,0.1,0.1,-0.1,0.3831417624521073,0.35,4.0,14.7,3.5,1.3,0.357,3.0,1.0,0.333,1.0,0.8,0.75,4.3,0.3,1.5,1.0,0.0,1.0,-9.8,0.5456852791878173,0.5142857142857143,0.5101492644161549,2024-25
1629216,Gabe Vincent,1610612747,LAL,72.0,21.2,5.8,2.3,0.4,4.3,1.5,0.353,0.3,0.2,0.714,6.4,1.4,0.6,1.3,0.3,1.0,0.7,0.5394470667565746,0.5258620689655172,20.0,2.3,0.5,0.3,0.556,0.3,0.2,0.6,0.2,0.2,1.0,0.8,0.2,0.0,0.1,0.1,0.1,0.4,0.6802721088435375,0.8,5.0,19.7,2.8,1.0,0.357,2.6,0.8,0.308,0.0,0.0,0.0,2.8,1.0,0.2,1.0,0.0,1.0,-0.6,0.5,0.5,0.5752859037276277,2024-25
1629234,Drew Eubanks,1610612746,LAC,61.0,12.2,3.2,1.9,0.593,0.1,0.0,0.5,1.2,0.8,0.662,4.6,0.9,0.7,3.7,1.0,2.7,-2.1,0.6169527896995707,0.5937499999999999,6.0,1.4,0.0,0.0,0.0,0.0,0.0,0.0,0.0,0.0,0.0,0.0,0.0,0.2,0.5,0.0,0.5,-0.2,,,3.0,4.4,0.7,0.0,0.0,0.0,0.0,0.0,2.0,1.3,0.667,1.3,0.0,0.0,0.3,0.0,0.3,6.0,0.4113924050632911,0.0,0.308521667481574,2024-25
1629312,Haywood Highsmith,1610612748,MIA,74.0,24.6,5.3,2.4,0.458,3.1,1.2,0.382,0.6,0.4,0.721,6.5,1.5,0.7,3.4,1.0,2.4,0.8,0.5841121495327103,0.5660377358490566,23.0,3.2,0.4,0.2,0.5,0.2,0.1,0.4,0.3,0.2,0.571,0.7,0.1,0.0,0.3,0.1,0.2,-1.7,0.6578947368421052,0.625,4.0,20.9,4.8,2.8,0.579,3.8,1.8,0.467,0.0,0.0,0.0,7.3,1.0,1.0,3.3,1.0,2.3,-15.8,0.7604166666666666,0.7708333333333333,0.7044057736793835,2024-25
1629599,Amir Coffey,1610612746,LAC,72.0,24.3,7.1,3.3,0.471,3.4,1.4,0.409,1.8,1.6,0.891,9.7,1.1,0.6,2.2,0.4,1.8,-0.9,0.61454637607704,0.5633802816901409,24.0,2.5,0.3,0.1,0.375,0.2,0.0,0.0,0.0,0.0,1.0,0.3,0.2,0.1,0.1,0.0,0.1,-0.4,0.5,0.33333333333333337,,,,,,,,,,,,,,,,,,,,,0.5424074774710943,2024-25
1629610,DaQuan Jeffries,1610612766,CHA,47.0,22.8,6.2,2.5,0.405,3.5,1.2,0.335,0.6,0.5,0.8,6.7,1.1,0.7,2.9,0.8,2.1,-5.9,0.5182549504950494,0.5,8.0,2.4,0.4,0.0,0.0,0.1,0.0,0.0,0.3,0.3,1.0,0.3,0.3,0.3,0.3,0.1,0.1,-1.0,0.28195488721804507,0.0,,,,,,,,,,,,,,,,,,,,,0.36717318787923175,2024-25
1629611,Terance Mann,1610612737,ATL,67.0,21.1,6.2,3.1,0.496,2.4,0.9,0.368,1.0,0.7,0.691,7.7,1.8,0.7,3.0,1.0,2.0,-1.4,0.5798192771084337,0.5725806451612904,17.0,2.1,0.4,0.1,0.143,0.2,0.1,0.333,0.0,0.0,0.0,0.2,0.2,0.0,0.1,0.1,0.0,-0.8,0.25,0.37500000000000006,,,,,,,,,,,,,,,,,,,,,0.36639137193832977,2024-25
1629614,Andrew Nembhard,1610612754,IND,65.0,28.9,8.3,3.8,0.458,2.7,0.8,0.291,2.1,1.7,0.794,10.0,5.0,1.7,3.3,0.5,2.8,3.1,0.5420641803989592,0.5060240963855421,27.0,4.3,1.2,0.4,0.375,0.4,0.1,0.2,0.7,0.6,0.789,1.5,0.4,0.3,0.7,0.1,0.6,1.4,0.4973474801061008,0.375,23.0,33.4,9.7,4.6,0.471,3.7,1.7,0.465,2.0,1.6,0.804,12.5,4.7,1.8,3.2,0.6,2.6,2.5,0.5907372400756143,0.5618556701030928,0.5659529747965599,2024-25
1629618,Jalen Pickett,1610612743,DEN,49.0,13.6,3.7,1.6,0.428,2.1,0.8,0.396,0.2,0.1,0.75,4.1,2.2,0.5,1.4,0.3,1.1,1.1,0.541182682154171,0.5405405405405405,3.0,2.9,0.7,0.3,0.5,0.3,0.0,0.0,0.0,0.0,0.0,0.7,0.3,0.7,0.0,0.0,0.0,1.7,0.5,0.4285714285714286,8.0,7.2,1.9,0.6,0.333,1.1,0.4,0.333,0.0,0.0,0.0,1.6,0.6,0.8,0.9,0.0,0.9,-6.1,0.4210526315789474,0.4210526315789474,0.4863090150623079,2024-25
1629622,Max Strus,1610612739,CLE,50.0,25.5,7.5,3.3,0.442,5.9,2.3,0.386,0.7,0.6,0.824,9.4,3.2,1.1,4.3,1.1,3.3,4.4,0.6019467213114754,0.5933333333333333,21.0,3.2,1.0,0.5,0.455,1.0,0.5,0.5,0.3,0.3,1.0,1.7,0.2,0.1,0.8,0.2,0.6,1.4,0.7508833922261483,0.75,9.0,28.1,9.9,4.1,0.416,7.4,2.9,0.388,0.7,0.6,0.833,11.7,3.9,0.8,5.7,1.8,3.9,6.1,0.5730799373040751,0.5606060606060606,0.6504922196108884,2024-25
1629626,Bol Bol,1610612756,PHX,36.0,12.5,5.1,2.7,0.525,2.6,0.9,0.344,0.7,0.6,0.769,6.8,0.6,0.6,2.9,0.6,2.3,-1.0,0.628698224852071,0.6176470588235295,5.0,2.8,0.8,0.6,0.75,0.4,0.2,0.5,0.4,0.2,0.5,1.6,0.2,0.4,1.0,0.0,1.0,-3.2,0.819672131147541,0.8749999999999999,,,,,,,,,,,,,,,,,,,,,0.7717004368891126,2024-25
1629627,Zion Williamson,1610612740,NOP,30.0,28.6,16.9,9.6,0.567,0.4,0.1,0.231,8.0,5.3,0.656,24.6,5.3,3.0,7.2,2.5,4.7,-1.4,0.6023506366307543,0.5710059171597633,13.0,2.5,1.4,0.8,0.556,0.1,0.0,0.0,0.7,0.6,0.889,2.2,0.5,0.3,0.6,0.0,0.6,2.9,0.6440281030444965,0.5714285714285715,,,,,,,,,,,,,,,,,,,,,0.6384196379080647,2024-25
1629628,RJ Barrett,1610612761,TOR,58.0,32.2,16.9,7.9,0.468,5.3,1.8,0.35,5.4,3.4,0.63,21.1,5.4,2.9,6.3,1.1,5.3,-2.4,0.5473127204814278,0.5207100591715977,23.0,3.8,2.4,1.0,0.411,0.7,0.2,0.313,1.2,0.7,0.607,3.0,0.7,0.3,0.7,0.1,0.6,-1.6,0.5122950819672131,0.45833333333333337,,,,,,,,,,,,,,,,,,,,,0.5381688115697303,2024-25
1629629,Cam Reddish,1610612747,LAL,33.0,17.9,2.8,1.2,0.404,1.4,0.4,0.277,0.8,0.5,0.615,3.2,0.7,0.4,2.0,0.5,1.5,-2.8,0.5076142131979696,0.5,6.0,1.2,0.2,0.0,0.0,0.0,0.0,0.0,0.0,0.0,0.0,0.0,0.0,0.0,0.0,0.0,0.0,-1.3,0.0,0.0,,,,,,,,,,,,,,,,,,,,,0.17634759487296267,2024-25
1629630,Ja Morant,1610612763,MEM,50.0,30.4,17.8,8.1,0.454,5.7,1.8,0.309,6.4,5.3,0.824,23.2,7.3,3.7,4.1,0.7,3.4,4.5,0.5626697710516104,0.5056179775280899,23.0,3.8,2.3,1.1,0.463,0.7,0.2,0.333,1.3,1.0,0.742,3.4,0.7,0.3,0.3,0.0,0.3,1.0,0.5919220055710307,0.5217391304347827,3.0,27.3,17.7,7.3,0.415,5.3,1.3,0.25,3.7,2.3,0.636,18.3,5.0,2.0,2.0,0.3,1.7,-5.3,0.4734064569536424,0.4491525423728814,0.540710207156314,2024-25
1629631,De'Andre Hunter,1610612739,CLE,64.0,27.2,11.9,5.6,0.47,6.1,2.5,0.405,4.0,3.4,0.846,17.0,1.4,1.3,4.0,0.7,3.3,1.4,0.6222547584187409,0.5756302521008403,29.0,4.2,1.5,0.7,0.477,0.7,0.2,0.333,0.9,0.7,0.84,2.4,0.1,0.0,0.7,0.2,0.5,1.3,0.6329113924050633,0.5333333333333333,8.0,23.2,7.9,3.4,0.429,3.3,1.5,0.462,3.3,2.8,0.846,11.0,1.0,0.9,3.6,0.8,2.9,7.1,0.588109495295124,0.5253164556962026,0.6213393802014542,2024-25
1629632,Coby White,1610612741,CHI,74.0,33.1,15.1,6.9,0.453,7.9,2.9,0.37,4.1,3.7,0.902,20.4,4.5,2.4,3.7,0.3,3.4,-1.9,0.6034074775201136,0.5529801324503311,31.0,3.4,1.7,0.9,0.509,0.6,0.2,0.278,0.5,0.5,0.941,2.4,0.3,0.2,0.4,0.0,0.4,1.1,0.625,0.5882352941176471,,,,,,,,,,,,,,,,,,,,,0.6290607706516542,2024-25
1629634,Brandon Clarke,1610612763,MEM,64.0,18.9,5.9,3.7,0.621,0.3,0.0,0.059,1.4,1.0,0.701,8.3,1.0,0.6,5.1,2.0,3.1,2.8,0.6368937998772254,0.6271186440677966,17.0,2.8,0.7,0.2,0.333,0.0,0.0,0.0,0.1,0.1,0.5,0.5,0.0,0.0,0.7,0.4,0.3,2.5,0.33602150537634407,0.28571428571428575,,,,,,,,,,,,,,,,,,,,,0.44817667698762126,2024-25
1629636,Darius Garland,1610612739,CLE,75.0,30.7,15.7,7.4,0.472,7.1,2.8,0.401,3.4,3.0,0.878,20.6,6.7,2.5,2.9,0.6,2.2,6.7,0.5989765061642244,0.5605095541401275,34.0,3.3,1.7,0.9,0.534,0.6,0.3,0.45,1.1,0.9,0.865,3.0,0.6,0.1,0.2,0.0,0.2,2.5,0.6868131868131868,0.6176470588235294,5.0,29.6,13.8,5.8,0.42,7.0,2.0,0.286,4.8,4.4,0.917,18.0,5.2,3.0,2.2,0.2,2.0,-3.0,0.5656108597285068,0.49275362318840576,0.622400601973037,2024-25
1629637,Jaxson Hayes,1610612747,LAL,56.0,19.5,4.0,2.9,0.722,0.1,0.0,0.0,1.8,1.1,0.622,6.8,1.0,0.8,4.8,1.4,3.4,1.6,0.7095158597662772,0.725,11.0,2.4,0.5,0.5,1.0,0.0,0.0,0.0,0.2,0.2,1.0,1.1,0.3,0.2,0.5,0.4,0.2,2.3,0.9353741496598641,1.0,4.0,7.6,2.0,0.8,0.375,0.0,0.0,0.0,0.5,0.3,0.5,1.8,0.3,0.3,2.0,1.3,0.8,-4.3,0.4054054054054054,0.4,0.6452467292139119,2024-25
1629638,Nickeil Alexander-Walker,1610612750,MIN,82.0,25.3,7.5,3.3,0.438,4.5,1.7,0.381,1.4,1.1,0.78,9.4,2.7,1.2,3.2,0.7,2.6,3.3,0.5791030064070971,0.5533333333333332,33.0,2.5,0.6,0.3,0.474,0.3,0.1,0.3,0.2,0.1,0.8,0.8,0.1,0.0,0.4,0.2,0.2,-0.8,0.5813953488372093,0.5833333333333334,15.0,20.6,7.5,2.9,0.389,4.2,1.5,0.349,1.1,1.0,0.882,8.3,2.3,1.5,1.8,0.5,1.3,-0.7,0.5197895791583167,0.48666666666666664,0.558210406925011,2024-25
1629639,Tyler Herro,1610612748,MIA,77.0,35.4,17.9,8.5,0.472,8.7,3.3,0.375,4.2,3.7,0.878,23.9,5.5,2.6,5.2,0.5,4.7,1.3,0.605124569576666,0.5670391061452514,39.0,4.5,2.7,0.8,0.308,1.6,0.3,0.19,0.6,0.5,0.87,2.5,0.5,0.3,0.6,0.0,0.6,-1.1,0.42172739541160587,0.35185185185185186,4.0,36.0,16.3,6.8,0.415,7.3,2.3,0.31,2.5,2.0,0.8,17.8,2.8,2.3,3.5,0.0,3.5,-21.8,0.5114942528735632,0.4877300613496932,0.5122608187186001,2024-25
1629640,Keldon Johnson,1610612759,SAS,77.0,23.9,10.0,4.8,0.482,3.6,1.1,0.318,2.5,1.9,0.773,12.7,1.6,1.0,4.8,1.5,3.4,-2.8,0.5720720720720721,0.5349999999999999,23.0,3.4,1.0,0.5,0.545,0.3,0.0,0.167,0.4,0.3,0.778,1.4,0.1,0.0,0.7,0.4,0.3,-0.1,0.5952380952380952,0.5,,,,,,,,,,,,,,,,,,,,,0.5975160875150876,2024-25
1629643,Chuma Okeke,1610612739,CLE,9.0,21.9,4.4,2.2,0.5,3.1,1.2,0.393,0.3,0.2,0.667,5.9,1.7,0.3,5.2,2.3,2.9,-3.1,0.6509267431597529,0.6363636363636364,2.0,1.1,0.0,0.0,0.0,0.0,0.0,0.0,0.0,0.0,0.0,0.0,0.0,0.0,0.0,0.0,0.0,-4.0,,,3.0,4.3,1.3,0.3,0.25,1.3,0.3,0.25,0.0,0.0,0.0,1.0,0.3,0.0,0.0,0.0,0.0,3.3,0.3846153846153846,0.3461538461538461,0.3007954828343178,2024-25
1629645,Kevin Porter Jr.,1610612749,MIL,75.0,19.8,8.7,3.9,0.449,2.4,0.7,0.311,2.3,1.7,0.769,10.3,3.4,1.8,3.7,0.6,3.1,0.4,0.5302718286655684,0.4885057471264368,15.0,3.2,0.9,0.5,0.615,0.1,0.1,0.5,0.5,0.5,0.875,1.6,0.1,0.3,0.9,0.2,0.7,0.4,0.7142857142857143,0.6111111111111112,5.0,30.2,9.6,3.8,0.396,3.0,1.4,0.467,2.6,2.2,0.846,11.2,5.4,1.8,3.6,0.6,3.0,-4.8,0.5212211466865226,0.46875,0.5974292771344454,2024-25
1629646,Charles Bassey,1610612759,SAS,36.0,10.4,3.3,1.9,0.581,0.0,0.0,0.0,0.9,0.6,0.636,4.4,0.5,0.6,4.2,1.6,2.7,-3.6,0.5952380952380953,0.5757575757575758,4.0,2.1,0.3,0.0,0.0,0.0,0.0,0.0,0.0,0.0,0.0,0.0,0.0,0.3,1.0,0.5,0.5,1.8,0.0,0.0,,,,,,,,,,,,,,,,,,,,,0.20750360750085273,2024-25
1629651,Nic Claxton,1610612751,BKN,70.0,26.9,8.1,4.6,0.563,0.3,0.1,0.238,2.2,1.1,0.513,10.3,2.2,1.2,7.4,2.2,5.1,-7.1,0.5679311865902074,0.5740740740740741,29.0,4.0,0.9,0.4,0.52,0.0,0.0,0.0,0.2,0.1,0.571,1.0,0.2,0.2,1.0,0.4,0.6,-2.8,0.5060728744939271,0.4444444444444445,,,,,,,,,,,,,,,,,,,,,0.5378034229690933,2024-25
1629652,Luguentz Dort,1610612760,OKC,71.0,29.2,8.4,3.6,0.435,5.8,2.4,0.412,0.6,0.5,0.717,10.1,1.6,0.7,4.1,1.3,2.9,7.7,0.5828716528162512,0.5714285714285714,20.0,2.1,0.5,0.1,0.2,0.3,0.1,0.167,0.1,0.1,1.0,0.4,0.2,0.1,0.4,0.1,0.3,1.7,0.3676470588235294,0.30000000000000004,23.0,28.9,7.1,2.6,0.366,6.1,2.1,0.343,1.0,0.6,0.636,7.9,0.9,0.9,3.9,1.4,2.5,2.8,0.5238726790450928,0.5140845070422536,0.48758301555143707,2024-25
1629655,Daniel Gafford,1610612742,DAL,57.0,21.5,7.1,5.0,0.702,0.0,0.0,0.0,3.4,2.4,0.689,12.3,1.4,1.2,6.8,2.7,4.1,0.6,0.7154490460679386,0.7042253521126761,18.0,1.8,0.7,0.4,0.615,0.0,0.0,0.0,0.2,0.2,0.75,1.1,0.1,0.1,0.8,0.4,0.4,0.5,0.6979695431472083,0.5714285714285715,,,,,,,,,,,,,,,,,,,,,0.7136551990489739,2024-25
1629656,Quentin Grimes,1610612755,PHI,75.0,26.8,11.0,5.1,0.467,5.6,2.2,0.385,2.9,2.2,0.757,14.6,3.0,1.9,4.3,0.8,3.5,-3.5,0.5946562398175301,0.5636363636363636,28.0,2.1,0.9,0.3,0.36,0.6,0.2,0.294,0.6,0.5,0.778,1.3,0.2,0.1,0.4,0.1,0.3,-0.1,0.5584192439862542,0.4444444444444445,,,,,,,,,,,,,,,,,,,,,0.5786800607777538,2024-25
1629659,Talen Horton-Tucker,1610612741,CHI,58.0,12.5,5.0,2.3,0.457,2.1,0.7,0.336,1.7,1.2,0.735,6.5,1.4,0.7,1.7,0.3,1.4,0.3,0.5654140570633264,0.53,3.0,1.2,0.0,0.0,0.0,0.0,0.0,0.0,0.7,0.3,0.5,0.3,0.3,0.0,0.0,0.0,0.0,-0.7,0.487012987012987,,,,,,,,,,,,,,,,,,,,,,0.5131466770297668,2024-25
1629660,Ty Jerome,1610612739,CLE,70.0,19.9,8.8,4.6,0.516,3.6,1.6,0.439,2.1,1.8,0.872,12.5,3.4,1.3,2.5,0.7,1.8,4.3,0.6427396133278486,0.6136363636363635,10.0,2.6,0.8,0.5,0.625,0.3,0.1,0.333,0.4,0.3,0.75,1.4,0.4,0.2,0.2,0.0,0.2,0.8,0.7172131147540982,0.6875,9.0,21.3,10.2,4.1,0.402,4.0,1.6,0.389,2.2,1.9,0.85,11.7,3.6,1.2,2.4,0.6,1.9,8.3,0.5238180515759312,0.48039215686274506,0.6171942420171825,2024-25
1629661,Cameron Johnson,1610612751,BKN,57.0,31.6,13.1,6.2,0.475,7.2,2.8,0.39,3.9,3.5,0.893,18.8,3.4,1.7,4.3,0.9,3.4,-3.5,0.6344492440604752,0.5801526717557252,28.0,3.4,1.3,0.6,0.5,0.9,0.4,0.385,0.6,0.5,0.882,2.2,0.1,0.2,0.4,0.1,0.3,-1.2,0.7033248081841432,0.6153846153846154,,,,,,,,,,,,,,,,,,,,,0.6902899509309672,2024-25
1629669,Jaylen Nowell,1610612764,WAS,8.0,21.0,9.1,3.3,0.356,3.4,1.0,0.296,1.4,0.9,0.636,8.4,2.3,1.0,2.5,0.8,1.8,-5.3,0.43227665706051877,0.4175824175824176,3.0,2.0,0.3,0.0,0.0,0.0,0.0,0.0,0.0,0.0,0.0,0.0,0.3,0.0,0.0,0.0,0.0,1.0,0.0,0.0,,,,,,,,,,,,,,,,,,,,,0.14738892231651393,2024-25
1629673,Jordan Poole,1610612764,WAS,68.0,29.4,15.5,6.7,0.432,9.1,3.5,0.378,4.0,3.6,0.883,20.5,4.5,3.0,3.0,0.5,2.5,-8.2,0.5938586326767091,0.5451612903225806,19.0,2.5,1.8,0.7,0.412,1.1,0.3,0.3,0.7,0.6,0.923,2.4,0.1,0.1,0.3,0.0,0.3,0.1,0.5692599620493358,0.4722222222222222,,,,,,,,,,,,,,,,,,,,,0.5890724221501842,2024-25
1629674,Neemias Queta,1610612738,BOS,62.0,13.9,3.3,2.1,0.65,0.0,0.0,0.0,1.0,0.7,0.754,5.0,0.7,0.6,3.8,1.4,2.4,2.5,0.6684491978609626,0.6363636363636365,10.0,3.2,0.7,0.3,0.429,0.1,0.0,0.0,0.0,0.0,0.0,0.6,0.0,0.1,1.2,0.8,0.4,0.1,0.4285714285714286,0.4285714285714286,4.0,3.2,1.5,1.3,0.833,0.0,0.0,0.0,0.0,0.0,0.0,2.5,0.5,0.0,0.5,0.5,0.0,-2.0,0.8333333333333334,0.8666666666666667,0.6921441303729966,2024-25
1629675,Naz Reid,1610612750,MIN,80.0,27.5,11.5,5.3,0.462,5.8,2.2,0.379,1.8,1.4,0.776,14.2,2.3,1.4,6.0,1.2,4.9,4.3,0.5776114546046208,0.5565217391304348,32.0,2.0,0.8,0.3,0.37,0.3,0.1,0.2,0.4,0.3,0.769,1.0,0.0,0.2,0.4,0.2,0.2,-1.6,0.5122950819672131,0.43749999999999994,15.0,25.0,7.3,3.7,0.509,4.2,1.7,0.397,1.7,1.3,0.76,10.4,1.7,1.9,4.7,1.1,3.7,0.1,0.6461232604373758,0.6232876712328766,0.5970517550470547,2024-25
1629680,Matisse Thybulle,1610612757,POR,15.0,20.8,5.9,2.8,0.477,3.2,1.4,0.438,1.0,0.5,0.467,7.5,1.9,0.9,3.5,0.9,2.5,0.1,0.5914826498422712,0.5932203389830508,3.0,4.2,1.0,0.7,0.667,0.7,0.3,0.5,0.0,0.0,0.0,1.7,0.7,0.3,1.0,0.0,1.0,-2.3,0.85,0.85,,,,,,,,,,,,,,,,,,,,,0.7807767024869238,2024-25
1629684,Grant Williams,1610612766,CHA,16.0,29.9,7.7,3.4,0.439,4.6,1.7,0.365,2.3,1.9,0.838,10.4,2.3,1.8,5.1,1.1,4.0,0.6,0.5968778696051423,0.551948051948052,8.0,5.2,1.0,0.3,0.25,0.5,0.1,0.25,1.5,1.3,0.833,1.9,0.4,0.1,0.9,0.4,0.5,0.4,0.5722891566265059,0.35,,,,,,,,,,,,,,,,,,,,,0.5934724072713777,2024-25
1629723,John Konchar,1610612763,MEM,46.0,12.1,2.0,0.9,0.451,1.3,0.5,0.371,0.2,0.2,0.875,2.4,0.9,0.3,3.3,0.8,2.5,1.3,0.5747126436781609,0.575,1.0,2.4,1.0,1.0,1.0,0.0,0.0,0.0,0.0,0.0,0.0,2.0,0.0,0.0,2.0,1.0,1.0,4.0,1.0,1.0,4.0,17.2,2.3,0.8,0.333,1.5,0.3,0.167,1.0,1.0,1.0,2.8,1.5,0.5,3.3,0.8,2.5,-12.5,0.5109489051094891,0.4130434782608696,0.7345932264761047,2024-25
1629726,Garrison Mathews,1610612737,ATL,47.0,17.6,5.5,2.2,0.397,4.6,1.8,0.39,1.7,1.4,0.821,7.5,1.3,0.7,1.9,0.3,1.6,-1.3,0.6001920614596671,0.5636363636363636,11.0,1.8,0.2,0.0,0.0,0.1,0.0,0.0,0.3,0.3,1.0,0.3,0.2,0.0,0.0,0.0,0.0,1.7,0.4518072289156626,0.0,,,,,,,,,,,,,,,,,,,,,0.5049052033993666,2024-25
1629731,Dean Wade,1610612739,CLE,59.0,21.2,4.6,1.9,0.413,3.8,1.4,0.36,0.5,0.3,0.533,5.4,1.3,0.4,4.2,0.9,3.4,4.8,0.5601659751037346,0.5652173913043478,14.0,1.6,0.3,0.1,0.25,0.3,0.1,0.25,0.3,0.1,0.5,0.4,0.2,0.0,0.1,0.0,0.1,2.1,0.462962962962963,0.5000000000000001,9.0,15.7,2.0,0.7,0.333,1.6,0.3,0.214,0.0,0.0,0.0,1.7,0.7,0.3,4.2,1.1,3.1,2.0,0.425,0.425,0.4667037226339604,2024-25
1629750,Javonte Green,1610612739,CLE,68.0,18.5,4.2,1.8,0.429,2.1,0.7,0.326,1.1,0.8,0.724,5.1,0.8,0.5,3.2,0.9,2.3,-3.1,0.5444064901793338,0.5119047619047619,15.0,3.0,0.5,0.2,0.429,0.3,0.1,0.4,0.3,0.2,0.6,0.7,0.1,0.1,0.7,0.1,0.6,1.0,0.5537974683544303,0.5,6.0,6.6,1.7,0.7,0.4,0.8,0.2,0.2,1.0,1.0,1.0,2.5,0.3,0.3,1.5,0.2,1.3,3.0,0.5841121495327103,0.47058823529411764,0.579294407816315,2024-25
1630162,Anthony Edwards,1610612750,MIN,79.0,36.3,20.4,9.1,0.447,10.3,4.1,0.395,6.3,5.3,0.837,27.6,4.5,3.2,5.7,0.8,4.9,3.7,0.5955463490419473,0.5465686274509803,42.0,3.8,2.7,1.2,0.426,1.5,0.5,0.323,1.1,0.9,0.826,3.7,0.3,0.4,1.1,0.1,1.0,-1.2,0.5810301507537688,0.537037037037037,15.0,39.0,19.9,9.0,0.453,8.7,3.1,0.354,5.9,4.3,0.719,25.3,5.5,2.6,7.8,1.2,6.6,2.5,0.5623221906116643,0.5301507537688442,0.587330831181078,2024-25
1630163,LaMelo Ball,1610612766,CHA,47.0,32.0,21.3,8.6,0.405,11.2,3.8,0.339,4.9,4.1,0.843,25.2,7.4,3.6,4.9,1.0,3.9,-2.8,0.5371759890859481,0.49295774647887325,21.0,3.9,2.3,0.9,0.375,1.1,0.2,0.217,0.9,0.7,0.833,2.7,0.8,0.2,0.7,0.1,0.6,-0.4,0.5007418397626113,0.4347826086956522,,,,,,,,,,,,,,,,,,,,,0.5236846782689444,2024-25
1630165,Killian Hayes,1610612751,BKN,6.0,27.1,7.2,3.0,0.419,3.5,1.3,0.381,2.0,1.7,0.833,9.0,5.2,1.5,3.0,0.8,2.2,-4.0,0.556930693069307,0.5069444444444444,1.0,1.3,0.0,0.0,0.0,0.0,0.0,0.0,0.0,0.0,0.0,0.0,0.0,0.0,0.0,0.0,0.0,-2.0,,,,,,,,,,,,,,,,,,,,,,,0.18564356435643567,2024-25
1630166,Deni Avdija,1610612757,POR,72.0,30.0,11.7,5.6,0.476,4.8,1.7,0.365,5.2,4.0,0.78,16.9,3.9,2.7,7.3,1.5,5.7,-1.1,0.604089219330855,0.5512820512820512,24.0,3.2,1.2,0.5,0.429,0.4,0.1,0.3,0.6,0.6,1.0,1.8,0.3,0.2,0.8,0.1,0.7,-0.8,0.6147540983606558,0.45833333333333337,,,,,,,,,,,,,,,,,,,,,0.6214555489395891,2024-25
1630167,Obi Toppin,1610612754,IND,79.0,19.6,7.6,4.0,0.529,3.8,1.4,0.365,1.4,1.1,0.781,10.5,1.6,0.9,4.0,0.7,3.3,-1.0,0.6389970788704966,0.618421052631579,18.0,2.3,0.8,0.5,0.6,0.5,0.3,0.556,0.0,0.0,0.0,1.3,0.0,0.0,0.4,0.2,0.2,0.3,0.8125,0.8125,23.0,19.1,7.4,3.6,0.485,3.4,1.1,0.321,1.6,1.1,0.694,9.4,1.3,1.0,3.8,0.6,3.3,-1.7,0.5799605133267521,0.5608108108108109,0.6778394189298808,2024-25
1630168,Onyeka Okongwu,1610612737,ATL,74.0,27.9,9.2,5.2,0.567,2.0,0.6,0.324,2.9,2.2,0.759,13.4,2.3,1.2,8.9,3.0,5.9,0.5,0.639557082856052,0.5978260869565218,31.0,3.6,0.8,0.5,0.6,0.0,0.0,0.0,0.5,0.5,0.941,1.5,0.2,0.1,1.3,0.6,0.7,1.0,0.7352941176470588,0.625,,,,,,,,,,,,,,,,,,,,,0.7120774248896911,2024-25
1630169,Tyrese Haliburton,1610612754,IND,73.0,33.6,13.8,6.5,0.473,7.7,3.0,0.388,3.0,2.6,0.851,18.6,9.2,1.6,3.5,0.6,3.0,3.0,0.6150793650793651,0.5797101449275363,32.0,3.8,2.2,1.0,0.471,1.2,0.5,0.41,0.8,0.6,0.75,3.1,0.8,0.2,0.4,0.1,0.3,2.1,0.6073667711598746,0.5681818181818181,23.0,33.6,13.7,6.3,0.463,6.9,2.3,0.34,2.8,2.3,0.828,17.3,8.6,2.3,5.3,0.3,5.0,5.7,0.5792927939994643,0.5437956204379562,0.6105572438839366,2024-25
1630170,Devin Vassell,1610612759,SAS,64.0,31.0,13.9,6.2,0.443,6.7,2.5,0.368,1.9,1.5,0.792,16.3,2.9,1.4,4.0,0.5,3.5,-4.1,0.5530673181324647,0.5359712230215827,30.0,3.8,1.4,0.5,0.381,0.8,0.3,0.348,0.3,0.2,0.667,1.5,0.3,0.2,0.5,0.1,0.4,-1.4,0.489556135770235,0.46428571428571436,,,,,,,,,,,,,,,,,,,,,0.5207984723362968,2024-25
1630171,Isaac Okoro,1610612739,CLE,55.0,19.1,4.9,2.3,0.464,2.7,1.0,0.371,0.8,0.6,0.717,6.1,1.2,0.4,2.4,0.9,1.5,4.6,0.5807311500380806,0.5714285714285714,18.0,1.6,0.4,0.1,0.125,0.3,0.1,0.2,0.1,0.0,0.0,0.2,0.1,0.0,0.4,0.3,0.2,-0.2,0.22522522522522523,0.37500000000000006,9.0,14.2,3.3,1.7,0.5,1.8,0.7,0.375,0.9,0.6,0.625,4.6,0.6,0.4,1.2,0.4,0.8,5.0,0.6222943722943723,0.6212121212121212,0.4911740515330645,2024-25
1630172,Patrick Williams,1610612741,CHI,63.0,25.0,8.2,3.3,0.397,4.3,1.5,0.353,1.3,1.0,0.723,9.0,2.0,1.4,3.8,0.7,3.1,-2.9,0.5129958960328318,0.49390243902439024,20.0,2.5,0.5,0.3,0.5,0.4,0.2,0.429,0.1,0.1,1.0,0.8,0.1,0.1,0.3,0.1,0.2,-0.3,0.7352941176470588,0.8,,,,,,,,,,,,,,,,,,,,,0.6672922714171826,2024-25
1630173,Precious Achiuwa,1610612752,NYK,57.0,20.5,5.7,2.9,0.502,0.6,0.2,0.278,1.2,0.7,0.594,6.6,1.0,0.8,5.6,1.8,3.8,-0.8,0.5298651252408477,0.5263157894736842,11.0,3.7,1.0,0.5,0.545,0.1,0.0,0.0,0.2,0.2,1.0,1.3,0.0,0.0,0.9,0.5,0.5,2.2,0.5974264705882353,0.5,8.0,4.2,1.8,0.8,0.429,0.1,0.0,0.0,0.5,0.3,0.5,1.8,0.0,0.1,1.1,0.4,0.8,-0.3,0.44554455445544555,0.4444444444444445,0.5277691479433209,2024-25
1630174,Aaron Nesmith,1610612754,IND,45.0,24.9,8.4,4.3,0.507,4.3,1.9,0.431,1.8,1.6,0.913,12.0,1.2,0.8,4.0,0.8,3.1,4.4,0.6527415143603134,0.625,20.0,3.8,0.7,0.3,0.385,0.4,0.1,0.286,1.1,1.0,0.952,1.6,0.1,0.0,0.6,0.1,0.5,1.1,0.6756756756756758,0.5,23.0,28.3,9.2,4.3,0.472,5.3,2.6,0.492,1.6,1.3,0.861,12.7,1.1,1.0,5.7,1.2,4.5,4.6,0.6411550888529887,0.6086956521739131,0.6629263553774465,2024-25
1630175,Cole Anthony,1610612763,MEM,67.0,18.4,8.1,3.4,0.424,3.3,1.1,0.353,1.7,1.4,0.823,9.4,2.9,1.5,3.0,0.7,2.4,-0.2,0.5311934900542497,0.4876543209876544,12.0,2.8,1.3,0.7,0.5,0.4,0.2,0.4,0.6,0.4,0.714,1.9,0.5,0.2,0.5,0.2,0.3,1.7,0.6074168797953964,0.6153846153846153,5.0,10.1,2.8,0.8,0.286,1.2,0.0,0.0,0.8,0.6,0.75,2.2,1.2,1.8,1.4,0.6,0.8,-2.6,0.34898477157360414,0.28571428571428575,0.48154631010837706,2024-25
1630178,Tyrese Maxey,1610612755,PHI,52.0,37.7,21.0,9.2,0.437,9.2,3.1,0.337,5.6,4.9,0.879,26.3,6.1,2.4,3.3,0.3,3.1,-2.4,0.5604330037504263,0.5119047619047619,24.0,4.3,3.0,1.4,0.466,1.2,0.4,0.345,1.9,1.7,0.87,4.9,0.5,0.2,0.4,0.0,0.3,-0.4,0.6386861313868614,0.5333333333333333,,,,,,,,,,,,,,,,,,,,,0.6268874697930836,2024-25
1630182,Josh Green,1610612766,CHA,68.0,27.8,6.2,2.6,0.428,3.6,1.4,0.391,1.1,0.7,0.681,7.4,1.6,1.0,2.5,0.8,1.7,-5.4,0.5535607420706165,0.532258064516129,31.0,2.9,0.3,0.1,0.333,0.2,0.1,0.4,0.5,0.3,0.714,0.6,0.1,0.1,0.2,0.1,0.2,-1.5,0.5769230769230769,0.5000000000000001,,,,,,,,,,,,,,,,,,,,,0.5739743416488957,2024-25
1630183,Jaden McDaniels,1610612750,MIN,82.0,31.9,10.2,4.9,0.477,3.7,1.2,0.33,1.6,1.3,0.813,12.2,2.0,1.2,5.7,1.6,4.2,2.1,0.5594277329420396,0.5392156862745099,45.0,3.6,1.0,0.4,0.404,0.5,0.1,0.19,0.2,0.2,0.7,1.1,0.2,0.1,0.6,0.2,0.4,-1.1,0.5055147058823529,0.45,15.0,33.1,11.3,5.8,0.515,3.7,1.4,0.382,1.9,1.7,0.893,14.7,1.5,1.2,5.6,1.8,3.8,5.1,0.6056361239288067,0.5752212389380531,0.5743648409831938,2024-25
1630188,Jalen Smith,1610612741,CHI,64.0,15.0,6.4,3.0,0.466,3.5,1.1,0.324,1.4,1.1,0.809,8.2,1.0,0.6,5.6,1.4,4.2,-0.6,0.5843785632839225,0.5546874999999999,1.0,0.8,1.0,0.0,0.0,1.0,0.0,0.0,0.0,0.0,0.0,0.0,0.0,0.0,1.0,0.0,1.0,-2.0,0.0,0.0,,,,,,,,,,,,,,,,,,,,,0.21041785442553274,2024-25
1630191,Isaiah Stewart,1610612765,DET,72.0,19.9,4.4,2.4,0.559,0.7,0.2,0.321,1.2,0.9,0.759,6.0,1.7,0.9,5.5,1.8,3.7,0.1,0.6087662337662336,0.5681818181818181,21.0,1.6,0.3,0.2,0.571,0.0,0.0,0.0,0.0,0.0,0.0,0.4,0.1,0.0,0.3,0.1,0.2,-1.5,0.6666666666666667,0.6666666666666667,1.0,18.9,2.0,1.0,0.5,0.0,0.0,0.0,0.0,0.0,0.0,2.0,1.0,0.0,5.0,1.0,4.0,8.0,0.5,0.5,0.5805014429998934,2024-25
1630192,Zeke Nnaji,1610612743,DEN,57.0,10.7,2.5,1.2,0.496,0.9,0.3,0.327,0.8,0.5,0.614,3.2,0.4,0.2,1.6,0.6,1.0,-0.4,0.5610098176718094,0.5399999999999999,3.0,0.7,0.0,0.0,0.0,0.0,0.0,0.0,0.0,0.0,0.0,0.0,0.0,0.0,0.0,0.0,0.0,0.0,,,6.0,5.7,1.3,0.2,0.125,1.0,0.2,0.167,1.2,0.7,0.571,1.2,0.3,0.3,1.2,0.5,0.7,-3.2,0.3282275711159737,0.23076923076923078,0.2576154218366218,2024-25
1630193,Immanuel Quickley,1610612761,TOR,33.0,27.8,13.3,5.6,0.42,6.8,2.6,0.378,3.9,3.4,0.867,17.1,5.8,1.8,3.5,0.5,3.1,-1.2,0.5693926478423016,0.5187969924812029,9.0,3.8,2.0,0.7,0.333,1.0,0.3,0.333,0.4,0.4,1.0,2.1,0.3,0.0,0.1,0.0,0.1,-1.4,0.48253676470588236,0.425,,,,,,,,,,,,,,,,,,,,,0.5265263197351872,2024-25
1630198,Isaiah Joe,1610612760,OKC,74.0,21.7,7.9,3.5,0.44,6.3,2.6,0.412,0.8,0.6,0.821,10.2,1.6,0.5,2.6,0.6,2.1,7.4,0.6180319922443043,0.6075949367088607,12.0,2.0,0.5,0.1,0.167,0.3,0.0,0.0,0.2,0.1,0.5,0.3,0.1,0.0,0.2,0.0,0.2,0.7,0.25510204081632654,0.2,21.0,10.0,3.5,1.7,0.493,2.7,1.1,0.411,0.7,0.6,0.857,5.1,0.7,0.3,1.4,0.3,1.0,2.6,0.6696428571428571,0.6428571428571429,0.5291898881408376,2024-25
1630200,Tre Jones,1610612741,CHI,46.0,19.7,5.2,2.8,0.538,1.0,0.4,0.396,1.5,1.2,0.821,7.2,4.2,0.8,2.5,0.7,1.8,-0.7,0.6143344709897611,0.5769230769230769,10.0,2.8,1.2,0.6,0.5,0.2,0.2,1.0,0.3,0.3,1.0,1.7,0.3,0.0,0.5,0.3,0.2,1.2,0.6381381381381382,0.5833333333333334,,,,,,,,,,,,,,,,,,,,,0.6532805054944978,2024-25
1630201,Malachi Flynn,1610612759,SAS,4.0,10.9,3.3,1.3,0.385,1.0,0.3,0.25,1.5,1.3,0.833,4.0,1.8,1.0,1.8,0.8,1.0,0.3,0.5050505050505051,0.4393939393939394,1.0,0.1,0.0,0.0,0.0,0.0,0.0,0.0,0.0,0.0,0.0,0.0,0.0,0.0,0.0,0.0,0.0,2.0,,,,,,,,,,,,,,,,,,,,,,,0.16835016835016836,2024-25
1630202,Payton Pritchard,1610612738,BOS,80.0,28.4,10.8,5.1,0.472,7.8,3.2,0.407,1.1,0.9,0.845,14.3,3.5,1.0,3.8,1.3,2.6,5.4,0.6336405529953917,0.6203703703703702,24.0,2.3,0.6,0.3,0.429,0.5,0.2,0.333,0.8,0.7,0.895,1.4,0.2,0.1,0.2,0.1,0.1,0.1,0.7352941176470588,0.6666666666666667,11.0,27.4,9.0,4.1,0.455,6.1,2.5,0.403,1.5,1.3,0.824,11.9,1.5,0.8,2.3,0.8,1.5,6.5,0.6159420289855072,0.5944444444444444,0.6642313680960463,2024-25
1630208,Nick Richards,1610612756,PHX,57.0,22.0,6.1,3.6,0.591,0.0,0.0,0.0,2.8,2.1,0.744,9.3,0.9,1.4,8.2,2.6,5.6,-4.1,0.6342062193126023,0.5901639344262296,18.0,2.0,0.4,0.2,0.5,0.0,0.0,0.0,0.3,0.3,1.0,0.8,0.1,0.2,0.6,0.2,0.4,0.2,0.7518796992481203,0.5,,,,,,,,,,,,,,,,,,,,,0.7192125829843862,2024-25
1630215,Jared Butler,1610612755,PHI,60.0,17.4,7.6,3.4,0.448,2.8,1.0,0.355,1.5,1.3,0.824,9.0,3.7,1.3,1.8,0.4,1.4,-2.2,0.5447941888619855,0.5131578947368421,10.0,1.5,0.3,0.0,0.0,0.1,0.0,0.0,0.4,0.4,1.0,0.4,0.2,0.0,0.1,0.0,0.1,-2.3,0.4201680672268908,0.0,,,,,,,,,,,,,,,,,,,,,0.4656574761924556,2024-25
1630217,Desmond Bane,1610612753,ORL,69.0,32.0,14.8,7.1,0.484,6.1,2.4,0.392,2.9,2.6,0.894,19.2,5.3,2.4,6.1,0.9,5.2,2.1,0.5971634735008708,0.5608108108108107,34.0,3.5,1.5,0.6,0.404,0.6,0.1,0.238,0.5,0.5,0.889,1.9,0.4,0.3,0.6,0.2,0.4,0.6,0.5523255813953488,0.43333333333333335,4.0,34.8,15.8,5.0,0.317,8.0,1.8,0.219,3.8,3.5,0.933,15.3,3.3,3.8,6.8,1.3,5.5,-16.5,0.4378434065934066,0.37341772151898733,0.5126926111464151,2024-25
1630224,Jalen Green,1610612745,HOU,82.0,32.9,17.5,7.4,0.423,8.1,2.9,0.354,4.1,3.3,0.813,21.0,3.4,2.5,4.6,0.5,4.0,2.0,0.5439287194363863,0.5057142857142857,42.0,3.0,1.7,0.6,0.371,0.8,0.3,0.333,0.6,0.6,0.889,2.1,0.3,0.3,0.4,0.1,0.3,1.0,0.5346232179226069,0.4411764705882353,7.0,31.3,12.3,4.6,0.372,6.3,1.9,0.295,3.4,2.3,0.667,13.3,2.9,1.4,5.4,0.4,5.0,3.3,0.48202377500724847,0.4512195121951219,0.5195886990976215,2024-25
1630228,Jonathan Kuminga,1610612744,GSW,47.0,24.3,12.1,5.5,0.454,3.2,1.0,0.305,5.0,3.3,0.668,15.3,2.2,1.5,4.6,1.2,3.4,0.2,0.534965034965035,0.49586776859504134,19.0,2.8,1.2,0.5,0.435,0.2,0.1,0.25,0.8,0.6,0.75,1.7,0.0,0.1,0.7,0.2,0.5,0.1,0.547680412371134,0.45833333333333337,8.0,23.4,11.6,5.6,0.484,3.1,1.3,0.4,3.9,2.8,0.71,15.3,1.3,1.6,2.5,0.9,1.6,-6.1,0.5744968458996697,0.5387931034482759,0.5688867549387998,2024-25
1630230,Naji Marshall,1610612742,DAL,69.0,27.8,10.3,5.2,0.508,3.2,0.9,0.275,2.3,1.9,0.813,13.2,3.0,1.6,4.8,1.1,3.7,-2.0,0.5834512022630833,0.5485436893203883,30.0,3.1,0.9,0.5,0.571,0.4,0.1,0.273,0.4,0.4,0.917,1.5,0.3,0.1,0.4,0.2,0.3,-0.2,0.6970260223048327,0.6111111111111112,,,,,,,,,,,,,,,,,,,,,0.6679056130344044,2024-25
1630231,KJ Martin,1610612762,UTA,43.0,21.2,4.7,2.6,0.552,1.3,0.3,0.259,1.1,0.9,0.787,6.4,1.1,0.6,2.9,0.7,2.2,-3.3,0.6172839506172839,0.5851063829787234,12.0,1.3,0.2,0.1,0.5,0.0,0.0,0.0,0.0,0.0,0.0,0.2,0.0,0.1,0.3,0.0,0.3,-1.8,0.5,0.5,,,,,,,,,,,,,,,,,,,,,0.5433499693537921,2024-25
1630241,Sam Merrill,1610612739,CLE,71.0,19.7,6.0,2.4,0.406,5.2,1.9,0.372,0.4,0.4,0.966,7.2,1.5,0.5,2.2,0.5,1.7,4.5,0.582901554404145,0.5583333333333332,9.0,1.1,0.3,0.2,0.667,0.2,0.1,0.5,0.0,0.0,0.0,0.6,0.0,0.0,0.1,0.1,0.0,1.9,1.0,0.8333333333333334,8.0,19.9,5.0,1.9,0.375,4.9,1.8,0.359,0.4,0.3,0.667,5.8,1.8,0.3,2.5,0.9,1.6,6.9,0.5602782071097372,0.5599999999999999,0.715622695954726,2024-25
1630243,Trevelin Queen,1610612753,ORL,31.0,13.9,4.7,1.8,0.381,2.5,0.7,0.286,0.7,0.6,0.857,4.9,1.2,0.7,1.7,0.8,0.9,-2.8,0.48921725239616615,0.45744680851063824,4.0,4.1,1.0,0.3,0.25,0.3,0.0,0.0,0.0,0.0,0.0,0.5,0.3,0.0,0.5,0.3,0.3,5.0,0.25,0.3,,,,,,,,,,,,,,,,,,,,,0.3510156798722093,2024-25
1630245,Ayo Dosunmu,1610612741,CHI,46.0,30.3,9.8,4.8,0.492,4.1,1.3,0.328,1.7,1.3,0.785,12.3,4.5,1.5,3.5,0.6,2.9,-5.1,0.5830489192263937,0.5561224489795918,16.0,2.5,0.6,0.2,0.333,0.3,0.0,0.0,0.3,0.3,1.0,0.7,0.1,0.0,0.3,0.1,0.2,-1.7,0.4781420765027322,0.33333333333333337,,,,,,,,,,,,,,,,,,,,,0.5192334730562531,2024-25
1630249,Vít Krejčí,1610612737,ATL,57.0,20.2,5.1,2.5,0.497,3.6,1.6,0.437,0.8,0.6,0.711,7.2,2.6,0.9,2.7,0.4,2.4,-1.2,0.6603081438004402,0.6470588235294118,13.0,2.1,0.2,0.1,0.333,0.2,0.1,0.5,0.2,0.1,0.5,0.3,0.2,0.1,0.3,0.1,0.2,0.8,0.5208333333333333,0.7500000000000001,,,,,,,,,,,,,,,,,,,,,0.5712465054490509,2024-25
1630256,Jae'Sean Tate,1610612745,HOU,52.0,11.3,2.8,1.3,0.473,0.9,0.3,0.348,0.9,0.6,0.681,3.6,0.9,0.4,2.3,1.0,1.3,1.0,0.5632040050062579,0.5178571428571429,13.0,1.0,0.0,0.0,0.0,0.0,0.0,0.0,0.0,0.0,0.0,0.0,0.1,0.0,0.2,0.1,0.1,-2.0,,,,,,,,,,,,,,,,,,,,,,,0.1877346683354193,2024-25
1630283,Kylor Kelley,1610612747,LAL,11.0,11.5,2.0,1.3,0.636,0.0,0.0,0.0,0.9,0.5,0.6,3.1,0.5,0.4,3.5,1.1,2.5,-6.8,0.6469115191986645,0.65,,,,,,,,,,,,,,,,,,,,,,,,,,,,,,,,,,,,,,,,,0.6469115191986645,2024-25
1630288,Jeff Dowtin Jr.,1610612755,PHI,41.0,15.1,5.6,2.7,0.487,1.7,0.7,0.4,1.1,0.8,0.733,7.0,1.9,0.4,1.5,0.3,1.2,-2.5,0.5752794214332676,0.5446428571428572,2.0,0.4,0.0,0.0,0.0,0.0,0.0,0.0,0.0,0.0,0.0,0.0,0.0,0.0,0.0,0.0,0.0,-2.0,,,,,,,,,,,,,,,,,,,,,,,0.19175980714442253,2024-25
1630314,Brandon Williams,1610612742,DAL,33.0,14.8,5.7,3.0,0.521,1.8,0.7,0.4,2.0,1.7,0.833,8.3,2.3,1.2,1.8,0.4,1.4,0.3,0.6306990881458967,0.5877192982456141,4.0,1.7,1.0,0.8,0.75,0.0,0.0,0.0,1.3,0.8,0.6,2.3,0.5,0.0,0.5,0.3,0.3,2.3,0.7315521628498727,0.8,,,,,,,,,,,,,,,,,,,,,0.7154783309279256,2024-25
1630322,Lindy Waters III,1610612765,DET,52.0,15.0,4.8,1.8,0.369,3.6,1.2,0.344,0.2,0.2,0.727,4.9,1.0,0.4,2.1,0.4,1.7,0.3,0.501227495908347,0.5,12.0,1.7,0.8,0.2,0.2,0.7,0.2,0.25,0.0,0.0,0.0,0.5,0.0,0.0,0.3,0.0,0.3,-2.0,0.3125,0.37500000000000006,,,,,,,,,,,,,,,,,,,,,0.39207583196597673,2024-25
1630526,Jeremiah Robinson-Earl,1610612740,NOP,66.0,18.8,5.3,2.4,0.455,2.5,0.8,0.341,0.8,0.7,0.836,6.3,1.3,0.8,4.8,1.7,3.1,-5.0,0.5573248407643312,0.5283018867924528,10.0,1.4,0.3,0.3,1.0,0.1,0.1,1.0,0.2,0.2,1.0,0.9,0.1,0.1,0.3,0.0,0.3,-1.8,1.1597938144329898,1.1666666666666667,,,,,,,,,,,,,,,,,,,,,0.964631200567526,2024-25
1630527,Brandon Boston,1610612740,NOP,42.0,23.6,9.1,4.0,0.436,3.3,1.2,0.35,2.0,1.6,0.788,10.7,2.2,1.2,3.2,0.7,2.5,-3.3,0.5360721442885771,0.5054945054945055,9.0,1.7,0.8,0.3,0.429,0.6,0.2,0.4,0.0,0.0,0.0,0.9,0.2,0.0,0.2,0.1,0.1,-0.6,0.5625,0.5,,,,,,,,,,,,,,,,,,,,,0.5624819235531018,2024-25
1630529,Herbert Jones,1610612740,NOP,20.0,32.4,8.6,3.8,0.436,3.6,1.1,0.306,2.0,1.7,0.825,10.3,3.3,1.8,3.9,1.1,2.8,-1.0,0.5432489451476793,0.5058139534883721,7.0,4.3,0.4,0.4,1.0,0.1,0.1,1.0,0.3,0.3,1.0,1.3,0.6,0.1,1.0,0.0,1.0,-0.9,1.2218045112781954,1.125,,,,,,,,,,,,,,,,,,,,,1.0002704853581803,2024-25
1630530,Trey Murphy III,1610612740,NOP,53.0,35.0,15.8,7.2,0.454,8.3,3.0,0.361,4.3,3.8,0.887,21.2,3.5,1.9,5.1,0.9,4.2,-7.2,0.5991408546235586,0.550632911392405,24.0,3.8,1.0,0.2,0.2,0.6,0.1,0.133,0.7,0.6,0.824,1.1,0.3,0.3,0.6,0.1,0.5,0.7,0.42048929663608564,0.25,,,,,,,,,,,,,,,,,,,,,0.48636892988889335,2024-25
1630532,Franz Wagner,1610612753,ORL,60.0,33.7,19.4,9.0,0.463,5.9,1.7,0.295,5.2,4.5,0.871,24.2,4.7,2.3,5.7,0.9,4.8,4.1,0.5579122095167834,0.5077319587628866,24.0,3.2,1.8,0.6,0.357,0.7,0.2,0.313,0.7,0.7,0.941,2.1,0.3,0.3,0.6,0.0,0.5,-0.5,0.4981024667931689,0.38888888888888884,5.0,38.9,23.0,10.2,0.443,7.4,1.4,0.189,5.2,4.0,0.769,25.8,5.6,2.0,4.8,0.6,4.2,-9.2,0.5101233786776337,0.4739130434782608,0.5233595637043226,2024-25
1630533,Ziaire Williams,1610612751,BKN,63.0,24.5,8.3,3.4,0.412,4.8,1.6,0.341,2.0,1.6,0.821,10.0,1.3,1.1,4.6,1.0,3.6,-5.2,0.5446623093681916,0.5060240963855421,23.0,2.9,0.6,0.2,0.308,0.5,0.1,0.273,0.4,0.3,0.889,0.8,0.1,0.1,0.6,0.1,0.5,-0.7,0.5154639175257733,0.4166666666666667,,,,,,,,,,,,,,,,,,,,,0.532425630468359,2024-25
1630534,Ochai Agbaji,1610612761,TOR,64.0,27.2,8.3,4.2,0.498,4.0,1.6,0.399,0.8,0.5,0.708,10.4,1.5,0.8,3.8,1.0,2.8,-3.3,0.6010171058714747,0.6024096385542168,21.0,3.5,0.8,0.5,0.688,0.2,0.0,0.25,0.1,0.0,0.5,1.1,0.1,0.0,0.5,0.1,0.4,-2.0,0.6516587677725119,0.625,,,,,,,,,,,,,,,,,,,,,0.6444167680212057,2024-25
1630539,Kai Jones,1610612742,DAL,40.0,11.7,2.7,2.2,0.798,0.1,0.0,0.2,0.8,0.6,0.719,5.0,0.6,0.5,3.1,1.0,2.1,-0.5,0.8191349934469201,0.8148148148148149,3.0,0.8,0.3,0.3,1.0,0.0,0.0,0.0,0.0,0.0,0.0,0.7,0.0,0.0,0.0,0.0,0.0,2.7,1.1666666666666667,1.0,,,,,,,,,,,,,,,,,,,,,1.0619338867004138,2024-25
1630540,Miles McBride,1610612752,NYK,64.0,24.9,8.5,3.5,0.406,4.9,1.8,0.369,1.0,0.8,0.813,9.5,2.9,0.6,2.5,0.7,1.8,3.3,0.5313199105145414,0.5176470588235295,20.0,2.9,1.0,0.4,0.421,0.5,0.2,0.4,0.0,0.0,0.0,1.0,0.0,0.1,0.1,0.1,0.1,0.2,0.5,0.5,18.0,19.0,5.0,1.9,0.378,3.3,1.2,0.373,0.9,0.8,0.824,5.8,1.0,0.6,1.2,0.2,1.0,1.8,0.5374351371386212,0.5,0.5357022595360365,2024-25
1630541,Moses Moody,1610612744,GSW,74.0,22.3,7.7,3.3,0.433,4.6,1.7,0.374,1.8,1.4,0.797,9.8,1.3,0.7,2.6,0.7,1.9,1.8,0.5770136599152142,0.5389610389610389,24.0,2.2,0.6,0.2,0.357,0.3,0.1,0.286,0.1,0.1,1.0,0.6,0.1,0.0,0.3,0.2,0.1,0.0,0.4658385093167702,0.4166666666666667,12.0,16.1,6.7,2.3,0.35,3.8,1.3,0.333,1.4,1.2,0.824,7.1,1.2,0.3,2.2,0.8,1.4,-3.0,0.4852378348824494,0.4402985074626865,0.501859571657213,2024-25
1630542,Marcus Bagley,1610612755,PHI,10.0,25.3,6.9,2.7,0.391,3.2,0.5,0.156,1.0,0.8,0.8,6.7,1.0,0.7,7.0,2.3,4.7,-8.4,0.45640326975476836,0.427536231884058,,,,,,,,,,,,,,,,,,,,,,,,,,,,,,,,,,,,,,,,,0.45640326975476836,2024-25
1630543,Isaiah Jackson,1610612754,IND,5.0,16.8,4.6,2.8,0.609,0.0,0.0,0.0,2.8,1.4,0.5,7.0,1.0,1.0,5.6,2.2,3.4,2.0,0.6001371742112483,0.6086956521739131,1.0,0.6,0.0,0.0,0.0,0.0,0.0,0.0,0.0,0.0,0.0,0.0,0.0,0.0,1.0,0.0,1.0,-4.0,,,,,,,,,,,,,,,,,,,,,,,0.2000457247370828,2024-25
1630544,Tre Mann,1610612766,CHA,13.0,24.5,12.4,5.4,0.435,4.6,1.8,0.4,1.6,1.5,0.905,14.1,3.0,1.9,2.9,0.9,2.0,-4.2,0.538003663003663,0.5080645161290323,8.0,2.6,1.8,0.6,0.357,0.4,0.1,0.333,0.5,0.5,1.0,1.9,0.3,0.4,0.8,0.4,0.4,0.6,0.47029702970297027,0.3611111111111111,,,,,,,,,,,,,,,,,,,,,0.5073820365009553,2024-25
1630545,Terrence Shannon Jr.,1610612750,MIN,32.0,10.6,3.6,1.7,0.482,1.0,0.3,0.355,0.7,0.5,0.81,4.3,1.0,0.5,1.5,0.3,1.2,0.3,0.5501535312180144,0.5138888888888888,4.0,2.2,0.0,0.0,0.0,0.0,0.0,0.0,0.0,0.0,0.0,0.0,0.3,0.0,1.0,0.3,0.8,-0.3,,,9.0,6.3,3.0,1.4,0.481,0.9,0.3,0.375,1.3,1.3,1.0,4.6,0.3,0.3,1.1,0.1,1.0,0.4,0.6438969764837625,0.5166666666666666,0.41364074344488366,2024-25
1630548,Johnny Juzang,1610612762,UTA,64.0,19.8,7.4,3.2,0.429,4.9,1.8,0.376,0.8,0.7,0.849,8.9,1.1,0.6,2.9,0.7,2.2,-5.6,0.5740454076367388,0.5540540540540541,9.0,2.2,0.6,0.3,0.6,0.3,0.2,0.667,0.3,0.2,0.667,1.1,0.0,0.0,0.3,0.2,0.1,0.7,0.7513661202185793,0.6666666666666667,,,,,,,,,,,,,,,,,,,,,0.7003673241316449,2024-25
1630549,Day'Ron Sharpe,1610612751,BKN,50.0,18.1,6.3,3.3,0.521,0.9,0.2,0.244,1.5,1.1,0.757,7.9,1.8,1.3,6.6,3.0,3.6,1.3,0.567528735632184,0.5396825396825397,3.0,0.7,0.0,0.0,0.0,0.0,0.0,0.0,0.0,0.0,0.0,0.0,0.0,0.0,0.0,0.0,0.0,1.3,,,,,,,,,,,,,,,,,,,,,,,0.18917624521072798,2024-25
1630550,JT Thor,1610612764,WAS,20.0,12.5,3.0,1.3,0.424,1.1,0.3,0.286,1.1,0.8,0.682,3.6,0.3,0.5,2.4,1.0,1.4,-4.8,0.5166475315729048,0.48333333333333334,4.0,2.0,0.3,0.3,1.0,0.3,0.3,1.0,0.0,0.0,0.0,0.8,0.0,0.0,0.3,0.0,0.3,-3.3,1.3333333333333335,1.5,,,,,,,,,,,,,,,,,,,,,1.0711047327431906,2024-25
1630551,Justin Champagnie,1610612764,WAS,62.0,21.6,6.6,3.4,0.511,3.1,1.2,0.383,1.2,0.8,0.685,8.8,1.0,0.9,5.7,1.8,3.9,-4.6,0.617283950617284,0.6060606060606061,12.0,2.7,0.7,0.5,0.75,0.3,0.3,1.0,0.3,0.1,0.25,1.3,0.0,0.1,0.7,0.2,0.5,-0.7,0.7812500000000001,0.9285714285714287,,,,,,,,,,,,,,,,,,,,,0.737200710810215,2024-25
1630552,Jalen Johnson,1610612737,ATL,36.0,35.7,15.1,7.5,0.5,3.9,1.2,0.312,3.5,2.6,0.746,18.9,5.0,2.9,10.0,1.7,8.3,1.5,0.5679086538461537,0.5364238410596026,17.0,4.4,1.2,0.6,0.5,0.4,0.2,0.429,0.5,0.4,0.667,1.7,0.2,0.3,1.2,0.2,0.9,1.4,0.5985915492957746,0.5833333333333334,,,,,,,,,,,,,,,,,,,,,0.5963109373462577,2024-25
1630553,Keon Johnson,1610612751,BKN,79.0,24.4,9.9,3.8,0.389,5.1,1.6,0.314,1.8,1.4,0.77,10.6,2.2,1.5,3.8,0.8,3.0,-5.4,0.4956977179199401,0.4646464646464646,26.0,2.8,1.2,0.4,0.355,0.5,0.2,0.286,0.2,0.2,1.0,1.2,0.2,0.2,0.8,0.2,0.5,-0.9,0.4658385093167702,0.4166666666666667,,,,,,,,,,,,,,,,,,,,,0.48791279097114787,2024-25
1630556,Kessler Edwards,1610612742,DAL,40.0,15.2,3.4,1.7,0.496,1.4,0.6,0.407,0.3,0.3,0.923,4.2,1.1,0.4,2.9,0.6,2.3,-4.0,0.594563986409966,0.5882352941176471,11.0,2.2,0.5,0.2,0.4,0.1,0.0,0.0,0.2,0.2,1.0,0.5,0.2,0.2,0.8,0.3,0.5,0.1,0.4251700680272109,0.4,,,,,,,,,,,,,,,,,,,,,0.49634058983674517,2024-25
1630557,Corey Kispert,1610612764,WAS,61.0,26.3,9.3,4.2,0.451,5.4,2.0,0.364,1.4,1.2,0.852,11.6,1.7,1.0,3.0,0.6,2.4,-4.5,0.5849132714804356,0.5591397849462365,17.0,0.9,0.1,0.1,0.5,0.1,0.1,1.0,0.1,0.1,0.5,0.2,0.1,0.0,0.2,0.0,0.2,-0.4,0.6944444444444444,1.5000000000000002,,,,,,,,,,,,,,,,,,,,,0.6590093222735302,2024-25
1630558,Davion Mitchell,1610612748,MIA,74.0,27.4,6.4,3.0,0.468,2.9,1.1,0.398,1.1,0.8,0.69,7.9,4.9,1.7,2.3,0.5,1.8,0.0,0.573794305636258,0.5546874999999999,29.0,3.9,0.8,0.4,0.478,0.4,0.1,0.333,0.4,0.2,0.5,1.1,0.2,0.1,0.2,0.0,0.2,-1.8,0.5635245901639344,0.5625,4.0,35.5,10.3,6.3,0.61,3.5,1.8,0.5,1.8,0.8,0.429,15.0,6.3,2.0,2.3,0.5,1.8,-20.8,0.6761630003606203,0.6990291262135923,0.6340554145057115,2024-25
1630559,Austin Reaves,1610612747,LAL,73.0,34.9,14.2,6.5,0.46,7.3,2.7,0.377,5.0,4.4,0.877,20.2,5.8,2.4,4.5,0.8,3.7,2.7,0.6158536585365854,0.5528169014084507,34.0,2.6,1.1,0.4,0.405,0.7,0.2,0.304,0.9,0.7,0.806,1.8,0.4,0.1,0.1,0.0,0.1,0.7,0.6016042780748663,0.45454545454545453,5.0,39.3,14.6,6.0,0.411,9.4,3.0,0.319,1.4,1.2,0.857,16.2,3.6,2.8,5.4,0.8,4.6,-7.4,0.5323343848580442,0.5136986301369864,0.5770907070827689,2024-25
1630560,Cam Thomas,1610612751,BKN,25.0,31.2,18.2,8.0,0.438,7.8,2.7,0.349,6.0,5.3,0.881,24.0,3.8,2.5,3.3,0.6,2.7,-3.7,0.5758157389635317,0.5137362637362637,15.0,3.8,2.2,0.8,0.364,1.0,0.3,0.333,0.6,0.5,0.778,2.4,0.1,0.3,0.4,0.0,0.4,-2.7,0.4870129870129869,0.4318181818181818,,,,,,,,,,,,,,,,,,,,,0.528701816417083,2024-25
1630567,Scottie Barnes,1610612761,TOR,65.0,32.8,16.4,7.3,0.446,4.3,1.2,0.271,4.6,3.5,0.755,19.3,5.8,2.8,7.7,1.7,6.0,-2.0,0.5237733391228833,0.4817073170731707,21.0,3.3,1.7,0.7,0.429,0.2,0.1,0.5,0.8,0.6,0.75,2.1,0.2,0.2,0.8,0.1,0.7,-1.2,0.5116959064327485,0.4411764705882353,,,,,,,,,,,,,,,,,,,,,0.5260875709873646,2024-25
1630570,Trendon Watford,1610612751,BKN,44.0,20.7,8.0,3.7,0.469,2.0,0.7,0.33,2.8,2.1,0.762,10.2,2.6,1.9,3.6,0.8,2.8,-1.5,0.5524263431542461,0.50625,14.0,2.1,0.6,0.4,0.667,0.1,0.1,0.5,0.4,0.3,0.667,1.2,0.2,0.4,0.4,0.0,0.4,-0.2,0.7731958762886597,0.75,,,,,,,,,,,,,,,,,,,,,0.7071060319095843,2024-25
1630572,Sandro Mamukelashvili,1610612759,SAS,61.0,11.2,4.6,2.3,0.502,2.6,1.0,0.373,1.0,0.7,0.741,6.3,0.8,0.4,3.1,1.0,2.0,-0.5,0.625,0.6086956521739131,5.0,1.3,0.8,0.4,0.5,0.6,0.2,0.333,0.0,0.0,0.0,1.0,0.0,0.2,0.8,0.0,0.8,-0.4,0.625,0.625,,,,,,,,,,,,,,,,,,,,,0.6423913043440453,2024-25
1630573,Sam Hauser,1610612738,BOS,71.0,21.7,6.7,3.0,0.451,5.6,2.3,0.416,0.2,0.2,1.0,8.5,0.9,0.3,3.2,0.6,2.5,4.6,0.6261048909840895,0.6194029850746269,13.0,1.9,0.6,0.2,0.375,0.5,0.2,0.286,0.0,0.0,0.0,0.6,0.0,0.0,0.3,0.1,0.2,-0.2,0.5,0.5000000000000001,8.0,13.5,3.0,1.3,0.417,2.6,0.9,0.333,0.1,0.1,1.0,3.5,0.5,0.4,1.5,0.0,1.5,4.0,0.5749014454664915,0.5833333333333334,0.5674234284431877,2024-25
1630577,Julian Champagnie,1610612759,SAS,82.0,23.6,8.1,3.4,0.415,5.9,2.2,0.371,1.1,1.0,0.904,9.9,1.4,0.9,3.9,0.8,3.1,-0.8,0.5766542404473439,0.5555555555555556,22.0,2.1,0.5,0.2,0.455,0.5,0.2,0.5,0.1,0.1,1.0,0.8,0.0,0.1,0.3,0.0,0.3,1.2,0.7352941176470588,0.6000000000000001,,,,,,,,,,,,,,,,,,,,,0.688586998085898,2024-25
1630578,Alperen Sengun,1610612745,HOU,76.0,31.5,15.0,7.5,0.496,1.2,0.3,0.233,5.6,3.9,0.692,19.1,4.9,2.6,10.3,3.4,6.9,5.4,0.5468392120934494,0.51,38.0,3.0,1.5,0.7,0.456,0.1,0.0,0.0,1.3,0.9,0.667,2.3,0.4,0.2,0.9,0.4,0.5,1.9,0.555019305019305,0.4666666666666666,7.0,36.6,18.7,8.4,0.45,1.1,0.4,0.375,5.7,3.6,0.625,20.9,5.3,2.1,11.9,3.0,8.9,4.7,0.4927385892116183,0.45989304812834225,0.532515598293819,2024-25
1630579,Jericho Sims,1610612749,MIL,53.0,11.9,1.3,0.8,0.634,0.0,0.0,0.0,0.2,0.2,0.615,1.8,0.6,0.6,3.7,1.3,2.4,0.5,0.648414985590778,0.6153846153846154,2.0,0.1,0.0,0.0,0.0,0.0,0.0,0.0,0.0,0.0,0.0,0.0,0.0,0.0,0.0,0.0,0.0,0.5,,,5.0,11.5,1.2,1.2,1.0,0.0,0.0,0.0,0.6,0.4,0.667,2.8,0.2,1.0,4.0,2.2,1.8,-0.2,0.9562841530054644,1.0,0.5862112407678619,2024-25
1630581,Josh Giddey,1610612741,CHI,70.0,30.2,11.4,5.3,0.465,4.0,1.5,0.378,3.2,2.5,0.781,14.6,7.2,2.9,8.1,1.8,6.3,-1.0,0.5699562773266709,0.5307017543859649,25.0,3.2,1.0,0.4,0.36,0.4,0.2,0.455,0.8,0.6,0.7,1.5,0.8,0.2,1.0,0.4,0.6,0.9,0.5547337278106509,0.5,,,,,,,,,,,,,,,,,,,,,0.5685798408064495,2024-25
1630583,Santi Aldama,1610612763,MEM,65.0,25.5,10.0,4.8,0.483,5.0,1.8,0.368,1.4,1.0,0.691,12.5,2.9,1.1,6.4,1.4,5.0,2.3,0.588733986435569,0.5700000000000001,27.0,2.5,0.8,0.3,0.381,0.3,0.1,0.333,0.2,0.1,0.4,0.8,0.2,0.0,0.9,0.3,0.6,0.1,0.45045045045045046,0.43749999999999994,4.0,30.4,11.0,5.3,0.477,6.0,2.5,0.417,0.0,0.0,0.0,13.0,1.8,1.3,6.0,0.5,5.5,-8.5,0.5909090909090909,0.5954545454545455,0.5517270266764904,2024-25
1630585,Marcus Garrett,1610612766,CHA,4.0,19.8,6.8,2.8,0.407,2.0,0.8,0.375,1.0,0.8,0.75,7.0,3.3,1.5,1.5,0.3,1.3,-9.8,0.48342541436464087,0.47058823529411764,,,,,,,,,,,,,,,,,,,,,,,,,,,,,,,,,,,,,,,,,0.48342541436464087,2024-25
1630590,Scotty Pippen Jr.,1610612763,MEM,79.0,21.3,7.5,3.6,0.48,2.8,1.1,0.397,2.2,1.5,0.713,9.9,4.4,1.7,3.3,0.8,2.5,0.6,0.5845536136041568,0.5533333333333333,22.0,2.3,0.3,0.1,0.286,0.1,0.0,0.0,0.1,0.0,0.0,0.2,0.4,0.1,0.1,0.0,0.1,0.1,0.29069767441860467,0.33333333333333337,4.0,32.2,14.5,5.5,0.379,7.0,2.5,0.357,4.8,4.8,1.0,18.3,3.5,3.5,5.5,1.0,4.5,-16.8,0.5508066457982181,0.46551724137931033,0.4737281499721367,2024-25
1630591,Jalen Suggs,1610612753,ORL,35.0,28.6,13.7,5.6,0.41,6.9,2.2,0.314,3.1,2.8,0.882,16.2,3.7,2.9,4.0,0.7,3.4,0.1,0.5377057886351566,0.4890510948905109,14.0,2.8,1.2,0.3,0.235,0.9,0.1,0.083,1.3,0.9,0.722,1.6,0.4,0.2,0.4,0.1,0.4,1.4,0.45146726862302483,0.2916666666666667,,,,,,,,,,,,,,,,,,,,,0.48897256604735395,2024-25
1630592,Jalen Wilson,1610612751,BKN,79.0,25.7,7.8,3.1,0.397,4.6,1.5,0.337,2.1,1.7,0.818,9.5,1.8,1.0,3.4,0.9,2.5,-3.3,0.5444750114626318,0.4935897435897436,20.0,1.7,0.2,0.1,0.5,0.2,0.1,0.333,0.5,0.5,0.9,0.7,0.2,0.1,0.2,0.1,0.2,-0.4,0.8333333333333331,0.7500000000000001,,,,,,,,,,,,,,,,,,,,,0.7396113286068732,2024-25
1630595,Cade Cunningham,1610612765,DET,70.0,35.0,20.8,9.8,0.469,6.0,2.1,0.356,5.3,4.5,0.846,26.1,9.1,4.4,6.1,0.8,5.3,2.5,0.5641535535189348,0.5216346153846154,37.0,2.9,1.7,0.6,0.344,0.4,0.1,0.231,1.2,1.1,0.87,2.4,0.5,0.5,0.5,0.1,0.4,-1.0,0.5385996409335727,0.3823529411764706,6.0,41.3,21.5,9.2,0.426,4.7,0.8,0.179,7.0,5.8,0.833,25.0,8.7,5.3,8.3,1.0,7.3,1.5,0.5085435313262816,0.44651162790697674,0.5360036484835048,2024-25
1630596,Evan Mobley,1610612739,CLE,71.0,30.5,12.8,7.1,0.557,3.2,1.2,0.37,4.3,3.1,0.725,18.5,3.2,2.0,9.3,2.3,7.0,7.7,0.6295943370541791,0.6015624999999999,29.0,3.0,0.6,0.4,0.667,0.1,0.0,0.333,0.3,0.2,0.7,1.1,0.1,0.1,0.9,0.3,0.6,2.5,0.7513661202185793,0.6666666666666667,8.0,32.1,10.9,6.4,0.586,3.9,1.8,0.452,3.1,2.6,0.84,17.1,1.6,1.4,8.1,2.6,5.5,1.4,0.6971624266144814,0.6697247706422019,0.7086564762220976,2024-25
1630598,Aaron Wiggins,1610612760,OKC,76.0,22.9,9.6,4.7,0.488,4.5,1.7,0.383,1.2,1.0,0.831,12.0,1.8,0.9,3.9,1.1,2.8,6.8,0.5924170616113744,0.578125,8.0,2.3,1.1,0.5,0.444,0.9,0.4,0.429,0.4,0.4,1.0,1.8,0.1,0.0,0.0,0.0,0.0,1.9,0.7053291536050157,0.6363636363636362,22.0,13.8,5.4,2.1,0.395,3.1,1.1,0.362,0.8,0.6,0.765,6.0,0.9,0.8,2.3,0.6,1.6,4.6,0.521557719054242,0.49074074074074076,0.6060830876628284,2024-25
1630600,Isaiah Mobley,1610612755,PHI,1.0,17.4,7.0,2.0,0.286,3.0,1.0,0.333,2.0,1.0,0.5,6.0,5.0,0.0,4.0,1.0,3.0,-6.0,0.3807106598984772,0.35714285714285715,,,,,,,,,,,,,,,,,,,,,,,,,,,,,,,,,,,,,,,,,0.3807106598984772,2024-25
1630611,Gui Santos,1610612744,GSW,56.0,13.6,3.2,1.5,0.458,1.8,0.6,0.33,0.8,0.5,0.69,4.1,1.4,0.8,3.1,1.3,1.8,2.9,0.5771396396396395,0.5625,11.0,1.5,0.5,0.3,0.6,0.1,0.0,0.0,0.3,0.2,0.667,0.7,0.1,0.1,0.4,0.2,0.2,-0.6,0.5537974683544303,0.6,10.0,7.2,1.7,0.9,0.529,1.0,0.4,0.4,0.6,0.4,0.667,2.6,0.8,0.6,1.2,0.3,0.9,1.2,0.6619144602851325,0.6470588235294118,0.6273713261957669,2024-25
1630623,Tyson Etienne,1610612751,BKN,7.0,21.6,7.4,2.4,0.327,6.3,1.9,0.295,1.4,1.1,0.8,7.9,1.7,1.1,1.3,0.4,0.9,-10.0,0.49276447105788423,0.45270270270270263,2.0,1.1,0.0,0.0,0.0,0.0,0.0,0.0,0.0,0.0,0.0,0.0,0.0,0.0,0.0,0.0,0.0,3.0,,,,,,,,,,,,,,,,,,,,,,,0.16425482368596142,2024-25
1630625,Dalano Banton,1610612757,POR,67.0,16.7,7.6,3.0,0.391,3.3,1.1,0.324,1.9,1.4,0.728,8.3,2.4,1.3,2.0,0.4,1.6,-0.8,0.49193930772878147,0.46710526315789475,10.0,2.0,1.1,0.7,0.636,0.5,0.2,0.4,0.0,0.0,0.0,1.6,0.3,0.1,0.0,0.0,0.0,-2.2,0.7272727272727273,0.7272727272727272,,,,,,,,,,,,,,,,,,,,,0.6633019383000338,2024-25
1630631,Jose Alvarado,1610612740,NOP,56.0,24.4,9.3,3.6,0.392,5.5,2.0,0.359,1.3,1.1,0.811,10.3,4.6,1.5,2.4,0.5,1.9,-4.1,0.521677471636953,0.49462365591397844,16.0,2.6,0.8,0.2,0.231,0.4,0.0,0.0,0.1,0.1,1.0,0.4,0.6,0.1,0.6,0.1,0.4,0.8,0.23696682464454974,0.25,,,,,,,,,,,,,,,,,,,,,0.3404725241787269,2024-25
1630639,A.J. Lawson,1610612761,TOR,26.0,18.7,7.3,3.1,0.421,3.9,1.3,0.327,2.4,1.7,0.683,9.1,1.2,0.6,3.3,0.8,2.5,-0.7,0.5445189085686931,0.5136986301369864,3.0,4.1,1.7,1.0,0.6,1.3,0.7,0.5,0.0,0.0,0.0,2.7,0.7,0.0,0.7,0.0,0.7,-2.7,0.7941176470588236,0.7941176470588236,,,,,,,,,,,,,,,,,,,,,0.7342057387918002,2024-25
1630643,Jay Huff,1610612763,MEM,64.0,11.7,4.8,2.5,0.515,3.1,1.3,0.405,0.9,0.7,0.786,6.9,0.6,0.5,2.0,0.5,1.5,0.4,0.663972286374134,0.65625,5.0,2.4,0.4,0.2,0.5,0.0,0.0,0.0,0.0,0.0,0.0,0.4,0.0,0.0,0.2,0.0,0.2,1.4,0.5,0.5,2.0,9.0,2.0,1.0,0.5,0.5,0.0,0.0,2.0,2.0,1.0,4.0,0.5,0.5,1.5,0.5,1.0,-3.5,0.6944444444444444,0.5,0.6328842699495084,2024-25
1630658,Colin Castleton,1610612761,TOR,26.0,16.6,3.8,1.8,0.469,0.6,0.1,0.125,1.5,1.1,0.763,4.7,1.1,0.9,4.7,2.0,2.7,-1.2,0.5269058295964126,0.48684210526315796,4.0,2.8,0.3,0.0,0.0,0.3,0.0,0.0,0.0,0.0,0.0,0.0,0.3,0.3,0.3,0.3,0.0,-2.5,0.0,0.0,,,,,,,,,,,,,,,,,,,,,0.18353001337216523,2024-25
1630692,Jordan Goodwin,1610612747,LAL,29.0,18.7,5.0,2.2,0.438,2.3,0.9,0.382,0.4,0.3,0.818,5.6,1.4,0.9,3.9,1.3,2.6,-0.4,0.5409582689335394,0.53,5.0,1.9,0.2,0.2,1.0,0.2,0.2,1.0,0.0,0.0,0.0,0.6,0.0,0.0,0.0,0.0,0.0,-1.0,1.4999999999999998,1.5000000000000002,4.0,7.8,1.3,0.3,0.2,0.5,0.0,0.0,0.5,0.3,0.5,0.8,0.5,0.3,1.3,0.5,0.8,3.0,0.2631578947368421,0.23076923076923075,0.7257386588565441,2024-25
1630695,Micah Potter,1610612762,UTA,38.0,18.6,3.6,1.5,0.422,2.6,0.8,0.316,0.5,0.4,0.85,4.3,0.8,0.8,4.3,1.1,3.2,-2.7,0.56282722513089,0.5277777777777778,4.0,0.3,0.0,0.0,0.0,0.0,0.0,0.0,0.0,0.0,0.0,0.0,0.3,0.0,0.0,0.0,0.0,0.0,,,,,,,,,,,,,,,,,,,,,,,0.18760907504363,2024-25
1630696,Dru Smith,1610612748,MIA,14.0,19.2,4.4,2.2,0.508,2.1,1.1,0.533,0.9,0.6,0.75,6.2,1.6,1.2,2.6,0.9,1.7,2.7,0.646371976647206,0.625,4.0,1.9,0.5,0.0,0.0,0.3,0.0,0.0,0.0,0.0,0.0,0.0,0.0,0.0,0.3,0.3,0.0,-2.8,0.0,0.0,,,,,,,,,,,,,,,,,,,,,0.2268209619101224,2024-25
1630700,Dyson Daniels,1610612737,ATL,76.0,33.8,12.1,6.0,0.493,3.1,1.1,0.34,1.8,1.1,0.593,14.1,4.4,2.0,5.9,1.6,4.3,-0.9,0.5468507601613404,0.5413223140495868,39.0,3.8,1.1,0.5,0.5,0.3,0.2,0.5,0.2,0.2,0.75,1.4,0.3,0.2,0.7,0.1,0.5,0.5,0.5892255892255891,0.5454545454545454,,,,,,,,,,,,,,,,,,,,,0.5841915552943306,2024-25
1630702,Jaden Hardy,1610612742,DAL,57.0,15.9,7.3,3.2,0.435,3.5,1.3,0.386,1.5,1.1,0.698,8.7,1.4,1.4,1.6,0.2,1.4,-1.1,0.5464824120603015,0.5273972602739726,7.0,2.1,0.3,0.0,0.0,0.3,0.0,0.0,0.3,0.1,0.5,0.1,0.0,0.3,0.0,0.0,0.0,3.4,0.11574074074074076,0.0,,,,,,,,,,,,,,,,,,,,,0.2634308868877939,2024-25
1630703,Scoot Henderson,1610612757,POR,66.0,26.7,10.4,4.3,0.419,4.5,1.6,0.354,3.1,2.4,0.767,12.7,5.1,2.7,3.0,0.8,2.2,-0.6,0.5397823869432166,0.4903846153846153,18.0,2.3,0.6,0.2,0.364,0.1,0.0,0.0,0.3,0.2,0.6,0.6,0.3,0.1,0.3,0.2,0.2,-0.3,0.4098360655737705,0.33333333333333337,,,,,,,,,,,,,,,,,,,,,0.45892073679892853,2024-25
1630811,Keaton Wallace,1610612737,ATL,31.0,16.2,5.2,2.1,0.401,2.6,0.9,0.329,0.4,0.4,1.0,5.4,2.6,1.1,1.6,0.2,1.4,-0.6,0.5022321428571429,0.4903846153846154,6.0,1.3,0.8,0.2,0.2,0.2,0.0,0.0,0.0,0.0,0.0,0.3,0.3,0.0,0.0,0.0,0.0,-0.5,0.18749999999999997,0.25,,,,,,,,,,,,,,,,,,,,,0.30779532966737105,2024-25
1631093,Jaden Ivey,1610612765,DET,30.0,29.9,13.8,6.3,0.46,5.1,2.1,0.409,3.9,2.8,0.733,17.6,4.0,3.0,4.1,1.3,2.8,-2.1,0.5671564836298015,0.5326086956521738,12.0,4.0,1.9,0.9,0.478,0.3,0.1,0.25,1.2,0.8,0.643,2.7,0.5,0.3,0.6,0.3,0.3,-1.5,0.556013179571664,0.5000000000000001,,,,,,,,,,,,,,,,,,,,,0.5734957301987411,2024-25
1631094,Paolo Banchero,1610612753,ORL,46.0,34.4,19.8,9.0,0.452,5.9,1.9,0.32,8.4,6.1,0.727,25.9,4.8,3.0,7.5,1.1,6.4,-0.5,0.551157643854273,0.5025252525252525,21.0,3.9,2.2,1.0,0.468,0.8,0.2,0.235,1.3,1.0,0.714,3.2,0.3,0.3,1.0,0.1,0.8,-0.4,0.5772005772005772,0.5,5.0,39.4,24.8,10.8,0.435,5.4,2.4,0.444,8.2,5.4,0.659,29.4,4.2,3.0,8.4,2.4,6.0,-7.2,0.5174598704590255,0.48387096774193544,0.5541008460493007,2024-25
1631095,Jabari Smith Jr.,1610612745,HOU,57.0,30.1,9.9,4.4,0.438,4.9,1.7,0.354,2.2,1.8,0.825,12.2,1.1,1.1,7.0,1.8,5.2,4.4,0.5612808244387191,0.5303030303030303,25.0,2.9,0.7,0.2,0.353,0.4,0.1,0.273,0.3,0.2,0.75,0.8,0.0,0.0,0.4,0.0,0.4,0.2,0.48076923076923084,0.35714285714285715,7.0,20.5,4.9,2.4,0.5,3.1,1.4,0.455,1.4,1.1,0.8,7.4,0.6,1.4,3.9,1.0,2.9,-1.3,0.6707759245830313,0.6326530612244897,0.5962618836910386,2024-25
1631096,Chet Holmgren,1610612760,OKC,32.0,27.4,10.7,5.2,0.49,3.6,1.4,0.379,4.2,3.2,0.754,15.0,2.0,1.8,8.0,1.5,6.5,9.2,0.5977048135160982,0.5514018691588786,4.0,1.3,0.0,0.0,0.0,0.0,0.0,0.0,0.5,0.5,1.0,0.5,0.0,0.0,0.5,0.0,0.5,0.3,1.1363636363636365,,23.0,29.8,11.6,5.3,0.462,4.0,1.2,0.297,4.2,3.3,0.784,15.2,1.0,1.2,8.7,1.8,6.8,7.3,0.5651397977394408,0.5086206896551724,0.7609752465769489,2024-25
1631097,Bennedict Mathurin,1610612754,IND,72.0,29.9,11.8,5.4,0.458,4.0,1.4,0.34,4.6,3.8,0.831,16.1,1.9,1.9,5.3,1.2,4.1,1.3,0.5823206018518519,0.516949152542373,26.0,3.4,1.4,0.8,0.568,0.3,0.1,0.222,1.2,1.0,0.871,2.7,0.1,0.3,0.6,0.1,0.5,2.0,0.7002074688796681,0.6071428571428572,22.0,17.5,6.7,3.1,0.459,2.7,0.8,0.3,4.7,4.0,0.864,11.0,0.9,1.2,3.3,1.2,2.1,-3.5,0.6272810218978102,0.5223880597014925,0.655960840996092,2024-25
1631099,Keegan Murray,1610612758,SAC,76.0,34.3,10.8,4.8,0.444,5.9,2.0,0.343,0.9,0.8,0.833,12.4,1.4,0.8,6.7,1.9,4.8,0.6,0.5537692032868882,0.537037037037037,34.0,4.2,0.5,0.2,0.438,0.2,0.1,0.375,0.0,0.0,0.0,0.5,0.1,0.0,0.7,0.1,0.6,0.2,0.5,0.5,,,,,,,,,,,,,,,,,,,,,0.522552697391497,2024-25
1631101,Shaedon Sharpe,1610612757,POR,72.0,31.3,15.3,6.9,0.452,6.6,2.0,0.311,3.4,2.6,0.785,18.5,2.8,2.1,4.5,0.9,3.6,-1.9,0.5507263634198619,0.5163398692810458,24.0,3.6,1.9,0.8,0.422,0.8,0.2,0.278,1.1,0.8,0.692,2.5,0.2,0.3,0.7,0.3,0.3,-0.2,0.5243288590604027,0.4736842105263158,,,,,,,,,,,,,,,,,,,,,0.5455463278330056,2024-25
1631104,Blake Wesley,1610612759,SAS,58.0,11.8,3.2,1.4,0.435,1.0,0.3,0.293,1.1,0.7,0.623,3.7,2.0,0.9,1.1,0.3,0.8,-0.2,0.502171552660152,0.48437499999999994,3.0,0.7,0.3,0.3,1.0,0.0,0.0,0.0,0.0,0.0,0.0,0.7,0.0,0.3,0.3,0.0,0.3,-0.7,1.1666666666666667,1.0,,,,,,,,,,,,,,,,,,,,,0.9545432953282322,2024-25
1631105,Jalen Duren,1610612765,DET,78.0,26.1,7.0,4.8,0.692,0.0,0.0,0.0,3.1,2.1,0.669,11.8,2.7,1.7,10.3,3.6,6.8,0.5,0.705404112864658,0.6857142857142857,35.0,2.9,0.4,0.2,0.538,0.0,0.0,0.0,0.3,0.1,0.417,0.5,0.1,0.2,1.1,0.4,0.7,-0.6,0.4699248120300752,0.5,6.0,33.9,6.7,4.3,0.65,0.0,0.0,0.0,3.8,3.2,0.826,11.8,3.5,1.7,10.7,4.3,6.3,-4.7,0.7047300525561395,0.6417910447761194,0.632288268145674,2024-25
1631106,Tari Eason,1610612745,HOU,57.0,24.9,9.8,4.8,0.487,3.2,1.1,0.342,1.8,1.4,0.76,12.0,1.5,1.1,6.4,2.2,4.1,2.5,0.5664652567975831,0.5459183673469387,27.0,1.9,0.4,0.1,0.364,0.1,0.1,0.5,0.2,0.1,0.667,0.5,0.0,0.1,0.4,0.2,0.2,-0.6,0.5122950819672131,0.37500000000000006,7.0,18.9,6.3,3.0,0.477,2.7,1.0,0.368,1.1,0.6,0.5,7.6,0.7,1.4,4.3,1.0,3.3,-3.9,0.5601415094339622,0.5555555555555556,0.5493282908249607,2024-25
1631107,Nikola Jović,1610612748,MIA,46.0,25.1,8.2,3.7,0.456,4.6,1.7,0.371,1.9,1.6,0.828,10.7,2.8,1.3,3.9,0.6,3.3,-0.4,0.5920761398849048,0.5548780487804879,15.0,4.0,0.9,0.4,0.429,0.7,0.2,0.273,0.1,0.1,1.0,1.1,0.3,0.1,0.7,0.1,0.6,-0.3,0.5826271186440678,0.5555555555555556,4.0,18.7,8.8,3.3,0.371,6.0,1.5,0.25,1.5,1.5,1.0,9.5,1.5,1.3,4.0,1.0,3.0,-11.5,0.5021141649048625,0.46022727272727265,0.554921088402697,2024-25
1631108,Max Christie,1610612742,DAL,78.0,27.3,7.6,3.2,0.427,4.0,1.5,0.366,1.9,1.7,0.855,9.6,1.9,1.1,3.3,0.5,2.8,-1.1,0.5689900426742532,0.5197368421052632,31.0,2.9,0.7,0.3,0.364,0.3,0.1,0.4,0.4,0.3,0.909,1.0,0.2,0.2,0.4,0.1,0.3,0.2,0.5707762557077626,0.5,,,,,,,,,,,,,,,,,,,,,0.579391377677837,2024-25
1631109,Mark Williams,1610612766,CHA,44.0,26.6,10.2,6.1,0.604,0.1,0.0,0.0,3.7,3.0,0.804,15.3,2.5,1.6,10.2,3.0,7.2,-6.8,0.6467703753804532,0.5980392156862745,15.0,3.6,1.3,0.9,0.7,0.0,0.0,0.0,0.4,0.3,0.833,2.2,0.2,0.3,1.7,0.6,1.1,0.4,0.7452574525745258,0.6923076923076923,,,,,,,,,,,,,,,,,,,,,0.7251735248811345,2024-25
1631110,Jeremy Sochan,1610612759,SAS,54.0,25.3,8.7,4.6,0.535,1.7,0.5,0.308,2.3,1.6,0.696,11.4,2.4,1.6,6.5,2.4,4.2,-1.6,0.5869028006589786,0.5574712643678161,17.0,3.6,0.8,0.4,0.538,0.2,0.1,0.333,0.1,0.1,0.5,0.9,0.1,0.0,0.6,0.2,0.4,-1.8,0.533175355450237,0.5625,,,,,,,,,,,,,,,,,,,,,0.5602799061509444,2024-25
1631111,Wendell Moore Jr.,1610612766,CHA,36.0,13.9,3.5,1.6,0.468,1.1,0.4,0.341,0.6,0.5,0.818,4.2,1.2,0.8,2.6,0.8,1.8,-3.7,0.5579171094580234,0.5142857142857143,3.0,2.5,0.3,0.3,1.0,0.3,0.3,1.0,0.0,0.0,0.0,1.0,0.0,0.3,1.0,0.3,0.7,0.0,1.6666666666666667,1.5,,,,,,,,,,,,,,,,,,,,,1.3056549094994319,2024-25
1631114,Jalen Williams,1610612760,OKC,69.0,32.4,16.9,8.2,0.484,4.9,1.8,0.365,4.3,3.4,0.789,21.6,5.1,2.2,5.3,0.9,4.5,6.6,0.574712643678161,0.5384615384615384,19.0,2.7,1.2,0.6,0.478,0.4,0.2,0.5,0.4,0.3,0.714,1.6,0.4,0.1,0.3,0.1,0.2,0.0,0.5813953488372093,0.5833333333333334,23.0,34.6,17.2,7.7,0.449,5.0,1.5,0.304,5.6,4.4,0.789,21.4,4.8,1.8,5.5,1.0,4.5,4.8,0.5441415785191213,0.49127906976744184,0.5687552712005468,2024-25
1631115,Orlando Robinson,1610612761,TOR,44.0,17.5,5.9,2.6,0.444,1.2,0.4,0.327,1.6,1.2,0.771,6.9,1.8,1.1,5.0,2.0,3.0,-2.0,0.5224106602059359,0.4745762711864407,6.0,3.3,0.8,0.3,0.4,0.3,0.0,0.0,0.2,0.2,1.0,0.8,0.0,0.0,0.3,0.2,0.2,-2.5,0.45045045045045046,0.37499999999999994,,,,,,,,,,,,,,,,,,,,,0.48799650906721237,2024-25
1631117,Walker Kessler,1610612762,UTA,58.0,30.0,7.2,4.8,0.663,0.6,0.1,0.176,2.6,1.4,0.52,11.1,1.7,1.5,12.2,4.6,7.6,-5.7,0.6651486097794821,0.673611111111111,19.0,3.9,1.2,0.8,0.727,0.0,0.0,0.0,0.7,0.3,0.462,2.0,0.2,0.0,1.8,0.8,0.9,-2.7,0.6631299734748011,0.6666666666666667,,,,,,,,,,,,,,,,,,,,,0.6804695189073799,2024-25
1631119,Jaylin Williams,1610612760,OKC,47.0,16.7,4.7,2.1,0.439,3.3,1.3,0.399,0.6,0.5,0.767,5.9,2.6,0.7,5.6,1.0,4.6,6.4,0.5942788074133762,0.5851063829787234,4.0,1.9,0.3,0.0,0.0,0.3,0.0,0.0,0.0,0.0,0.0,0.0,0.0,0.0,1.0,0.5,0.5,-2.3,0.0,0.0,17.0,8.3,2.1,0.9,0.429,1.5,0.5,0.36,0.6,0.4,0.545,2.6,1.0,0.7,1.9,0.2,1.6,0.1,0.5499153976311337,0.5476190476190476,0.3803871454398424,2024-25
1631123,Jamaree Bouyea,1610612749,MIL,5.0,12.3,2.4,1.2,0.5,1.0,0.2,0.2,1.2,0.8,0.667,3.4,2.0,1.6,1.0,0.2,0.8,0.4,0.5806010928961749,0.5416666666666667,1.0,5.3,0.0,0.0,0.0,0.0,0.0,0.0,3.0,2.0,0.667,2.0,0.0,0.0,1.0,0.0,1.0,6.0,0.7575757575757576,,,,,,,,,,,,,,,,,,,,,,0.6985842026825634,2024-25
1631124,Julian Strawther,1610612743,DEN,65.0,21.3,7.5,3.2,0.432,4.1,1.4,0.349,1.4,1.1,0.822,9.0,1.3,0.9,2.2,0.3,1.9,-1.1,0.5544603252833908,0.52,9.0,1.5,0.8,0.4,0.571,0.2,0.0,0.0,0.7,0.6,0.833,1.4,0.1,0.0,0.3,0.1,0.2,0.9,0.6317689530685919,0.5,9.0,9.7,3.3,1.4,0.433,1.3,0.7,0.5,0.8,0.7,0.857,4.2,0.2,0.6,1.0,0.4,0.6,-4.1,0.575027382256298,0.5303030303030303,0.6011800630301559,2024-25
1631128,Christian Braun,1610612743,DEN,79.0,33.9,10.4,6.0,0.58,2.8,1.1,0.397,2.7,2.2,0.827,15.4,2.6,1.0,5.2,1.2,3.9,6.1,0.6644804970659303,0.6298076923076923,32.0,3.8,0.8,0.4,0.462,0.3,0.2,0.545,0.2,0.2,1.0,1.1,0.3,0.1,0.5,0.1,0.4,1.5,0.6193693693693694,0.625,14.0,38.9,10.6,4.8,0.453,5.0,1.5,0.3,2.2,1.6,0.71,12.6,2.4,1.0,6.4,1.8,4.6,-0.9,0.5446058091286307,0.5235849056603774,0.5971984182233282,2024-25
1631131,Oscar Tshiebwe,1610612762,UTA,14.0,18.2,5.0,3.0,0.6,0.0,0.0,0.0,2.2,1.6,0.742,7.6,0.6,0.7,8.7,3.3,5.4,-0.8,0.6367292225201072,0.6,,,,,,,,,,,,,,,,,,,,,,,,,,,,,,,,,,,,,,,,,0.6367292225201072,2024-25
1631133,Jabari Walker,1610612757,POR,60.0,12.5,3.8,2.0,0.515,1.2,0.5,0.389,1.2,0.8,0.69,5.2,0.6,0.6,3.5,1.0,2.5,0.3,0.600739371534196,0.5921052631578948,5.0,2.5,0.8,0.2,0.25,0.6,0.0,0.0,0.4,0.2,0.5,0.6,0.2,0.2,0.4,0.2,0.2,-3.6,0.3073770491803278,0.25,,,,,,,,,,,,,,,,,,,,,0.4262171215383577,2024-25
1631157,Ryan Rollins,1610612749,MIL,56.0,14.6,4.8,2.4,0.487,2.1,0.9,0.408,0.8,0.6,0.8,6.2,1.9,0.9,1.9,0.4,1.6,1.5,0.6017080745341615,0.59375,8.0,2.3,0.4,0.3,0.667,0.3,0.1,0.5,0.0,0.0,0.0,0.6,0.1,0.1,0.6,0.0,0.6,-1.9,0.7499999999999999,0.8749999999999999,3.0,9.8,4.3,1.3,0.308,2.3,0.7,0.286,0.0,0.0,0.0,3.3,1.3,0.0,0.7,0.3,0.3,-8.0,0.38372093023255816,0.38372093023255816,0.5504784775369033,2024-25
1631165,Keon Ellis,1610612758,SAC,80.0,24.4,5.8,2.8,0.489,4.0,1.7,0.433,1.1,0.9,0.849,8.3,1.5,0.9,2.7,0.8,1.9,0.8,0.6604073838319543,0.6293103448275862,25.0,3.0,0.5,0.2,0.417,0.3,0.1,0.25,0.3,0.2,0.75,0.7,0.1,0.1,0.4,0.1,0.3,-0.4,0.5537974683544303,0.5,,,,,,,,,,,,,,,,,,,,,0.5979547965006244,2024-25
1631166,Drew Timme,1610612751,BKN,9.0,28.2,11.3,5.0,0.441,3.9,1.0,0.257,1.8,1.1,0.625,12.1,2.2,1.7,7.2,1.9,5.3,-7.3,0.5003307972213034,0.48672566371681414,3.0,1.7,0.3,0.3,1.0,0.0,0.0,0.0,0.0,0.0,0.0,0.7,0.3,0.0,0.0,0.0,0.0,-0.7,1.1666666666666667,1.0,,,,,,,,,,,,,,,,,,,,,0.9472095774412812,2024-25
1631170,Jaime Jaquez Jr.,1610612748,MIA,66.0,20.7,7.0,3.2,0.461,1.8,0.6,0.311,2.2,1.6,0.754,8.6,2.5,1.5,4.4,1.3,3.1,-2.3,0.5396586345381525,0.5,11.0,2.7,1.1,0.3,0.25,0.5,0.1,0.2,0.5,0.4,0.667,1.0,0.4,0.1,0.6,0.3,0.4,-1.5,0.3787878787878788,0.3181818181818181,3.0,6.5,2.0,0.3,0.167,0.7,0.0,0.0,0.7,0.7,1.0,1.3,0.3,0.3,1.3,1.0,0.3,-6.0,0.28162911611785096,0.15,0.3727345757899513,2024-25
1631172,Ousmane Dieng,1610612760,OKC,37.0,10.9,3.4,1.5,0.432,1.9,0.6,0.324,0.4,0.3,0.688,3.8,0.8,0.5,2.2,0.5,1.7,1.2,0.5313199105145413,0.5294117647058824,1.0,0.2,0.0,0.0,0.0,0.0,0.0,0.0,0.0,0.0,0.0,0.0,0.0,0.0,0.0,0.0,0.0,3.0,,,9.0,3.6,1.1,0.4,0.4,0.8,0.4,0.571,0.2,0.2,1.0,1.6,0.3,0.0,0.4,0.0,0.4,-0.9,0.6734006734006733,0.5454545454545455,0.42525365511942687,2024-25
1631197,Jared Rhoden,1610612761,TOR,14.0,16.2,6.2,3.0,0.483,2.8,0.9,0.308,1.8,1.6,0.88,8.4,1.1,0.6,3.0,1.0,2.0,4.6,0.6006864988558352,0.5564516129032259,2.0,2.5,0.0,0.0,0.0,0.0,0.0,0.0,1.0,0.5,0.5,0.5,0.0,0.5,1.0,0.5,0.5,-2.0,0.5681818181818182,,,,,,,,,,,,,,,,,,,,,,0.5790167117398238,2024-25
1631199,Ron Harper Jr.,1610612765,DET,1.0,17.0,8.0,1.0,0.125,6.0,0.0,0.0,2.0,2.0,1.0,4.0,2.0,0.0,7.0,4.0,3.0,-1.0,0.2252252252252252,0.125,1.0,5.3,2.0,0.0,0.0,2.0,0.0,0.0,2.0,2.0,1.0,2.0,1.0,0.0,1.0,1.0,0.0,-6.0,0.3472222222222222,0.0,,,,,,,,,,,,,,,,,,,,,0.3315565565534315,2024-25
1631200,Kris Murray,1610612757,POR,69.0,15.1,4.0,1.7,0.419,1.7,0.4,0.225,0.8,0.4,0.456,4.2,1.0,0.6,2.6,1.1,1.5,-0.7,0.48253676470588236,0.475,9.0,1.7,0.2,0.2,1.0,0.0,0.0,0.0,0.0,0.0,0.0,0.4,0.1,0.1,0.2,0.0,0.2,-1.9,1.0,1.0,,,,,,,,,,,,,,,,,,,,,0.8325122549007108,2024-25
1631204,Marcus Sasser,1610612765,DET,57.0,14.2,5.2,2.4,0.463,2.7,1.0,0.382,0.9,0.8,0.843,6.6,2.3,0.9,1.2,0.3,0.9,0.7,0.5897069335239457,0.5576923076923077,13.0,1.9,0.5,0.3,0.571,0.3,0.2,0.5,0.1,0.1,1.0,0.8,0.1,0.2,0.0,0.0,0.0,-0.1,0.7352941176470588,0.8,,,,,,,,,,,,,,,,,,,,,0.6963804408862232,2024-25
1631207,Dalen Terry,1610612741,CHI,73.0,13.5,3.7,1.6,0.448,1.4,0.5,0.356,0.9,0.7,0.71,4.5,1.3,0.7,1.7,0.5,1.2,-2.4,0.54931640625,0.5,2.0,1.4,0.0,0.0,0.0,0.0,0.0,0.0,0.0,0.0,0.0,0.0,0.5,0.0,0.0,0.0,0.0,-1.5,,,,,,,,,,,,,,,,,,,,,,,0.18310546875,2024-25
1631209,Isaiah Wong,1610612766,CHA,20.0,13.3,5.3,2.1,0.39,1.7,0.7,0.394,1.7,1.3,0.735,6.0,1.4,0.9,1.6,0.7,0.9,-0.3,0.49603174603174605,0.4622641509433963,2.0,2.5,0.5,0.0,0.0,0.0,0.0,0.0,0.0,0.0,0.0,0.0,0.0,0.0,0.0,0.0,0.0,3.0,0.0,0.0,,,,,,,,,,,,,,,,,,,,,0.1747778776062863,2024-25
1631212,Peyton Watson,1610612743,DEN,68.0,24.3,6.3,3.0,0.477,2.0,0.7,0.353,2.0,1.4,0.693,8.1,1.4,0.8,3.4,0.7,2.7,-0.4,0.564066852367688,0.5317460317460317,19.0,2.8,0.5,0.3,0.5,0.3,0.2,0.5,0.2,0.1,0.25,0.7,0.1,0.2,0.2,0.1,0.1,-0.3,0.5952380952380952,0.8,14.0,14.2,4.2,1.7,0.407,1.4,0.5,0.368,1.1,0.6,0.5,4.5,0.3,0.6,2.9,1.0,1.9,-7.9,0.4803586678052946,0.46428571428571425,0.5405396823118752,2024-25
1631213,Tyrese Martin,1610612751,BKN,60.0,21.9,7.8,3.2,0.406,4.7,1.7,0.351,1.0,0.8,0.793,8.7,2.0,1.2,3.7,1.0,2.7,-4.3,0.5279126213592232,0.5192307692307693,16.0,2.5,0.9,0.3,0.286,0.5,0.2,0.375,0.2,0.1,0.333,0.8,0.3,0.1,0.3,0.2,0.1,-1.5,0.40485829959514175,0.4444444444444445,,,,,,,,,,,,,,,,,,,,,0.45741486838681783,2024-25
1631216,Caleb Houstan,1610612753,ORL,58.0,13.6,3.3,1.4,0.421,2.8,1.1,0.4,0.3,0.3,0.882,4.1,0.6,0.2,1.3,0.3,1.0,-1.1,0.5973193473193473,0.5909090909090909,6.0,1.5,0.5,0.3,0.667,0.5,0.3,0.667,0.0,0.0,0.0,1.0,0.2,0.0,0.2,0.2,0.0,0.0,1.0,0.8999999999999999,5.0,9.5,2.8,0.4,0.143,2.0,0.4,0.2,0.0,0.0,0.0,1.2,0.2,0.4,0.8,0.4,0.4,-5.8,0.2142857142857143,0.21428571428571433,0.5551809301763388,2024-25
1631217,Moussa Diabaté,1610612766,CHA,71.0,17.5,3.9,2.4,0.596,0.1,0.0,0.0,1.6,1.0,0.595,5.7,0.8,0.9,6.2,2.6,3.5,-1.7,0.6190269331016508,0.6153846153846154,21.0,2.2,0.5,0.2,0.4,0.0,0.0,0.0,0.4,0.1,0.25,0.5,0.0,0.0,0.9,0.4,0.5,-2.8,0.3698224852071006,0.4,,,,,,,,,,,,,,,,,,,,,0.46571114732250957,2024-25
1631218,Trayce Jackson-Davis,1610612744,GSW,62.0,15.6,4.9,2.8,0.576,0.0,0.0,0.0,1.6,1.0,0.578,6.6,1.7,0.7,5.0,2.0,3.0,-1.0,0.588865096359743,0.5714285714285714,11.0,1.6,0.1,0.1,1.0,0.0,0.0,0.0,0.2,0.1,0.5,0.3,0.0,0.0,0.2,0.0,0.2,-1.3,0.7978723404255319,1.0,9.0,8.9,2.0,1.8,0.889,0.0,0.0,0.0,1.4,0.6,0.385,4.1,0.2,0.1,2.3,1.0,1.3,-2.4,0.7836391437308867,0.9,0.7579620177266919,2024-25
1631221,Collin Gillespie,1610612756,PHX,33.0,14.0,4.8,2.1,0.43,2.7,1.2,0.433,0.7,0.6,0.864,5.9,2.4,0.5,2.4,0.7,1.7,-0.9,0.57752545027408,0.5625000000000001,3.0,2.1,0.7,0.7,1.0,0.3,0.3,1.0,0.0,0.0,0.0,1.7,0.3,0.0,0.3,0.0,0.3,1.0,1.2142857142857144,1.2142857142857144,,,,,,,,,,,,,,,,,,,,,1.016615626278798,2024-25
1631222,Jake LaRavia,1610612758,SAC,66.0,20.4,5.1,2.4,0.475,2.2,0.9,0.423,1.7,1.2,0.678,6.9,2.4,1.3,3.9,1.4,2.6,1.9,0.5899452804377565,0.5588235294117647,14.0,2.3,0.3,0.2,0.75,0.1,0.0,0.0,0.3,0.2,0.75,0.6,0.1,0.1,0.3,0.1,0.1,-1.0,0.6944444444444444,0.6666666666666667,,,,,,,,,,,,,,,,,,,,,0.6654937427155715,2024-25
1631223,David Roddy,1610612745,HOU,33.0,12.4,3.8,1.7,0.456,1.8,0.6,0.311,0.8,0.6,0.769,4.6,1.1,0.7,2.5,0.4,2.2,-2.3,0.5539499036608863,0.5263157894736842,1.0,0.4,0.0,0.0,0.0,0.0,0.0,0.0,0.0,0.0,0.0,0.0,0.0,0.0,0.0,0.0,0.0,0.0,,,,,,,,,,,,,,,,,,,,,,,0.18464996788696209,2024-25
1631230,Dominick Barlow,1610612737,ATL,35.0,10.7,3.2,1.7,0.531,0.8,0.2,0.259,0.9,0.6,0.636,4.2,0.5,0.1,2.4,1.0,1.4,-0.1,0.5839822024471635,0.5625,3.0,0.0,0.0,0.0,0.0,0.0,0.0,0.0,0.0,0.0,0.0,0.0,0.0,0.0,0.0,0.0,0.0,-0.3,,,,,,,,,,,,,,,,,,,,,,,0.1946607341490545,2024-25
1631232,Keion Brooks Jr.,1610612740,NOP,14.0,23.7,7.8,3.8,0.486,3.1,1.0,0.326,2.1,1.6,0.733,10.1,0.9,0.9,4.1,0.9,3.3,-10.4,0.5788629069234296,0.5512820512820513,3.0,2.0,0.7,0.7,1.0,0.0,0.0,0.0,0.0,0.0,0.0,1.3,0.0,0.0,0.7,0.7,0.0,-0.3,0.9285714285714287,1.0,,,,,,,,,,,,,,,,,,,,,0.8209762803286373,2024-25
1631243,Mouhamed Gueye,1610612737,ATL,33.0,16.1,5.2,2.2,0.421,2.5,0.6,0.259,1.3,1.0,0.762,6.0,0.8,0.5,4.2,1.3,2.9,2.6,0.5197505197505198,0.4807692307692307,6.0,1.1,0.2,0.2,1.0,0.0,0.0,0.0,0.5,0.3,0.667,0.7,0.0,0.0,0.7,0.2,0.5,0.8,0.8333333333333331,1.0,,,,,,,,,,,,,,,,,,,,,0.7326518826511429,2024-25
1631245,Quenton Jackson,1610612754,IND,28.0,13.6,4.4,2.1,0.475,1.4,0.5,0.375,1.4,1.1,0.775,5.8,1.9,0.6,1.6,0.5,1.1,0.0,0.5781499202551834,0.5340909090909091,5.0,5.2,2.4,0.8,0.333,0.6,0.2,0.333,0.6,0.6,1.0,2.4,0.2,0.0,0.6,0.0,0.6,3.0,0.45045045045045046,0.375,,,,,,,,,,,,,,,,,,,,,0.5475623949184193,2024-25
1631246,Vince Williams Jr.,1610612763,MEM,27.0,18.5,6.2,2.5,0.401,3.5,1.0,0.274,0.9,0.7,0.792,6.6,2.0,1.2,3.6,0.8,2.8,0.2,0.5003032140691328,0.48387096774193544,7.0,1.5,0.6,0.1,0.25,0.1,0.0,0.0,0.0,0.0,0.0,0.3,0.1,0.0,0.4,0.0,0.4,-1.0,0.25,0.16666666666666669,3.0,12.5,2.3,1.3,0.571,2.3,1.3,0.571,0.7,0.7,1.0,4.7,1.3,1.0,2.3,0.3,2.0,1.7,0.901073619631902,0.8478260869565218,0.6269314315140843,2024-25
1631248,Baylor Scheierman,1610612738,BOS,31.0,12.4,3.5,1.3,0.355,2.6,0.8,0.317,0.4,0.3,0.75,3.6,1.1,0.4,2.1,0.6,1.5,0.9,0.4896626768226333,0.48571428571428577,2.0,2.5,0.5,0.0,0.0,0.0,0.0,0.0,0.0,0.0,0.0,0.0,0.0,0.0,1.0,0.5,0.5,4.0,0.0,0.0,4.0,5.6,2.5,0.8,0.3,1.3,0.5,0.4,0.0,0.0,0.0,2.0,0.0,0.3,1.0,0.3,0.8,-0.3,0.4,0.42000000000000004,0.29589616041873823,2024-25
1631250,Pete Nance,1610612749,MIL,13.0,10.6,2.5,1.1,0.438,1.8,0.7,0.375,0.2,0.1,0.5,2.9,0.8,0.3,1.6,0.4,1.2,-1.1,0.5602782071097372,0.5800000000000001,1.0,5.3,2.0,2.0,1.0,1.0,1.0,1.0,0.0,0.0,0.0,5.0,1.0,0.0,0.0,0.0,0.0,6.0,1.25,1.25,,,,,,,,,,,,,,,,,,,,,1.1000927356712458,2024-25
1631255,Karlo Matković,1610612740,NOP,42.0,18.8,5.6,3.2,0.574,1.6,0.5,0.318,1.0,0.8,0.773,7.7,1.1,1.0,5.0,1.5,3.5,-2.1,0.6374172185430463,0.6160714285714286,6.0,2.4,0.5,0.5,1.0,0.2,0.2,1.0,0.0,0.0,0.0,1.2,0.0,0.3,0.5,0.2,0.3,1.2,1.2,1.2,,,,,,,,,,,,,,,,,,,,,1.0214009776079926,2024-25
1631260,AJ Green,1610612749,MIL,73.0,22.7,5.8,2.5,0.429,5.0,2.1,0.427,0.4,0.3,0.815,7.4,1.5,0.5,2.4,0.2,2.1,3.1,0.6191432396251674,0.6120689655172413,25.0,2.9,0.4,0.2,0.545,0.4,0.2,0.545,0.1,0.1,0.667,0.8,0.2,0.0,0.2,0.0,0.2,-0.6,0.9009009009009009,0.7500000000000001,5.0,27.0,7.8,3.6,0.462,7.0,3.6,0.514,0.4,0.2,0.5,11.0,2.0,0.0,2.8,0.4,2.4,2.0,0.6895687061183551,0.6923076923076924,0.7551717450199545,2024-25
1631288,Jamal Cain,1610612740,NOP,37.0,13.6,4.3,1.8,0.43,2.2,0.7,0.325,1.4,0.9,0.68,5.3,0.6,0.6,2.3,0.7,1.6,-3.6,0.5390561432058585,0.5,2.0,0.2,0.0,0.0,0.0,0.0,0.0,0.0,0.0,0.0,0.0,0.0,0.0,0.0,0.0,0.0,0.0,-1.5,,,,,,,,,,,,,,,,,,,,,,,0.1796853810686195,2024-25
1631301,Jaylen Sims,1610612766,CHA,6.0,18.6,4.7,2.0,0.429,2.5,1.0,0.4,2.5,2.0,0.8,7.0,2.0,1.3,1.0,0.5,0.5,-7.8,0.6034482758620688,0.5319148936170213,1.0,4.5,1.0,0.0,0.0,1.0,0.0,0.0,0.0,0.0,0.0,0.0,0.0,1.0,1.0,1.0,0.0,-5.0,0.0,0.0,,,,,,,,,,,,,,,,,,,,,0.2224260210275102,2024-25
1631306,Cole Swider,1610612754,IND,10.0,17.0,6.3,2.2,0.349,4.7,1.5,0.319,0.1,0.0,0.0,5.9,0.3,0.4,2.7,0.5,2.2,5.4,0.46500630517023966,0.4682539682539683,,,,,,,,,,,,,,,,,,,,,,,,,,,,,,,,,,,,,,,,,0.46500630517023966,2024-25
1631311,Lester Quinones,1610612740,NOP,13.0,14.1,6.0,2.4,0.397,3.4,1.0,0.295,1.0,0.8,0.846,6.6,1.8,1.1,1.5,0.3,1.2,-2.0,0.5124223602484471,0.48333333333333334,1.0,0.1,0.0,0.0,0.0,0.0,0.0,0.0,0.0,0.0,0.0,0.0,0.0,0.0,0.0,0.0,0.0,-1.0,,,,,,,,,,,,,,,,,,,,,,,0.17080745341614903,2024-25
1631323,Simone Fontecchio,1610612765,DET,75.0,16.5,5.0,2.0,0.402,3.0,1.0,0.335,1.1,0.9,0.833,5.9,0.9,0.7,2.9,0.7,2.2,0.2,0.537928519328957,0.5,9.0,0.7,0.1,0.0,0.0,0.1,0.0,0.0,0.0,0.0,0.0,0.0,0.1,0.0,0.0,0.0,0.0,0.6,0.0,0.0,,,,,,,,,,,,,,,,,,,,,0.18130950644258567,2024-25
1631342,Daeqwon Plowden,1610612737,ATL,6.0,11.9,4.2,2.7,0.64,2.8,1.5,0.529,0.3,0.3,1.0,7.2,0.3,0.7,1.8,0.7,1.2,4.8,0.8310249307479225,0.8214285714285714,,,,,,,,,,,,,,,,,,,,,,,,,,,,,,,,,,,,,,,,,0.8310249307479225,2024-25
1641705,Victor Wembanyama,1610612759,SAS,46.0,33.2,18.6,8.9,0.476,8.8,3.1,0.352,4.1,3.4,0.836,24.3,3.7,3.2,11.0,1.8,9.2,2.2,0.5954714761811409,0.5618279569892474,22.0,4.0,2.1,0.8,0.37,1.0,0.2,0.238,0.9,0.7,0.842,2.5,0.3,0.3,1.1,0.2,0.9,-0.9,0.500801282051282,0.42857142857142855,,,,,,,,,,,,,,,,,,,,,0.5436483360079398,2024-25
1641706,Brandon Miller,1610612766,CHA,27.0,34.2,18.2,7.3,0.403,10.9,3.9,0.355,2.9,2.5,0.861,21.0,3.6,2.8,4.9,0.9,3.9,-4.6,0.5391250770178682,0.5082417582417582,15.0,4.6,2.3,1.0,0.429,1.3,0.5,0.368,0.4,0.4,1.0,2.9,0.3,0.4,1.1,0.4,0.7,-0.5,0.58562197092084,0.5434782608695653,,,,,,,,,,,,,,,,,,,,,0.5827603689231843,2024-25
1641707,Taylor Hendricks,1610612762,UTA,3.0,24.8,6.0,1.3,0.222,4.0,1.0,0.25,1.3,1.0,0.75,4.7,0.7,0.7,5.0,1.7,3.3,-7.3,0.35757760194765675,0.3,1.0,4.0,0.0,0.0,0.0,0.0,0.0,0.0,0.0,0.0,0.0,0.0,0.0,0.0,1.0,1.0,0.0,0.0,,,,,,,,,,,,,,,,,,,,,,,0.11919253398255225,2024-25
1641708,Amen Thompson,1610612745,HOU,69.0,32.3,10.1,5.6,0.557,1.3,0.4,0.275,3.6,2.4,0.684,14.1,3.8,2.0,8.2,2.8,5.4,3.9,0.6033892502567614,0.5742574257425742,40.0,2.9,0.6,0.4,0.68,0.1,0.0,0.333,0.5,0.4,0.737,1.2,0.2,0.1,0.6,0.2,0.4,-1.0,0.7317073170731707,0.6666666666666667,7.0,33.1,12.1,6.0,0.494,0.6,0.1,0.25,5.1,3.6,0.694,15.7,3.3,1.7,6.9,2.7,4.1,0.6,0.5472671500278862,0.5,0.6240414831399447,2024-25
1641709,Ausar Thompson,1610612765,DET,59.0,22.5,7.8,4.2,0.535,0.8,0.2,0.224,2.4,1.5,0.641,10.1,2.3,1.4,5.1,1.9,3.3,1.1,0.5702348690153568,0.5512820512820513,27.0,1.6,0.5,0.3,0.538,0.1,0.0,0.0,0.3,0.1,0.429,0.6,0.0,0.1,0.4,0.1,0.3,-2.0,0.47468354430379744,0.6,6.0,22.5,7.0,4.0,0.571,0.3,0.0,0.0,6.0,3.5,0.583,11.5,1.0,1.8,5.2,1.3,3.8,1.0,0.5964730290456431,0.5714285714285714,0.5579137638694148,2024-25
1641710,Anthony Black,1610612753,ORL,78.0,24.2,7.9,3.4,0.423,2.5,0.8,0.318,2.5,1.9,0.761,9.4,3.1,1.8,2.9,0.7,2.3,-0.5,0.5222222222222223,0.48101265822784806,18.0,3.6,0.7,0.3,0.385,0.3,0.1,0.167,0.4,0.4,0.875,1.0,0.1,0.1,0.6,0.1,0.5,-0.1,0.5707762557077626,0.5,5.0,17.7,7.4,3.0,0.405,2.6,0.4,0.154,2.6,1.8,0.692,8.2,0.0,0.4,4.4,2.0,2.4,-7.6,0.4798689138576778,0.43243243243243246,0.5260910053610128,2024-25
1641711,Gradey Dick,1610612761,TOR,54.0,29.4,12.0,4.9,0.41,6.0,2.1,0.35,2.9,2.5,0.858,14.4,1.8,1.5,3.6,0.8,2.8,-3.9,0.5423320277191925,0.49583333333333335,21.0,4.2,1.0,0.3,0.3,0.5,0.1,0.182,0.3,0.2,0.667,0.9,0.2,0.2,0.5,0.0,0.4,-1.8,0.39752650176678445,0.35,,,,,,,,,,,,,,,,,,,,,0.4541283437502261,2024-25
1641713,GG Jackson,1610612763,MEM,29.0,15.8,6.9,2.6,0.372,3.3,1.1,0.337,1.4,1.0,0.725,7.2,1.0,1.1,3.2,0.9,2.2,-2.3,0.47897817988291647,0.4565217391304348,2.0,0.1,0.0,0.0,0.0,0.0,0.0,0.0,0.0,0.0,0.0,0.0,0.0,0.0,0.0,0.0,0.0,0.0,,,,,,,,,,,,,,,,,,,,,,,0.15965939329430548,2024-25
1641715,Cam Whitmore,1610612745,HOU,51.0,16.2,7.9,3.5,0.444,3.6,1.3,0.355,1.4,1.1,0.75,9.4,1.0,0.9,3.0,0.7,2.3,0.0,0.5519023015500235,0.5253164556962026,6.0,1.4,0.0,0.0,0.0,0.0,0.0,0.0,0.0,0.0,0.0,0.0,0.0,0.0,0.2,0.0,0.2,-1.3,,,3.0,1.8,0.7,0.0,0.0,0.3,0.0,0.0,0.0,0.0,0.0,0.0,0.0,0.0,0.3,0.0,0.3,-5.3,0.0,0.0,0.09198371692500391,2024-25
1641716,Jarace Walker,1610612754,IND,75.0,15.8,4.8,2.3,0.472,2.5,1.0,0.405,0.9,0.6,0.667,6.1,1.5,1.0,3.1,0.3,2.7,-1.9,0.5869899923017706,0.5833333333333334,11.0,1.5,0.1,0.1,1.0,0.0,0.0,0.0,0.0,0.0,0.0,0.2,0.3,0.2,0.5,0.0,0.5,0.6,1.0,1.0,12.0,9.7,2.8,1.1,0.382,1.7,0.7,0.4,0.3,0.2,0.5,3.0,0.7,0.6,1.8,0.2,1.6,-0.7,0.5115961800818554,0.5178571428571429,0.6890464220907888,2024-25
1641717,Cason Wallace,1610612760,OKC,68.0,27.6,7.2,3.4,0.474,3.1,1.1,0.356,0.5,0.4,0.811,8.4,2.5,0.9,3.4,1.0,2.3,5.4,0.5660377358490566,0.5486111111111112,18.0,2.8,0.4,0.2,0.5,0.4,0.2,0.571,0.1,0.1,0.5,0.7,0.2,0.1,0.4,0.1,0.4,1.3,0.7882882882882882,0.7500000000000001,23.0,22.4,5.2,2.2,0.429,2.7,0.9,0.323,0.4,0.3,0.667,5.6,2.1,0.7,2.7,1.0,1.7,5.7,0.5208333333333333,0.5096153846153847,0.6230746076257228,2024-25
1641718,Keyonte George,1610612762,UTA,67.0,31.5,13.7,5.4,0.391,7.6,2.6,0.343,4.3,3.5,0.818,16.8,5.6,2.7,3.8,0.4,3.4,-7.6,0.538737814263725,0.48905109489051096,23.0,3.5,1.9,0.4,0.233,1.2,0.3,0.259,0.9,0.7,0.8,1.9,0.3,0.3,0.5,0.1,0.3,-2.3,0.4137630662020906,0.2894736842105263,,,,,,,,,,,,,,,,,,,,,0.4692899286936426,2024-25
1641720,Jalen Hood-Schifino,1610612755,PHI,15.0,21.0,6.5,2.5,0.378,3.1,0.9,0.304,1.4,1.2,0.857,7.1,2.5,1.2,1.8,0.2,1.6,-6.4,0.49887577290612706,0.4538461538461539,3.0,2.5,0.3,0.0,0.0,0.0,0.0,0.0,0.7,0.7,1.0,0.7,0.0,0.0,0.3,0.0,0.3,-3.3,0.575657894736842,0.0,,,,,,,,,,,,,,,,,,,,,0.5546792387412783,2024-25
1641721,Maxwell Lewis,1610612751,BKN,28.0,11.7,3.9,1.6,0.417,1.8,0.7,0.38,0.4,0.3,0.7,4.1,0.7,0.5,2.0,0.6,1.3,-2.4,0.5029440628066733,0.5000000000000001,3.0,0.3,0.0,0.0,0.0,0.0,0.0,0.0,0.0,0.0,0.0,0.0,0.0,0.0,0.0,0.0,0.0,1.7,,,,,,,,,,,,,,,,,,,,,,,0.16764802093555775,2024-25
1641722,Jordan Hawkins,1610612740,NOP,56.0,23.6,9.9,3.7,0.372,5.9,2.0,0.331,1.8,1.4,0.816,10.8,1.2,1.0,2.8,0.4,2.4,-5.7,0.5050505050505051,0.47474747474747475,8.0,3.4,0.5,0.4,0.75,0.0,0.0,0.0,0.3,0.3,1.0,1.0,0.1,0.1,0.1,0.1,0.0,-1.5,0.7911392405063291,0.8,,,,,,,,,,,,,,,,,,,,,0.700826833737716,2024-25
1641723,Kobe Bufkin,1610612737,ATL,10.0,12.4,4.7,1.8,0.383,1.9,0.4,0.211,1.8,1.3,0.722,5.3,1.7,0.8,2.1,0.5,1.6,-2.3,0.4825200291332848,0.425531914893617,,,,,,,,,,,,,,,,,,,,,,,,,,,,,,,,,,,,,,,,,0.4825200291332848,2024-25
1641724,Jett Howard,1610612753,ORL,60.0,11.7,4.4,1.6,0.374,3.1,0.9,0.296,0.4,0.3,0.696,4.5,0.7,0.6,1.2,0.3,0.8,-1.4,0.49169580419580416,0.46590909090909094,6.0,0.3,0.2,0.0,0.0,0.2,0.0,0.0,0.5,0.3,0.667,0.3,0.0,0.2,0.0,0.0,0.0,-0.7,0.3571428571428571,0.0,1.0,3.8,2.0,2.0,1.0,2.0,2.0,1.0,0.0,0.0,0.0,6.0,0.0,0.0,0.0,0.0,0.0,1.0,1.5,1.5,0.9555423742913413,2024-25
1641726,Dereck Lively II,1610612742,DAL,36.0,23.1,5.3,3.7,0.702,0.0,0.0,0.0,2.0,1.3,0.63,8.7,2.4,1.1,7.5,2.9,4.6,3.4,0.7038834951456311,0.6981132075471699,13.0,3.0,0.2,0.2,0.667,0.0,0.0,0.0,0.3,0.3,1.0,0.6,0.1,0.0,0.6,0.3,0.3,1.8,0.9036144578313252,1.0,,,,,,,,,,,,,,,,,,,,,0.8408110551743755,2024-25
1641727,Dariq Whitehead,1610612751,BKN,20.0,12.3,4.8,2.0,0.406,3.7,1.7,0.446,0.3,0.2,0.6,5.7,0.6,0.8,1.5,0.2,1.3,-3.2,0.5778588807785889,0.59375,1.0,0.0,0.0,0.0,0.0,0.0,0.0,0.0,0.0,0.0,0.0,0.0,0.0,0.0,0.0,0.0,0.0,0.0,,,,,,,,,,,,,,,,,,,,,,,0.1926196269261963,2024-25
1641729,Brice Sensabaugh,1610612762,UTA,71.0,20.2,8.4,3.9,0.459,5.2,2.2,0.422,1.0,0.9,0.89,10.9,1.5,1.5,3.0,0.6,2.4,-4.0,0.6165158371040724,0.5952380952380952,16.0,3.5,1.1,0.4,0.353,1.0,0.3,0.313,0.1,0.1,1.0,1.2,0.3,0.2,0.4,0.0,0.4,-2.4,0.5244755244755244,0.5,,,,,,,,,,,,,,,,,,,,,0.5682508667787196,2024-25
1641730,Noah Clowney,1610612751,BKN,46.0,22.7,8.1,2.9,0.358,5.7,1.9,0.333,1.7,1.5,0.838,9.1,0.9,1.0,3.9,0.9,3.0,-5.7,0.514240506329114,0.47530864197530864,9.0,2.7,1.2,0.4,0.364,0.8,0.3,0.429,0.1,0.1,1.0,1.3,0.1,0.1,0.4,0.2,0.2,1.8,0.522508038585209,0.45833333333333337,,,,,,,,,,,,,,,,,,,,,0.5345670093128299,2024-25
1641731,Bilal Coulibaly,1610612764,WAS,59.0,33.0,10.6,4.5,0.421,3.8,1.1,0.281,3.1,2.3,0.746,12.3,3.4,2.1,5.0,1.5,3.4,-9.9,0.5140421263791374,0.47641509433962265,22.0,2.7,0.8,0.3,0.353,0.2,0.0,0.2,0.1,0.1,0.667,0.7,0.2,0.1,0.4,0.1,0.3,-1.0,0.41469194312796204,0.37499999999999994,,,,,,,,,,,,,,,,,,,,,0.45535584068896257,2024-25
1641732,Colby Jones,1610612764,WAS,39.0,13.2,3.3,1.5,0.457,1.3,0.4,0.327,0.9,0.6,0.657,4.0,1.1,0.6,2.2,0.5,1.7,-2.9,0.5411255411255411,0.5151515151515151,4.0,3.0,1.5,0.3,0.167,1.0,0.0,0.0,1.5,0.5,0.333,1.0,0.3,0.3,0.8,0.3,0.5,-3.5,0.23148148148148145,0.19999999999999998,,,,,,,,,,,,,,,,,,,,,0.38015071347027274,2024-25
1641733,Nick Smith Jr.,1610612766,CHA,60.0,22.8,9.5,3.7,0.391,5.1,1.7,0.34,0.8,0.7,0.935,9.9,2.4,1.4,2.1,0.2,1.9,-6.6,0.502436053593179,0.4789473684210526,17.0,2.5,0.9,0.4,0.4,0.5,0.3,0.556,0.1,0.1,1.0,1.1,0.1,0.1,0.4,0.1,0.3,-0.1,0.5826271186440678,0.6111111111111112,,,,,,,,,,,,,,,,,,,,,0.5653704478366339,2024-25
1641736,Reece Beekman,1610612751,BKN,36.0,13.0,3.0,1.0,0.327,1.1,0.2,0.175,0.6,0.4,0.762,2.6,1.8,0.6,1.1,0.4,0.7,-3.3,0.39828431372549017,0.3666666666666667,4.0,0.5,0.3,0.3,1.0,0.0,0.0,0.0,0.0,0.0,0.0,0.5,0.3,0.0,0.0,0.0,0.0,1.3,0.8333333333333334,1.0,,,,,,,,,,,,,,,,,,,,,0.698316993460719,2024-25
1641737,Adem Bona,1610612755,PHI,58.0,15.6,3.3,2.3,0.703,0.0,0.0,0.0,1.7,1.2,0.67,5.8,0.5,1.1,4.2,1.6,2.6,-1.9,0.7164031620553359,0.6969696969696969,5.0,0.6,0.2,0.2,1.0,0.0,0.0,0.0,0.0,0.0,0.0,0.4,0.0,0.0,0.0,0.0,0.0,-0.4,1.0,1.0,,,,,,,,,,,,,,,,,,,,,0.9115283267438815,2024-25
1641739,Toumani Camara,1610612757,POR,78.0,32.7,9.2,4.2,0.458,4.6,1.7,0.375,1.6,1.2,0.722,11.3,2.2,1.4,5.8,2.2,3.6,-1.5,0.5704765751211632,0.5489130434782609,31.0,3.5,0.7,0.3,0.455,0.2,0.1,0.571,0.1,0.0,0.333,0.8,0.1,0.1,0.6,0.3,0.4,-0.5,0.5376344086021506,0.5,,,,,,,,,,,,,,,,,,,,,0.5561904930931684,2024-25
1641740,Jaylen Clark,1610612750,MIN,40.0,13.0,3.0,1.4,0.467,1.3,0.6,0.431,0.9,0.7,0.784,4.1,0.7,0.2,1.3,0.7,0.7,1.1,0.6036513545347467,0.5666666666666667,7.0,0.8,0.3,0.0,0.0,0.0,0.0,0.0,0.0,0.0,0.0,0.0,0.0,0.0,0.6,0.4,0.1,0.7,0.0,0.0,5.0,5.7,1.0,0.8,0.8,0.2,0.0,0.0,0.8,0.6,0.75,2.2,0.2,0.2,1.4,0.4,1.0,0.0,0.8136094674556213,0.8,0.5174132928136018,2024-25
1641741,Ricky Council IV,1610612755,PHI,73.0,17.1,6.3,2.4,0.382,2.9,0.8,0.258,2.1,1.7,0.804,7.3,1.3,0.7,2.9,0.7,2.2,-2.2,0.5052602436323367,0.4444444444444444,8.0,1.8,0.6,0.1,0.2,0.3,0.0,0.0,0.6,0.3,0.4,0.5,0.0,0.1,0.4,0.0,0.4,-1.5,0.28935185185185186,0.16666666666666669,,,,,,,,,,,,,,,,,,,,,0.37084512530097796,2024-25
1641744,Zach Edey,1610612763,MEM,66.0,21.5,6.6,3.8,0.58,0.8,0.3,0.346,1.9,1.4,0.709,9.2,1.0,1.3,8.3,3.5,4.8,2.5,0.6186121570736955,0.5984848484848485,20.0,1.7,0.4,0.3,0.714,0.1,0.0,0.0,0.0,0.0,0.0,0.5,0.0,0.1,0.4,0.2,0.2,-1.2,0.625,0.7499999999999999,4.0,27.0,3.8,2.5,0.667,0.0,0.0,0.0,1.8,1.3,0.714,6.3,1.8,1.5,7.8,2.8,5.0,-14.5,0.6859756097560976,0.6578947368421053,0.6604837704500193,2024-25
1641748,Andre Jackson Jr.,1610612749,MIL,67.0,14.6,2.9,1.4,0.477,1.1,0.4,0.395,0.4,0.2,0.5,3.4,1.2,0.9,2.7,1.0,1.7,-0.5,0.5526657997399219,0.5517241379310345,13.0,2.4,0.0,0.0,0.0,0.0,0.0,0.0,0.0,0.0,0.0,0.0,0.1,0.2,0.3,0.0,0.3,1.2,,,2.0,2.4,0.5,0.0,0.0,0.5,0.0,0.0,0.0,0.0,0.0,0.0,0.0,0.0,0.0,0.0,0.0,-1.0,0.0,0.0,0.09211096662332031,2024-25
1641757,Jordan Miller,1610612746,LAC,37.0,11.4,3.6,1.6,0.433,1.0,0.2,0.211,0.9,0.8,0.8,4.1,0.9,0.7,1.6,0.6,0.9,-1.7,0.5130130130130129,0.47222222222222227,2.0,0.5,0.5,0.0,0.0,0.5,0.0,0.0,0.0,0.0,0.0,0.0,0.0,0.0,0.0,0.0,0.0,-0.5,0.0,0.0,3.0,4.4,2.3,1.0,0.429,0.3,0.0,0.0,0.7,0.3,0.5,2.3,1.3,0.0,0.7,0.0,0.7,6.0,0.4409509202453988,0.4347826086956522,0.3198665178432324,2024-25
1641763,Julian Phillips,1610612741,CHI,79.0,14.2,3.6,1.6,0.446,1.9,0.6,0.327,1.0,0.8,0.789,4.6,0.5,0.3,2.1,0.8,1.3,0.4,0.5693069306930693,0.5277777777777778,4.0,3.2,0.3,0.3,1.0,0.0,0.0,0.0,0.5,0.5,1.0,1.0,0.3,0.3,0.5,0.0,0.5,5.3,0.9615384615384615,1.0,,,,,,,,,,,,,,,,,,,,,0.8391279512543492,2024-25
1641764,Brandin Podziemski,1610612744,GSW,64.0,26.8,9.8,4.4,0.445,4.8,1.8,0.372,1.5,1.1,0.758,11.7,3.4,1.2,5.1,1.0,4.1,4.1,0.5592734225621414,0.5408163265306123,28.0,2.4,0.8,0.4,0.455,0.3,0.1,0.222,0.1,0.1,0.75,0.9,0.1,0.1,0.3,0.1,0.1,-0.5,0.533175355450237,0.5625,12.0,32.1,11.0,4.0,0.364,5.6,1.8,0.328,2.0,1.4,0.708,11.3,3.1,1.5,5.0,1.3,3.7,-0.8,0.47558922558922556,0.4454545454545455,0.5168952336770047,2024-25
1641765,Olivier-Maxence Prosper,1610612742,DAL,52.0,11.2,3.3,1.3,0.402,1.0,0.2,0.235,1.5,0.9,0.645,3.9,0.8,0.3,2.4,0.8,1.6,-2.0,0.49242424242424243,0.4242424242424243,6.0,1.5,0.3,0.2,0.5,0.2,0.0,0.0,0.2,0.2,1.0,0.5,0.0,0.0,0.0,0.0,0.0,-1.5,0.6443298969072164,0.6666666666666667,,,,,,,,,,,,,,,,,,,,,0.6027855878343793,2024-25
1641767,Ben Sheppard,1610612754,IND,63.0,19.5,4.6,1.9,0.418,3.2,1.1,0.342,0.4,0.4,0.889,5.3,1.3,0.3,2.8,0.7,2.1,-0.9,0.554857621440536,0.532608695652174,18.0,1.3,0.2,0.1,0.25,0.1,0.0,0.0,0.1,0.1,0.5,0.2,0.2,0.0,0.4,0.1,0.3,-1.2,0.4098360655737705,0.5,21.0,13.9,2.4,1.1,0.471,1.8,0.7,0.395,0.2,0.2,1.0,3.2,0.4,0.5,1.9,0.4,1.5,-1.9,0.6430868167202572,0.6041666666666667,0.5549795265441528,2024-25
1641772,Nae'Qwan Tomlin,1610612739,CLE,5.0,12.7,6.4,2.6,0.406,2.0,0.4,0.2,2.2,1.6,0.727,7.2,0.4,0.4,4.2,1.8,2.4,1.4,0.48859934853420195,0.4375,1.0,10.0,5.0,0.0,0.0,2.0,0.0,0.0,0.0,0.0,0.0,0.0,0.0,1.0,5.0,3.0,2.0,-2.0,0.0,0.0,,,,,,,,,,,,,,,,,,,,,0.2409914494991936,2024-25
1641774,Tristan Vukcevic,1610612764,WAS,35.0,14.6,6.9,3.4,0.496,2.9,1.1,0.373,1.9,1.5,0.776,9.4,1.1,1.2,3.7,0.7,3.0,-3.6,0.607549120992761,0.572463768115942,4.0,2.1,0.0,0.0,0.0,0.0,0.0,0.0,0.0,0.0,0.0,0.0,0.3,0.3,0.5,0.0,0.5,-0.8,,,,,,,,,,,,,,,,,,,,,,,0.20251637366425368,2024-25
1641783,Tristan da Silva,1610612753,ORL,74.0,22.0,6.5,2.7,0.412,3.2,1.1,0.335,0.9,0.7,0.873,7.2,1.5,0.8,3.3,1.0,2.3,-1.7,0.5220417633410673,0.5,10.0,2.7,0.6,0.1,0.167,0.4,0.1,0.25,0.1,0.1,1.0,0.4,0.2,0.0,0.1,0.0,0.1,1.6,0.31055900621118016,0.25000000000000006,2.0,2.5,0.5,0.0,0.0,0.5,0.0,0.0,0.0,0.0,0.0,0.0,0.5,1.0,2.0,0.0,2.0,0.5,0.0,0.0,0.19975739852325372,2024-25
1641787,Tosan Evbuomwan,1610612751,BKN,28.0,23.7,7.9,3.4,0.427,2.8,0.9,0.312,2.6,2.0,0.753,9.5,2.0,1.4,4.3,1.1,3.1,-2.4,0.5252100840336135,0.4873417721518987,6.0,2.2,0.3,0.3,1.0,0.2,0.2,1.0,0.7,0.5,0.75,1.3,0.3,0.2,0.7,0.2,0.5,0.0,1.069078947368421,1.3333333333333335,,,,,,,,,,,,,,,,,,,,,0.8915867946107682,2024-25
1641794,Dillon Jones,1610612760,OKC,54.0,10.2,2.5,0.9,0.383,1.2,0.3,0.254,0.5,0.3,0.607,2.5,1.1,0.5,2.2,0.6,1.7,1.4,0.45955882352941174,0.42000000000000004,1.0,1.1,0.0,0.0,0.0,0.0,0.0,0.0,0.0,0.0,0.0,0.0,0.0,0.0,1.0,0.0,1.0,0.0,,,10.0,4.6,1.1,0.9,0.818,0.4,0.3,0.75,0.2,0.2,1.0,2.3,0.5,0.6,0.9,0.3,0.6,-0.7,0.9680134680134678,0.9545454545454545,0.5605998712616358,2024-25
1641796,Pelle Larsson,1610612748,MIA,55.0,14.2,3.7,1.6,0.438,1.7,0.6,0.337,1.1,0.7,0.672,4.6,1.2,0.4,1.7,0.5,1.2,0.2,0.5497131931166347,0.5135135135135135,11.0,3.7,0.5,0.1,0.2,0.4,0.1,0.25,0.5,0.3,0.6,0.5,0.0,0.1,0.5,0.0,0.5,-0.7,0.3472222222222222,0.30000000000000004,4.0,13.0,3.8,2.0,0.533,2.0,0.8,0.375,0.8,0.3,0.333,5.0,1.0,0.5,2.3,0.5,1.8,-12.3,0.6021194605009633,0.631578947368421,0.5219328500205227,2024-25
1641798,Jaylen Martin,1610612764,WAS,16.0,14.9,4.6,1.9,0.419,1.4,0.4,0.304,0.6,0.6,0.9,4.9,1.1,0.8,2.8,0.7,2.1,-8.2,0.5037006578947368,0.4565217391304348,2.0,1.4,0.5,0.0,0.0,0.0,0.0,0.0,0.0,0.0,0.0,0.0,0.0,0.0,0.5,0.0,0.5,-1.0,0.0,0.0,,,,,,,,,,,,,,,,,,,,,0.17876978451327397,2024-25
1641810,Antonio Reeves,1610612740,NOP,44.0,15.0,5.6,2.6,0.456,2.9,1.2,0.395,0.8,0.6,0.8,6.9,0.9,0.7,1.4,0.4,1.0,-3.4,0.5796370967741936,0.5714285714285715,6.0,1.7,0.3,0.2,0.5,0.3,0.2,0.5,0.0,0.0,0.0,0.5,0.2,0.0,0.0,0.0,0.0,-2.5,0.8333333333333334,1.0000000000000002,,,,,,,,,,,,,,,,,,,,,0.7541250640031397,2024-25
1641824,Matas Buzelis,1610612741,CHI,80.0,18.9,6.9,3.2,0.454,3.3,1.2,0.361,1.4,1.1,0.815,8.6,1.0,0.9,3.5,0.7,2.8,-0.4,0.5721128259712612,0.5507246376811594,9.0,2.0,0.2,0.2,1.0,0.2,0.2,1.0,0.1,0.1,1.0,0.8,0.1,0.1,0.3,0.1,0.2,1.3,1.639344262295082,1.5000000000000002,,,,,,,,,,,,,,,,,,,,,1.2864990009113595,2024-25
1641842,Ronald Holland II,1610612765,DET,81.0,15.6,5.1,2.4,0.474,1.9,0.4,0.238,1.5,1.1,0.754,6.4,1.0,0.9,2.7,0.5,2.2,-0.7,0.5555555555555556,0.5098039215686275,12.0,1.1,0.4,0.4,1.0,0.1,0.1,1.0,0.2,0.0,0.0,0.9,0.1,0.0,0.2,0.0,0.2,0.3,0.9221311475409836,1.125,5.0,6.7,1.0,0.0,0.0,0.6,0.0,0.0,2.0,1.8,0.9,1.8,0.0,1.2,1.2,0.6,0.6,-0.8,0.4787234042553192,0.0,0.647174481153944,2024-25
1641854,Craig Porter Jr.,1610612739,CLE,51.0,10.1,2.7,1.4,0.514,0.9,0.4,0.438,0.6,0.5,0.719,3.7,1.4,0.7,1.3,0.4,0.9,-0.9,0.6241565452091767,0.5925925925925926,3.0,5.6,3.0,0.7,0.222,1.3,0.3,0.25,0.0,0.0,0.0,1.7,1.0,1.3,1.3,0.7,0.7,-6.0,0.2833333333333333,0.2833333333333333,6.0,5.9,2.0,1.0,0.5,0.5,0.0,0.0,0.0,0.0,0.0,2.0,1.5,0.3,1.0,0.5,0.5,4.0,0.5,0.5,0.5484705353126406,2024-25
1641871,Duop Reath,1610612757,POR,46.0,10.2,3.6,1.5,0.422,2.3,0.7,0.321,0.5,0.4,0.909,4.2,0.6,0.3,2.0,1.0,1.0,-1.2,0.5497382198952879,0.513888888888889,3.0,2.0,0.3,0.0,0.0,0.3,0.0,0.0,0.0,0.0,0.0,0.0,0.3,0.0,0.7,0.7,0.0,-4.3,0.0,0.0,,,,,,,,,,,,,,,,,,,,,0.19157940662944783,2024-25
1641878,Damion Baugh,1610612766,CHA,15.0,24.7,8.7,2.8,0.323,3.7,0.8,0.214,1.0,0.9,0.867,7.3,3.7,2.1,3.3,0.9,2.4,-11.3,0.3993435448577681,0.367816091954023,4.0,3.0,0.8,0.5,0.667,0.3,0.0,0.0,0.0,0.0,0.0,1.0,0.3,0.8,0.3,0.0,0.3,-0.5,0.625,0.625,,,,,,,,,,,,,,,,,,,,,0.5589765839170496,2024-25
1641936,Miles Norris,1610612738,BOS,3.0,11.6,3.0,0.7,0.222,2.3,0.7,0.286,0.7,0.3,0.5,2.3,0.0,0.0,3.0,0.7,2.3,-4.7,0.3476420798065296,0.3499999999999999,,,,,,,,,,,,,,,,,,,,,,,,,,,,,,,,,,,,,,,,,0.3476420798065296,2024-25
1641989,Elijah Harkless,1610612762,UTA,10.0,13.8,3.5,1.1,0.314,2.5,0.7,0.28,0.6,0.3,0.5,3.2,0.8,0.3,2.1,0.9,1.2,3.1,0.4250797024442083,0.4142857142857143,2.0,0.9,0.5,0.0,0.0,0.5,0.0,0.0,0.0,0.0,0.0,0.0,0.5,0.0,0.5,0.5,0.0,-1.5,0.0,0.0,,,,,,,,,,,,,,,,,,,,,0.15597894842970206,2024-25
1641998,Trey Jemison III,1610612747,LAL,38.0,10.3,1.9,1.1,0.554,0.0,0.0,0.0,0.9,0.3,0.394,2.5,0.4,0.6,2.8,1.2,1.6,-0.5,0.544425087108014,0.5789473684210527,3.0,0.0,0.0,0.0,0.0,0.0,0.0,0.0,0.0,0.0,0.0,0.0,0.0,0.0,0.0,0.0,0.0,0.0,,,,,,,,,,,,,,,,,,,,,,,0.18147502903600465,2024-25
1642024,Alex Reese,1610612755,PHI,15.0,14.4,3.6,1.7,0.481,2.7,1.0,0.366,0.8,0.6,0.75,5.1,0.3,0.4,3.1,0.6,2.5,1.3,0.645242914979757,0.6111111111111112,,,,,,,,,,,,,,,,,,,,,,,,,,,,,,,,,,,,,,,,,0.645242914979757,2024-25
1642258,Zaccharie Risacher,1610612737,ATL,75.0,24.6,10.4,4.8,0.458,4.6,1.6,0.355,2.0,1.4,0.711,12.6,1.2,1.2,3.6,1.1,2.4,-1.6,0.5585106382978723,0.5384615384615384,11.0,1.7,0.5,0.1,0.167,0.4,0.0,0.0,0.4,0.3,0.75,0.5,0.1,0.0,0.4,0.2,0.2,-0.9,0.3698224852071006,0.2,,,,,,,,,,,,,,,,,,,,,0.4375262285445879,2024-25
1642259,Alex Sarr,1610612764,WAS,67.0,27.1,12.4,4.9,0.394,5.1,1.6,0.308,2.5,1.7,0.679,13.0,2.4,1.7,6.5,1.9,4.6,-8.1,0.48148148148148145,0.4596774193548387,19.0,2.8,0.9,0.5,0.588,0.3,0.1,0.333,0.2,0.2,1.0,1.3,0.2,0.1,0.4,0.2,0.2,-1.2,0.6578947368421053,0.6111111111111112,,,,,,,,,,,,,,,,,,,,,0.6063483829041076,2024-25
1642261,Dalton Knecht,1610612747,LAL,78.0,19.2,7.1,3.3,0.461,4.4,1.6,0.376,1.1,0.8,0.762,9.1,0.8,0.5,2.8,0.5,2.3,-0.9,0.5999472573839663,0.5774647887323944,12.0,2.3,0.6,0.3,0.571,0.3,0.2,0.5,0.2,0.2,1.0,1.0,0.1,0.0,0.5,0.2,0.3,-0.7,0.7267441860465117,0.6666666666666667,2.0,1.8,2.5,1.0,0.4,2.0,0.5,0.25,0.0,0.0,0.0,2.5,0.0,0.0,1.5,1.0,0.5,0.5,0.5,0.5,0.6006899758036601,2024-25
1642262,Cody Williams,1610612762,UTA,50.0,21.2,5.1,1.7,0.323,2.7,0.7,0.259,0.8,0.6,0.725,4.6,1.2,0.9,2.3,0.5,1.7,-6.8,0.4218635363169479,0.4019607843137255,12.0,2.7,0.6,0.1,0.143,0.2,0.0,0.0,0.0,0.0,0.0,0.2,0.3,0.0,0.0,0.0,0.0,-1.6,0.16666666666666669,0.16666666666666669,,,,,,,,,,,,,,,,,,,,,0.26349699576347324,2024-25
1642263,Reed Sheppard,1610612745,HOU,52.0,12.6,4.6,1.6,0.351,2.7,0.9,0.338,0.3,0.3,0.813,4.4,1.4,0.7,1.5,0.3,1.2,-1.0,0.46491969568892655,0.44565217391304357,1.0,4.9,4.0,1.0,0.25,2.0,1.0,0.5,0.0,0.0,0.0,3.0,0.0,0.0,2.0,0.0,2.0,7.0,0.375,0.375,3.0,3.3,0.7,0.0,0.0,0.7,0.0,0.0,0.0,0.0,0.0,0.0,0.3,0.3,0.3,0.0,0.3,-8.7,0.0,0.0,0.28944313766838126,2024-25
1642264,Stephon Castle,1610612759,SAS,81.0,26.7,12.2,5.2,0.428,4.1,1.2,0.285,4.2,3.1,0.724,14.7,4.1,2.2,3.7,1.1,2.6,-3.0,0.5232061503416856,0.4754098360655738,26.0,2.9,1.2,0.5,0.419,0.3,0.0,0.125,0.5,0.4,0.846,1.5,0.5,0.3,0.2,0.1,0.2,0.3,0.5281690140845071,0.4166666666666667,,,,,,,,,,,,,,,,,,,,,0.5363507917431976,2024-25
1642265,Rob Dillingham,1610612750,MIN,49.0,10.5,4.3,1.9,0.441,1.5,0.5,0.338,0.3,0.2,0.533,4.5,2.0,1.1,1.0,0.2,0.8,0.4,0.5076714801444044,0.5,5.0,2.2,0.6,0.2,0.333,0.2,0.0,0.0,0.0,0.0,0.0,0.4,0.4,0.2,0.4,0.2,0.2,1.4,0.33333333333333337,0.33333333333333337,3.0,5.5,2.7,1.0,0.375,0.7,0.3,0.5,0.7,0.3,0.5,2.7,2.3,0.0,0.7,0.0,0.7,-0.7,0.4488031914893617,0.4259259259259259,0.43407810858204077,2024-25
1642266,Ja'Kobe Walter,1610612761,TOR,52.0,21.2,7.6,3.1,0.405,3.6,1.3,0.349,1.6,1.3,0.795,8.6,1.6,1.0,3.1,1.1,1.9,-1.6,0.5178227360308285,0.493421052631579,6.0,1.7,0.5,0.2,0.333,0.2,0.2,1.0,0.0,0.0,0.0,0.5,0.0,0.2,0.2,0.0,0.2,-1.7,0.5,0.6000000000000001,,,,,,,,,,,,,,,,,,,,,0.5125198593778315,2024-25
1642267,Bub Carrington,1610612764,WAS,82.0,30.0,9.1,3.7,0.401,5.0,1.7,0.339,1.0,0.8,0.812,9.8,4.4,1.7,4.2,0.4,3.8,-9.7,0.5136268343815514,0.5,17.0,3.2,1.1,0.4,0.389,0.2,0.0,0.0,0.3,0.2,0.8,1.1,0.6,0.2,0.1,0.0,0.1,-0.6,0.4464285714285714,0.36363636363636365,,,,,,,,,,,,,,,,,,,,,0.4809159044994818,2024-25
1642268,Isaiah Collier,1610612762,UTA,71.0,25.9,7.8,3.3,0.422,2.4,0.6,0.249,2.2,1.5,0.682,8.7,6.3,2.9,3.3,0.5,2.9,-5.7,0.49612226277372257,0.4615384615384615,24.0,3.1,0.9,0.4,0.429,0.1,0.0,0.0,0.3,0.2,0.667,0.9,0.4,0.3,0.3,0.0,0.3,-3.2,0.436046511627907,0.4444444444444445,,,,,,,,,,,,,,,,,,,,,0.46761022354682774,2024-25
1642269,Devin Carter,1610612758,SAC,36.0,11.0,3.5,1.3,0.37,1.7,0.5,0.295,1.2,0.7,0.591,3.8,1.1,0.5,2.1,0.5,1.6,1.2,0.4716981132075471,0.4428571428571429,3.0,2.1,0.7,0.3,0.5,0.3,0.0,0.0,0.0,0.0,0.0,0.7,0.3,0.0,0.3,0.0,0.3,2.0,0.5,0.4285714285714286,,,,,,,,,,,,,,,,,,,,,0.5105660377301348,2024-25
1642270,Donovan Clingan,1610612757,POR,67.0,19.8,5.0,2.7,0.539,0.7,0.2,0.286,1.6,0.9,0.596,6.5,1.1,1.1,7.9,3.2,4.6,0.0,0.5697755960729313,0.56,14.0,2.0,0.5,0.1,0.286,0.0,0.0,0.0,0.1,0.1,0.5,0.4,0.0,0.0,0.9,0.4,0.6,0.1,0.3676470588235294,0.2,,,,,,,,,,,,,,,,,,,,,0.44502323790466336,2024-25
1642271,Kyle Filipowski,1610612762,UTA,72.0,21.1,7.2,3.6,0.502,3.1,1.1,0.35,2.0,1.3,0.65,9.6,1.9,1.4,6.1,1.6,4.6,-5.1,0.594059405940594,0.576388888888889,14.0,4.1,1.4,0.9,0.65,0.4,0.1,0.167,0.3,0.2,0.75,2.1,0.2,0.3,1.4,0.4,0.9,-2.4,0.685378590078329,0.6785714285714287,,,,,,,,,,,,,,,,,,,,,0.6743833064741612,2024-25
1642272,Jared McCain,1610612755,PHI,23.0,25.7,11.9,5.5,0.46,5.8,2.2,0.383,2.4,2.1,0.875,15.3,2.6,1.6,2.4,0.6,1.9,-1.2,0.5904600185242359,0.5546218487394957,7.0,3.4,1.1,0.4,0.375,0.4,0.1,0.333,0.3,0.3,1.0,1.3,0.0,0.3,0.6,0.0,0.6,-1.6,0.5275974025974025,0.40909090909090906,,,,,,,,,,,,,,,,,,,,,0.5577953053845618,2024-25
1642273,Kyshawn George,1610612764,WAS,68.0,26.5,8.0,3.0,0.372,5.2,1.7,0.322,1.4,1.0,0.753,8.7,2.5,1.4,4.2,0.7,3.5,-5.3,0.5048746518105849,0.48125,17.0,2.4,0.5,0.3,0.625,0.3,0.2,0.8,0.2,0.2,1.0,1.0,0.2,0.1,0.4,0.1,0.4,0.0,0.8503401360544218,0.8,,,,,,,,,,,,,,,,,,,,,0.7414349746390282,2024-25
1642274,Yves Missi,1610612740,NOP,73.0,26.8,6.7,3.7,0.547,0.0,0.0,0.0,2.8,1.7,0.623,9.1,1.4,1.1,8.2,3.5,4.7,-7.0,0.5736258194654563,0.5522388059701493,27.0,3.0,0.5,0.3,0.571,0.0,0.0,0.0,0.7,0.3,0.421,0.9,0.1,0.1,0.6,0.3,0.2,-0.3,0.5569306930693069,0.6,,,,,,,,,,,,,,,,,,,,,0.5699584217674071,2024-25
1642275,Tidjane Salaün,1610612766,CHA,60.0,20.7,5.8,1.9,0.33,3.4,1.0,0.283,1.6,1.1,0.713,5.9,1.2,1.0,4.7,1.2,3.5,-5.4,0.4535670356703568,0.41379310344827586,11.0,2.8,0.6,0.1,0.143,0.5,0.1,0.167,0.2,0.1,0.5,0.4,0.3,0.1,0.5,0.1,0.5,-1.4,0.29069767441860467,0.25000000000000006,,,,,,,,,,,,,,,,,,,,,0.35533228908694536,2024-25
1642276,Kel'el Ware,1610612748,MIA,64.0,22.2,7.3,4.0,0.554,1.7,0.5,0.315,1.0,0.7,0.687,9.3,0.9,0.9,7.4,1.8,5.6,0.6,0.6007751937984497,0.5821917808219178,16.0,2.9,0.4,0.2,0.5,0.1,0.0,0.0,0.1,0.1,1.0,0.5,0.0,0.2,0.9,0.1,0.8,-1.1,0.5630630630630631,0.5,4.0,18.2,4.5,2.0,0.444,2.8,0.8,0.273,0.0,0.0,0.0,4.8,1.0,0.5,4.8,1.0,3.8,-10.8,0.5333333333333333,0.5333333333333333,0.5599630053748066,2024-25
1642285,Cam Spencer,1610612763,MEM,25.0,10.1,3.3,1.4,0.415,2.1,0.8,0.365,0.8,0.8,1.0,4.2,1.4,0.2,1.2,0.5,0.7,1.6,0.575027382256298,0.5454545454545454,1.0,0.1,0.0,0.0,0.0,0.0,0.0,0.0,2.0,2.0,1.0,2.0,0.0,0.0,0.0,0.0,0.0,2.0,1.1363636363636365,,,,,,,,,,,,,,,,,,,,,,0.9492515516611904,2024-25
1642345,Oso Ighodaro,1610612756,PHX,61.0,17.1,3.1,1.9,0.604,0.0,0.0,0.0,0.8,0.5,0.58,4.2,1.2,0.6,3.6,1.1,2.6,-0.3,0.6083429895712631,0.6129032258064515,9.0,1.7,0.6,0.4,0.8,0.0,0.0,0.0,0.2,0.2,1.0,1.1,0.1,0.0,0.0,0.0,0.0,-0.8,0.7994186046511629,0.6666666666666667,,,,,,,,,,,,,,,,,,,,,0.7550815716612969,2024-25
1642346,Ryan Dunn,1610612756,PHX,74.0,19.1,6.4,2.8,0.43,3.6,1.1,0.311,0.5,0.3,0.487,6.9,0.8,0.5,3.6,1.2,2.4,-2.3,0.5211480362537765,0.5234374999999999,18.0,1.0,0.2,0.0,0.0,0.1,0.0,0.0,0.0,0.0,0.0,0.0,0.0,0.0,0.3,0.2,0.1,-1.8,0.0,0.0,,,,,,,,,,,,,,,,,,,,,0.17684101208410388,2024-25
1642347,Jamal Shead,1610612761,TOR,75.0,19.6,6.7,2.7,0.405,3.0,1.0,0.323,0.9,0.7,0.768,7.1,4.2,1.6,1.5,0.4,1.1,-3.1,0.5002818489289741,0.47761194029850745,16.0,2.1,0.7,0.3,0.455,0.3,0.1,0.5,0.0,0.0,0.0,0.8,0.4,0.3,0.4,0.1,0.3,-2.3,0.5714285714285715,0.5,,,,,,,,,,,,,,,,,,,,,0.5581607584545095,2024-25
1642348,Justin Edwards,1610612755,PHI,44.0,26.2,8.6,3.9,0.455,4.3,1.6,0.363,1.0,0.7,0.696,10.1,1.6,1.1,3.4,1.0,2.3,-6.4,0.5586283185840708,0.5465116279069768,14.0,3.1,0.4,0.1,0.4,0.3,0.1,0.5,0.3,0.2,0.75,0.6,0.1,0.0,0.1,0.0,0.1,-2.5,0.5639097744360901,0.37500000000000006,,,,,,,,,,,,,,,,,,,,,0.5668004519422406,2024-25
1642349,Ajay Mitchell,1610612760,OKC,36.0,16.6,5.1,2.5,0.495,1.7,0.6,0.383,1.0,0.8,0.829,6.5,1.8,0.8,1.9,0.5,1.4,3.5,0.5866425992779783,0.5490196078431373,2.0,0.5,0.0,0.0,0.0,0.0,0.0,0.0,0.0,0.0,0.0,0.0,0.0,0.0,0.0,0.0,0.0,-1.0,,,12.0,7.0,2.9,1.3,0.457,1.1,0.4,0.385,0.4,0.3,0.8,3.4,0.8,0.5,0.8,0.3,0.5,-0.8,0.5526657997399219,0.5172413793103449,0.37410666641629065,2024-25
1642354,KJ Simpson,1610612766,CHA,36.0,23.4,8.4,2.9,0.346,3.6,0.9,0.254,1.4,1.1,0.82,7.8,3.1,1.6,3.0,1.1,1.9,-7.7,0.432564330079858,0.3988095238095238,9.0,3.4,1.0,0.2,0.222,0.4,0.1,0.25,1.1,0.9,0.8,1.4,0.4,0.3,0.7,0.7,0.0,-0.9,0.4716981132075471,0.25,,,,,,,,,,,,,,,,,,,,,0.4705582807349954,2024-25
1642358,AJ Johnson,1610612764,WAS,29.0,22.0,7.3,2.8,0.385,3.1,0.8,0.267,1.3,1.1,0.865,7.6,2.6,1.2,2.0,0.3,1.8,-5.2,0.48272357723577236,0.4383561643835616,5.0,2.5,1.0,0.6,0.6,0.2,0.2,1.0,0.0,0.0,0.0,1.4,0.2,0.0,0.0,0.0,0.0,-3.4,0.7,0.7,,,,,,,,,,,,,,,,,,,,,0.6412731558803672,2024-25
1642366,Quinten Post,1610612744,GSW,42.0,16.3,6.5,2.9,0.449,4.3,1.7,0.408,0.6,0.5,0.778,8.1,1.3,0.8,3.5,0.8,2.7,1.0,0.5987581312832643,0.5769230769230769,6.0,1.3,0.2,0.0,0.0,0.2,0.0,0.0,0.0,0.0,0.0,0.0,0.0,0.2,0.2,0.2,0.0,-1.5,0.0,0.0,12.0,12.2,4.0,1.3,0.333,2.7,0.8,0.313,0.3,0.3,0.75,3.8,1.0,0.5,2.3,0.5,1.8,-0.5,0.45982575024201355,0.42500000000000004,0.3327828200780005,2024-25
1642367,Jonathan Mogbo,1610612761,TOR,63.0,20.4,5.7,2.5,0.438,1.1,0.3,0.243,1.3,1.0,0.732,6.2,2.3,1.1,4.9,1.7,3.2,-3.8,0.4942602040816326,0.46491228070175433,17.0,2.6,0.4,0.2,0.429,0.1,0.0,0.0,0.0,0.0,0.0,0.4,0.2,0.1,0.5,0.1,0.4,-3.0,0.5,0.5,,,,,,,,,,,,,,,,,,,,,0.5051042785522956,2024-25
1642368,N'Faly Dante,1610612745,HOU,4.0,12.7,3.3,2.5,0.769,0.0,0.0,0.0,1.3,1.0,0.8,6.0,0.5,0.5,5.3,1.5,3.8,-2.8,0.7747933884297521,0.7575757575757576,,,,,,,,,,,,,,,,,,,,,,,,,,,,,,,,,,,,,,,,,0.7747933884297521,2024-25
1642377,Jaylen Wells,1610612763,MEM,79.0,25.9,8.6,3.6,0.425,5.0,1.7,0.352,1.7,1.4,0.822,10.4,1.7,0.9,3.4,1.1,2.3,2.4,0.5562687205819428,0.5174418604651163,24.0,2.8,0.5,0.3,0.5,0.4,0.1,0.333,0.4,0.3,0.889,1.0,0.1,0.1,0.3,0.1,0.2,1.0,0.7396449704142012,0.7,,,,,,,,,,,,,,,,,,,,,0.6843335072911445,2024-25
1642419,Jamison Battle,1610612761,TOR,59.0,17.7,5.9,2.5,0.429,4.4,1.8,0.405,0.3,0.3,0.889,7.1,0.9,0.5,2.7,0.6,2.1,-3.1,0.5885278514588859,0.5762711864406779,9.0,1.7,0.6,0.1,0.2,0.3,0.1,0.333,0.0,0.0,0.0,0.3,0.0,0.0,0.1,0.0,0.1,-2.0,0.25,0.25000000000000006,,,,,,,,,,,,,,,,,,,,,0.373012108676662,2024-25
1642449,Tolu Smith,1610612765,DET,1.0,22.4,9.0,6.0,0.667,0.0,0.0,0.0,3.0,2.0,0.667,14.0,0.0,2.0,8.0,4.0,4.0,7.0,0.6782945736434108,0.6666666666666666,1.0,5.3,1.0,1.0,1.0,0.0,0.0,0.0,0.0,0.0,0.0,2.0,0.0,2.0,2.0,1.0,1.0,-6.0,1.0,1.0,,,,,,,,,,,,,,,,,,,,,0.9038759689910134,2024-25
