PLAYER_ID,PLAYER_NAME,TEAM_ID,TEAM_ABBREVIATION,GP_REG,MIN_REG,FGA_REG,FGM_REG,FG_PCT_REG,FG3A_REG,FG3M_REG,FG3_PCT_REG,FTA_REG,FTM_REG,FT_PCT_REG,PTS_REG,AST_REG,TOV_REG,REB_REG,OREB_REG,DREB_REG,PLUS_MINUS_REG,TS_PCT_REG,EFG_PCT_REG,GP_CLU,MIN_CLU,FGA_CLU,FGM_CLU,FG_PCT_CLU,FG3A_CLU,FG3M_CLU,FG3_PCT_CLU,FTA_CLU,FTM_CLU,FT_PCT_CLU,PTS_CLU,AST_CLU,TOV_CLU,REB_CLU,OREB_CLU,DREB_CLU,PLUS_MINUS_CLU,TS_PCT_CLU,EFG_PCT_CLU,GP_PO,MIN_PO,FGA_PO,FGM_PO,FG_PCT_PO,FG3A_PO,FG3M_PO,FG3_PCT_PO,FTA_PO,FTM_PO,FT_PCT_PO,PTS_PO,AST_PO,TOV_PO,REB_PO,OREB_PO,DREB_PO,PLUS_MINUS_PO,TS_PCT_PO,EFG_PCT_PO,CLUTCH_SCORE,SEASON
2544,LeBron James,1610612747,LAL,70,34.9,18.1,9.3,0.513,5.7,2.1,0.376,4.7,3.7,0.782,24.4,8.2,3.7,7.8,1.0,6.8,-0.8,0.6049186830622768,0.5718232044198895,34.0,3.0,1.6,0.9,0.518,0.8,0.3,0.393,0.6,0.5,0.818,2.6,0.6,0.2,0.7,0.1,0.6,1.6,0.6974248927038627,0.65625,5.0,40.7,17.6,8.6,0.489,5.6,2.0,0.357,8.0,6.2,0.775,25.4,5.6,2.6,9.0,2.4,6.6,-8.2,0.6013257575757576,0.5454545454545454,0.6427974025379156,2024-25
101108,Chris Paul,1610612759,SAS,82,28.0,7.1,3.0,0.427,4.5,1.7,0.377,1.1,1.0,0.924,8.8,7.4,1.6,3.6,0.4,3.2,0.0,0.580168776371308,0.5422535211267606,30.0,3.1,1.1,0.5,0.469,0.5,0.2,0.438,0.5,0.4,0.929,1.7,0.7,0.2,0.7,0.1,0.6,-0.3,0.6439393939393939,0.5454545454545454,,,,,,,,,,,,,,,,,,,,,0.6381754791609954,2024-25
200768,Kyle Lowry,1610612755,PHI,35,18.8,3.3,1.2,0.35,2.5,0.8,0.33,0.9,0.8,0.818,3.9,2.7,0.6,1.9,0.3,1.6,-2.0,0.5275974025974026,0.4848484848484849,8.0,1.6,0.1,0.0,0.0,0.0,0.0,0.0,0.5,0.4,0.75,0.4,0.1,0.1,0.5,0.0,0.5,-0.1,0.625,0.0,,,,,,,,,,,,,,,,,,,,,0.5955627705618524,2024-25
200782,P.J. Tucker,1610612752,NYK,3,19.3,2.3,1.0,0.429,2.0,1.0,0.5,0.0,0.0,0.0,3.0,0.0,0.3,2.7,1.3,1.3,-7.3,0.6521739130434783,0.6521739130434783,2.0,0.5,0.5,0.0,0.0,0.0,0.0,0.0,0.0,0.0,0.0,0.0,0.0,0.0,0.0,0.0,0.0,-3.0,0.0,0.0,1.0,4.4,0.0,0.0,0.0,0.0,0.0,0.0,0.0,0.0,0.0,0.0,0.0,0.0,0.0,0.0,0.0,4.0,,,0.13043478259924385,2024-25
201142,Kevin Durant,1610612756,PHX,62,36.5,18.1,9.5,0.527,6.0,2.6,0.43,5.8,4.9,0.839,26.6,4.2,3.1,6.0,0.4,5.7,-0.6,0.6440054232035638,0.5966850828729282,32.0,3.5,2.0,1.0,0.477,0.8,0.3,0.333,1.0,0.9,0.938,3.1,0.3,0.1,0.6,0.0,0.6,0.1,0.6352459016393442,0.575,,,,,,,,,,,,,,,,,,,,,0.6492154659170465,2024-25
201143,Al Horford,1610612738,BOS,60,27.6,7.7,3.3,0.423,5.2,1.9,0.363,0.6,0.6,0.895,9.0,2.1,0.8,6.2,1.3,4.8,6.6,0.5650426921145153,0.551948051948052,24.0,2.7,0.8,0.4,0.5,0.5,0.2,0.308,0.0,0.0,1.0,1.0,0.1,0.0,0.4,0.0,0.3,1.3,0.625,0.625,11.0,31.6,6.5,3.1,0.472,3.2,1.3,0.4,0.6,0.5,0.857,8.0,1.8,0.6,6.0,1.6,4.4,0.9,0.5913660555884092,0.5769230769230769,0.6085797535348849,2024-25
201144,Mike Conley,1610612750,MIN,71,24.7,6.6,2.6,0.4,4.4,1.8,0.41,1.3,1.1,0.9,8.2,4.5,1.1,2.6,0.5,2.1,3.7,0.5716675962074734,0.5303030303030303,28.0,3.1,0.6,0.1,0.25,0.4,0.1,0.3,0.2,0.2,1.0,0.6,0.4,0.1,0.3,0.1,0.1,-0.7,0.436046511627907,0.25000000000000006,15.0,23.7,6.4,1.9,0.302,4.0,1.3,0.333,0.9,0.8,0.923,6.0,3.3,0.8,2.9,0.8,2.1,3.7,0.44143613890523836,0.39843749999999994,0.4704357484526988,2024-25
201145,Jeff Green,1610612745,HOU,32,12.4,3.8,1.9,0.504,2.5,0.9,0.367,0.8,0.7,0.808,5.4,0.6,0.3,1.8,0.3,1.5,-1.2,0.6502890173410405,0.618421052631579,3.0,0.8,1.0,0.0,0.0,0.7,0.0,0.0,0.0,0.0,0.0,0.0,0.0,0.0,0.0,0.0,0.0,-1.0,0.0,0.0,3.0,1.8,1.0,0.3,0.333,0.3,0.3,1.0,0.0,0.0,0.0,1.0,0.0,0.0,0.3,0.3,0.0,-5.3,0.5,0.44999999999999996,0.3846972923569324,2024-25
201566,Russell Westbrook,1610612743,DEN,75,27.9,11.1,5.0,0.449,3.9,1.3,0.323,3.1,2.1,0.661,13.3,6.1,3.2,4.9,1.4,3.6,-0.3,0.5335365853658537,0.509009009009009,32.0,2.6,0.8,0.3,0.417,0.2,0.1,0.333,0.2,0.1,0.333,0.8,0.2,0.2,0.3,0.1,0.2,-0.4,0.45045045045045046,0.43749999999999994,13.0,24.1,10.2,4.0,0.391,4.8,1.5,0.317,3.1,2.2,0.7,11.7,2.6,2.3,3.7,1.5,2.2,-8.2,0.5058803182289865,0.46568627450980393,0.49922028069884355,2024-25
201567,Kevin Love,1610612748,MIA,23,10.9,5.0,1.8,0.357,2.9,1.0,0.358,1.0,0.7,0.696,5.3,1.0,0.6,4.1,1.0,3.1,-1.1,0.4871323529411764,0.45999999999999996,5.0,0.1,0.0,0.0,0.0,0.0,0.0,0.0,0.0,0.0,0.0,0.0,0.0,0.0,0.0,0.0,0.0,0.6,,,,,,,,,,,,,,,,,,,,,,,0.16237745098039214,2024-25
201569,Eric Gordon,1610612755,PHI,39,19.7,5.2,2.2,0.426,3.5,1.4,0.409,1.2,0.9,0.75,6.8,1.7,0.7,1.2,0.2,1.0,-1.8,0.5935754189944135,0.5576923076923077,8.0,4.5,1.0,0.5,0.5,0.9,0.4,0.429,0.3,0.1,0.5,1.5,0.1,0.0,0.0,0.0,0.0,-1.8,0.6625441696113074,0.7,,,,,,,,,,,,,,,,,,,,,0.6587853552994137,2024-25
201572,Brook Lopez,1610612749,MIL,80,31.8,9.7,4.9,0.509,4.7,1.7,0.373,1.7,1.4,0.826,13.0,1.8,1.1,5.0,1.4,3.6,1.7,0.6221286370597244,0.5927835051546392,34.0,3.4,0.9,0.5,0.5,0.4,0.1,0.333,0.5,0.4,0.824,1.5,0.1,0.1,0.6,0.1,0.5,0.4,0.6696428571428571,0.6111111111111112,5.0,14.8,4.4,1.6,0.364,3.0,0.8,0.267,1.0,1.0,1.0,5.0,0.8,0.8,1.6,0.6,1.0,-5.2,0.5165289256198347,0.45454545454545453,0.5944452052153312,2024-25
201587,Nicolas Batum,1610612746,LAC,78,17.5,3.1,1.3,0.437,2.6,1.1,0.433,0.3,0.2,0.81,4.0,1.1,0.4,2.8,0.6,2.2,1.9,0.6188118811881188,0.5967741935483871,13.0,2.6,0.1,0.1,1.0,0.1,0.1,1.0,0.0,0.0,0.0,0.2,0.1,0.0,0.4,0.0,0.4,1.4,1.0,1.5000000000000002,7.0,24.5,4.7,1.9,0.394,4.7,1.9,0.394,0.0,0.0,0.0,5.6,2.0,0.4,3.9,0.6,3.3,0.0,0.5957446808510638,0.6063829787234042,0.7375667937407907,2024-25
201599,DeAndre Jordan,1610612743,DEN,56,12.3,2.5,1.6,0.65,0.0,0.0,0.0,1.1,0.5,0.422,3.7,0.9,0.7,5.1,1.5,3.6,-0.8,0.6199731903485255,0.64,3.0,1.2,0.0,0.0,0.0,0.0,0.0,0.0,0.0,0.0,0.0,0.0,0.0,0.0,0.3,0.0,0.3,-1.7,,,7.0,5.1,0.4,0.4,1.0,0.0,0.0,0.0,0.6,0.0,0.0,0.9,0.3,0.3,1.3,0.1,1.1,-1.9,0.677710843373494,1.0,0.4421842867448345,2024-25
201935,James Harden,1610612746,LAC,79,35.3,16.4,6.7,0.41,8.5,3.0,0.352,7.3,6.4,0.874,22.8,8.7,4.3,5.8,0.7,5.1,4.4,0.5812767693249032,0.5,34.0,3.9,1.8,0.7,0.377,0.9,0.2,0.25,1.6,1.2,0.755,2.8,0.7,0.7,0.5,0.1,0.4,0.0,0.5591054313099041,0.4444444444444444,7.0,39.4,14.4,6.3,0.436,6.3,2.3,0.364,4.7,3.9,0.818,18.7,9.1,3.0,5.4,0.6,4.9,-3.3,0.5677677920816128,0.517361111111111,0.5781074444536867,2024-25
201939,Stephen Curry,1610612744,GSW,70,32.2,18.0,8.1,0.448,11.2,4.4,0.397,4.3,4.0,0.933,24.5,6.0,2.9,4.4,0.6,3.9,4.3,0.6158254574703399,0.5722222222222223,35.0,3.2,2.4,1.0,0.417,1.5,0.5,0.373,1.1,1.1,0.949,3.6,0.3,0.3,0.5,0.1,0.4,0.5,0.6241331484049931,0.5208333333333334,8.0,35.1,16.3,7.8,0.477,10.0,4.0,0.4,3.5,3.1,0.893,22.6,5.1,3.4,5.3,0.3,5.0,3.3,0.6334080717488789,0.6012269938650306,0.640719328253753,2024-25
201942,DeMar DeRozan,1610612758,SAC,77,35.9,17.0,8.1,0.477,3.3,1.1,0.328,5.7,4.9,0.857,22.2,4.4,1.4,3.9,0.6,3.2,1.4,0.5689973344269018,0.5088235294117647,37.0,4.1,3.0,1.3,0.441,0.7,0.1,0.2,0.9,0.8,0.879,3.6,0.3,0.1,0.5,0.0,0.5,0.7,0.5300353356890459,0.45,,,,,,,,,,,,,,,,,,,,,0.5606697274241559,2024-25
201950,Jrue Holiday,1610612738,BOS,62,30.6,9.2,4.1,0.443,4.9,1.7,0.353,1.2,1.1,0.909,11.1,3.9,1.2,4.3,1.2,3.0,5.5,0.5705180921052632,0.5380434782608695,26.0,3.3,0.9,0.4,0.458,0.5,0.2,0.385,0.3,0.3,1.0,1.4,0.3,0.1,0.5,0.2,0.3,2.1,0.6782945736434108,0.5555555555555556,8.0,33.0,7.5,3.6,0.483,3.3,1.1,0.346,1.6,1.1,0.692,9.5,4.0,2.0,4.1,1.5,2.6,1.3,0.5789858605558263,0.5533333333333333,0.6204600788711827,2024-25
201959,Taj Gibson,1610612766,CHA,37,11.1,2.6,1.3,0.495,0.1,0.0,0.5,0.5,0.3,0.6,2.9,0.6,0.7,3.2,1.4,1.9,-3.4,0.5141843971631205,0.5,5.0,0.0,0.0,0.0,0.0,0.0,0.0,0.0,0.0,0.0,0.0,0.0,0.0,0.0,0.2,0.0,0.2,0.0,,,,,,,,,,,,,,,,,,,,,,,0.1713947990543735,2024-25
201988,Patty Mills,1610612746,LAC,29,11.1,3.3,1.2,0.375,2.6,0.9,0.347,0.5,0.4,0.929,3.8,0.9,0.6,0.8,0.1,0.6,-0.5,0.5397727272727273,0.5,2.0,0.8,0.0,0.0,0.0,0.0,0.0,0.0,0.0,0.0,0.0,0.0,0.0,0.0,0.0,0.0,0.0,-1.5,,,1.0,3.7,2.0,1.0,0.5,1.0,1.0,1.0,0.0,0.0,0.0,3.0,0.0,1.0,0.0,0.0,0.0,6.0,0.75,0.75,0.46496212121212127,2024-25
202331,Paul George,1610612755,PHI,41,32.5,13.9,6.0,0.43,6.5,2.3,0.358,2.4,1.9,0.814,16.2,4.3,2.6,5.3,0.6,4.8,-2.0,0.5415886600695373,0.5143884892086331,19.0,3.5,1.1,0.4,0.35,0.4,0.2,0.5,0.5,0.4,0.7,1.3,0.2,0.2,0.3,0.1,0.3,-0.4,0.49242424242424243,0.45454545454545453,,,,,,,,,,,,,,,,,,,,,0.5167260507035196,2024-25
202681,Kyrie Irving,1610612742,DAL,50,36.1,18.9,8.9,0.473,7.2,2.9,0.401,4.3,3.9,0.916,24.7,4.6,2.2,4.8,1.2,3.6,2.5,0.5939784532512505,0.5476190476190477,26.0,3.4,2.1,0.8,0.382,1.0,0.3,0.259,0.7,0.5,0.765,2.4,0.4,0.3,0.3,0.2,0.2,0.3,0.4983388704318937,0.4523809523809524,,,,,,,,,,,,,,,,,,,,,0.5413298424822025,2024-25
202685,Jonas Valančiūnas,1610612758,SAC,81,18.8,7.7,4.3,0.55,0.5,0.1,0.216,2.0,1.8,0.879,10.4,2.0,1.5,7.7,2.3,5.4,-3.8,0.6060606060606061,0.5649350649350648,9.0,2.9,0.8,0.3,0.429,0.0,0.0,0.0,0.3,0.3,1.0,1.0,0.1,0.4,0.9,0.2,0.7,-0.9,0.5364806866952789,0.37499999999999994,,,,,,,,,,,,,,,,,,,,,0.570063603538649,2024-25
202687,Bismack Biyombo,1610612759,SAS,28,18.8,4.1,2.4,0.588,0.0,0.0,0.0,0.9,0.4,0.4,5.1,1.1,1.0,5.6,1.5,4.1,-3.6,0.5671708185053381,0.5853658536585367,4.0,1.2,0.0,0.0,0.0,0.0,0.0,0.0,0.0,0.0,0.0,0.0,0.0,0.3,0.3,0.0,0.3,-1.0,,,,,,,,,,,,,,,,,,,,,,,0.18905693950177938,2024-25
202691,Klay Thompson,1610612742,DAL,72,27.3,12.2,5.0,0.412,7.7,3.0,0.391,1.0,0.9,0.905,14.0,2.0,1.2,3.4,0.6,2.8,-1.1,0.5537974683544304,0.5327868852459017,30.0,2.4,0.9,0.4,0.423,0.7,0.3,0.381,0.2,0.2,1.0,1.2,0.2,0.1,0.3,0.1,0.2,-0.5,0.6072874493927125,0.6111111111111112,,,,,,,,,,,,,,,,,,,,,0.5968345048930083,2024-25
202692,Alec Burks,1610612748,MIA,49,17.6,5.5,2.3,0.424,4.2,1.8,0.425,1.0,0.8,0.776,7.3,1.1,0.6,2.5,0.3,2.2,2.2,0.6144781144781144,0.5818181818181818,9.0,3.8,0.7,0.4,0.667,0.4,0.2,0.5,0.7,0.4,0.667,1.6,0.0,0.2,0.8,0.2,0.6,-1.4,0.7936507936507937,0.7142857142857143,1.0,15.2,3.0,2.0,0.667,3.0,2.0,0.667,0.0,0.0,0.0,6.0,2.0,0.0,2.0,0.0,2.0,-1.0,1.0,1.0,0.879690556354909,2024-25
202693,Markieff Morris,1610612747,LAL,15,11.0,4.7,1.4,0.3,2.4,0.6,0.25,0.4,0.3,0.833,3.7,1.4,0.3,1.5,0.2,1.3,-1.9,0.37940935192780967,0.36170212765957444,1.0,2.7,1.0,0.0,0.0,1.0,0.0,0.0,0.0,0.0,0.0,0.0,0.0,0.0,0.0,0.0,0.0,-9.0,0.0,0.0,,,,,,,,,,,,,,,,,,,,,0.14774637971609048,2024-25
202695,Kawhi Leonard,1610612746,LAC,37,31.9,16.8,8.4,0.498,5.1,2.1,0.411,3.3,2.6,0.81,21.5,3.1,1.9,5.9,0.9,5.0,8.0,0.588976550515012,0.5625,14.0,3.2,1.6,0.5,0.318,0.5,0.1,0.143,0.4,0.2,0.5,1.3,0.1,0.2,0.6,0.4,0.2,-1.1,0.36599099099099097,0.34375,7.0,37.8,17.6,9.4,0.537,5.3,2.1,0.405,5.1,4.0,0.778,25.0,4.7,2.1,7.6,1.6,6.0,-0.9,0.6299133239266277,0.59375,0.5446402269027221,2024-25
202696,Nikola Vučević,1610612741,CHI,73,31.2,14.2,7.5,0.53,4.4,1.8,0.402,2.0,1.6,0.805,18.5,3.5,1.6,10.1,2.4,7.6,-1.3,0.613395225464191,0.591549295774648,29.0,3.1,1.0,0.5,0.5,0.4,0.2,0.5,0.4,0.3,0.667,1.5,0.2,0.2,0.7,0.2,0.6,-0.4,0.6377551020408163,0.6,,,,,,,,,,,,,,,,,,,,,0.6366773967025721,2024-25
202699,Tobias Harris,1610612765,DET,73,31.6,11.0,5.3,0.477,3.6,1.2,0.345,2.3,2.0,0.861,13.7,2.2,1.2,5.9,0.9,5.0,2.6,0.5702630702630702,0.5363636363636363,35.0,3.5,0.9,0.5,0.485,0.3,0.1,0.364,0.1,0.1,0.5,1.1,0.2,0.1,0.5,0.1,0.3,-0.4,0.5826271186440678,0.6111111111111112,6.0,38.8,11.8,5.7,0.479,3.8,1.7,0.435,2.7,2.7,1.0,15.7,0.5,1.0,7.7,1.3,6.3,-3.8,0.6044040652910377,0.5550847457627118,0.5996367354184609,2024-25
202704,Reggie Jackson,1610612755,PHI,31,12.4,4.3,1.7,0.391,2.4,0.8,0.338,0.3,0.2,0.778,4.4,1.5,0.5,1.4,0.3,1.1,-0.6,0.496389891696751,0.48837209302325585,2.0,1.8,0.0,0.0,0.0,0.0,0.0,0.0,0.0,0.0,0.0,0.0,0.0,0.0,0.5,0.0,0.5,-4.5,,,,,,,,,,,,,,,,,,,,,,,0.16546329723225034,2024-25
202709,Cory Joseph,1610612753,ORL,50,12.2,3.1,1.2,0.403,2.1,0.8,0.364,0.4,0.3,0.778,3.5,1.4,0.4,1.5,0.3,1.1,0.7,0.5341880341880342,0.5161290322580645,6.0,2.4,0.0,0.0,0.0,0.0,0.0,0.0,0.0,0.0,0.0,0.0,0.0,0.0,0.3,0.0,0.3,1.0,,,5.0,24.9,4.8,2.0,0.417,3.2,1.0,0.313,0.0,0.0,0.0,5.0,3.0,0.4,1.8,0.2,1.6,-1.6,0.5208333333333334,0.5208333333333334,0.34944800569800566,2024-25
202710,Jimmy Butler III,1610612744,GSW,55,31.7,10.9,5.5,0.504,1.9,0.6,0.308,7.1,6.0,0.842,17.5,5.4,1.3,5.4,2.3,3.1,4.5,0.6239304050199658,0.5321100917431192,21.0,4.0,2.0,0.8,0.415,0.4,0.1,0.333,1.0,0.9,0.857,2.6,0.4,0.2,1.2,0.4,0.8,1.0,0.5327868852459017,0.42500000000000004,11.0,36.0,13.8,6.2,0.447,3.3,1.0,0.306,7.3,5.8,0.8,19.2,5.2,1.2,6.6,2.4,4.3,-4.8,0.5643075476134493,0.4855072463768116,0.5820864269102138,2024-25
203076,Anthony Davis,1610612742,DAL,51,33.4,17.8,9.2,0.516,2.4,0.7,0.282,7.2,5.6,0.775,24.7,3.5,2.2,11.6,2.6,8.9,0.5,0.5889927508584509,0.5365168539325842,21.0,3.0,1.2,0.7,0.538,0.2,0.2,0.8,0.7,0.4,0.6,2.0,0.3,0.2,0.7,0.0,0.7,-0.4,0.6631299734748011,0.6666666666666666,,,,,,,,,,,,,,,,,,,,,0.6451591389693468,2024-25
203078,Bradley Beal,1610612756,PHX,53,32.1,13.1,6.5,0.497,5.0,1.9,0.386,2.6,2.1,0.803,17.0,3.7,1.9,3.3,0.6,2.7,-5.2,0.5967424880651503,0.5687022900763359,23.0,3.9,1.2,0.4,0.333,0.5,0.1,0.25,0.9,0.7,0.85,1.7,0.2,0.1,0.7,0.2,0.6,-1.3,0.5325814536340852,0.375,,,,,,,,,,,,,,,,,,,,,0.5631287704539191,2024-25
203081,Damian Lillard,1610612749,MIL,58,36.1,17.1,7.7,0.448,9.0,3.4,0.376,6.8,6.2,0.921,24.9,7.1,2.8,4.7,0.5,4.2,0.9,0.6196496117857853,0.5497076023391813,27.0,3.6,2.0,0.6,0.321,1.0,0.1,0.148,0.9,0.8,0.917,2.2,0.6,0.3,0.6,0.1,0.6,1.1,0.45909849749582643,0.325,3.0,24.9,9.0,2.0,0.222,5.3,1.0,0.188,2.3,2.0,0.857,7.0,4.7,1.0,2.7,0.3,2.3,2.0,0.3495805033959249,0.2777777777777778,0.44279392592626665,2024-25
203083,Andre Drummond,1610612755,PHI,40,18.8,5.9,2.9,0.5,0.5,0.1,0.15,2.3,1.4,0.622,7.3,0.9,1.4,7.8,2.7,5.0,-6.1,0.5280671296296295,0.49999999999999994,5.0,3.8,0.4,0.0,0.0,0.0,0.0,0.0,0.0,0.0,0.0,0.0,0.4,0.2,1.8,0.6,1.2,-0.4,0.0,0.0,,,,,,,,,,,,,,,,,,,,,0.1828020375590099,2024-25
203084,Harrison Barnes,1610612759,SAS,82,27.2,8.3,4.2,0.508,4.4,1.9,0.433,2.4,2.0,0.809,12.3,1.7,0.6,3.8,1.2,2.6,-0.3,0.6573321932449764,0.6204819277108433,28.0,2.6,0.8,0.4,0.476,0.4,0.2,0.455,0.2,0.1,0.667,1.0,0.1,0.1,0.4,0.1,0.3,1.3,0.5630630630630631,0.625,,,,,,,,,,,,,,,,,,,,,0.6041246606727404,2024-25
203109,Jae Crowder,1610612758,SAC,9,11.4,2.4,0.8,0.318,1.7,0.4,0.267,0.7,0.6,0.833,2.6,0.7,0.4,2.2,0.7,1.6,-2.0,0.4800590841949779,0.4166666666666667,1.0,2.6,1.0,0.0,0.0,1.0,0.0,0.0,0.0,0.0,0.0,0.0,0.0,0.0,0.0,0.0,0.0,9.0,0.0,0.0,,,,,,,,,,,,,,,,,,,,,0.20168636138096485,2024-25
203110,Draymond Green,1610612744,GSW,68,29.2,7.5,3.2,0.424,3.6,1.2,0.325,2.2,1.5,0.687,9.0,5.6,2.6,6.1,1.1,5.0,4.0,0.5314123760037789,0.5066666666666667,33.0,3.0,0.5,0.1,0.267,0.1,0.0,0.25,0.7,0.4,0.583,0.7,0.6,0.3,1.0,0.3,0.7,0.7,0.4331683168316831,0.2,12.0,32.4,9.0,3.5,0.389,5.0,1.3,0.267,1.1,0.8,0.692,9.1,3.8,3.0,5.5,0.8,4.8,-1.9,0.4797553774778574,0.46111111111111114,0.4795025236825639,2024-25
203114,Khris Middleton,1610612764,WAS,37,22.8,9.1,4.3,0.475,3.6,1.3,0.361,2.3,1.9,0.857,11.9,4.1,1.5,3.7,0.4,3.4,1.1,0.5884098101265823,0.543956043956044,17.0,3.6,1.7,0.5,0.31,0.6,0.1,0.182,0.4,0.4,0.857,1.5,0.6,0.6,0.6,0.1,0.5,0.4,0.39978678038379534,0.3235294117647059,,,,,,,,,,,,,,,,,,,,,0.48134244231065676,2024-25
203468,CJ McCollum,1610612740,NOP,56,32.7,17.9,7.9,0.444,8.2,3.1,0.373,3.1,2.2,0.717,21.1,4.1,1.9,3.8,0.8,3.0,-5.0,0.5476536544850499,0.5279329608938549,24.0,4.1,2.3,1.0,0.446,0.9,0.4,0.409,0.8,0.6,0.789,3.1,0.3,0.1,0.6,0.1,0.5,1.1,0.5844645550527904,0.5217391304347826,,,,,,,,,,,,,,,,,,,,,0.585043416873999,2024-25
203471,Dennis Schröder,1610612765,DET,75,28.1,11.0,4.5,0.406,4.9,1.7,0.342,2.9,2.4,0.838,13.1,5.4,1.9,2.6,0.4,2.3,-1.0,0.5335614206581949,0.48636363636363633,40.0,2.7,1.0,0.5,0.462,0.4,0.1,0.286,0.7,0.5,0.778,1.5,0.5,0.2,0.3,0.0,0.2,-0.8,0.573394495412844,0.55,6.0,27.4,8.8,4.3,0.491,3.5,1.7,0.476,2.7,2.2,0.813,12.5,3.7,1.2,2.3,0.7,1.7,-2.3,0.6257509010812975,0.5852272727272726,0.6020247615447119,2024-25
203482,Kelly Olynyk,1610612740,NOP,44,20.2,6.1,3.0,0.5,1.8,0.8,0.418,2.5,1.9,0.769,8.7,2.9,1.7,4.7,1.4,3.3,-1.3,0.6041666666666666,0.5573770491803279,8.0,2.2,1.3,0.8,0.6,0.3,0.1,0.5,0.8,0.4,0.5,2.0,0.0,0.1,1.0,0.6,0.4,-0.6,0.6053268765133172,0.6538461538461539,,,,,,,,,,,,,,,,,,,,,0.6262516153041094,2024-25
203484,Kentavious Caldwell-Pope,1610612763,MEM,77,29.6,7.1,3.1,0.439,4.3,1.5,0.342,1.2,1.1,0.863,8.7,1.8,0.8,2.2,0.4,1.8,0.1,0.5702674357629784,0.5422535211267606,30.0,3.0,0.6,0.2,0.294,0.4,0.1,0.182,0.3,0.2,0.75,0.6,0.0,0.0,0.2,0.0,0.2,0.2,0.4098360655737705,0.4166666666666667,5.0,32.7,6.0,1.6,0.267,4.6,1.2,0.261,0.8,0.6,0.75,5.0,1.8,0.4,3.0,0.2,2.8,-8.2,0.39357682619647355,0.3666666666666667,0.4368957118074852,2024-25
203486,Mason Plumlee,1610612756,PHX,74,17.6,2.7,1.7,0.619,0.1,0.0,0.0,1.7,1.1,0.648,4.5,1.8,0.8,6.1,1.6,4.6,0.7,0.6525522041763341,0.6296296296296295,20.0,3.0,0.4,0.3,0.714,0.0,0.0,0.0,0.3,0.2,0.5,0.7,0.2,0.3,0.5,0.3,0.2,-1.1,0.6578947368421052,0.7499999999999999,,,,,,,,,,,,,,,,,,,,,0.6709287074295094,2024-25
203497,Rudy Gobert,1610612750,MIN,72,33.2,7.1,4.7,0.669,0.0,0.0,0.0,3.8,2.6,0.674,12.0,1.8,1.2,10.9,3.7,7.2,4.5,0.6839945280437756,0.6619718309859155,35.0,3.2,0.4,0.2,0.615,0.0,0.0,0.0,0.6,0.3,0.55,0.8,0.1,0.2,0.9,0.3,0.6,-1.1,0.6024096385542169,0.5,15.0,27.4,5.3,3.1,0.582,0.0,0.0,0.0,3.3,1.7,0.52,7.9,0.7,0.9,8.6,3.1,5.5,3.9,0.5850118483412323,0.5849056603773585,0.6129420278454256,2024-25
203500,Steven Adams,1610612745,HOU,58,13.7,2.9,1.6,0.545,0.0,0.0,0.0,1.6,0.7,0.462,3.9,1.1,0.9,5.6,2.9,2.8,3.0,0.5410654827968923,0.5517241379310345,16.0,0.5,0.1,0.0,0.0,0.0,0.0,0.0,0.1,0.0,0.0,0.0,0.0,0.1,0.3,0.3,0.0,-0.1,0.0,0.0,7.0,22.1,2.9,1.7,0.6,0.0,0.0,0.0,4.3,2.3,0.533,5.7,0.6,0.7,6.6,3.3,3.3,6.3,0.5947412353923206,0.5862068965517241,0.39099647402318893,2024-25
203501,Tim Hardaway Jr.,1610612765,DET,77,28.0,8.8,3.6,0.406,5.9,2.2,0.368,1.9,1.6,0.855,11.0,1.6,0.6,2.4,0.2,2.1,0.3,0.5707762557077625,0.5340909090909091,34.0,2.3,0.6,0.3,0.5,0.5,0.2,0.471,0.2,0.1,0.571,0.9,0.2,0.1,0.1,0.0,0.1,0.0,0.6540697674418605,0.6666666666666667,6.0,31.4,11.8,4.0,0.338,8.7,2.7,0.308,1.7,1.3,0.8,12.0,1.2,1.5,2.8,0.3,2.5,1.8,0.47816385081287854,0.45338983050847453,0.5590527389890936,2024-25
203507,Giannis Antetokounmpo,1610612749,MIL,67,34.2,19.7,11.8,0.601,0.9,0.2,0.222,10.6,6.5,0.617,30.4,6.5,3.1,11.9,2.2,9.7,5.0,0.6238712855032015,0.6040609137055838,29.0,4.0,2.1,1.0,0.467,0.1,0.1,0.5,1.3,0.9,0.676,2.9,0.8,0.2,1.8,0.5,1.3,2.2,0.5426646706586826,0.5,5.0,37.6,19.8,12.0,0.606,1.0,0.2,0.2,12.6,8.8,0.698,33.0,6.6,4.6,15.4,3.8,11.6,-7.0,0.6510416666666666,0.611111111111111,0.6210475029467107,2024-25
203552,Seth Curry,1610612766,CHA,68,15.6,5.0,2.4,0.478,2.7,1.2,0.456,0.6,0.5,0.846,6.5,0.9,0.5,1.7,0.4,1.3,-2.5,0.6174012158054711,0.6,16.0,0.9,0.1,0.0,0.0,0.1,0.0,0.0,0.0,0.0,0.0,0.0,0.1,0.0,0.0,0.0,0.0,-0.3,0.0,0.0,,,,,,,,,,,,,,,,,,,,,0.20780040526809038,2024-25
203897,Zach LaVine,1610612758,SAC,74,35.2,16.5,8.4,0.511,7.2,3.2,0.446,3.9,3.2,0.825,23.3,4.2,2.8,4.3,0.3,4.0,-0.9,0.6395476504172156,0.6060606060606061,31.0,3.7,1.6,0.5,0.347,0.6,0.2,0.35,0.7,0.6,0.783,1.9,0.2,0.4,0.6,0.1,0.5,-1.4,0.49790356394129975,0.37499999999999994,,,,,,,,,,,,,,,,,,,,,0.5548152291296538,2024-25
203901,Elfrid Payton,1610612740,NOP,24,21.3,5.1,1.7,0.328,0.3,0.0,0.167,0.3,0.2,0.571,3.5,6.9,2.5,3.3,0.6,2.7,-6.2,0.3344801223241591,0.33333333333333337,4.0,2.0,0.8,0.3,0.333,0.0,0.0,0.0,0.0,0.0,0.0,0.5,0.8,0.3,0.0,0.0,0.0,-2.0,0.3125,0.37499999999999994,,,,,,,,,,,,,,,,,,,,,0.3355129819481145,2024-25
203903,Jordan Clarkson,1610612762,UTA,37,26.0,13.3,5.4,0.408,6.3,2.3,0.362,3.9,3.1,0.797,16.2,3.7,2.3,3.2,0.7,2.5,-5.5,0.5394246137453382,0.4924812030075188,9.0,3.8,1.8,0.6,0.313,0.3,0.2,0.667,1.4,1.2,0.846,2.6,0.3,0.4,0.7,0.3,0.3,-1.9,0.5380794701986755,0.38888888888888884,,,,,,,,,,,,,,,,,,,,,0.552061685966345,2024-25
203914,Gary Harris,1610612753,ORL,48,14.8,2.8,1.1,0.383,2.1,0.8,0.356,0.3,0.1,0.583,3.0,0.6,0.4,1.3,0.4,0.9,1.8,0.5115961800818554,0.5357142857142857,7.0,2.2,0.0,0.0,0.0,0.0,0.0,0.0,0.0,0.0,0.0,0.0,0.3,0.0,0.3,0.1,0.1,0.7,,,5.0,16.5,1.6,0.6,0.375,1.2,0.2,0.167,0.0,0.0,0.0,1.4,0.6,0.0,1.0,0.2,0.8,-6.4,0.43749999999999994,0.43749999999999994,0.3040160300136425,2024-25
203915,Spencer Dinwiddie,1610612742,DAL,79,27.0,8.6,3.6,0.416,4.1,1.4,0.334,3.1,2.5,0.802,11.0,4.4,1.3,2.6,0.2,2.4,-2.8,0.5519871537535126,0.5,29.0,3.1,1.3,0.5,0.359,0.8,0.2,0.227,0.7,0.5,0.789,1.7,0.3,0.2,0.4,0.0,0.4,0.7,0.5286069651741293,0.4615384615384615,,,,,,,,,,,,,,,,,,,,,0.5515166404352668,2024-25
203924,Jerami Grant,1610612757,POR,47,32.4,12.2,4.6,0.373,6.3,2.3,0.365,3.5,3.0,0.849,14.4,2.1,1.4,3.5,0.6,2.9,-4.3,0.5240174672489084,0.4713114754098361,21.0,2.8,1.0,0.4,0.429,0.5,0.1,0.2,0.4,0.3,0.75,1.2,0.1,0.2,0.5,0.2,0.3,0.2,0.5102040816326531,0.45,,,,,,,,,,,,,,,,,,,,,0.5230052648155417,2024-25
203932,Aaron Gordon,1610612743,DEN,51,28.4,9.7,5.2,0.531,3.4,1.5,0.436,3.5,2.8,0.81,14.7,3.2,1.4,4.8,1.6,3.3,5.9,0.653914590747331,0.6134020618556701,20.0,4.4,1.0,0.5,0.526,0.6,0.3,0.417,1.1,0.9,0.81,2.1,0.5,0.0,0.7,0.4,0.3,2.1,0.7075471698113208,0.65,14.0,37.3,11.9,5.8,0.485,4.1,1.6,0.379,3.6,3.1,0.86,16.2,2.7,1.9,7.6,3.6,4.0,1.6,0.6007119549095223,0.5546218487394957,0.6555000775325426,2024-25
203935,Marcus Smart,1610612764,WAS,34,20.0,7.6,3.0,0.393,4.1,1.4,0.348,2.1,1.6,0.761,9.0,3.2,1.6,2.1,0.5,1.6,1.2,0.5279211637728767,0.48684210526315796,11.0,2.2,0.6,0.2,0.286,0.4,0.0,0.0,0.8,0.5,0.667,0.9,0.3,0.0,0.5,0.0,0.5,-1.0,0.47268907563025214,0.33333333333333337,,,,,,,,,,,,,,,,,,,,,0.4989945085188602,2024-25
203937,Kyle Anderson,1610612748,MIA,61,16.4,5.0,2.3,0.469,1.1,0.4,0.357,1.1,0.8,0.738,5.9,2.4,0.6,3.4,0.9,2.5,-0.4,0.537928519328957,0.5,16.0,2.1,0.5,0.3,0.625,0.1,0.1,0.5,0.4,0.4,1.0,1.1,0.3,0.0,0.4,0.1,0.3,0.0,0.8136094674556213,0.7,2.0,7.0,1.0,0.0,0.0,0.0,0.0,0.0,0.0,0.0,0.0,0.0,0.5,0.5,0.5,0.0,0.5,-13.5,0.0,0.0,0.3708579090380333,2024-25
203939,Dwight Powell,1610612742,DAL,55,10.0,1.1,0.8,0.689,0.1,0.0,0.4,0.8,0.5,0.651,2.1,1.0,0.3,2.1,0.9,1.3,-0.3,0.7231404958677685,0.7272727272727273,3.0,0.5,0.0,0.0,0.0,0.0,0.0,0.0,0.0,0.0,0.0,0.0,0.0,0.3,0.0,0.0,0.0,-1.0,,,,,,,,,,,,,,,,,,,,,,,0.24104683195592283,2024-25
203944,Julius Randle,1610612750,MIN,69,32.3,13.6,6.6,0.485,4.6,1.6,0.344,4.9,3.9,0.806,18.7,4.7,2.8,7.1,2.1,5.0,2.4,0.5934247270880934,0.5441176470588235,34.0,3.7,0.9,0.4,0.467,0.2,0.1,0.333,0.6,0.5,0.81,1.4,0.3,0.3,0.6,0.2,0.4,-0.9,0.6013745704467353,0.5,15.0,35.6,15.3,7.7,0.502,5.2,2.0,0.385,5.0,4.4,0.88,21.7,4.9,3.3,5.9,1.8,4.1,2.7,0.62,0.5686274509803921,0.6159799583885975,2024-25
203952,Andrew Wiggins,1610612748,MIA,60,30.7,14.0,6.3,0.448,5.8,2.2,0.374,4.3,3.3,0.763,18.0,2.6,1.7,4.5,1.5,3.0,-1.7,0.5663226780770199,0.5285714285714286,32.0,3.0,1.2,0.5,0.395,0.5,0.2,0.4,0.4,0.3,0.846,1.5,0.2,0.2,0.3,0.2,0.2,-0.1,0.5450581395348838,0.5,4.0,30.6,10.8,4.0,0.372,5.0,1.8,0.35,2.5,1.8,0.7,11.5,2.3,2.8,3.3,1.0,2.3,-20.0,0.4831932773109244,0.4537037037037037,0.526241226750743,2024-25
203954,Joel Embiid,1610612755,PHI,19,30.2,16.6,7.4,0.444,4.1,1.2,0.299,8.9,7.8,0.882,23.8,4.5,3.3,8.2,1.9,6.3,-3.0,0.5800350945603431,0.48192771084337344,7.0,2.9,1.7,0.6,0.333,0.1,0.0,0.0,1.3,1.0,0.778,2.1,0.3,0.6,1.0,0.1,0.9,-0.4,0.46214788732394363,0.35294117647058826,,,,,,,,,,,,,,,,,,,,,0.5116845869242148,2024-25
203957,Danté Exum,1610612742,DAL,20,18.6,6.7,3.2,0.478,2.7,1.2,0.434,1.6,1.2,0.742,8.7,2.8,1.1,1.7,0.2,1.5,-2.4,0.5875202593192869,0.5671641791044776,6.0,1.4,0.3,0.2,0.5,0.0,0.0,0.0,0.3,0.3,1.0,0.7,0.0,0.2,0.0,0.0,0.0,2.3,0.8101851851851851,0.6666666666666667,,,,,,,,,,,,,,,,,,,,,0.740441155169516,2024-25
203967,Dario Šarić,1610612743,DEN,16,13.1,3.6,1.3,0.362,1.6,0.4,0.269,0.6,0.4,0.7,3.5,1.4,0.9,3.1,0.9,2.3,-3.1,0.4528985507246377,0.41666666666666663,2.0,1.3,1.0,0.5,0.5,1.0,0.5,0.5,0.0,0.0,0.0,1.5,0.0,0.5,0.5,0.0,0.5,-2.5,0.75,0.75,,,,,,,,,,,,,,,,,,,,,0.678743961344941,2024-25
203991,Clint Capela,1610612737,ATL,55,21.4,7.1,4.0,0.559,0.0,0.0,0.0,1.8,0.9,0.536,8.9,1.1,0.9,8.5,3.2,5.4,-1.4,0.56386213887481,0.5633802816901409,17.0,2.1,0.6,0.4,0.7,0.0,0.0,0.0,0.2,0.2,0.75,1.0,0.1,0.1,0.4,0.2,0.2,-0.1,0.7267441860465117,0.6666666666666667,,,,,,,,,,,,,,,,,,,,,0.680900874546773,2024-25
203992,Bogdan Bogdanović,1610612746,LAC,54,25.0,9.1,3.9,0.427,5.4,1.9,0.363,1.2,1.1,0.879,10.8,2.7,1.4,2.9,0.4,2.5,2.0,0.5608641462401329,0.532967032967033,22.0,1.9,0.5,0.2,0.333,0.4,0.1,0.333,0.0,0.0,0.0,0.5,0.0,0.1,0.2,0.0,0.1,0.2,0.5,0.5,7.0,16.8,6.3,2.3,0.364,3.4,1.0,0.292,1.0,0.9,0.857,6.4,2.1,1.6,2.9,0.7,2.1,2.4,0.47477744807121663,0.4444444444444444,0.5030272539028655,2024-25
203994,Jusuf Nurkić,1610612766,CHA,51,20.8,6.9,3.3,0.477,2.1,0.6,0.305,2.5,1.7,0.664,8.9,2.3,1.9,7.8,1.7,6.1,-3.6,0.55625,0.5217391304347825,10.0,2.5,0.2,0.2,1.0,0.0,0.0,0.0,0.8,0.7,0.875,1.1,0.0,0.1,0.7,0.3,0.4,2.4,0.9963768115942029,1.0,,,,,,,,,,,,,,,,,,,,,0.8525664251203529,2024-25
203995,Vasilije Micic,1610612756,PHX,41,19.1,6.7,2.3,0.348,3.0,1.1,0.36,1.0,0.8,0.829,6.6,3.1,1.9,2.2,0.5,1.7,-3.0,0.46218487394957974,0.42537313432835816,12.0,1.9,0.8,0.3,0.4,0.7,0.2,0.25,0.2,0.1,0.5,0.9,0.2,0.3,0.0,0.0,0.0,-2.4,0.5067567567567568,0.5,,,,,,,,,,,,,,,,,,,,,0.5038397609933783,2024-25
203999,Nikola Jokić,1610612743,DEN,70,36.7,19.5,11.2,0.576,4.7,2.0,0.417,6.4,5.2,0.8,29.6,10.2,3.3,12.7,2.9,9.9,8.5,0.6632012905538628,0.6256410256410256,33.0,4.2,2.7,1.5,0.562,0.4,0.2,0.429,1.4,1.0,0.723,4.2,1.1,0.5,1.5,0.5,1.0,1.8,0.6332931242460796,0.5925925925925926,14.0,40.2,19.1,9.4,0.489,5.1,1.9,0.38,7.2,5.6,0.772,26.2,8.0,3.9,12.7,2.1,10.6,-0.8,0.5882881264594934,0.5418848167539266,0.6296214735828608,2024-25
204001,Kristaps Porziņģis,1610612738,BOS,42,28.8,13.7,6.6,0.483,6.0,2.5,0.412,4.7,3.8,0.809,19.5,2.1,1.3,6.8,1.6,5.1,4.1,0.6183409436834095,0.572992700729927,13.0,2.8,0.8,0.5,0.636,0.4,0.2,0.4,0.6,0.4,0.625,1.6,0.2,0.1,0.5,0.2,0.4,1.9,0.7518796992481203,0.7499999999999999,11.0,21.0,7.2,2.3,0.316,2.4,0.4,0.154,4.1,2.8,0.689,7.7,0.7,0.9,4.6,1.9,2.7,0.6,0.42758773878276324,0.3472222222222222,0.5733166758126245,2024-25
204456,T.J. McConnell,1610612754,IND,79,17.9,7.9,4.1,0.519,0.6,0.2,0.306,1.0,0.7,0.74,9.1,4.4,1.4,2.4,0.6,1.9,-0.7,0.5455635491606714,0.531645569620253,10.0,3.1,0.9,0.5,0.556,0.1,0.0,0.0,1.2,0.9,0.75,1.9,0.6,0.0,0.5,0.0,0.5,1.2,0.665266106442577,0.5555555555555556,23.0,17.5,7.6,4.1,0.537,0.8,0.3,0.421,1.2,1.0,0.815,9.5,4.0,1.9,3.3,0.5,2.7,-1.5,0.5843996062992126,0.5592105263157895,0.6162748352190929,2024-25
1626145,Tyus Jones,1610612756,PHX,81,26.8,8.4,3.8,0.448,5.0,2.0,0.414,0.7,0.6,0.895,10.2,5.3,1.1,2.4,0.5,1.9,-1.1,0.5856683509416628,0.5714285714285714,31.0,2.4,0.5,0.2,0.313,0.3,0.1,0.375,0.1,0.1,1.0,0.5,0.3,0.0,0.4,0.1,0.3,-0.5,0.45955882352941174,0.5,,,,,,,,,,,,,,,,,,,,,0.5075477136185012,2024-25
1626153,Delon Wright,1610612752,NYK,40,15.9,3.3,1.1,0.344,1.8,0.5,0.274,0.6,0.4,0.6,3.1,1.9,0.6,1.7,0.7,1.0,0.0,0.43490460157126826,0.4090909090909091,4.0,2.2,0.5,0.3,0.5,0.3,0.0,0.0,0.0,0.0,0.0,0.5,0.0,0.0,0.3,0.3,0.0,-2.0,0.5,0.6,6.0,8.0,1.5,0.3,0.222,1.0,0.2,0.167,0.3,0.3,1.0,1.2,0.8,0.2,0.3,0.2,0.2,1.8,0.3676470588235294,0.26666666666666666,0.4381258114872332,2024-25
1626156,D'Angelo Russell,1610612751,BKN,58,25.5,11.0,4.3,0.39,6.2,1.9,0.314,2.5,2.1,0.834,12.6,5.1,1.9,2.8,0.3,2.4,0.0,0.5206611570247934,0.4772727272727273,24.0,1.9,0.8,0.3,0.35,0.4,0.1,0.333,0.3,0.3,0.857,1.0,0.5,0.3,0.2,0.0,0.2,-1.0,0.5364806866952789,0.43749999999999994,,,,,,,,,,,,,,,,,,,,,0.5384802374105165,2024-25
1626157,Karl-Anthony Towns,1610612752,NYK,72,35.0,16.9,8.9,0.526,4.7,2.0,0.42,5.7,4.7,0.829,24.4,3.1,2.7,12.8,2.9,9.8,5.3,0.6286067600989284,0.5857988165680474,26.0,5.0,1.3,0.7,0.543,0.5,0.2,0.357,0.2,0.1,0.75,1.8,0.3,0.2,1.2,0.2,1.0,0.5,0.648414985590778,0.6153846153846153,18.0,35.5,15.8,7.7,0.488,4.1,1.4,0.351,5.4,4.6,0.845,21.4,1.3,2.2,11.6,2.1,9.5,1.1,0.58868838028169,0.5316455696202531,0.6229426197127782,2024-25
1626158,Richaun Holmes,1610612764,WAS,31,17.2,4.5,2.9,0.647,0.1,0.0,0.0,1.9,1.6,0.833,7.4,1.4,0.7,5.7,2.0,3.7,-1.2,0.6934032983508246,0.6444444444444444,5.0,2.0,0.2,0.0,0.0,0.2,0.0,0.0,0.2,0.2,1.0,0.2,0.0,0.0,0.4,0.0,0.4,1.0,0.3472222222222222,0.0,,,,,,,,,,,,,,,,,,,,,0.46706035870854645,2024-25
1626162,Kelly Oubre Jr.,1610612755,PHI,60,34.6,12.4,5.8,0.47,4.0,1.2,0.293,3.1,2.3,0.751,15.1,1.8,1.3,6.1,1.6,4.5,-4.3,0.548532403371113,0.5161290322580645,28.0,3.8,1.0,0.4,0.407,0.3,0.2,0.556,0.5,0.3,0.643,1.3,0.1,0.1,0.5,0.4,0.1,-0.1,0.5327868852459017,0.5,,,,,,,,,,,,,,,,,,,,,0.5460999074160207,2024-25
1626164,Devin Booker,1610612756,PHX,75,37.3,18.9,8.7,0.461,7.3,2.4,0.332,6.4,5.8,0.894,25.6,7.1,2.9,4.1,1.0,3.1,-2.4,0.5894271504881194,0.5238095238095237,37.0,3.0,1.5,0.5,0.333,0.7,0.1,0.185,0.9,0.7,0.818,1.9,0.5,0.1,0.4,0.2,0.3,0.3,0.5010548523206751,0.3666666666666667,,,,,,,,,,,,,,,,,,,,,0.5384487929792446,2024-25
1626166,Cameron Payne,1610612752,NYK,72,15.1,6.2,2.5,0.401,3.6,1.3,0.363,0.8,0.7,0.907,6.9,2.8,0.7,1.4,0.2,1.3,2.8,0.5265567765567766,0.5080645161290323,7.0,1.4,0.7,0.0,0.0,0.4,0.0,0.0,0.3,0.1,0.5,0.1,0.1,0.0,0.0,0.0,0.0,0.6,0.060096153846153855,0.0,14.0,7.3,2.6,0.9,0.324,1.5,0.4,0.238,0.2,0.1,0.333,2.1,0.6,0.5,0.6,0.0,0.6,-0.5,0.390625,0.4230769230769231,0.31439433662033817,2024-25
1626167,Myles Turner,1610612754,IND,72,30.2,11.3,5.4,0.481,5.5,2.2,0.396,3.3,2.6,0.773,15.6,1.5,1.7,6.5,1.3,5.3,2.8,0.6116687578419071,0.5752212389380531,29.0,3.7,0.8,0.4,0.522,0.5,0.3,0.533,0.4,0.3,0.692,1.4,0.1,0.2,0.8,0.2,0.6,1.7,0.7172131147540982,0.6875,23.0,29.3,9.5,4.6,0.484,3.9,1.3,0.344,4.2,3.2,0.771,13.8,1.4,1.7,4.8,1.2,3.6,2.3,0.6080366584420162,0.5526315789473685,0.6521138064630979,2024-25
1626168,Trey Lyles,1610612758,SAC,69,19.6,5.4,2.3,0.42,3.4,1.2,0.34,1.2,0.8,0.7,6.5,1.2,0.6,4.6,1.2,3.4,-1.0,0.5482456140350876,0.537037037037037,21.0,2.1,0.4,0.2,0.444,0.2,0.0,0.2,0.1,0.0,0.333,0.5,0.0,0.0,0.4,0.2,0.2,-0.7,0.5630630630630631,0.5,,,,,,,,,,,,,,,,,,,,,0.565531320793107,2024-25
1626171,Bobby Portis,1610612749,MIL,49,25.4,12.1,5.7,0.466,3.6,1.3,0.365,1.5,1.2,0.836,13.9,2.1,1.2,8.4,1.8,6.6,1.9,0.5446708463949843,0.5247933884297521,15.0,3.2,1.1,0.3,0.313,0.5,0.1,0.25,0.1,0.1,1.0,0.9,0.0,0.0,0.7,0.1,0.6,-0.4,0.39335664335664333,0.3181818181818181,5.0,31.7,13.6,6.0,0.441,5.6,2.0,0.357,0.2,0.0,0.0,14.0,1.4,1.2,8.2,1.6,6.6,2.0,0.5113968439509059,0.5147058823529412,0.4866866865836558,2024-25
1626172,Kevon Looney,1610612744,GSW,76,15.0,3.7,1.9,0.514,0.1,0.0,0.4,1.3,0.7,0.566,4.5,1.6,0.5,6.1,2.4,3.6,1.5,0.5266853932584269,0.5135135135135135,26.0,1.5,0.2,0.1,0.6,0.0,0.0,0.0,0.1,0.0,0.0,0.2,0.2,0.0,0.8,0.3,0.4,0.8,0.4098360655737705,0.5,12.0,10.0,1.9,0.8,0.435,0.0,0.0,0.0,0.7,0.5,0.75,2.2,0.3,0.2,3.6,1.4,2.2,-2.0,0.49818840579710155,0.4210526315789474,0.4788925290368232,2024-25
1626179,Terry Rozier,1610612748,MIA,64,25.9,9.9,3.9,0.391,4.8,1.4,0.295,1.7,1.4,0.852,10.6,2.6,1.2,3.7,0.7,3.0,-2.2,0.4977460555972953,0.4646464646464646,26.0,4.0,1.0,0.3,0.269,0.8,0.2,0.3,0.3,0.3,0.875,1.0,0.2,0.1,0.2,0.1,0.1,-0.8,0.4416961130742049,0.4,,,,,,,,,,,,,,,,,,,,,0.4704804373485582,2024-25
1626181,Norman Powell,1610612746,LAC,60,32.6,15.8,7.6,0.484,7.1,3.0,0.418,4.4,3.6,0.804,21.8,2.1,1.8,3.2,0.4,2.8,5.9,0.6145692377086153,0.5759493670886076,24.0,3.8,1.6,0.9,0.538,0.6,0.3,0.5,1.3,1.1,0.871,3.2,0.1,0.2,0.4,0.0,0.4,1.0,0.7366482504604052,0.65625,7.0,34.0,12.7,6.0,0.472,5.7,2.0,0.35,2.6,2.0,0.778,16.0,2.4,1.7,2.4,0.1,2.3,-4.1,0.5778676683039584,0.5511811023622047,0.6470380395347236,2024-25
1626192,Pat Connaughton,1610612749,MIL,41,14.7,4.3,2.0,0.469,2.0,0.6,0.321,0.8,0.6,0.774,5.3,1.7,0.6,2.7,0.5,2.2,-0.3,0.5696474634565778,0.5348837209302325,7.0,1.9,1.6,0.9,0.545,0.9,0.3,0.333,0.4,0.3,0.667,2.3,0.1,0.0,0.4,0.0,0.4,0.9,0.6475225225225225,0.65625,3.0,4.6,2.7,0.7,0.25,1.3,0.3,0.25,0.7,0.3,0.5,2.0,0.3,0.3,0.7,0.0,0.7,-3.3,0.3324468085106383,0.31481481481481477,0.5142147913225177,2024-25
1626196,Josh Richardson,1610612748,MIA,8,18.7,4.8,1.4,0.289,2.8,0.8,0.273,0.5,0.5,1.0,4.0,1.5,1.0,1.5,0.8,0.8,-3.9,0.39840637450199207,0.375,1.0,0.7,0.0,0.0,0.0,0.0,0.0,0.0,0.0,0.0,0.0,0.0,0.0,0.0,0.0,0.0,0.0,-4.0,,,,,,,,,,,,,,,,,,,,,,,0.13280212483399736,2024-25
1626204,Larry Nance Jr.,1610612737,ATL,24,19.3,6.5,3.3,0.516,3.2,1.4,0.447,0.5,0.4,0.692,8.5,1.6,0.7,4.3,1.0,3.3,-4.0,0.6324404761904762,0.6153846153846154,4.0,4.3,1.8,1.3,0.714,0.3,0.3,1.0,0.0,0.0,0.0,2.8,0.3,0.0,1.8,0.5,1.3,-1.0,0.7777777777777777,0.8055555555555555,,,,,,,,,,,,,,,,,,,,,0.7570243182700579,2024-25
1626220,Royce O'Neale,1610612756,PHX,75,24.5,7.6,3.2,0.423,5.9,2.4,0.406,0.3,0.3,0.731,9.1,2.2,0.9,4.7,0.7,3.9,-2.1,0.5884635281945163,0.5789473684210527,29.0,2.8,0.6,0.3,0.444,0.5,0.2,0.467,0.0,0.0,0.0,0.8,0.3,0.0,0.4,0.1,0.3,-0.5,0.6666666666666667,0.6666666666666667,,,,,,,,,,,,,,,,,,,,,0.648493690683683,2024-25
1627732,Ben Simmons,1610612746,LAC,51,22.0,4.4,2.3,0.52,0.0,0.0,0.0,0.6,0.5,0.727,5.0,5.6,2.0,4.7,0.9,3.8,-1.1,0.5360205831903945,0.5227272727272726,8.0,3.2,0.4,0.3,0.667,0.0,0.0,0.0,0.0,0.0,0.0,0.5,0.5,0.0,0.9,0.0,0.9,1.9,0.625,0.7499999999999999,5.0,8.3,1.2,0.4,0.333,0.0,0.0,0.0,0.0,0.0,0.0,0.8,0.8,0.4,1.4,0.6,0.8,1.4,0.33333333333333337,0.33333333333333337,0.4734276729539087,2024-25
1627734,Domantas Sabonis,1610612758,SAC,70,34.7,12.8,7.5,0.59,2.2,0.9,0.417,4.1,3.1,0.754,19.1,6.0,2.9,13.9,3.8,10.1,2.1,0.6539304300191728,0.62109375,35.0,3.9,0.8,0.7,0.793,0.2,0.1,0.833,0.5,0.4,0.765,1.8,0.3,0.2,1.5,0.6,0.9,1.1,0.8823529411764706,0.9375,,,,,,,,,,,,,,,,,,,,,0.8124621041235498,2024-25
1627736,Malik Beasley,1610612765,DET,82,27.8,13.1,5.6,0.43,9.3,3.9,0.416,1.7,1.2,0.679,16.3,1.7,1.0,2.6,0.6,2.0,2.1,0.5885326400924322,0.5763358778625954,41.0,2.5,0.9,0.4,0.421,0.7,0.3,0.448,0.4,0.3,0.706,1.4,0.1,0.0,0.2,0.0,0.2,-0.5,0.6505576208178437,0.6111111111111112,6.0,27.2,12.5,4.7,0.373,9.8,3.3,0.339,1.3,1.3,1.0,14.0,1.2,1.2,2.5,0.2,2.3,-2.3,0.5354957160342717,0.508,0.5895594006455982,2024-25
1627739,Kris Dunn,1610612746,LAC,74,24.1,5.9,2.6,0.439,3.0,1.0,0.335,0.3,0.2,0.682,6.4,2.8,1.0,3.4,0.7,2.7,3.5,0.5305039787798409,0.5254237288135593,24.0,2.7,0.5,0.1,0.154,0.3,0.0,0.125,0.0,0.0,1.0,0.3,0.3,0.2,0.6,0.2,0.5,-0.1,0.3,0.2,7.0,21.9,6.3,2.4,0.386,4.0,1.4,0.357,0.0,0.0,0.0,6.3,1.3,0.1,3.4,1.4,2.0,-1.1,0.5,0.49206349206349204,0.4468919060663902,2024-25
1627741,Buddy Hield,1610612744,GSW,82,22.7,9.6,4.0,0.417,6.7,2.5,0.37,0.8,0.6,0.828,11.1,1.6,1.1,3.2,0.6,2.6,1.7,0.557676848874598,0.546875,31.0,1.4,0.5,0.2,0.357,0.3,0.1,0.222,0.3,0.3,1.0,0.7,0.0,0.0,0.2,0.1,0.2,1.3,0.5537974683544303,0.5,12.0,27.3,10.4,4.3,0.416,6.4,2.8,0.429,1.2,1.1,0.929,12.5,1.8,1.1,3.5,1.5,2.0,0.6,0.5719253294289897,0.548076923076923,0.5687162956445287,2024-25
1627742,Brandon Ingram,1610612761,TOR,18,33.1,18.5,8.6,0.465,6.4,2.4,0.374,3.1,2.6,0.855,22.2,5.2,3.8,5.6,0.9,4.6,-7.1,0.5587998389045509,0.5297297297297296,7.0,4.0,2.0,1.0,0.5,0.3,0.1,0.5,0.6,0.3,0.5,2.4,0.6,0.4,0.6,0.1,0.4,1.3,0.5300353356890458,0.525,,,,,,,,,,,,,,,,,,,,,0.5504343142377739,2024-25
1627747,Caris LeVert,1610612737,ATL,64,24.9,9.4,4.4,0.467,4.4,1.7,0.373,2.4,1.7,0.71,12.1,3.4,1.2,3.2,0.6,2.5,4.0,0.5786151491966335,0.5585106382978723,20.0,3.1,0.7,0.5,0.643,0.4,0.2,0.5,0.2,0.1,0.25,1.2,0.2,0.1,0.5,0.0,0.5,2.8,0.7614213197969544,0.8571428571428572,,,,,,,,,,,,,,,,,,,,,0.7079327381066935,2024-25
1627749,Dejounte Murray,1610612740,NOP,31,32.6,15.9,6.3,0.393,5.6,1.7,0.299,4.0,3.3,0.823,17.5,7.4,3.4,6.5,0.5,5.9,-6.7,0.49546998867497166,0.4496855345911949,11.0,4.3,2.6,1.1,0.414,0.5,0.2,0.333,0.5,0.4,0.8,2.7,0.5,0.1,1.0,0.1,0.9,0.5,0.4787234042553191,0.46153846153846156,,,,,,,,,,,,,,,,,,,,,0.5006578003187031,2024-25
1627750,Jamal Murray,1610612743,DEN,67,36.1,16.7,7.9,0.474,5.9,2.3,0.393,3.7,3.3,0.886,21.4,6.0,2.1,3.9,0.7,3.2,4.9,0.5838061981667394,0.5419161676646708,29.0,3.5,1.4,0.8,0.548,0.5,0.2,0.429,1.0,0.8,0.828,2.6,0.8,0.1,0.4,0.1,0.4,2.1,0.7065217391304348,0.6428571428571429,14.0,41.3,17.9,7.9,0.444,6.9,2.4,0.354,4.0,3.5,0.875,21.8,5.2,3.1,4.9,0.6,4.2,2.1,0.5544252288911495,0.5083798882681565,0.6184041273826083,2024-25
1627751,Jakob Poeltl,1610612761,TOR,57,29.6,10.2,6.4,0.627,0.1,0.0,0.333,2.5,1.7,0.674,14.5,2.8,1.9,9.6,3.3,6.3,-0.6,0.6415929203539824,0.627450980392157,18.0,3.1,0.4,0.2,0.375,0.0,0.0,0.0,0.6,0.4,0.636,0.7,0.1,0.2,0.9,0.4,0.6,-0.4,0.5271084337349397,0.5,,,,,,,,,,,,,,,,,,,,,0.5691914979016871,2024-25
1627752,Taurean Prince,1610612749,MIL,80,27.1,6.4,2.9,0.457,4.2,1.8,0.439,0.6,0.5,0.813,8.2,1.9,1.0,3.6,0.4,3.2,-0.3,0.6152460984393756,0.5937499999999999,29.0,2.5,0.5,0.2,0.333,0.3,0.1,0.25,0.3,0.3,1.0,0.7,0.1,0.1,0.4,0.1,0.3,0.7,0.5537974683544303,0.5,5.0,12.2,2.0,0.4,0.2,1.8,0.4,0.222,0.0,0.0,0.0,1.2,1.6,1.0,1.0,0.0,1.0,-6.0,0.3,0.30000000000000004,0.4449526725234853,2024-25
1627759,Jaylen Brown,1610612738,BOS,63,34.3,17.7,8.2,0.463,5.7,1.8,0.324,5.1,3.9,0.764,22.2,4.5,2.6,5.8,1.3,4.5,6.4,0.5565583634175693,0.5141242937853108,25.0,3.9,1.8,0.9,0.511,0.8,0.4,0.474,0.8,0.5,0.65,2.7,0.3,0.3,0.6,0.1,0.5,2.2,0.6273234200743495,0.6111111111111112,11.0,36.6,17.7,7.8,0.441,5.7,1.9,0.333,6.0,4.5,0.758,22.1,3.9,3.5,7.1,1.2,5.9,5.5,0.5432645034414947,0.4943502824858757,0.5836692771733079,2024-25
1627763,Malcolm Brogdon,1610612764,WAS,24,23.5,10.0,4.3,0.433,2.3,0.7,0.286,3.8,3.4,0.88,12.7,4.1,1.6,3.8,0.9,2.9,-5.0,0.5440370116518163,0.46499999999999997,6.0,2.8,1.0,0.3,0.333,0.2,0.0,0.0,0.7,0.5,0.75,1.2,0.7,0.0,0.5,0.0,0.5,-1.7,0.4587155963302752,0.3,,,,,,,,,,,,,,,,,,,,,0.4971560681031222,2024-25
1627777,Georges Niang,1610612737,ATL,79,21.5,7.8,3.6,0.461,5.2,2.1,0.406,0.7,0.6,0.793,9.9,1.4,1.0,3.4,0.6,2.8,2.5,0.6105081401085347,0.5961538461538463,23.0,1.9,0.4,0.1,0.2,0.3,0.0,0.0,0.1,0.1,0.667,0.3,0.1,0.0,0.3,0.0,0.3,0.0,0.33783783783783783,0.25,,,,,,,,,,,,,,,,,,,,,0.4338561437222844,2024-25
1627780,Gary Payton II,1610612744,GSW,62,15.0,4.8,2.8,0.574,1.5,0.5,0.326,0.6,0.4,0.711,6.5,1.3,0.6,3.0,0.9,2.1,0.7,0.641785150078989,0.6354166666666666,24.0,2.0,0.5,0.1,0.25,0.2,0.0,0.0,0.1,0.1,0.667,0.3,0.1,0.1,0.6,0.3,0.3,-0.5,0.275735294117647,0.2,11.0,16.4,4.3,1.9,0.447,2.1,0.8,0.391,0.0,0.0,0.0,4.6,1.5,0.5,2.2,0.9,1.3,-4.9,0.5348837209302325,0.5348837209302325,0.47673448351532655,2024-25
1627783,Pascal Siakam,1610612754,IND,78,32.7,15.2,7.9,0.519,4.2,1.6,0.389,3.9,2.9,0.734,20.2,3.4,1.4,6.9,1.7,5.2,4.0,0.5970678647434381,0.5723684210526316,33.0,4.1,1.3,0.6,0.488,0.5,0.2,0.353,0.4,0.3,0.714,1.8,0.4,0.2,0.6,0.1,0.5,1.6,0.6097560975609756,0.5384615384615384,23.0,33.5,14.8,7.6,0.513,3.6,1.5,0.427,5.3,3.8,0.713,20.5,3.4,1.3,6.3,1.3,5.0,4.5,0.5982955872052299,0.5641891891891891,0.6104637684918979,2024-25
1627824,Guerschon Yabusele,1610612755,PHI,70,27.1,8.0,4.0,0.501,3.9,1.5,0.38,2.0,1.4,0.725,11.0,2.1,1.2,5.6,1.9,3.7,-1.7,0.6193693693693693,0.59375,26.0,3.7,1.1,0.3,0.286,0.6,0.1,0.188,0.4,0.2,0.6,1.0,0.2,0.1,0.7,0.2,0.5,-1.2,0.39184952978056425,0.3181818181818181,,,,,,,,,,,,,,,,,,,,,0.4814394763084472,2024-25
1627826,Ivica Zubac,1610612746,LAC,80,32.8,11.8,7.4,0.628,0.0,0.0,0.0,3.0,2.0,0.661,16.8,2.7,1.6,12.6,3.8,8.9,6.4,0.6402439024390244,0.6271186440677966,33.0,3.4,0.8,0.5,0.571,0.0,0.0,0.0,0.6,0.4,0.65,1.4,0.1,0.1,1.2,0.4,0.8,0.0,0.6578947368421052,0.625,7.0,36.6,11.7,7.7,0.659,0.0,0.0,0.0,3.7,2.0,0.538,17.4,2.3,1.6,10.1,3.9,6.3,-2.6,0.6527611044417767,0.6581196581196582,0.6591657759244688,2024-25
1627827,Dorian Finney-Smith,1610612747,LAL,63,28.9,6.9,3.1,0.448,5.0,2.0,0.411,0.7,0.5,0.667,8.7,1.4,0.9,3.9,1.3,2.7,4.9,0.603496115427303,0.5942028985507245,29.0,3.5,0.7,0.2,0.25,0.5,0.1,0.133,0.2,0.2,0.714,0.6,0.2,0.1,0.5,0.1,0.4,0.2,0.3807106598984772,0.35714285714285715,5.0,33.9,5.8,2.4,0.414,3.8,1.4,0.368,0.0,0.0,0.0,6.2,2.6,1.0,4.2,2.0,2.2,-2.0,0.5344827586206897,0.5344827586206896,0.5048725460491493,2024-25
1627832,Fred VanVleet,1610612745,HOU,60,35.2,12.7,4.8,0.378,7.7,2.7,0.345,2.3,1.9,0.81,14.1,5.6,1.5,3.7,0.5,3.2,4.4,0.5141481913652275,0.48425196850393704,32.0,3.7,1.5,0.4,0.271,1.1,0.3,0.235,0.5,0.5,0.941,1.6,0.4,0.1,0.3,0.1,0.3,0.7,0.4651162790697675,0.3666666666666667,7.0,40.0,13.3,5.7,0.43,8.9,3.9,0.435,3.4,3.4,1.0,18.7,4.4,1.9,4.1,0.4,3.7,3.0,0.6319275479859421,0.575187969924812,0.5685049225315486,2024-25
1627884,Derrick Jones Jr.,1610612746,LAC,77,24.3,7.6,4.0,0.526,2.8,1.0,0.356,1.5,1.1,0.703,10.1,0.8,0.9,3.4,1.2,2.2,3.2,0.6113801452784503,0.5921052631578948,25.0,3.0,0.6,0.4,0.688,0.2,0.1,0.75,0.4,0.2,0.6,1.2,0.1,0.0,0.4,0.0,0.3,-1.3,0.7731958762886597,0.75,7.0,18.5,6.9,3.0,0.438,2.9,0.9,0.3,1.1,0.4,0.375,7.3,0.3,0.4,1.9,0.7,1.1,0.0,0.49431202600216684,0.5,0.6146793994847781,2024-25
1627936,Alex Caruso,1610612760,OKC,54,19.3,5.8,2.6,0.446,3.1,1.1,0.353,0.9,0.8,0.824,7.1,2.5,0.7,2.9,0.7,2.2,5.9,0.5729502905100065,0.5431034482758621,7.0,2.3,0.9,0.6,0.667,0.4,0.3,0.667,0.3,0.1,0.5,1.6,0.1,0.3,0.4,0.3,0.1,-0.7,0.7751937984496124,0.8333333333333333,23.0,24.4,7.0,3.1,0.45,3.9,1.6,0.411,1.7,1.3,0.795,9.2,2.2,0.8,2.7,0.7,2.0,4.6,0.5937016004130098,0.5571428571428572,0.6662576894846783,2024-25
1628366,Lonzo Ball,1610612741,CHI,35,22.2,6.9,2.5,0.366,5.6,1.9,0.344,0.8,0.6,0.815,7.6,3.3,1.2,3.4,0.7,2.7,2.9,0.5239933811362382,0.5,16.0,3.6,0.9,0.3,0.286,0.8,0.3,0.333,0.3,0.2,0.75,0.9,0.4,0.1,0.6,0.1,0.4,1.9,0.436046511627907,0.49999999999999994,,,,,,,,,,,,,,,,,,,,,0.47840561305632995,2024-25
1628368,De'Aaron Fox,1610612759,SAS,62,36.1,18.8,8.7,0.463,6.1,1.9,0.31,5.1,4.2,0.827,23.5,6.3,2.8,4.8,0.9,3.9,-1.1,0.5583539251092948,0.5132978723404255,32.0,3.6,2.2,1.0,0.465,0.7,0.3,0.381,1.0,0.8,0.839,3.1,0.5,0.3,0.4,0.1,0.3,0.5,0.5871212121212122,0.5227272727272726,,,,,,,,,,,,,,,,,,,,,0.5892342441095251,2024-25
1628369,Jayson Tatum,1610612738,BOS,72,36.4,20.3,9.2,0.452,10.1,3.5,0.343,6.1,5.0,0.814,26.8,6.0,2.9,8.7,0.7,8.0,7.4,0.5830142707970762,0.5394088669950738,30.0,4.3,2.5,1.1,0.427,1.0,0.2,0.194,1.1,0.7,0.656,3.0,0.8,0.3,0.9,0.0,0.9,1.3,0.5026809651474531,0.4800000000000001,8.0,40.2,21.9,9.3,0.423,9.8,3.6,0.372,6.8,6.0,0.889,28.1,5.4,3.3,11.5,1.1,10.4,9.6,0.5644383737747067,0.5068493150684933,0.559263824671371,2024-25
1628370,Malik Monk,1610612758,SAC,65,31.6,14.4,6.3,0.439,6.6,2.1,0.325,2.7,2.4,0.865,17.2,5.6,2.4,3.8,0.5,3.3,1.8,0.5517064408519373,0.5104166666666666,31.0,3.6,1.5,0.8,0.5,0.5,0.1,0.214,0.8,0.7,0.917,2.4,0.4,0.2,0.5,0.2,0.4,1.0,0.6479481641468682,0.5666666666666668,,,,,,,,,,,,,,,,,,,,,0.6262842563811678,2024-25
1628371,Jonathan Isaac,1610612753,ORL,71,15.4,4.6,1.9,0.414,2.1,0.5,0.258,1.5,1.0,0.682,5.4,0.6,0.5,4.4,1.7,2.7,-0.5,0.5133079847908746,0.4673913043478261,18.0,1.6,0.3,0.2,0.667,0.2,0.1,0.5,0.1,0.1,1.0,0.7,0.2,0.0,0.5,0.1,0.4,0.3,1.0174418604651163,0.8333333333333334,5.0,13.8,2.4,1.4,0.583,0.8,0.2,0.25,1.0,0.6,0.6,3.6,0.4,0.4,2.0,1.0,1.0,-2.2,0.6338028169014085,0.625,0.7481217651999059,2024-25
1628374,Lauri Markkanen,1610612762,UTA,47,31.4,14.9,6.3,0.423,8.5,2.9,0.346,3.9,3.4,0.876,19.0,1.5,1.4,5.9,1.5,4.4,-4.0,0.571738083774675,0.5201342281879194,18.0,3.9,1.6,0.5,0.321,0.8,0.2,0.214,1.1,0.9,0.842,2.1,0.1,0.2,0.4,0.1,0.3,-2.5,0.5038387715930902,0.37499999999999994,,,,,,,,,,,,,,,,,,,,,0.5372101306864548,2024-25
1628378,Donovan Mitchell,1610612739,CLE,71,31.4,18.6,8.2,0.443,8.9,3.3,0.368,5.1,4.2,0.823,24.0,5.0,2.1,4.5,0.8,3.7,7.4,0.5757052389176741,0.5295698924731183,31.0,2.9,1.9,0.7,0.367,1.0,0.4,0.367,1.4,1.1,0.786,2.8,0.3,0.3,0.5,0.1,0.3,1.5,0.5564387917329093,0.47368421052631576,9.0,32.0,21.6,9.6,0.443,9.3,3.1,0.333,9.9,7.3,0.742,29.6,3.9,1.9,4.7,1.2,3.4,5.0,0.5701957158267837,0.5162037037037037,0.5767433820735324,2024-25
1628379,Luke Kennard,1610612763,MEM,65,22.6,6.6,3.2,0.478,4.0,1.7,0.433,0.9,0.8,0.895,8.9,3.3,1.1,2.8,0.6,2.2,1.9,0.6360777587192682,0.6136363636363636,17.0,2.1,0.5,0.3,0.556,0.4,0.2,0.571,0.1,0.1,1.0,0.9,0.1,0.0,0.1,0.0,0.1,1.2,0.8272058823529411,0.8,4.0,20.0,4.5,2.0,0.444,2.3,0.5,0.222,0.0,0.0,0.0,4.5,2.0,1.5,3.5,0.5,3.0,-4.5,0.5,0.5,0.6393240114788015,2024-25
1628380,Zach Collins,1610612741,CHI,64,15.3,4.7,2.4,0.507,1.7,0.5,0.302,1.2,1.1,0.885,6.4,1.7,0.9,4.5,1.6,2.9,-0.5,0.6120887528691661,0.5638297872340425,8.0,2.9,0.3,0.3,1.0,0.0,0.0,0.0,0.3,0.1,0.5,0.6,0.4,0.3,0.6,0.3,0.4,3.6,0.6944444444444444,1.0,,,,,,,,,,,,,,,,,,,,,0.6733755259747312,2024-25
1628381,John Collins,1610612762,UTA,40,30.5,13.3,7.0,0.527,3.7,1.5,0.399,4.1,3.5,0.848,19.0,2.0,2.6,8.2,2.2,6.0,-0.4,0.6289724576271186,0.5827067669172932,14.0,4.2,1.1,0.4,0.4,0.4,0.2,0.6,0.6,0.6,1.0,1.6,0.1,0.4,1.4,0.6,0.7,-2.2,0.5865102639296188,0.45454545454545453,,,,,,,,,,,,,,,,,,,,,0.6089350051865596,2024-25
1628384,OG Anunoby,1610612752,NYK,74,36.6,13.9,6.6,0.476,6.2,2.3,0.372,3.1,2.5,0.81,18.0,2.2,1.4,4.8,1.3,3.5,4.1,0.5896226415094339,0.5575539568345323,23.0,5.3,1.6,0.6,0.378,0.7,0.1,0.2,0.3,0.2,0.571,1.5,0.2,0.1,0.9,0.3,0.6,0.0,0.4330254041570438,0.40625,18.0,39.2,13.7,5.7,0.417,6.7,2.3,0.339,3.2,2.6,0.81,16.3,1.3,1.7,4.6,1.3,3.3,-2.0,0.5394492983849617,0.5,0.5238476821958128,2024-25
1628386,Jarrett Allen,1610612739,CLE,82,28.0,7.8,5.5,0.706,0.1,0.0,0.0,3.4,2.4,0.718,13.5,1.9,1.2,9.7,2.6,7.1,6.3,0.7261187607573151,0.7051282051282052,28.0,2.9,0.4,0.3,0.75,0.0,0.0,0.0,0.6,0.3,0.563,1.0,0.2,0.2,1.0,0.2,0.8,2.0,0.753012048192771,0.7499999999999999,9.0,29.0,6.8,4.9,0.721,0.0,0.0,0.0,3.9,3.7,0.943,13.4,1.3,1.9,8.4,2.3,6.1,8.1,0.7867543447627995,0.7205882352941178,0.7705291870327569,2024-25
1628389,Bam Adebayo,1610612748,MIA,78,34.3,14.3,6.9,0.485,2.8,1.0,0.357,4.2,3.2,0.765,18.1,4.3,2.1,9.6,2.4,7.2,0.3,0.5604409214763438,0.5174825174825175,40.0,4.7,1.9,1.0,0.52,0.3,0.1,0.25,0.4,0.2,0.4,2.2,0.4,0.2,1.0,0.4,0.7,-1.5,0.5298651252408478,0.5526315789473685,4.0,38.4,16.0,7.0,0.438,5.3,1.8,0.333,2.8,1.8,0.636,17.5,4.3,3.0,11.0,4.0,7.0,-18.3,0.5077762302692665,0.49375,0.5372033570800906,2024-25
1628392,Isaiah Hartenstein,1610612760,OKC,57,27.9,8.4,4.9,0.581,0.3,0.0,0.0,2.1,1.4,0.675,11.2,3.8,1.7,10.7,2.9,7.9,7.3,0.6006006006006006,0.5833333333333334,14.0,3.0,0.6,0.4,0.625,0.0,0.0,0.0,0.9,0.6,0.667,1.3,0.4,0.1,0.9,0.2,0.7,2.4,0.6526104417670683,0.6666666666666667,23.0,22.4,5.8,3.6,0.619,0.0,0.0,0.0,1.3,0.9,0.667,8.1,2.2,1.2,7.5,2.7,4.8,1.5,0.635593220338983,0.6206896551724138,0.6425763813339544,2024-25
1628398,Kyle Kuzma,1610612749,MIL,65,29.8,13.0,5.7,0.436,4.8,1.5,0.307,3.1,2.0,0.634,14.8,2.3,2.2,5.7,0.8,4.9,-6.4,0.5151768309663046,0.49615384615384617,25.0,2.1,0.7,0.2,0.333,0.3,0.1,0.429,0.2,0.2,0.8,0.8,0.1,0.1,0.4,0.0,0.4,0.0,0.5076142131979696,0.35714285714285715,5.0,20.4,7.0,2.4,0.343,2.0,0.4,0.2,1.2,0.6,0.5,5.8,0.8,0.6,2.2,0.6,1.6,-8.6,0.38522848034006374,0.37142857142857144,0.4530663984479404,2024-25
1628401,Derrick White,1610612738,BOS,76,33.9,12.6,5.6,0.442,9.1,3.5,0.384,2.1,1.8,0.839,16.4,4.8,1.7,4.5,0.9,3.6,7.1,0.6063294883170659,0.5833333333333334,29.0,4.1,1.0,0.6,0.567,0.9,0.5,0.56,0.5,0.4,0.867,2.1,0.5,0.2,0.5,0.2,0.3,1.9,0.8606557377049181,0.85,11.0,37.8,13.4,6.2,0.463,9.5,3.6,0.385,3.3,2.8,0.861,18.8,3.5,1.2,5.1,1.3,3.8,1.9,0.6329113924050633,0.5970149253731343,0.7123323647595601,2024-25
1628404,Josh Hart,1610612752,NYK,77,37.6,10.0,5.2,0.525,3.3,1.1,0.333,2.7,2.1,0.776,13.6,5.9,2.1,9.6,2.1,7.5,2.6,0.6077940650697176,0.575,28.0,5.1,1.4,0.5,0.385,0.4,0.0,0.091,0.4,0.4,1.0,1.5,0.4,0.3,1.3,0.4,0.9,0.9,0.4758883248730965,0.35714285714285715,18.0,35.7,8.0,3.8,0.472,3.0,1.1,0.37,3.7,2.9,0.776,11.6,4.4,1.9,8.8,2.4,6.3,0.3,0.6024096385542168,0.54375,0.5751332717450269,2024-25
1628415,Dillon Brooks,1610612745,HOU,75,31.8,11.9,5.1,0.429,6.3,2.5,0.397,1.6,1.3,0.818,14.0,1.7,1.0,3.7,1.0,2.7,2.8,0.5553792446842272,0.5336134453781513,40.0,3.4,0.9,0.3,0.314,0.5,0.1,0.25,0.4,0.3,0.813,1.0,0.1,0.1,0.5,0.2,0.3,0.7,0.4646840148698885,0.38888888888888884,7.0,29.4,9.0,4.0,0.444,4.1,1.4,0.345,3.4,2.9,0.833,12.3,1.3,1.3,3.1,1.3,1.9,1.4,0.5859375,0.5222222222222223,0.5479896542801158,2024-25
1628418,Thomas Bryant,1610612754,IND,66,14.6,4.9,2.5,0.508,2.2,0.7,0.324,1.0,0.8,0.859,6.5,0.8,0.5,3.8,1.3,2.5,-0.6,0.6086142322097378,0.5816326530612245,6.0,2.2,1.0,0.5,0.5,0.3,0.2,0.5,0.2,0.2,1.0,1.3,0.0,0.2,0.5,0.2,0.3,2.8,0.5974264705882353,0.6,20.0,8.3,1.7,0.8,0.485,0.9,0.5,0.5,0.7,0.6,0.786,2.6,0.2,0.4,1.4,0.4,1.0,-1.4,0.647410358565737,0.6176470588235294,0.6446912047750444,2024-25
1628420,Monté Morris,1610612756,PHX,45,12.7,4.3,1.8,0.426,1.9,0.7,0.36,0.9,0.8,0.857,5.2,1.6,0.5,1.5,0.3,1.2,1.0,0.5536626916524703,0.5,1.0,0.5,1.0,0.0,0.0,1.0,0.0,0.0,0.0,0.0,0.0,0.0,0.0,0.0,0.0,0.0,0.0,2.0,0.0,0.0,,,,,,,,,,,,,,,,,,,,,0.20781004449890347,2024-25
1628427,Vlatko Čančar,1610612743,DEN,13,10.4,2.0,0.8,0.385,1.2,0.3,0.267,0.0,0.0,0.0,1.8,0.7,0.8,2.5,0.5,2.0,-1.4,0.45,0.47500000000000003,1.0,1.6,0.0,0.0,0.0,0.0,0.0,0.0,0.0,0.0,0.0,0.0,0.0,0.0,0.0,0.0,0.0,-2.0,,,3.0,3.6,0.0,0.0,0.0,0.0,0.0,0.0,0.0,0.0,0.0,0.0,0.0,0.7,0.7,0.0,0.7,-3.0,,,0.075,2024-25
1628436,Luke Kornet,1610612738,BOS,73,18.6,3.8,2.6,0.668,0.0,0.0,0.0,1.3,0.9,0.691,6.0,1.6,0.4,5.3,2.6,2.7,5.5,0.6861848124428179,0.6842105263157895,11.0,2.5,0.2,0.1,0.5,0.0,0.0,0.0,0.0,0.0,0.0,0.2,0.2,0.0,0.5,0.4,0.2,1.5,0.5,0.5,11.0,16.4,2.6,1.9,0.724,0.0,0.0,0.0,0.7,0.7,1.0,4.5,0.5,0.5,3.9,1.5,2.5,3.0,0.7737276478679505,0.7307692307692307,0.67315778390113,2024-25
1628449,Chris Boucher,1610612761,TOR,50,17.2,7.4,3.6,0.492,3.9,1.4,0.363,1.7,1.4,0.782,10.0,0.7,0.6,4.5,1.4,3.1,0.1,0.6136475208640157,0.581081081081081,11.0,1.9,0.8,0.6,0.778,0.4,0.2,0.5,0.0,0.0,0.0,1.5,0.2,0.1,0.6,0.3,0.4,1.2,0.9375,0.8749999999999999,,,,,,,,,,,,,,,,,,,,,0.8403599844306885,2024-25
1628464,Daniel Theis,1610612740,NOP,38,16.3,3.4,1.6,0.473,1.0,0.2,0.243,1.0,0.8,0.838,4.3,1.6,0.7,4.3,1.2,3.2,-1.6,0.5598958333333334,0.5000000000000001,6.0,2.6,0.2,0.2,1.0,0.0,0.0,0.0,0.0,0.0,0.0,0.3,0.2,0.2,0.7,0.3,0.3,1.0,0.7499999999999999,1.0,,,,,,,,,,,,,,,,,,,,,0.6925142973838907,2024-25
1628467,Maxi Kleber,1610612747,LAL,34,18.7,2.8,1.1,0.385,1.4,0.4,0.265,0.6,0.5,0.762,3.0,1.3,0.7,2.8,0.7,2.1,-0.5,0.489556135770235,0.46428571428571436,10.0,1.7,0.3,0.1,0.333,0.3,0.1,0.333,0.0,0.0,0.0,0.3,0.1,0.0,0.2,0.1,0.1,0.2,0.5,0.5000000000000001,1.0,5.0,1.0,0.0,0.0,1.0,0.0,0.0,2.0,2.0,1.0,2.0,0.0,1.0,0.0,0.0,0.0,-1.0,0.5319148936170213,0.0,0.5249310884806756,2024-25
1628470,Torrey Craig,1610612738,BOS,26,12.1,3.5,1.5,0.422,2.5,0.9,0.364,0.5,0.3,0.667,4.2,0.7,0.3,2.8,1.0,1.8,-1.9,0.564516129032258,0.5571428571428572,2.0,3.6,2.0,1.5,0.75,1.0,1.0,1.0,0.0,0.0,0.0,4.0,0.0,0.0,1.0,0.5,0.5,6.0,1.0,1.0,5.0,4.2,0.8,0.4,0.5,0.6,0.4,0.667,0.0,0.0,0.0,1.2,0.6,0.2,1.0,0.4,0.6,1.2,0.7499999999999999,0.7500000000000001,0.8595622119652402,2024-25
1628960,Grayson Allen,1610612756,PHX,64,24.1,7.6,3.4,0.448,5.5,2.3,0.426,1.8,1.5,0.816,10.6,2.1,1.2,3.0,0.5,2.5,-1.2,0.6315538608198284,0.5986842105263158,30.0,2.4,0.5,0.2,0.5,0.4,0.2,0.5,0.4,0.3,0.75,1.0,0.2,0.1,0.2,0.1,0.1,0.2,0.7396449704142012,0.6000000000000001,,,,,,,,,,,,,,,,,,,,,0.7101935479169657,2024-25
1628964,Mo Bamba,1610612740,NOP,32,12.9,3.5,1.6,0.464,1.7,0.5,0.278,0.8,0.6,0.704,4.3,0.6,0.6,4.5,1.0,3.5,-2.3,0.5581516095534788,0.5285714285714286,1.0,0.0,0.0,0.0,0.0,0.0,0.0,0.0,0.0,0.0,0.0,0.0,0.0,0.0,0.0,0.0,0.0,0.0,,,,,,,,,,,,,,,,,,,,,,,0.18605053651782624,2024-25
1628969,Mikal Bridges,1610612752,NYK,82,37.0,14.4,7.2,0.5,5.6,2.0,0.354,1.4,1.2,0.814,17.6,3.7,1.6,3.2,0.9,2.3,4.1,0.5860415556739479,0.5694444444444444,30.0,4.7,1.0,0.6,0.581,0.2,0.1,0.5,0.1,0.1,0.667,1.4,0.3,0.1,0.4,0.1,0.3,-0.3,0.6704980842911876,0.65,18.0,39.2,14.6,6.7,0.456,4.7,1.6,0.333,0.9,0.7,0.75,15.6,2.9,2.1,4.5,1.1,3.4,-3.8,0.5201387036543078,0.5136986301369864,0.5881867503138366,2024-25
1628970,Miles Bridges,1610612766,CHA,64,31.7,17.0,7.3,0.431,7.0,2.2,0.313,4.0,3.5,0.87,20.3,3.9,2.1,7.5,1.1,6.4,-4.0,0.5410447761194029,0.49411764705882355,25.0,3.7,2.0,0.8,0.408,1.1,0.4,0.37,0.7,0.7,1.0,2.7,0.3,0.2,0.9,0.1,0.8,-0.4,0.5849220103986136,0.5,,,,,,,,,,,,,,,,,,,,,0.5820609715205376,2024-25
1628971,Bruce Brown,1610612740,NOP,41,22.5,7.5,3.2,0.421,2.0,0.7,0.333,1.6,1.3,0.815,8.3,2.0,1.0,4.0,1.0,3.0,-5.5,0.5058508044856168,0.4733333333333334,13.0,2.2,0.6,0.2,0.25,0.2,0.1,0.5,0.5,0.3,0.667,0.7,0.2,0.0,0.4,0.1,0.3,-0.7,0.4268292682926829,0.4166666666666667,,,,,,,,,,,,,,,,,,,,,0.4611697803559276,2024-25
1628973,Jalen Brunson,1610612752,NYK,65,35.4,18.5,9.0,0.488,6.1,2.3,0.383,6.9,5.7,0.821,26.0,7.3,2.5,2.9,0.4,2.5,2.2,0.6036404160475483,0.5486486486486487,28.0,4.8,3.6,1.9,0.515,1.2,0.4,0.294,1.8,1.5,0.84,5.6,1.0,0.3,0.4,0.0,0.4,0.8,0.6375227686703095,0.5833333333333334,18.0,37.8,21.8,10.1,0.461,7.4,2.7,0.358,7.8,6.7,0.851,29.4,7.0,3.1,3.4,0.7,2.8,0.1,0.5825935320228282,0.525229357798165,0.6238705510345162,2024-25
1628976,Wendell Carter Jr.,1610612753,ORL,68,25.9,7.2,3.3,0.46,2.3,0.5,0.234,2.6,1.9,0.737,9.1,2.0,1.1,7.2,2.2,5.0,-0.2,0.5453020134228187,0.4930555555555555,26.0,2.5,0.4,0.1,0.3,0.2,0.0,0.0,0.3,0.3,1.0,0.6,0.0,0.0,0.4,0.1,0.3,-0.2,0.5639097744360901,0.25,5.0,32.4,8.0,4.2,0.525,2.2,0.6,0.273,2.0,1.2,0.6,10.2,1.2,1.6,10.8,3.8,7.0,-12.6,0.5743243243243242,0.5625,0.5715713114327793,2024-25
1628978,Donte DiVincenzo,1610612750,MIN,62,25.9,9.6,4.0,0.422,7.1,2.8,0.397,1.0,0.8,0.778,11.7,3.6,1.6,3.7,0.5,3.2,2.8,0.5826693227091634,0.5625000000000001,24.0,2.4,0.8,0.3,0.368,0.7,0.3,0.375,0.3,0.2,0.5,1.0,0.3,0.1,0.5,0.1,0.4,-1.1,0.5364806866952789,0.5624999999999999,15.0,25.2,8.4,3.1,0.365,5.9,1.9,0.318,0.9,0.7,0.769,8.7,3.3,1.9,3.1,0.8,2.3,-4.1,0.4945429740791268,0.4821428571428571,0.5315432697219823,2024-25
1628983,Shai Gilgeous-Alexander,1610612760,OKC,76,34.2,21.8,11.3,0.519,5.7,2.1,0.375,8.8,7.9,0.898,32.7,6.4,2.4,5.0,0.9,4.1,12.1,0.6368806481770022,0.56651376146789,22.0,2.8,1.7,0.8,0.474,0.6,0.3,0.538,1.3,1.1,0.828,3.0,0.3,0.1,0.4,0.1,0.3,1.5,0.6602112676056338,0.5588235294117647,23.0,37.0,21.9,10.1,0.462,4.9,1.4,0.283,9.4,8.3,0.876,29.9,6.5,2.6,5.3,1.0,4.3,7.2,0.5742049469964664,0.4931506849315068,0.6211178358668684,2024-25
1628988,Aaron Holiday,1610612745,HOU,62,12.8,4.3,1.9,0.437,2.9,1.2,0.398,0.7,0.5,0.829,5.5,1.3,0.6,1.3,0.2,1.0,1.4,0.5967881944444445,0.5813953488372093,15.0,0.5,0.0,0.0,0.0,0.0,0.0,0.0,0.3,0.3,0.8,0.3,0.0,0.0,0.1,0.0,0.1,-0.9,1.1363636363636362,,3.0,9.1,3.3,1.3,0.4,1.7,0.7,0.4,1.3,0.7,0.5,4.0,1.0,0.3,0.7,0.3,0.3,-5.0,0.5165289256198348,0.5,0.7365170406718703,2024-25
1628989,Kevin Huerter,1610612741,CHI,69,24.3,8.8,3.7,0.425,5.7,1.9,0.338,0.7,0.5,0.714,9.9,2.3,1.0,3.0,0.4,2.5,1.5,0.5434782608695652,0.5284090909090909,20.0,2.5,0.8,0.3,0.4,0.5,0.1,0.111,0.2,0.2,0.75,0.8,0.2,0.0,0.6,0.1,0.5,1.0,0.45045045045045046,0.43749999999999994,,,,,,,,,,,,,,,,,,,,,0.4905506296800314,2024-25
1628991,Jaren Jackson Jr.,1610612763,MEM,74,29.8,16.4,8.0,0.488,5.3,2.0,0.375,5.4,4.2,0.781,22.2,2.0,2.1,5.6,1.2,4.4,4.5,0.5911802300809544,0.5487804878048781,30.0,2.7,1.4,0.7,0.465,0.4,0.1,0.333,0.6,0.5,0.789,2.0,0.1,0.1,0.4,0.1,0.3,0.4,0.6009615384615384,0.5357142857142857,4.0,34.2,14.5,5.5,0.379,2.8,0.8,0.273,5.0,4.3,0.85,16.0,1.5,2.8,5.0,2.3,2.8,-14.0,0.47904191616766467,0.40689655172413797,0.5469080946165039,2024-25
1628997,Caleb Martin,1610612742,DAL,45,27.1,6.8,2.9,0.424,2.3,0.8,0.359,2.2,1.4,0.622,7.9,2.1,1.2,3.9,1.2,2.8,-3.4,0.5084963954685892,0.4852941176470588,14.0,4.4,0.7,0.2,0.3,0.3,0.1,0.25,0.3,0.2,0.75,0.7,0.2,0.1,0.8,0.3,0.5,-0.7,0.4206730769230769,0.35714285714285715,,,,,,,,,,,,,,,,,,,,,0.46024163408379265,2024-25
1628998,Cody Martin,1610612756,PHX,53,22.1,6.1,2.6,0.418,2.8,0.8,0.285,1.2,0.8,0.705,6.8,2.0,1.0,4.2,1.0,3.2,-2.0,0.5129752564876282,0.49180327868852464,26.0,2.3,0.6,0.2,0.4,0.3,0.1,0.25,0.4,0.3,0.636,0.8,0.2,0.2,0.6,0.2,0.5,-0.3,0.5154639175257733,0.4166666666666667,,,,,,,,,,,,,,,,,,,,,0.5244704294185496,2024-25
1629001,De'Anthony Melton,1610612751,BKN,6,20.2,9.0,3.7,0.407,5.8,2.2,0.371,1.3,0.8,0.625,10.3,2.8,1.7,3.3,1.0,2.3,4.5,0.5380275804429587,0.5333333333333334,1.0,3.5,0.0,0.0,0.0,0.0,0.0,0.0,0.0,0.0,0.0,0.0,0.0,0.0,1.0,0.0,1.0,5.0,,,,,,,,,,,,,,,,,,,,,,,0.17934252681431959,2024-25
1629003,Shake Milton,1610612747,LAL,57,14.7,4.5,2.0,0.453,1.9,0.7,0.358,1.0,0.8,0.797,5.5,1.8,0.7,1.8,0.5,1.3,-2.1,0.5566801619433198,0.5222222222222223,6.0,1.9,0.2,0.0,0.0,0.0,0.0,0.0,0.0,0.0,0.0,0.0,0.5,0.3,0.7,0.2,0.5,1.5,0.0,0.0,2.0,1.8,0.5,0.0,0.0,0.0,0.0,0.0,0.0,0.0,0.0,0.0,0.0,0.0,0.0,0.0,0.0,0.5,0.0,0.0,0.0972244714340101,2024-25
1629004,Svi Mykhailiuk,1610612762,UTA,38,20.0,7.9,3.1,0.391,5.3,1.8,0.345,0.9,0.7,0.8,8.8,2.0,1.4,2.4,0.6,1.8,-2.8,0.5303760848601735,0.5063291139240506,5.0,1.4,0.6,0.2,0.333,0.4,0.0,0.0,0.0,0.0,0.0,0.4,0.0,0.0,0.0,0.0,0.0,0.4,0.33333333333333337,0.33333333333333337,,,,,,,,,,,,,,,,,,,,,0.40660918721684614,2024-25
1629006,Josh Okogie,1610612766,CHA,40,15.6,5.3,2.4,0.443,2.3,0.8,0.348,2.1,1.6,0.741,7.1,0.8,0.8,2.8,1.1,1.7,-0.3,0.5703727506426735,0.5283018867924528,8.0,0.8,0.3,0.0,0.0,0.1,0.0,0.0,0.0,0.0,0.0,0.0,0.0,0.0,0.1,0.0,0.1,-2.3,0.0,0.0,,,,,,,,,,,,,,,,,,,,,0.19578462757164705,2024-25
1629008,Michael Porter Jr.,1610612743,DEN,77,33.7,13.6,6.9,0.504,6.4,2.5,0.395,2.5,1.9,0.768,18.2,2.1,1.4,7.0,1.8,5.2,3.4,0.6190476190476191,0.599264705882353,33.0,3.3,0.8,0.5,0.593,0.3,0.2,0.545,0.1,0.1,0.667,1.2,0.2,0.1,0.5,0.0,0.4,2.1,0.7109004739336492,0.7499999999999999,14.0,31.1,8.6,3.4,0.392,5.0,1.7,0.343,1.0,0.7,0.714,9.1,0.6,0.9,5.5,1.0,4.5,-1.5,0.5033185840707964,0.49418604651162795,0.597683072795295,2024-25
1629011,Mitchell Robinson,1610612752,NYK,17,17.1,3.3,2.2,0.661,0.0,0.0,0.0,1.1,0.8,0.684,5.1,0.8,0.6,5.9,3.1,2.9,1.4,0.6738900634249472,0.6666666666666667,7.0,0.9,0.0,0.0,0.0,0.0,0.0,0.0,0.3,0.1,0.5,0.1,0.0,0.0,0.6,0.1,0.4,-2.3,0.3787878787878788,,18.0,20.6,2.8,1.7,0.608,0.0,0.0,0.0,3.1,1.2,0.393,4.7,0.4,0.7,7.1,3.7,3.3,0.4,0.564361191162344,0.6071428571428572,0.5207582324146228,2024-25
1629012,Collin Sexton,1610612762,UTA,63,27.9,13.8,6.6,0.48,4.3,1.7,0.406,4.0,3.4,0.865,18.4,4.2,2.5,2.7,1.0,1.8,-4.5,0.5912596401028277,0.5398550724637681,16.0,4.0,1.5,0.8,0.5,0.5,0.3,0.5,0.8,0.6,0.833,2.4,0.3,0.3,0.5,0.3,0.3,-1.7,0.6479481641468682,0.6333333333333334,,,,,,,,,,,,,,,,,,,,,0.6399215546821251,2024-25
1629013,Landry Shamet,1610612752,NYK,50,15.2,4.6,2.1,0.461,3.1,1.2,0.397,0.4,0.2,0.667,5.7,0.5,0.4,1.2,0.2,1.0,1.8,0.5967336683417086,0.5869565217391305,3.0,1.3,0.3,0.0,0.0,0.3,0.0,0.0,0.7,0.7,1.0,0.7,0.0,0.0,0.0,0.0,0.0,1.0,0.575657894736842,0.0,11.0,7.5,1.8,0.8,0.45,1.4,0.6,0.467,0.4,0.1,0.25,2.4,0.7,0.4,0.4,0.0,0.4,1.2,0.6072874493927125,0.6111111111111112,0.6015070401279387,2024-25
1629014,Anfernee Simons,1610612757,POR,70,32.7,16.1,6.8,0.426,8.5,3.1,0.363,2.8,2.5,0.902,19.3,4.8,2.0,2.7,0.4,2.3,-3.1,0.5567735979690746,0.5186335403726707,25.0,3.2,2.0,0.9,0.451,1.0,0.4,0.385,0.9,0.9,1.0,3.2,0.4,0.2,0.2,0.0,0.2,-0.4,0.6677796327212021,0.55,,,,,,,,,,,,,,,,,,,,,0.6431999813848353,2024-25
1629018,Gary Trent Jr.,1610612749,MIL,74,25.6,8.9,3.8,0.431,5.9,2.4,0.416,1.2,1.1,0.848,11.1,1.2,0.6,2.3,0.3,2.0,0.9,0.5886720407297411,0.5617977528089887,25.0,3.1,1.2,0.4,0.345,0.8,0.3,0.368,0.2,0.2,0.667,1.2,0.0,0.1,0.3,0.0,0.3,1.0,0.4658385093167702,0.45833333333333337,5.0,34.2,12.4,6.4,0.516,8.8,4.4,0.5,2.0,1.6,0.8,18.8,1.2,0.6,2.2,0.2,2.0,-3.6,0.7078313253012047,0.6935483870967742,0.6207903186103834,2024-25
1629020,Jarred Vanderbilt,1610612747,LAL,36,16.1,3.4,1.6,0.488,0.9,0.3,0.281,1.0,0.6,0.556,4.1,1.1,0.8,5.1,1.9,3.2,1.0,0.5338541666666666,0.5147058823529412,9.0,1.1,0.0,0.0,0.0,0.0,0.0,0.0,0.2,0.1,0.5,0.1,0.1,0.0,0.0,0.0,0.0,-3.1,0.5681818181818181,,5.0,12.0,1.2,0.4,0.333,0.2,0.0,0.0,0.8,0.6,0.75,1.4,1.0,0.6,3.8,0.8,3.0,-0.6,0.4510309278350515,0.33333333333333337,0.5038850977559095,2024-25
1629021,Moritz Wagner,1610612753,ORL,30,18.8,8.3,4.7,0.562,2.5,0.9,0.36,3.7,2.6,0.718,12.9,1.4,1.6,4.9,1.3,3.6,-0.6,0.6496776792908944,0.6204819277108433,2.0,0.4,0.5,0.5,1.0,0.0,0.0,0.0,0.0,0.0,0.0,1.0,0.0,0.0,0.0,0.0,0.0,3.0,1.0,1.0,,,,,,,,,,,,,,,,,,,,,0.8892499894817811,2024-25
1629022,Lonnie Walker IV,1610612755,PHI,20,23.8,10.6,4.5,0.42,6.4,2.3,0.354,1.5,1.2,0.8,12.4,2.5,1.3,3.2,0.3,2.9,-7.1,0.5506216696269982,0.5330188679245284,2.0,1.1,0.0,0.0,0.0,0.0,0.0,0.0,1.0,1.0,1.0,1.0,0.0,0.0,0.0,0.0,0.0,0.5,1.1363636363636365,,,,,,,,,,,,,,,,,,,,,,0.9411163141180904,2024-25
1629023,P.J. Washington,1610612742,DAL,57,32.2,11.7,5.3,0.453,4.2,1.6,0.381,3.5,2.5,0.722,14.7,2.3,2.1,7.8,1.4,6.3,0.9,0.5551359516616314,0.5213675213675214,26.0,3.1,1.0,0.5,0.481,0.4,0.2,0.4,1.0,0.8,0.808,2.0,0.3,0.1,0.7,0.3,0.5,0.3,0.6944444444444444,0.6,,,,,,,,,,,,,,,,,,,,,0.6565552887297847,2024-25
1629026,Kenrich Williams,1610612760,OKC,69,16.4,5.1,2.5,0.483,2.5,1.0,0.386,0.6,0.4,0.718,6.3,1.4,0.6,3.5,0.9,2.6,4.8,0.587248322147651,0.5882352941176471,8.0,1.4,0.1,0.0,0.0,0.1,0.0,0.0,0.0,0.0,0.0,0.0,0.0,0.0,0.4,0.3,0.1,-0.3,0.0,0.0,16.0,8.6,2.5,1.0,0.4,1.3,0.3,0.2,0.4,0.2,0.5,2.4,0.4,0.4,2.2,0.5,1.7,2.9,0.44843049327354256,0.45999999999999996,0.3240507513080541,2024-25
1629027,Trae Young,1610612737,ATL,76,36.0,18.1,7.4,0.411,8.4,2.9,0.34,7.4,6.5,0.875,24.2,11.6,4.7,3.1,0.5,2.6,0.4,0.5665855029031653,0.48895027624309384,38.0,4.0,2.6,0.9,0.364,1.3,0.4,0.333,1.9,1.7,0.851,4.0,1.0,0.4,0.4,0.0,0.3,0.9,0.5820721769499418,0.4230769230769231,,,,,,,,,,,,,,,,,,,,,0.5912745931508673,2024-25
1629028,Deandre Ayton,1610612757,POR,40,30.1,11.7,6.6,0.566,0.8,0.2,0.188,1.5,1.0,0.667,14.4,1.6,1.7,10.2,3.1,7.1,-4.1,0.5825242718446603,0.5726495726495726,13.0,3.5,1.1,0.5,0.5,0.1,0.0,0.0,0.6,0.5,0.75,1.5,0.2,0.1,1.5,0.5,1.0,0.9,0.5498533724340176,0.45454545454545453,,,,,,,,,,,,,,,,,,,,,0.570145381638471,2024-25
1629029,Luka Dončić,1610612747,LAL,50,35.4,20.5,9.2,0.45,9.6,3.5,0.368,7.9,6.2,0.782,28.2,7.7,3.6,8.2,0.8,7.4,6.9,0.5880880880880881,0.5341463414634146,24.0,3.3,1.8,0.7,0.395,0.9,0.3,0.318,0.3,0.2,0.571,1.9,0.6,0.2,0.6,0.1,0.5,1.0,0.4917184265010352,0.4722222222222222,5.0,41.6,20.8,9.4,0.452,9.2,3.2,0.348,9.2,8.2,0.891,30.2,5.8,4.0,7.0,0.4,6.6,-4.8,0.6076947842884739,0.5288461538461539,0.574548703463713,2024-25
1629048,Goga Bitadze,1610612753,ORL,70,20.4,4.8,3.0,0.611,0.4,0.0,0.107,1.9,1.2,0.639,7.2,2.0,1.0,6.6,2.4,4.2,1.1,0.63875088715401,0.625,17.0,2.0,0.5,0.4,0.875,0.0,0.0,0.0,0.2,0.2,0.75,1.0,0.1,0.0,0.8,0.2,0.5,1.4,0.8503401360544218,0.8,3.0,3.8,0.3,0.3,1.0,0.0,0.0,0.0,0.0,0.0,0.0,0.7,0.3,0.0,1.0,0.0,1.0,-1.7,1.1666666666666667,1.0,0.9836551932083054,2024-25
1629052,Oshae Brissett,1610612755,PHI,6,23.7,6.5,3.2,0.487,3.0,1.0,0.333,2.3,1.3,0.571,8.7,0.7,1.3,3.7,1.2,2.5,-5.2,0.579073482428115,0.5692307692307692,2.0,3.6,0.5,0.0,0.0,0.5,0.0,0.0,1.0,0.5,0.5,0.5,0.0,0.0,0.5,0.0,0.5,-6.0,0.26595744680851063,0.0,,,,,,,,,,,,,,,,,,,,,0.37802176637283635,2024-25
1629057,Robert Williams III,1610612757,POR,20,17.6,3.9,2.5,0.641,0.2,0.1,0.333,0.9,0.8,0.882,5.8,1.1,0.9,5.9,1.8,4.2,-0.9,0.675046554934823,0.6538461538461539,2.0,3.0,0.0,0.0,0.0,0.0,0.0,0.0,0.0,0.0,0.0,0.0,0.0,0.0,1.0,0.0,1.0,0.0,,,,,,,,,,,,,,,,,,,,,,,0.22501551831160768,2024-25
1629060,Rui Hachimura,1610612747,LAL,59,31.7,9.8,5.0,0.509,4.2,1.7,0.413,1.9,1.5,0.77,13.1,1.4,0.8,5.0,1.3,3.7,2.7,0.6158330199323053,0.596938775510204,24.0,2.6,0.5,0.3,0.615,0.3,0.1,0.5,0.1,0.0,0.0,0.8,0.0,0.0,0.6,0.3,0.3,1.6,0.7352941176470588,0.7,5.0,36.4,11.4,5.6,0.491,6.2,3.0,0.484,0.6,0.6,1.0,14.8,1.0,1.4,4.6,0.8,3.8,-11.0,0.6344307270233197,0.6228070175438596,0.6700542801985362,2024-25
1629111,Jock Landale,1610612745,HOU,42,11.9,3.6,1.9,0.533,0.6,0.3,0.423,1.0,0.6,0.675,4.8,0.9,0.5,3.3,1.3,1.9,-0.6,0.594059405940594,0.5694444444444444,1.0,1.5,1.0,0.0,0.0,0.0,0.0,0.0,0.0,0.0,0.0,0.0,0.0,0.0,0.0,0.0,0.0,-3.0,0.0,0.0,1.0,4.9,2.0,1.0,0.5,0.0,0.0,0.0,0.0,0.0,0.0,2.0,0.0,0.0,0.0,0.0,0.0,-12.0,0.5,0.5,0.3767876787601608,2024-25
1629130,Duncan Robinson,1610612748,MIA,74,24.1,9.0,3.9,0.437,6.5,2.6,0.393,0.7,0.6,0.887,11.0,2.4,1.2,2.3,0.2,2.0,0.9,0.5908895573700043,0.5777777777777778,25.0,2.6,1.0,0.3,0.333,0.6,0.1,0.2,0.1,0.1,1.0,0.8,0.3,0.2,0.2,0.1,0.1,-0.1,0.3831417624521073,0.35,4.0,14.7,3.5,1.3,0.357,3.0,1.0,0.333,1.0,0.8,0.75,4.3,0.3,1.5,1.0,0.0,1.0,-9.8,0.5456852791878173,0.5142857142857143,0.5101492644161549,2024-25
1629216,Gabe Vincent,1610612747,LAL,72,21.2,5.8,2.3,0.4,4.3,1.5,0.353,0.3,0.2,0.714,6.4,1.4,0.6,1.3,0.3,1.0,0.7,0.5394470667565746,0.5258620689655172,20.0,2.3,0.5,0.3,0.556,0.3,0.2,0.6,0.2,0.2,1.0,0.8,0.2,0.0,0.1,0.1,0.1,0.4,0.6802721088435375,0.8,5.0,19.7,2.8,1.0,0.357,2.6,0.8,0.308,0.0,0.0,0.0,2.8,1.0,0.2,1.0,0.0,1.0,-0.6,0.5,0.5,0.5752859037276277,2024-25
1629234,Drew Eubanks,1610612746,LAC,61,12.2,3.2,1.9,0.593,0.1,0.0,0.5,1.2,0.8,0.662,4.6,0.9,0.7,3.7,1.0,2.7,-2.1,0.6169527896995707,0.5937499999999999,6.0,1.4,0.0,0.0,0.0,0.0,0.0,0.0,0.0,0.0,0.0,0.0,0.0,0.2,0.5,0.0,0.5,-0.2,,,3.0,4.4,0.7,0.0,0.0,0.0,0.0,0.0,2.0,1.3,0.667,1.3,0.0,0.0,0.3,0.0,0.3,6.0,0.4113924050632911,0.0,0.308521667481574,2024-25
1629312,Haywood Highsmith,1610612748,MIA,74,24.6,5.3,2.4,0.458,3.1,1.2,0.382,0.6,0.4,0.721,6.5,1.5,0.7,3.4,1.0,2.4,0.8,0.5841121495327103,0.5660377358490566,23.0,3.2,0.4,0.2,0.5,0.2,0.1,0.4,0.3,0.2,0.571,0.7,0.1,0.0,0.3,0.1,0.2,-1.7,0.6578947368421052,0.625,4.0,20.9,4.8,2.8,0.579,3.8,1.8,0.467,0.0,0.0,0.0,7.3,1.0,1.0,3.3,1.0,2.3,-15.8,0.7604166666666666,0.7708333333333333,0.7044057736793835,2024-25
1629599,Amir Coffey,1610612746,LAC,72,24.3,7.1,3.3,0.471,3.4,1.4,0.409,1.8,1.6,0.891,9.7,1.1,0.6,2.2,0.4,1.8,-0.9,0.61454637607704,0.5633802816901409,24.0,2.5,0.3,0.1,0.375,0.2,0.0,0.0,0.0,0.0,1.0,0.3,0.2,0.1,0.1,0.0,0.1,-0.4,0.5,0.33333333333333337,,,,,,,,,,,,,,,,,,,,,0.5424074774710943,2024-25
1629610,DaQuan Jeffries,1610612766,CHA,47,22.8,6.2,2.5,0.405,3.5,1.2,0.335,0.6,0.5,0.8,6.7,1.1,0.7,2.9,0.8,2.1,-5.9,0.5182549504950494,0.5,8.0,2.4,0.4,0.0,0.0,0.1,0.0,0.0,0.3,0.3,1.0,0.3,0.3,0.3,0.3,0.1,0.1,-1.0,0.28195488721804507,0.0,,,,,,,,,,,,,,,,,,,,,0.36717318787923175,2024-25
1629611,Terance Mann,1610612737,ATL,67,21.1,6.2,3.1,0.496,2.4,0.9,0.368,1.0,0.7,0.691,7.7,1.8,0.7,3.0,1.0,2.0,-1.4,0.5798192771084337,0.5725806451612904,17.0,2.1,0.4,0.1,0.143,0.2,0.1,0.333,0.0,0.0,0.0,0.2,0.2,0.0,0.1,0.1,0.0,-0.8,0.25,0.37500000000000006,,,,,,,,,,,,,,,,,,,,,0.36639137193832977,2024-25
1629614,Andrew Nembhard,1610612754,IND,65,28.9,8.3,3.8,0.458,2.7,0.8,0.291,2.1,1.7,0.794,10.0,5.0,1.7,3.3,0.5,2.8,3.1,0.5420641803989592,0.5060240963855421,27.0,4.3,1.2,0.4,0.375,0.4,0.1,0.2,0.7,0.6,0.789,1.5,0.4,0.3,0.7,0.1,0.6,1.4,0.4973474801061008,0.375,23.0,33.4,9.7,4.6,0.471,3.7,1.7,0.465,2.0,1.6,0.804,12.5,4.7,1.8,3.2,0.6,2.6,2.5,0.5907372400756143,0.5618556701030928,0.5659529747965599,2024-25
1629618,Jalen Pickett,1610612743,DEN,49,13.6,3.7,1.6,0.428,2.1,0.8,0.396,0.2,0.1,0.75,4.1,2.2,0.5,1.4,0.3,1.1,1.1,0.541182682154171,0.5405405405405405,3.0,2.9,0.7,0.3,0.5,0.3,0.0,0.0,0.0,0.0,0.0,0.7,0.3,0.7,0.0,0.0,0.0,1.7,0.5,0.4285714285714286,8.0,7.2,1.9,0.6,0.333,1.1,0.4,0.333,0.0,0.0,0.0,1.6,0.6,0.8,0.9,0.0,0.9,-6.1,0.4210526315789474,0.4210526315789474,0.4863090150623079,2024-25
1629622,Max Strus,1610612739,CLE,50,25.5,7.5,3.3,0.442,5.9,2.3,0.386,0.7,0.6,0.824,9.4,3.2,1.1,4.3,1.1,3.3,4.4,0.6019467213114754,0.5933333333333333,21.0,3.2,1.0,0.5,0.455,1.0,0.5,0.5,0.3,0.3,1.0,1.7,0.2,0.1,0.8,0.2,0.6,1.4,0.7508833922261483,0.75,9.0,28.1,9.9,4.1,0.416,7.4,2.9,0.388,0.7,0.6,0.833,11.7,3.9,0.8,5.7,1.8,3.9,6.1,0.5730799373040751,0.5606060606060606,0.6504922196108884,2024-25
1629626,Bol Bol,1610612756,PHX,36,12.5,5.1,2.7,0.525,2.6,0.9,0.344,0.7,0.6,0.769,6.8,0.6,0.6,2.9,0.6,2.3,-1.0,0.628698224852071,0.6176470588235295,5.0,2.8,0.8,0.6,0.75,0.4,0.2,0.5,0.4,0.2,0.5,1.6,0.2,0.4,1.0,0.0,1.0,-3.2,0.819672131147541,0.8749999999999999,,,,,,,,,,,,,,,,,,,,,0.7717004368891126,2024-25
1629627,Zion Williamson,1610612740,NOP,30,28.6,16.9,9.6,0.567,0.4,0.1,0.231,8.0,5.3,0.656,24.6,5.3,3.0,7.2,2.5,4.7,-1.4,0.6023506366307543,0.5710059171597633,13.0,2.5,1.4,0.8,0.556,0.1,0.0,0.0,0.7,0.6,0.889,2.2,0.5,0.3,0.6,0.0,0.6,2.9,0.6440281030444965,0.5714285714285715,,,,,,,,,,,,,,,,,,,,,0.6384196379080647,2024-25
1629628,RJ Barrett,1610612761,TOR,58,32.2,16.9,7.9,0.468,5.3,1.8,0.35,5.4,3.4,0.63,21.1,5.4,2.9,6.3,1.1,5.3,-2.4,0.5473127204814278,0.5207100591715977,23.0,3.8,2.4,1.0,0.411,0.7,0.2,0.313,1.2,0.7,0.607,3.0,0.7,0.3,0.7,0.1,0.6,-1.6,0.5122950819672131,0.45833333333333337,,,,,,,,,,,,,,,,,,,,,0.5381688115697303,2024-25
1629629,Cam Reddish,1610612747,LAL,33,17.9,2.8,1.2,0.404,1.4,0.4,0.277,0.8,0.5,0.615,3.2,0.7,0.4,2.0,0.5,1.5,-2.8,0.5076142131979696,0.5,6.0,1.2,0.2,0.0,0.0,0.0,0.0,0.0,0.0,0.0,0.0,0.0,0.0,0.0,0.0,0.0,0.0,-1.3,0.0,0.0,,,,,,,,,,,,,,,,,,,,,0.17634759487296267,2024-25
1629630,Ja Morant,1610612763,MEM,50,30.4,17.8,8.1,0.454,5.7,1.8,0.309,6.4,5.3,0.824,23.2,7.3,3.7,4.1,0.7,3.4,4.5,0.5626697710516104,0.5056179775280899,23.0,3.8,2.3,1.1,0.463,0.7,0.2,0.333,1.3,1.0,0.742,3.4,0.7,0.3,0.3,0.0,0.3,1.0,0.5919220055710307,0.5217391304347827,3.0,27.3,17.7,7.3,0.415,5.3,1.3,0.25,3.7,2.3,0.636,18.3,5.0,2.0,2.0,0.3,1.7,-5.3,0.4734064569536424,0.4491525423728814,0.540710207156314,2024-25
1629631,De'Andre Hunter,1610612739,CLE,64,27.2,11.9,5.6,0.47,6.1,2.5,0.405,4.0,3.4,0.846,17.0,1.4,1.3,4.0,0.7,3.3,1.4,0.6222547584187409,0.5756302521008403,29.0,4.2,1.5,0.7,0.477,0.7,0.2,0.333,0.9,0.7,0.84,2.4,0.1,0.0,0.7,0.2,0.5,1.3,0.6329113924050633,0.5333333333333333,8.0,23.2,7.9,3.4,0.429,3.3,1.5,0.462,3.3,2.8,0.846,11.0,1.0,0.9,3.6,0.8,2.9,7.1,0.588109495295124,0.5253164556962026,0.6213393802014542,2024-25
1629632,Coby White,1610612741,CHI,74,33.1,15.1,6.9,0.453,7.9,2.9,0.37,4.1,3.7,0.902,20.4,4.5,2.4,3.7,0.3,3.4,-1.9,0.6034074775201136,0.5529801324503311,31.0,3.4,1.7,0.9,0.509,0.6,0.2,0.278,0.5,0.5,0.941,2.4,0.3,0.2,0.4,0.0,0.4,1.1,0.625,0.5882352941176471,,,,,,,,,,,,,,,,,,,,,0.6290607706516542,2024-25
1629634,Brandon Clarke,1610612763,MEM,64,18.9,5.9,3.7,0.621,0.3,0.0,0.059,1.4,1.0,0.701,8.3,1.0,0.6,5.1,2.0,3.1,2.8,0.6368937998772254,0.6271186440677966,17.0,2.8,0.7,0.2,0.333,0.0,0.0,0.0,0.1,0.1,0.5,0.5,0.0,0.0,0.7,0.4,0.3,2.5,0.33602150537634407,0.28571428571428575,,,,,,,,,,,,,,,,,,,,,0.44817667698762126,2024-25
1629636,Darius Garland,1610612739,CLE,75,30.7,15.7,7.4,0.472,7.1,2.8,0.401,3.4,3.0,0.878,20.6,6.7,2.5,2.9,0.6,2.2,6.7,0.5989765061642244,0.5605095541401275,34.0,3.3,1.7,0.9,0.534,0.6,0.3,0.45,1.1,0.9,0.865,3.0,0.6,0.1,0.2,0.0,0.2,2.5,0.6868131868131868,0.6176470588235294,5.0,29.6,13.8,5.8,0.42,7.0,2.0,0.286,4.8,4.4,0.917,18.0,5.2,3.0,2.2,0.2,2.0,-3.0,0.5656108597285068,0.49275362318840576,0.622400601973037,2024-25
1629637,Jaxson Hayes,1610612747,LAL,56,19.5,4.0,2.9,0.722,0.1,0.0,0.0,1.8,1.1,0.622,6.8,1.0,0.8,4.8,1.4,3.4,1.6,0.7095158597662772,0.725,11.0,2.4,0.5,0.5,1.0,0.0,0.0,0.0,0.2,0.2,1.0,1.1,0.3,0.2,0.5,0.4,0.2,2.3,0.9353741496598641,1.0,4.0,7.6,2.0,0.8,0.375,0.0,0.0,0.0,0.5,0.3,0.5,1.8,0.3,0.3,2.0,1.3,0.8,-4.3,0.4054054054054054,0.4,0.6452467292139119,2024-25
1629638,Nickeil Alexander-Walker,1610612750,MIN,82,25.3,7.5,3.3,0.438,4.5,1.7,0.381,1.4,1.1,0.78,9.4,2.7,1.2,3.2,0.7,2.6,3.3,0.5791030064070971,0.5533333333333332,33.0,2.5,0.6,0.3,0.474,0.3,0.1,0.3,0.2,0.1,0.8,0.8,0.1,0.0,0.4,0.2,0.2,-0.8,0.5813953488372093,0.5833333333333334,15.0,20.6,7.5,2.9,0.389,4.2,1.5,0.349,1.1,1.0,0.882,8.3,2.3,1.5,1.8,0.5,1.3,-0.7,0.5197895791583167,0.48666666666666664,0.558210406925011,2024-25
1629639,Tyler Herro,1610612748,MIA,77,35.4,17.9,8.5,0.472,8.7,3.3,0.375,4.2,3.7,0.878,23.9,5.5,2.6,5.2,0.5,4.7,1.3,0.605124569576666,0.5670391061452514,39.0,4.5,2.7,0.8,0.308,1.6,0.3,0.19,0.6,0.5,0.87,2.5,0.5,0.3,0.6,0.0,0.6,-1.1,0.42172739541160587,0.35185185185185186,4.0,36.0,16.3,6.8,0.415,7.3,2.3,0.31,2.5,2.0,0.8,17.8,2.8,2.3,3.5,0.0,3.5,-21.8,0.5114942528735632,0.4877300613496932,0.5122608187186001,2024-25
1629640,Keldon Johnson,1610612759,SAS,77,23.9,10.0,4.8,0.482,3.6,1.1,0.318,2.5,1.9,0.773,12.7,1.6,1.0,4.8,1.5,3.4,-2.8,0.5720720720720721,0.5349999999999999,23.0,3.4,1.0,0.5,0.545,0.3,0.0,0.167,0.4,0.3,0.778,1.4,0.1,0.0,0.7,0.4,0.3,-0.1,0.5952380952380952,0.5,,,,,,,,,,,,,,,,,,,,,0.5975160875150876,2024-25
1629643,Chuma Okeke,1610612739,CLE,9,21.9,4.4,2.2,0.5,3.1,1.2,0.393,0.3,0.2,0.667,5.9,1.7,0.3,5.2,2.3,2.9,-3.1,0.6509267431597529,0.6363636363636364,2.0,1.1,0.0,0.0,0.0,0.0,0.0,0.0,0.0,0.0,0.0,0.0,0.0,0.0,0.0,0.0,0.0,-4.0,,,3.0,4.3,1.3,0.3,0.25,1.3,0.3,0.25,0.0,0.0,0.0,1.0,0.3,0.0,0.0,0.0,0.0,3.3,0.3846153846153846,0.3461538461538461,0.3007954828343178,2024-25
1629645,Kevin Porter Jr.,1610612749,MIL,75,19.8,8.7,3.9,0.449,2.4,0.7,0.311,2.3,1.7,0.769,10.3,3.4,1.8,3.7,0.6,3.1,0.4,0.5302718286655684,0.4885057471264368,15.0,3.2,0.9,0.5,0.615,0.1,0.1,0.5,0.5,0.5,0.875,1.6,0.1,0.3,0.9,0.2,0.7,0.4,0.7142857142857143,0.6111111111111112,5.0,30.2,9.6,3.8,0.396,3.0,1.4,0.467,2.6,2.2,0.846,11.2,5.4,1.8,3.6,0.6,3.0,-4.8,0.5212211466865226,0.46875,0.5974292771344454,2024-25
1629646,Charles Bassey,1610612759,SAS,36,10.4,3.3,1.9,0.581,0.0,0.0,0.0,0.9,0.6,0.636,4.4,0.5,0.6,4.2,1.6,2.7,-3.6,0.5952380952380953,0.5757575757575758,4.0,2.1,0.3,0.0,0.0,0.0,0.0,0.0,0.0,0.0,0.0,0.0,0.0,0.3,1.0,0.5,0.5,1.8,0.0,0.0,,,,,,,,,,,,,,,,,,,,,0.20750360750085273,2024-25
1629651,Nic Claxton,1610612751,BKN,70,26.9,8.1,4.6,0.563,0.3,0.1,0.238,2.2,1.1,0.513,10.3,2.2,1.2,7.4,2.2,5.1,-7.1,0.5679311865902074,0.5740740740740741,29.0,4.0,0.9,0.4,0.52,0.0,0.0,0.0,0.2,0.1,0.571,1.0,0.2,0.2,1.0,0.4,0.6,-2.8,0.5060728744939271,0.4444444444444445,,,,,,,,,,,,,,,,,,,,,0.5378034229690933,2024-25
1629652,Luguentz Dort,1610612760,OKC,71,29.2,8.4,3.6,0.435,5.8,2.4,0.412,0.6,0.5,0.717,10.1,1.6,0.7,4.1,1.3,2.9,7.7,0.5828716528162512,0.5714285714285714,20.0,2.1,0.5,0.1,0.2,0.3,0.1,0.167,0.1,0.1,1.0,0.4,0.2,0.1,0.4,0.1,0.3,1.7,0.3676470588235294,0.30000000000000004,23.0,28.9,7.1,2.6,0.366,6.1,2.1,0.343,1.0,0.6,0.636,7.9,0.9,0.9,3.9,1.4,2.5,2.8,0.5238726790450928,0.5140845070422536,0.48758301555143707,2024-25
1629655,Daniel Gafford,1610612742,DAL,57,21.5,7.1,5.0,0.702,0.0,0.0,0.0,3.4,2.4,0.689,12.3,1.4,1.2,6.8,2.7,4.1,0.6,0.7154490460679386,0.7042253521126761,18.0,1.8,0.7,0.4,0.615,0.0,0.0,0.0,0.2,0.2,0.75,1.1,0.1,0.1,0.8,0.4,0.4,0.5,0.6979695431472083,0.5714285714285715,,,,,,,,,,,,,,,,,,,,,0.7136551990489739,2024-25
1629656,Quentin Grimes,1610612755,PHI,75,26.8,11.0,5.1,0.467,5.6,2.2,0.385,2.9,2.2,0.757,14.6,3.0,1.9,4.3,0.8,3.5,-3.5,0.5946562398175301,0.5636363636363636,28.0,2.1,0.9,0.3,0.36,0.6,0.2,0.294,0.6,0.5,0.778,1.3,0.2,0.1,0.4,0.1,0.3,-0.1,0.5584192439862542,0.4444444444444445,,,,,,,,,,,,,,,,,,,,,0.5786800607777538,2024-25
1629659,Talen Horton-Tucker,1610612741,CHI,58,12.5,5.0,2.3,0.457,2.1,0.7,0.336,1.7,1.2,0.735,6.5,1.4,0.7,1.7,0.3,1.4,0.3,0.5654140570633264,0.53,3.0,1.2,0.0,0.0,0.0,0.0,0.0,0.0,0.7,0.3,0.5,0.3,0.3,0.0,0.0,0.0,0.0,-0.7,0.487012987012987,,,,,,,,,,,,,,,,,,,,,,0.5131466770297668,2024-25
1629660,Ty Jerome,1610612739,CLE,70,19.9,8.8,4.6,0.516,3.6,1.6,0.439,2.1,1.8,0.872,12.5,3.4,1.3,2.5,0.7,1.8,4.3,0.6427396133278486,0.6136363636363635,10.0,2.6,0.8,0.5,0.625,0.3,0.1,0.333,0.4,0.3,0.75,1.4,0.4,0.2,0.2,0.0,0.2,0.8,0.7172131147540982,0.6875,9.0,21.3,10.2,4.1,0.402,4.0,1.6,0.389,2.2,1.9,0.85,11.7,3.6,1.2,2.4,0.6,1.9,8.3,0.5238180515759312,0.48039215686274506,0.6171942420171825,2024-25
1629661,Cameron Johnson,1610612751,BKN,57,31.6,13.1,6.2,0.475,7.2,2.8,0.39,3.9,3.5,0.893,18.8,3.4,1.7,4.3,0.9,3.4,-3.5,0.6344492440604752,0.5801526717557252,28.0,3.4,1.3,0.6,0.5,0.9,0.4,0.385,0.6,0.5,0.882,2.2,0.1,0.2,0.4,0.1,0.3,-1.2,0.7033248081841432,0.6153846153846154,,,,,,,,,,,,,,,,,,,,,0.6902899509309672,2024-25
1629669,Jaylen Nowell,1610612764,WAS,8,21.0,9.1,3.3,0.356,3.4,1.0,0.296,1.4,0.9,0.636,8.4,2.3,1.0,2.5,0.8,1.8,-5.3,0.43227665706051877,0.4175824175824176,3.0,2.0,0.3,0.0,0.0,0.0,0.0,0.0,0.0,0.0,0.0,0.0,0.3,0.0,0.0,0.0,0.0,1.0,0.0,0.0,,,,,,,,,,,,,,,,,,,,,0.14738892231651393,2024-25
1629673,Jordan Poole,1610612764,WAS,68,29.4,15.5,6.7,0.432,9.1,3.5,0.378,4.0,3.6,0.883,20.5,4.5,3.0,3.0,0.5,2.5,-8.2,0.5938586326767091,0.5451612903225806,19.0,2.5,1.8,0.7,0.412,1.1,0.3,0.3,0.7,0.6,0.923,2.4,0.1,0.1,0.3,0.0,0.3,0.1,0.5692599620493358,0.4722222222222222,,,,,,,,,,,,,,,,,,,,,0.5890724221501842,2024-25
1629674,Neemias Queta,1610612738,BOS,62,13.9,3.3,2.1,0.65,0.0,0.0,0.0,1.0,0.7,0.754,5.0,0.7,0.6,3.8,1.4,2.4,2.5,0.6684491978609626,0.6363636363636365,10.0,3.2,0.7,0.3,0.429,0.1,0.0,0.0,0.0,0.0,0.0,0.6,0.0,0.1,1.2,0.8,0.4,0.1,0.4285714285714286,0.4285714285714286,4.0,3.2,1.5,1.3,0.833,0.0,0.0,0.0,0.0,0.0,0.0,2.5,0.5,0.0,0.5,0.5,0.0,-2.0,0.8333333333333334,0.8666666666666667,0.6921441303729966,2024-25
1629675,Naz Reid,1610612750,MIN,80,27.5,11.5,5.3,0.462,5.8,2.2,0.379,1.8,1.4,0.776,14.2,2.3,1.4,6.0,1.2,4.9,4.3,0.5776114546046208,0.5565217391304348,32.0,2.0,0.8,0.3,0.37,0.3,0.1,0.2,0.4,0.3,0.769,1.0,0.0,0.2,0.4,0.2,0.2,-1.6,0.5122950819672131,0.43749999999999994,15.0,25.0,7.3,3.7,0.509,4.2,1.7,0.397,1.7,1.3,0.76,10.4,1.7,1.9,4.7,1.1,3.7,0.1,0.6461232604373758,0.6232876712328766,0.5970517550470547,2024-25
1629680,Matisse Thybulle,1610612757,POR,15,20.8,5.9,2.8,0.477,3.2,1.4,0.438,1.0,0.5,0.467,7.5,1.9,0.9,3.5,0.9,2.5,0.1,0.5914826498422712,0.5932203389830508,3.0,4.2,1.0,0.7,0.667,0.7,0.3,0.5,0.0,0.0,0.0,1.7,0.7,0.3,1.0,0.0,1.0,-2.3,0.85,0.85,,,,,,,,,,,,,,,,,,,,,0.7807767024869238,2024-25
1629684,Grant Williams,1610612766,CHA,16,29.9,7.7,3.4,0.439,4.6,1.7,0.365,2.3,1.9,0.838,10.4,2.3,1.8,5.1,1.1,4.0,0.6,0.5968778696051423,0.551948051948052,8.0,5.2,1.0,0.3,0.25,0.5,0.1,0.25,1.5,1.3,0.833,1.9,0.4,0.1,0.9,0.4,0.5,0.4,0.5722891566265059,0.35,,,,,,,,,,,,,,,,,,,,,0.5934724072713777,2024-25
1629723,John Konchar,1610612763,MEM,46,12.1,2.0,0.9,0.451,1.3,0.5,0.371,0.2,0.2,0.875,2.4,0.9,0.3,3.3,0.8,2.5,1.3,0.5747126436781609,0.575,1.0,2.4,1.0,1.0,1.0,0.0,0.0,0.0,0.0,0.0,0.0,2.0,0.0,0.0,2.0,1.0,1.0,4.0,1.0,1.0,4.0,17.2,2.3,0.8,0.333,1.5,0.3,0.167,1.0,1.0,1.0,2.8,1.5,0.5,3.3,0.8,2.5,-12.5,0.5109489051094891,0.4130434782608696,0.7345932264761047,2024-25
1629726,Garrison Mathews,1610612737,ATL,47,17.6,5.5,2.2,0.397,4.6,1.8,0.39,1.7,1.4,0.821,7.5,1.3,0.7,1.9,0.3,1.6,-1.3,0.6001920614596671,0.5636363636363636,11.0,1.8,0.2,0.0,0.0,0.1,0.0,0.0,0.3,0.3,1.0,0.3,0.2,0.0,0.0,0.0,0.0,1.7,0.4518072289156626,0.0,,,,,,,,,,,,,,,,,,,,,0.5049052033993666,2024-25
1629731,Dean Wade,1610612739,CLE,59,21.2,4.6,1.9,0.413,3.8,1.4,0.36,0.5,0.3,0.533,5.4,1.3,0.4,4.2,0.9,3.4,4.8,0.5601659751037346,0.5652173913043478,14.0,1.6,0.3,0.1,0.25,0.3,0.1,0.25,0.3,0.1,0.5,0.4,0.2,0.0,0.1,0.0,0.1,2.1,0.462962962962963,0.5000000000000001,9.0,15.7,2.0,0.7,0.333,1.6,0.3,0.214,0.0,0.0,0.0,1.7,0.7,0.3,4.2,1.1,3.1,2.0,0.425,0.425,0.4667037226339604,2024-25
1629750,Javonte Green,1610612739,CLE,68,18.5,4.2,1.8,0.429,2.1,0.7,0.326,1.1,0.8,0.724,5.1,0.8,0.5,3.2,0.9,2.3,-3.1,0.5444064901793338,0.5119047619047619,15.0,3.0,0.5,0.2,0.429,0.3,0.1,0.4,0.3,0.2,0.6,0.7,0.1,0.1,0.7,0.1,0.6,1.0,0.5537974683544303,0.5,6.0,6.6,1.7,0.7,0.4,0.8,0.2,0.2,1.0,1.0,1.0,2.5,0.3,0.3,1.5,0.2,1.3,3.0,0.5841121495327103,0.47058823529411764,0.579294407816315,2024-25
1630162,Anthony Edwards,1610612750,MIN,79,36.3,20.4,9.1,0.447,10.3,4.1,0.395,6.3,5.3,0.837,27.6,4.5,3.2,5.7,0.8,4.9,3.7,0.5955463490419473,0.5465686274509803,42.0,3.8,2.7,1.2,0.426,1.5,0.5,0.323,1.1,0.9,0.826,3.7,0.3,0.4,1.1,0.1,1.0,-1.2,0.5810301507537688,0.537037037037037,15.0,39.0,19.9,9.0,0.453,8.7,3.1,0.354,5.9,4.3,0.719,25.3,5.5,2.6,7.8,1.2,6.6,2.5,0.5623221906116643,0.5301507537688442,0.587330831181078,2024-25
1630163,LaMelo Ball,1610612766,CHA,47,32.0,21.3,8.6,0.405,11.2,3.8,0.339,4.9,4.1,0.843,25.2,7.4,3.6,4.9,1.0,3.9,-2.8,0.5371759890859481,0.49295774647887325,21.0,3.9,2.3,0.9,0.375,1.1,0.2,0.217,0.9,0.7,0.833,2.7,0.8,0.2,0.7,0.1,0.6,-0.4,0.5007418397626113,0.4347826086956522,,,,,,,,,,,,,,,,,,,,,0.5236846782689444,2024-25
1630165,Killian Hayes,1610612751,BKN,6,27.1,7.2,3.0,0.419,3.5,1.3,0.381,2.0,1.7,0.833,9.0,5.2,1.5,3.0,0.8,2.2,-4.0,0.556930693069307,0.5069444444444444,1.0,1.3,0.0,0.0,0.0,0.0,0.0,0.0,0.0,0.0,0.0,0.0,0.0,0.0,0.0,0.0,0.0,-2.0,,,,,,,,,,,,,,,,,,,,,,,0.18564356435643567,2024-25
1630166,Deni Avdija,1610612757,POR,72,30.0,11.7,5.6,0.476,4.8,1.7,0.365,5.2,4.0,0.78,16.9,3.9,2.7,7.3,1.5,5.7,-1.1,0.604089219330855,0.5512820512820512,24.0,3.2,1.2,0.5,0.429,0.4,0.1,0.3,0.6,0.6,1.0,1.8,0.3,0.2,0.8,0.1,0.7,-0.8,0.6147540983606558,0.45833333333333337,,,,,,,,,,,,,,,,,,,,,0.6214555489395891,2024-25
1630167,Obi Toppin,1610612754,IND,79,19.6,7.6,4.0,0.529,3.8,1.4,0.365,1.4,1.1,0.781,10.5,1.6,0.9,4.0,0.7,3.3,-1.0,0.6389970788704966,0.618421052631579,18.0,2.3,0.8,0.5,0.6,0.5,0.3,0.556,0.0,0.0,0.0,1.3,0.0,0.0,0.4,0.2,0.2,0.3,0.8125,0.8125,23.0,19.1,7.4,3.6,0.485,3.4,1.1,0.321,1.6,1.1,0.694,9.4,1.3,1.0,3.8,0.6,3.3,-1.7,0.5799605133267521,0.5608108108108109,0.6778394189298808,2024-25
1630168,Onyeka Okongwu,1610612737,ATL,74,27.9,9.2,5.2,0.567,2.0,0.6,0.324,2.9,2.2,0.759,13.4,2.3,1.2,8.9,3.0,5.9,0.5,0.639557082856052,0.5978260869565218,31.0,3.6,0.8,0.5,0.6,0.0,0.0,0.0,0.5,0.5,0.941,1.5,0.2,0.1,1.3,0.6,0.7,1.0,0.7352941176470588,0.625,,,,,,,,,,,,,,,,,,,,,0.7120774248896911,2024-25
1630169,Tyrese Haliburton,1610612754,IND,73,33.6,13.8,6.5,0.473,7.7,3.0,0.388,3.0,2.6,0.851,18.6,9.2,1.6,3.5,0.6,3.0,3.0,0.6150793650793651,0.5797101449275363,32.0,3.8,2.2,1.0,0.471,1.2,0.5,0.41,0.8,0.6,0.75,3.1,0.8,0.2,0.4,0.1,0.3,2.1,0.6073667711598746,0.5681818181818181,23.0,33.6,13.7,6.3,0.463,6.9,2.3,0.34,2.8,2.3,0.828,17.3,8.6,2.3,5.3,0.3,5.0,5.7,0.5792927939994643,0.5437956204379562,0.6105572438839366,2024-25
1630170,Devin Vassell,1610612759,SAS,64,31.0,13.9,6.2,0.443,6.7,2.5,0.368,1.9,1.5,0.792,16.3,2.9,1.4,4.0,0.5,3.5,-4.1,0.5530673181324647,0.5359712230215827,30.0,3.8,1.4,0.5,0.381,0.8,0.3,0.348,0.3,0.2,0.667,1.5,0.3,0.2,0.5,0.1,0.4,-1.4,0.489556135770235,0.46428571428571436,,,,,,,,,,,,,,,,,,,,,0.5207984723362968,2024-25
1630171,Isaac Okoro,1610612739,CLE,55,19.1,4.9,2.3,0.464,2.7,1.0,0.371,0.8,0.6,0.717,6.1,1.2,0.4,2.4,0.9,1.5,4.6,0.5807311500380806,0.5714285714285714,18.0,1.6,0.4,0.1,0.125,0.3,0.1,0.2,0.1,0.0,0.0,0.2,0.1,0.0,0.4,0.3,0.2,-0.2,0.22522522522522523,0.37500000000000006,9.0,14.2,3.3,1.7,0.5,1.8,0.7,0.375,0.9,0.6,0.625,4.6,0.6,0.4,1.2,0.4,0.8,5.0,0.6222943722943723,0.6212121212121212,0.4911740515330645,2024-25
1630172,Patrick Williams,1610612741,CHI,63,25.0,8.2,3.3,0.397,4.3,1.5,0.353,1.3,1.0,0.723,9.0,2.0,1.4,3.8,0.7,3.1,-2.9,0.5129958960328318,0.49390243902439024,20.0,2.5,0.5,0.3,0.5,0.4,0.2,0.429,0.1,0.1,1.0,0.8,0.1,0.1,0.3,0.1,0.2,-0.3,0.7352941176470588,0.8,,,,,,,,,,,,,,,,,,,,,0.6672922714171826,2024-25
1630173,Precious Achiuwa,1610612752,NYK,57,20.5,5.7,2.9,0.502,0.6,0.2,0.278,1.2,0.7,0.594,6.6,1.0,0.8,5.6,1.8,3.8,-0.8,0.5298651252408477,0.5263157894736842,11.0,3.7,1.0,0.5,0.545,0.1,0.0,0.0,0.2,0.2,1.0,1.3,0.0,0.0,0.9,0.5,0.5,2.2,0.5974264705882353,0.5,8.0,4.2,1.8,0.8,0.429,0.1,0.0,0.0,0.5,0.3,0.5,1.8,0.0,0.1,1.1,0.4,0.8,-0.3,0.44554455445544555,0.4444444444444445,0.5277691479433209,2024-25
1630174,Aaron Nesmith,1610612754,IND,45,24.9,8.4,4.3,0.507,4.3,1.9,0.431,1.8,1.6,0.913,12.0,1.2,0.8,4.0,0.8,3.1,4.4,0.6527415143603134,0.625,20.0,3.8,0.7,0.3,0.385,0.4,0.1,0.286,1.1,1.0,0.952,1.6,0.1,0.0,0.6,0.1,0.5,1.1,0.6756756756756758,0.5,23.0,28.3,9.2,4.3,0.472,5.3,2.6,0.492,1.6,1.3,0.861,12.7,1.1,1.0,5.7,1.2,4.5,4.6,0.6411550888529887,0.6086956521739131,0.6629263553774465,2024-25
1630175,Cole Anthony,1610612763,MEM,67,18.4,8.1,3.4,0.424,3.3,1.1,0.353,1.7,1.4,0.823,9.4,2.9,1.5,3.0,0.7,2.4,-0.2,0.5311934900542497,0.4876543209876544,12.0,2.8,1.3,0.7,0.5,0.4,0.2,0.4,0.6,0.4,0.714,1.9,0.5,0.2,0.5,0.2,0.3,1.7,0.6074168797953964,0.6153846153846153,5.0,10.1,2.8,0.8,0.286,1.2,0.0,0.0,0.8,0.6,0.75,2.2,1.2,1.8,1.4,0.6,0.8,-2.6,0.34898477157360414,0.28571428571428575,0.48154631010837706,2024-25
1630178,Tyrese Maxey,1610612755,PHI,52,37.7,21.0,9.2,0.437,9.2,3.1,0.337,5.6,4.9,0.879,26.3,6.1,2.4,3.3,0.3,3.1,-2.4,0.5604330037504263,0.5119047619047619,24.0,4.3,3.0,1.4,0.466,1.2,0.4,0.345,1.9,1.7,0.87,4.9,0.5,0.2,0.4,0.0,0.3,-0.4,0.6386861313868614,0.5333333333333333,,,,,,,,,,,,,,,,,,,,,0.6268874697930836,2024-25
1630182,Josh Green,1610612766,CHA,68,27.8,6.2,2.6,0.428,3.6,1.4,0.391,1.1,0.7,0.681,7.4,1.6,1.0,2.5,0.8,1.7,-5.4,0.5535607420706165,0.532258064516129,31.0,2.9,0.3,0.1,0.333,0.2,0.1,0.4,0.5,0.3,0.714,0.6,0.1,0.1,0.2,0.1,0.2,-1.5,0.5769230769230769,0.5000000000000001,,,,,,,,,,,,,,,,,,,,,0.5739743416488957,2024-25
1630183,Jaden McDaniels,1610612750,MIN,82,31.9,10.2,4.9,0.477,3.7,1.2,0.33,1.6,1.3,0.813,12.2,2.0,1.2,5.7,1.6,4.2,2.1,0.5594277329420396,0.5392156862745099,45.0,3.6,1.0,0.4,0.404,0.5,0.1,0.19,0.2,0.2,0.7,1.1,0.2,0.1,0.6,0.2,0.4,-1.1,0.5055147058823529,0.45,15.0,33.1,11.3,5.8,0.515,3.7,1.4,0.382,1.9,1.7,0.893,14.7,1.5,1.2,5.6,1.8,3.8,5.1,0.6056361239288067,0.5752212389380531,0.5743648409831938,2024-25
1630188,Jalen Smith,1610612741,CHI,64,15.0,6.4,3.0,0.466,3.5,1.1,0.324,1.4,1.1,0.809,8.2,1.0,0.6,5.6,1.4,4.2,-0.6,0.5843785632839225,0.5546874999999999,1.0,0.8,1.0,0.0,0.0,1.0,0.0,0.0,0.0,0.0,0.0,0.0,0.0,0.0,1.0,0.0,1.0,-2.0,0.0,0.0,,,,,,,,,,,,,,,,,,,,,0.21041785442553274,2024-25
1630191,Isaiah Stewart,1610612765,DET,72,19.9,4.4,2.4,0.559,0.7,0.2,0.321,1.2,0.9,0.759,6.0,1.7,0.9,5.5,1.8,3.7,0.1,0.6087662337662336,0.5681818181818181,21.0,1.6,0.3,0.2,0.571,0.0,0.0,0.0,0.0,0.0,0.0,0.4,0.1,0.0,0.3,0.1,0.2,-1.5,0.6666666666666667,0.6666666666666667,1.0,18.9,2.0,1.0,0.5,0.0,0.0,0.0,0.0,0.0,0.0,2.0,1.0,0.0,5.0,1.0,4.0,8.0,0.5,0.5,0.5805014429998934,2024-25
1630192,Zeke Nnaji,1610612743,DEN,57,10.7,2.5,1.2,0.496,0.9,0.3,0.327,0.8,0.5,0.614,3.2,0.4,0.2,1.6,0.6,1.0,-0.4,0.5610098176718094,0.5399999999999999,3.0,0.7,0.0,0.0,0.0,0.0,0.0,0.0,0.0,0.0,0.0,0.0,0.0,0.0,0.0,0.0,0.0,0.0,,,6.0,5.7,1.3,0.2,0.125,1.0,0.2,0.167,1.2,0.7,0.571,1.2,0.3,0.3,1.2,0.5,0.7,-3.2,0.3282275711159737,0.23076923076923078,0.2576154218366218,2024-25
1630193,Immanuel Quickley,1610612761,TOR,33,27.8,13.3,5.6,0.42,6.8,2.6,0.378,3.9,3.4,0.867,17.1,5.8,1.8,3.5,0.5,3.1,-1.2,0.5693926478423016,0.5187969924812029,9.0,3.8,2.0,0.7,0.333,1.0,0.3,0.333,0.4,0.4,1.0,2.1,0.3,0.0,0.1,0.0,0.1,-1.4,0.48253676470588236,0.425,,,,,,,,,,,,,,,,,,,,,0.5265263197351872,2024-25
1630198,Isaiah Joe,1610612760,OKC,74,21.7,7.9,3.5,0.44,6.3,2.6,0.412,0.8,0.6,0.821,10.2,1.6,0.5,2.6,0.6,2.1,7.4,0.6180319922443043,0.6075949367088607,12.0,2.0,0.5,0.1,0.167,0.3,0.0,0.0,0.2,0.1,0.5,0.3,0.1,0.0,0.2,0.0,0.2,0.7,0.25510204081632654,0.2,21.0,10.0,3.5,1.7,0.493,2.7,1.1,0.411,0.7,0.6,0.857,5.1,0.7,0.3,1.4,0.3,1.0,2.6,0.6696428571428571,0.6428571428571429,0.5291898881408376,2024-25
1630200,Tre Jones,1610612741,CHI,46,19.7,5.2,2.8,0.538,1.0,0.4,0.396,1.5,1.2,0.821,7.2,4.2,0.8,2.5,0.7,1.8,-0.7,0.6143344709897611,0.5769230769230769,10.0,2.8,1.2,0.6,0.5,0.2,0.2,1.0,0.3,0.3,1.0,1.7,0.3,0.0,0.5,0.3,0.2,1.2,0.6381381381381382,0.5833333333333334,,,,,,,,,,,,,,,,,,,,,0.6532805054944978,2024-25
1630201,Malachi Flynn,1610612759,SAS,4,10.9,3.3,1.3,0.385,1.0,0.3,0.25,1.5,1.3,0.833,4.0,1.8,1.0,1.8,0.8,1.0,0.3,0.5050505050505051,0.4393939393939394,1.0,0.1,0.0,0.0,0.0,0.0,0.0,0.0,0.0,0.0,0.0,0.0,0.0,0.0,0.0,0.0,0.0,2.0,,,,,,,,,,,,,,,,,,,,,,,0.16835016835016836,2024-25
1630202,Payton Pritchard,1610612738,BOS,80,28.4,10.8,5.1,0.472,7.8,3.2,0.407,1.1,0.9,0.845,14.3,3.5,1.0,3.8,1.3,2.6,5.4,0.6336405529953917,0.6203703703703702,24.0,2.3,0.6,0.3,0.429,0.5,0.2,0.333,0.8,0.7,0.895,1.4,0.2,0.1,0.2,0.1,0.1,0.1,0.7352941176470588,0.6666666666666667,11.0,27.4,9.0,4.1,0.455,6.1,2.5,0.403,1.5,1.3,0.824,11.9,1.5,0.8,2.3,0.8,1.5,6.5,0.6159420289855072,0.5944444444444444,0.6642313680960463,2024-25
1630208,Nick Richards,1610612756,PHX,57,22.0,6.1,3.6,0.591,0.0,0.0,0.0,2.8,2.1,0.744,9.3,0.9,1.4,8.2,2.6,5.6,-4.1,0.6342062193126023,0.5901639344262296,18.0,2.0,0.4,0.2,0.5,0.0,0.0,0.0,0.3,0.3,1.0,0.8,0.1,0.2,0.6,0.2,0.4,0.2,0.7518796992481203,0.5,,,,,,,,,,,,,,,,,,,,,0.7192125829843862,2024-25
1630215,Jared Butler,1610612755,PHI,60,17.4,7.6,3.4,0.448,2.8,1.0,0.355,1.5,1.3,0.824,9.0,3.7,1.3,1.8,0.4,1.4,-2.2,0.5447941888619855,0.5131578947368421,10.0,1.5,0.3,0.0,0.0,0.1,0.0,0.0,0.4,0.4,1.0,0.4,0.2,0.0,0.1,0.0,0.1,-2.3,0.4201680672268908,0.0,,,,,,,,,,,,,,,,,,,,,0.4656574761924556,2024-25
1630217,Desmond Bane,1610612753,ORL,69,32.0,14.8,7.1,0.484,6.1,2.4,0.392,2.9,2.6,0.894,19.2,5.3,2.4,6.1,0.9,5.2,2.1,0.5971634735008708,0.5608108108108107,34.0,3.5,1.5,0.6,0.404,0.6,0.1,0.238,0.5,0.5,0.889,1.9,0.4,0.3,0.6,0.2,0.4,0.6,0.5523255813953488,0.43333333333333335,4.0,34.8,15.8,5.0,0.317,8.0,1.8,0.219,3.8,3.5,0.933,15.3,3.3,3.8,6.8,1.3,5.5,-16.5,0.4378434065934066,0.37341772151898733,0.5126926111464151,2024-25
1630224,Jalen Green,1610612745,HOU,82,32.9,17.5,7.4,0.423,8.1,2.9,0.354,4.1,3.3,0.813,21.0,3.4,2.5,4.6,0.5,4.0,2.0,0.5439287194363863,0.5057142857142857,42.0,3.0,1.7,0.6,0.371,0.8,0.3,0.333,0.6,0.6,0.889,2.1,0.3,0.3,0.4,0.1,0.3,1.0,0.5346232179226069,0.4411764705882353,7.0,31.3,12.3,4.6,0.372,6.3,1.9,0.295,3.4,2.3,0.667,13.3,2.9,1.4,5.4,0.4,5.0,3.3,0.48202377500724847,0.4512195121951219,0.5195886990976215,2024-25
1630228,Jonathan Kuminga,1610612744,GSW,47,24.3,12.1,5.5,0.454,3.2,1.0,0.305,5.0,3.3,0.668,15.3,2.2,1.5,4.6,1.2,3.4,0.2,0.534965034965035,0.49586776859504134,19.0,2.8,1.2,0.5,0.435,0.2,0.1,0.25,0.8,0.6,0.75,1.7,0.0,0.1,0.7,0.2,0.5,0.1,0.547680412371134,0.45833333333333337,8.0,23.4,11.6,5.6,0.484,3.1,1.3,0.4,3.9,2.8,0.71,15.3,1.3,1.6,2.5,0.9,1.6,-6.1,0.5744968458996697,0.5387931034482759,0.5688867549387998,2024-25
1630230,Naji Marshall,1610612742,DAL,69,27.8,10.3,5.2,0.508,3.2,0.9,0.275,2.3,1.9,0.813,13.2,3.0,1.6,4.8,1.1,3.7,-2.0,0.5834512022630833,0.5485436893203883,30.0,3.1,0.9,0.5,0.571,0.4,0.1,0.273,0.4,0.4,0.917,1.5,0.3,0.1,0.4,0.2,0.3,-0.2,0.6970260223048327,0.6111111111111112,,,,,,,,,,,,,,,,,,,,,0.6679056130344044,2024-25
1630231,KJ Martin,1610612762,UTA,43,21.2,4.7,2.6,0.552,1.3,0.3,0.259,1.1,0.9,0.787,6.4,1.1,0.6,2.9,0.7,2.2,-3.3,0.6172839506172839,0.5851063829787234,12.0,1.3,0.2,0.1,0.5,0.0,0.0,0.0,0.0,0.0,0.0,0.2,0.0,0.1,0.3,0.0,0.3,-1.8,0.5,0.5,,,,,,,,,,,,,,,,,,,,,0.5433499693537921,2024-25
1630241,Sam Merrill,1610612739,CLE,71,19.7,6.0,2.4,0.406,5.2,1.9,0.372,0.4,0.4,0.966,7.2,1.5,0.5,2.2,0.5,1.7,4.5,0.582901554404145,0.5583333333333332,9.0,1.1,0.3,0.2,0.667,0.2,0.1,0.5,0.0,0.0,0.0,0.6,0.0,0.0,0.1,0.1,0.0,1.9,1.0,0.8333333333333334,8.0,19.9,5.0,1.9,0.375,4.9,1.8,0.359,0.4,0.3,0.667,5.8,1.8,0.3,2.5,0.9,1.6,6.9,0.5602782071097372,0.5599999999999999,0.715622695954726,2024-25
1630243,Trevelin Queen,1610612753,ORL,31,13.9,4.7,1.8,0.381,2.5,0.7,0.286,0.7,0.6,0.857,4.9,1.2,0.7,1.7,0.8,0.9,-2.8,0.48921725239616615,0.45744680851063824,4.0,4.1,1.0,0.3,0.25,0.3,0.0,0.0,0.0,0.0,0.0,0.5,0.3,0.0,0.5,0.3,0.3,5.0,0.25,0.3,,,,,,,,,,,,,,,,,,,,,0.3510156798722093,2024-25
1630245,Ayo Dosunmu,1610612741,CHI,46,30.3,9.8,4.8,0.492,4.1,1.3,0.328,1.7,1.3,0.785,12.3,4.5,1.5,3.5,0.6,2.9,-5.1,0.5830489192263937,0.5561224489795918,16.0,2.5,0.6,0.2,0.333,0.3,0.0,0.0,0.3,0.3,1.0,0.7,0.1,0.0,0.3,0.1,0.2,-1.7,0.4781420765027322,0.33333333333333337,,,,,,,,,,,,,,,,,,,,,0.5192334730562531,2024-25
1630249,Vít Krejčí,1610612737,ATL,57,20.2,5.1,2.5,0.497,3.6,1.6,0.437,0.8,0.6,0.711,7.2,2.6,0.9,2.7,0.4,2.4,-1.2,0.6603081438004402,0.6470588235294118,13.0,2.1,0.2,0.1,0.333,0.2,0.1,0.5,0.2,0.1,0.5,0.3,0.2,0.1,0.3,0.1,0.2,0.8,0.5208333333333333,0.7500000000000001,,,,,,,,,,,,,,,,,,,,,0.5712465054490509,2024-25
1630256,Jae'Sean Tate,1610612745,HOU,52,11.3,2.8,1.3,0.473,0.9,0.3,0.348,0.9,0.6,0.681,3.6,0.9,0.4,2.3,1.0,1.3,1.0,0.5632040050062579,0.5178571428571429,13.0,1.0,0.0,0.0,0.0,0.0,0.0,0.0,0.0,0.0,0.0,0.0,0.1,0.0,0.2,0.1,0.1,-2.0,,,,,,,,,,,,,,,,,,,,,,,0.1877346683354193,2024-25
1630283,Kylor Kelley,1610612747,LAL,11,11.5,2.0,1.3,0.636,0.0,0.0,0.0,0.9,0.5,0.6,3.1,0.5,0.4,3.5,1.1,2.5,-6.8,0.6469115191986645,0.65,,,,,,,,,,,,,,,,,,,,,,,,,,,,,,,,,,,,,,,,,0.6469115191986645,2024-25
1630288,Jeff Dowtin Jr.,1610612755,PHI,41,15.1,5.6,2.7,0.487,1.7,0.7,0.4,1.1,0.8,0.733,7.0,1.9,0.4,1.5,0.3,1.2,-2.5,0.5752794214332676,0.5446428571428572,2.0,0.4,0.0,0.0,0.0,0.0,0.0,0.0,0.0,0.0,0.0,0.0,0.0,0.0,0.0,0.0,0.0,-2.0,,,,,,,,,,,,,,,,,,,,,,,0.19175980714442253,2024-25
1630314,Brandon Williams,1610612742,DAL,33,14.8,5.7,3.0,0.521,1.8,0.7,0.4,2.0,1.7,0.833,8.3,2.3,1.2,1.8,0.4,1.4,0.3,0.6306990881458967,0.5877192982456141,4.0,1.7,1.0,0.8,0.75,0.0,0.0,0.0,1.3,0.8,0.6,2.3,0.5,0.0,0.5,0.3,0.3,2.3,0.7315521628498727,0.8,,,,,,,,,,,,,,,,,,,,,0.7154783309279256,2024-25
1630322,Lindy Waters III,1610612765,DET,52,15.0,4.8,1.8,0.369,3.6,1.2,0.344,0.2,0.2,0.727,4.9,1.0,0.4,2.1,0.4,1.7,0.3,0.501227495908347,0.5,12.0,1.7,0.8,0.2,0.2,0.7,0.2,0.25,0.0,0.0,0.0,0.5,0.0,0.0,0.3,0.0,0.3,-2.0,0.3125,0.37500000000000006,,,,,,,,,,,,,,,,,,,,,0.39207583196597673,2024-25
1630526,Jeremiah Robinson-Earl,1610612740,NOP,66,18.8,5.3,2.4,0.455,2.5,0.8,0.341,0.8,0.7,0.836,6.3,1.3,0.8,4.8,1.7,3.1,-5.0,0.5573248407643312,0.5283018867924528,10.0,1.4,0.3,0.3,1.0,0.1,0.1,1.0,0.2,0.2,1.0,0.9,0.1,0.1,0.3,0.0,0.3,-1.8,1.1597938144329898,1.1666666666666667,,,,,,,,,,,,,,,,,,,,,0.964631200567526,2024-25
1630527,Brandon Boston,1610612740,NOP,42,23.6,9.1,4.0,0.436,3.3,1.2,0.35,2.0,1.6,0.788,10.7,2.2,1.2,3.2,0.7,2.5,-3.3,0.5360721442885771,0.5054945054945055,9.0,1.7,0.8,0.3,0.429,0.6,0.2,0.4,0.0,0.0,0.0,0.9,0.2,0.0,0.2,0.1,0.1,-0.6,0.5625,0.5,,,,,,,,,,,,,,,,,,,,,0.5624819235531018,2024-25
1630529,Herbert Jones,1610612740,NOP,20,32.4,8.6,3.8,0.436,3.6,1.1,0.306,2.0,1.7,0.825,10.3,3.3,1.8,3.9,1.1,2.8,-1.0,0.5432489451476793,0.5058139534883721,7.0,4.3,0.4,0.4,1.0,0.1,0.1,1.0,0.3,0.3,1.0,1.3,0.6,0.1,1.0,0.0,1.0,-0.9,1.2218045112781954,1.125,,,,,,,,,,,,,,,,,,,,,1.0002704853581803,2024-25
1630530,Trey Murphy III,1610612740,NOP,53,35.0,15.8,7.2,0.454,8.3,3.0,0.361,4.3,3.8,0.887,21.2,3.5,1.9,5.1,0.9,4.2,-7.2,0.5991408546235586,0.550632911392405,24.0,3.8,1.0,0.2,0.2,0.6,0.1,0.133,0.7,0.6,0.824,1.1,0.3,0.3,0.6,0.1,0.5,0.7,0.42048929663608564,0.25,,,,,,,,,,,,,,,,,,,,,0.48636892988889335,2024-25
1630532,Franz Wagner,1610612753,ORL,60,33.7,19.4,9.0,0.463,5.9,1.7,0.295,5.2,4.5,0.871,24.2,4.7,2.3,5.7,0.9,4.8,4.1,0.5579122095167834,0.5077319587628866,24.0,3.2,1.8,0.6,0.357,0.7,0.2,0.313,0.7,0.7,0.941,2.1,0.3,0.3,0.6,0.0,0.5,-0.5,0.4981024667931689,0.38888888888888884,5.0,38.9,23.0,10.2,0.443,7.4,1.4,0.189,5.2,4.0,0.769,25.8,5.6,2.0,4.8,0.6,4.2,-9.2,0.5101233786776337,0.4739130434782608,0.5233595637043226,2024-25
1630533,Ziaire Williams,1610612751,BKN,63,24.5,8.3,3.4,0.412,4.8,1.6,0.341,2.0,1.6,0.821,10.0,1.3,1.1,4.6,1.0,3.6,-5.2,0.5446623093681916,0.5060240963855421,23.0,2.9,0.6,0.2,0.308,0.5,0.1,0.273,0.4,0.3,0.889,0.8,0.1,0.1,0.6,0.1,0.5,-0.7,0.5154639175257733,0.4166666666666667,,,,,,,,,,,,,,,,,,,,,0.532425630468359,2024-25
1630534,Ochai Agbaji,1610612761,TOR,64,27.2,8.3,4.2,0.498,4.0,1.6,0.399,0.8,0.5,0.708,10.4,1.5,0.8,3.8,1.0,2.8,-3.3,0.6010171058714747,0.6024096385542168,21.0,3.5,0.8,0.5,0.688,0.2,0.0,0.25,0.1,0.0,0.5,1.1,0.1,0.0,0.5,0.1,0.4,-2.0,0.6516587677725119,0.625,,,,,,,,,,,,,,,,,,,,,0.6444167680212057,2024-25
1630539,Kai Jones,1610612742,DAL,40,11.7,2.7,2.2,0.798,0.1,0.0,0.2,0.8,0.6,0.719,5.0,0.6,0.5,3.1,1.0,2.1,-0.5,0.8191349934469201,0.8148148148148149,3.0,0.8,0.3,0.3,1.0,0.0,0.0,0.0,0.0,0.0,0.0,0.7,0.0,0.0,0.0,0.0,0.0,2.7,1.1666666666666667,1.0,,,,,,,,,,,,,,,,,,,,,1.0619338867004138,2024-25
1630540,Miles McBride,1610612752,NYK,64,24.9,8.5,3.5,0.406,4.9,1.8,0.369,1.0,0.8,0.813,9.5,2.9,0.6,2.5,0.7,1.8,3.3,0.5313199105145414,0.5176470588235295,20.0,2.9,1.0,0.4,0.421,0.5,0.2,0.4,0.0,0.0,0.0,1.0,0.0,0.1,0.1,0.1,0.1,0.2,0.5,0.5,18.0,19.0,5.0,1.9,0.378,3.3,1.2,0.373,0.9,0.8,0.824,5.8,1.0,0.6,1.2,0.2,1.0,1.8,0.5374351371386212,0.5,0.5357022595360365,2024-25
1630541,Moses Moody,1610612744,GSW,74,22.3,7.7,3.3,0.433,4.6,1.7,0.374,1.8,1.4,0.797,9.8,1.3,0.7,2.6,0.7,1.9,1.8,0.5770136599152142,0.5389610389610389,24.0,2.2,0.6,0.2,0.357,0.3,0.1,0.286,0.1,0.1,1.0,0.6,0.1,0.0,0.3,0.2,0.1,0.0,0.4658385093167702,0.4166666666666667,12.0,16.1,6.7,2.3,0.35,3.8,1.3,0.333,1.4,1.2,0.824,7.1,1.2,0.3,2.2,0.8,1.4,-3.0,0.4852378348824494,0.4402985074626865,0.501859571657213,2024-25
1630542,Marcus Bagley,1610612755,PHI,10,25.3,6.9,2.7,0.391,3.2,0.5,0.156,1.0,0.8,0.8,6.7,1.0,0.7,7.0,2.3,4.7,-8.4,0.45640326975476836,0.427536231884058,,,,,,,,,,,,,,,,,,,,,,,,,,,,,,,,,,,,,,,,,0.45640326975476836,2024-25
1630543,Isaiah Jackson,1610612754,IND,5,16.8,4.6,2.8,0.609,0.0,0.0,0.0,2.8,1.4,0.5,7.0,1.0,1.0,5.6,2.2,3.4,2.0,0.6001371742112483,0.6086956521739131,1.0,0.6,0.0,0.0,0.0,0.0,0.0,0.0,0.0,0.0,0.0,0.0,0.0,0.0,1.0,0.0,1.0,-4.0,,,,,,,,,,,,,,,,,,,,,,,0.2000457247370828,2024-25
1630544,Tre Mann,1610612766,CHA,13,24.5,12.4,5.4,0.435,4.6,1.8,0.4,1.6,1.5,0.905,14.1,3.0,1.9,2.9,0.9,2.0,-4.2,0.538003663003663,0.5080645161290323,8.0,2.6,1.8,0.6,0.357,0.4,0.1,0.333,0.5,0.5,1.0,1.9,0.3,0.4,0.8,0.4,0.4,0.6,0.47029702970297027,0.3611111111111111,,,,,,,,,,,,,,,,,,,,,0.5073820365009553,2024-25
1630545,Terrence Shannon Jr.,1610612750,MIN,32,10.6,3.6,1.7,0.482,1.0,0.3,0.355,0.7,0.5,0.81,4.3,1.0,0.5,1.5,0.3,1.2,0.3,0.5501535312180144,0.5138888888888888,4.0,2.2,0.0,0.0,0.0,0.0,0.0,0.0,0.0,0.0,0.0,0.0,0.3,0.0,1.0,0.3,0.8,-0.3,,,9.0,6.3,3.0,1.4,0.481,0.9,0.3,0.375,1.3,1.3,1.0,4.6,0.3,0.3,1.1,0.1,1.0,0.4,0.6438969764837625,0.5166666666666666,0.41364074344488366,2024-25
1630548,Johnny Juzang,1610612762,UTA,64,19.8,7.4,3.2,0.429,4.9,1.8,0.376,0.8,0.7,0.849,8.9,1.1,0.6,2.9,0.7,2.2,-5.6,0.5740454076367388,0.5540540540540541,9.0,2.2,0.6,0.3,0.6,0.3,0.2,0.667,0.3,0.2,0.667,1.1,0.0,0.0,0.3,0.2,0.1,0.7,0.7513661202185793,0.6666666666666667,,,,,,,,,,,,,,,,,,,,,0.7003673241316449,2024-25
1630549,Day'Ron Sharpe,1610612751,BKN,50,18.1,6.3,3.3,0.521,0.9,0.2,0.244,1.5,1.1,0.757,7.9,1.8,1.3,6.6,3.0,3.6,1.3,0.567528735632184,0.5396825396825397,3.0,0.7,0.0,0.0,0.0,0.0,0.0,0.0,0.0,0.0,0.0,0.0,0.0,0.0,0.0,0.0,0.0,1.3,,,,,,,,,,,,,,,,,,,,,,,0.18917624521072798,2024-25
1630550,JT Thor,1610612764,WAS,20,12.5,3.0,1.3,0.424,1.1,0.3,0.286,1.1,0.8,0.682,3.6,0.3,0.5,2.4,1.0,1.4,-4.8,0.5166475315729048,0.48333333333333334,4.0,2.0,0.3,0.3,1.0,0.3,0.3,1.0,0.0,0.0,0.0,0.8,0.0,0.0,0.3,0.0,0.3,-3.3,1.3333333333333335,1.5,,,,,,,,,,,,,,,,,,,,,1.0711047327431906,2024-25
1630551,Justin Champagnie,1610612764,WAS,62,21.6,6.6,3.4,0.511,3.1,1.2,0.383,1.2,0.8,0.685,8.8,1.0,0.9,5.7,1.8,3.9,-4.6,0.617283950617284,0.6060606060606061,12.0,2.7,0.7,0.5,0.75,0.3,0.3,1.0,0.3,0.1,0.25,1.3,0.0,0.1,0.7,0.2,0.5,-0.7,0.7812500000000001,0.9285714285714287,,,,,,,,,,,,,,,,,,,,,0.737200710810215,2024-25
1630552,Jalen Johnson,1610612737,ATL,36,35.7,15.1,7.5,0.5,3.9,1.2,0.312,3.5,2.6,0.746,18.9,5.0,2.9,10.0,1.7,8.3,1.5,0.5679086538461537,0.5364238410596026,17.0,4.4,1.2,0.6,0.5,0.4,0.2,0.429,0.5,0.4,0.667,1.7,0.2,0.3,1.2,0.2,0.9,1.4,0.5985915492957746,0.5833333333333334,,,,,,,,,,,,,,,,,,,,,0.5963109373462577,2024-25
1630553,Keon Johnson,1610612751,BKN,79,24.4,9.9,3.8,0.389,5.1,1.6,0.314,1.8,1.4,0.77,10.6,2.2,1.5,3.8,0.8,3.0,-5.4,0.4956977179199401,0.4646464646464646,26.0,2.8,1.2,0.4,0.355,0.5,0.2,0.286,0.2,0.2,1.0,1.2,0.2,0.2,0.8,0.2,0.5,-0.9,0.4658385093167702,0.4166666666666667,,,,,,,,,,,,,,,,,,,,,0.48791279097114787,2024-25
1630556,Kessler Edwards,1610612742,DAL,40,15.2,3.4,1.7,0.496,1.4,0.6,0.407,0.3,0.3,0.923,4.2,1.1,0.4,2.9,0.6,2.3,-4.0,0.594563986409966,0.5882352941176471,11.0,2.2,0.5,0.2,0.4,0.1,0.0,0.0,0.2,0.2,1.0,0.5,0.2,0.2,0.8,0.3,0.5,0.1,0.4251700680272109,0.4,,,,,,,,,,,,,,,,,,,,,0.49634058983674517,2024-25
1630557,Corey Kispert,1610612764,WAS,61,26.3,9.3,4.2,0.451,5.4,2.0,0.364,1.4,1.2,0.852,11.6,1.7,1.0,3.0,0.6,2.4,-4.5,0.5849132714804356,0.5591397849462365,17.0,0.9,0.1,0.1,0.5,0.1,0.1,1.0,0.1,0.1,0.5,0.2,0.1,0.0,0.2,0.0,0.2,-0.4,0.6944444444444444,1.5000000000000002,,,,,,,,,,,,,,,,,,,,,0.6590093222735302,2024-25
1630558,Davion Mitchell,1610612748,MIA,74,27.4,6.4,3.0,0.468,2.9,1.1,0.398,1.1,0.8,0.69,7.9,4.9,1.7,2.3,0.5,1.8,0.0,0.573794305636258,0.5546874999999999,29.0,3.9,0.8,0.4,0.478,0.4,0.1,0.333,0.4,0.2,0.5,1.1,0.2,0.1,0.2,0.0,0.2,-1.8,0.5635245901639344,0.5625,4.0,35.5,10.3,6.3,0.61,3.5,1.8,0.5,1.8,0.8,0.429,15.0,6.3,2.0,2.3,0.5,1.8,-20.8,0.6761630003606203,0.6990291262135923,0.6340554145057115,2024-25
1630559,Austin Reaves,1610612747,LAL,73,34.9,14.2,6.5,0.46,7.3,2.7,0.377,5.0,4.4,0.877,20.2,5.8,2.4,4.5,0.8,3.7,2.7,0.6158536585365854,0.5528169014084507,34.0,2.6,1.1,0.4,0.405,0.7,0.2,0.304,0.9,0.7,0.806,1.8,0.4,0.1,0.1,0.0,0.1,0.7,0.6016042780748663,0.45454545454545453,5.0,39.3,14.6,6.0,0.411,9.4,3.0,0.319,1.4,1.2,0.857,16.2,3.6,2.8,5.4,0.8,4.6,-7.4,0.5323343848580442,0.5136986301369864,0.5770907070827689,2024-25
1630560,Cam Thomas,1610612751,BKN,25,31.2,18.2,8.0,0.438,7.8,2.7,0.349,6.0,5.3,0.881,24.0,3.8,2.5,3.3,0.6,2.7,-3.7,0.5758157389635317,0.5137362637362637,15.0,3.8,2.2,0.8,0.364,1.0,0.3,0.333,0.6,0.5,0.778,2.4,0.1,0.3,0.4,0.0,0.4,-2.7,0.4870129870129869,0.4318181818181818,,,,,,,,,,,,,,,,,,,,,0.528701816417083,2024-25
1630567,Scottie Barnes,1610612761,TOR,65,32.8,16.4,7.3,0.446,4.3,1.2,0.271,4.6,3.5,0.755,19.3,5.8,2.8,7.7,1.7,6.0,-2.0,0.5237733391228833,0.4817073170731707,21.0,3.3,1.7,0.7,0.429,0.2,0.1,0.5,0.8,0.6,0.75,2.1,0.2,0.2,0.8,0.1,0.7,-1.2,0.5116959064327485,0.4411764705882353,,,,,,,,,,,,,,,,,,,,,0.5260875709873646,2024-25
1630570,Trendon Watford,1610612751,BKN,44,20.7,8.0,3.7,0.469,2.0,0.7,0.33,2.8,2.1,0.762,10.2,2.6,1.9,3.6,0.8,2.8,-1.5,0.5524263431542461,0.50625,14.0,2.1,0.6,0.4,0.667,0.1,0.1,0.5,0.4,0.3,0.667,1.2,0.2,0.4,0.4,0.0,0.4,-0.2,0.7731958762886597,0.75,,,,,,,,,,,,,,,,,,,,,0.7071060319095843,2024-25
1630572,Sandro Mamukelashvili,1610612759,SAS,61,11.2,4.6,2.3,0.502,2.6,1.0,0.373,1.0,0.7,0.741,6.3,0.8,0.4,3.1,1.0,2.0,-0.5,0.625,0.6086956521739131,5.0,1.3,0.8,0.4,0.5,0.6,0.2,0.333,0.0,0.0,0.0,1.0,0.0,0.2,0.8,0.0,0.8,-0.4,0.625,0.625,,,,,,,,,,,,,,,,,,,,,0.6423913043440453,2024-25
1630573,Sam Hauser,1610612738,BOS,71,21.7,6.7,3.0,0.451,5.6,2.3,0.416,0.2,0.2,1.0,8.5,0.9,0.3,3.2,0.6,2.5,4.6,0.6261048909840895,0.6194029850746269,13.0,1.9,0.6,0.2,0.375,0.5,0.2,0.286,0.0,0.0,0.0,0.6,0.0,0.0,0.3,0.1,0.2,-0.2,0.5,0.5000000000000001,8.0,13.5,3.0,1.3,0.417,2.6,0.9,0.333,0.1,0.1,1.0,3.5,0.5,0.4,1.5,0.0,1.5,4.0,0.5749014454664915,0.5833333333333334,0.5674234284431877,2024-25
1630577,Julian Champagnie,1610612759,SAS,82,23.6,8.1,3.4,0.415,5.9,2.2,0.371,1.1,1.0,0.904,9.9,1.4,0.9,3.9,0.8,3.1,-0.8,0.5766542404473439,0.5555555555555556,22.0,2.1,0.5,0.2,0.455,0.5,0.2,0.5,0.1,0.1,1.0,0.8,0.0,0.1,0.3,0.0,0.3,1.2,0.7352941176470588,0.6000000000000001,,,,,,,,,,,,,,,,,,,,,0.688586998085898,2024-25
1630578,Alperen Sengun,1610612745,HOU,76,31.5,15.0,7.5,0.496,1.2,0.3,0.233,5.6,3.9,0.692,19.1,4.9,2.6,10.3,3.4,6.9,5.4,0.5468392120934494,0.51,38.0,3.0,1.5,0.7,0.456,0.1,0.0,0.0,1.3,0.9,0.667,2.3,0.4,0.2,0.9,0.4,0.5,1.9,0.555019305019305,0.4666666666666666,7.0,36.6,18.7,8.4,0.45,1.1,0.4,0.375,5.7,3.6,0.625,20.9,5.3,2.1,11.9,3.0,8.9,4.7,0.4927385892116183,0.45989304812834225,0.532515598293819,2024-25
1630579,Jericho Sims,1610612749,MIL,53,11.9,1.3,0.8,0.634,0.0,0.0,0.0,0.2,0.2,0.615,1.8,0.6,0.6,3.7,1.3,2.4,0.5,0.648414985590778,0.6153846153846154,2.0,0.1,0.0,0.0,0.0,0.0,0.0,0.0,0.0,0.0,0.0,0.0,0.0,0.0,0.0,0.0,0.0,0.5,,,5.0,11.5,1.2,1.2,1.0,0.0,0.0,0.0,0.6,0.4,0.667,2.8,0.2,1.0,4.0,2.2,1.8,-0.2,0.9562841530054644,1.0,0.5862112407678619,2024-25
1630581,Josh Giddey,1610612741,CHI,70,30.2,11.4,5.3,0.465,4.0,1.5,0.378,3.2,2.5,0.781,14.6,7.2,2.9,8.1,1.8,6.3,-1.0,0.5699562773266709,0.5307017543859649,25.0,3.2,1.0,0.4,0.36,0.4,0.2,0.455,0.8,0.6,0.7,1.5,0.8,0.2,1.0,0.4,0.6,0.9,0.5547337278106509,0.5,,,,,,,,,,,,,,,,,,,,,0.5685798408064495,2024-25
1630583,Santi Aldama,1610612763,MEM,65,25.5,10.0,4.8,0.483,5.0,1.8,0.368,1.4,1.0,0.691,12.5,2.9,1.1,6.4,1.4,5.0,2.3,0.588733986435569,0.5700000000000001,27.0,2.5,0.8,0.3,0.381,0.3,0.1,0.333,0.2,0.1,0.4,0.8,0.2,0.0,0.9,0.3,0.6,0.1,0.45045045045045046,0.43749999999999994,4.0,30.4,11.0,5.3,0.477,6.0,2.5,0.417,0.0,0.0,0.0,13.0,1.8,1.3,6.0,0.5,5.5,-8.5,0.5909090909090909,0.5954545454545455,0.5517270266764904,2024-25
1630585,Marcus Garrett,1610612766,CHA,4,19.8,6.8,2.8,0.407,2.0,0.8,0.375,1.0,0.8,0.75,7.0,3.3,1.5,1.5,0.3,1.3,-9.8,0.48342541436464087,0.47058823529411764,,,,,,,,,,,,,,,,,,,,,,,,,,,,,,,,,,,,,,,,,0.48342541436464087,2024-25
1630590,Scotty Pippen Jr.,1610612763,MEM,79,21.3,7.5,3.6,0.48,2.8,1.1,0.397,2.2,1.5,0.713,9.9,4.4,1.7,3.3,0.8,2.5,0.6,0.5845536136041568,0.5533333333333333,22.0,2.3,0.3,0.1,0.286,0.1,0.0,0.0,0.1,0.0,0.0,0.2,0.4,0.1,0.1,0.0,0.1,0.1,0.29069767441860467,0.33333333333333337,4.0,32.2,14.5,5.5,0.379,7.0,2.5,0.357,4.8,4.8,1.0,18.3,3.5,3.5,5.5,1.0,4.5,-16.8,0.5508066457982181,0.46551724137931033,0.4737281499721367,2024-25
1630591,Jalen Suggs,1610612753,ORL,35,28.6,13.7,5.6,0.41,6.9,2.2,0.314,3.1,2.8,0.882,16.2,3.7,2.9,4.0,0.7,3.4,0.1,0.5377057886351566,0.4890510948905109,14.0,2.8,1.2,0.3,0.235,0.9,0.1,0.083,1.3,0.9,0.722,1.6,0.4,0.2,0.4,0.1,0.4,1.4,0.45146726862302483,0.2916666666666667,,,,,,,,,,,,,,,,,,,,,0.48897256604735395,2024-25
1630592,Jalen Wilson,1610612751,BKN,79,25.7,7.8,3.1,0.397,4.6,1.5,0.337,2.1,1.7,0.818,9.5,1.8,1.0,3.4,0.9,2.5,-3.3,0.5444750114626318,0.4935897435897436,20.0,1.7,0.2,0.1,0.5,0.2,0.1,0.333,0.5,0.5,0.9,0.7,0.2,0.1,0.2,0.1,0.2,-0.4,0.8333333333333331,0.7500000000000001,,,,,,,,,,,,,,,,,,,,,0.7396113286068732,2024-25
1630595,Cade Cunningham,1610612765,DET,70,35.0,20.8,9.8,0.469,6.0,2.1,0.356,5.3,4.5,0.846,26.1,9.1,4.4,6.1,0.8,5.3,2.5,0.5641535535189348,0.5216346153846154,37.0,2.9,1.7,0.6,0.344,0.4,0.1,0.231,1.2,1.1,0.87,2.4,0.5,0.5,0.5,0.1,0.4,-1.0,0.5385996409335727,0.3823529411764706,6.0,41.3,21.5,9.2,0.426,4.7,0.8,0.179,7.0,5.8,0.833,25.0,8.7,5.3,8.3,1.0,7.3,1.5,0.5085435313262816,0.44651162790697674,0.5360036484835048,2024-25
1630596,Evan Mobley,1610612739,CLE,71,30.5,12.8,7.1,0.557,3.2,1.2,0.37,4.3,3.1,0.725,18.5,3.2,2.0,9.3,2.3,7.0,7.7,0.6295943370541791,0.6015624999999999,29.0,3.0,0.6,0.4,0.667,0.1,0.0,0.333,0.3,0.2,0.7,1.1,0.1,0.1,0.9,0.3,0.6,2.5,0.7513661202185793,0.6666666666666667,8.0,32.1,10.9,6.4,0.586,3.9,1.8,0.452,3.1,2.6,0.84,17.1,1.6,1.4,8.1,2.6,5.5,1.4,0.6971624266144814,0.6697247706422019,0.7086564762220976,2024-25
1630598,Aaron Wiggins,1610612760,OKC,76,22.9,9.6,4.7,0.488,4.5,1.7,0.383,1.2,1.0,0.831,12.0,1.8,0.9,3.9,1.1,2.8,6.8,0.5924170616113744,0.578125,8.0,2.3,1.1,0.5,0.444,0.9,0.4,0.429,0.4,0.4,1.0,1.8,0.1,0.0,0.0,0.0,0.0,1.9,0.7053291536050157,0.6363636363636362,22.0,13.8,5.4,2.1,0.395,3.1,1.1,0.362,0.8,0.6,0.765,6.0,0.9,0.8,2.3,0.6,1.6,4.6,0.521557719054242,0.49074074074074076,0.6060830876628284,2024-25
1630600,Isaiah Mobley,1610612755,PHI,1,17.4,7.0,2.0,0.286,3.0,1.0,0.333,2.0,1.0,0.5,6.0,5.0,0.0,4.0,1.0,3.0,-6.0,0.3807106598984772,0.35714285714285715,,,,,,,,,,,,,,,,,,,,,,,,,,,,,,,,,,,,,,,,,0.3807106598984772,2024-25
1630611,Gui Santos,1610612744,GSW,56,13.6,3.2,1.5,0.458,1.8,0.6,0.33,0.8,0.5,0.69,4.1,1.4,0.8,3.1,1.3,1.8,2.9,0.5771396396396395,0.5625,11.0,1.5,0.5,0.3,0.6,0.1,0.0,0.0,0.3,0.2,0.667,0.7,0.1,0.1,0.4,0.2,0.2,-0.6,0.5537974683544303,0.6,10.0,7.2,1.7,0.9,0.529,1.0,0.4,0.4,0.6,0.4,0.667,2.6,0.8,0.6,1.2,0.3,0.9,1.2,0.6619144602851325,0.6470588235294118,0.6273713261957669,2024-25
1630623,Tyson Etienne,1610612751,BKN,7,21.6,7.4,2.4,0.327,6.3,1.9,0.295,1.4,1.1,0.8,7.9,1.7,1.1,1.3,0.4,0.9,-10.0,0.49276447105788423,0.45270270270270263,2.0,1.1,0.0,0.0,0.0,0.0,0.0,0.0,0.0,0.0,0.0,0.0,0.0,0.0,0.0,0.0,0.0,3.0,,,,,,,,,,,,,,,,,,,,,,,0.16425482368596142,2024-25
1630625,Dalano Banton,1610612757,POR,67,16.7,7.6,3.0,0.391,3.3,1.1,0.324,1.9,1.4,0.728,8.3,2.4,1.3,2.0,0.4,1.6,-0.8,0.49193930772878147,0.46710526315789475,10.0,2.0,1.1,0.7,0.636,0.5,0.2,0.4,0.0,0.0,0.0,1.6,0.3,0.1,0.0,0.0,0.0,-2.2,0.7272727272727273,0.7272727272727272,,,,,,,,,,,,,,,,,,,,,0.6633019383000338,2024-25
1630631,Jose Alvarado,1610612740,NOP,56,24.4,9.3,3.6,0.392,5.5,2.0,0.359,1.3,1.1,0.811,10.3,4.6,1.5,2.4,0.5,1.9,-4.1,0.521677471636953,0.49462365591397844,16.0,2.6,0.8,0.2,0.231,0.4,0.0,0.0,0.1,0.1,1.0,0.4,0.6,0.1,0.6,0.1,0.4,0.8,0.23696682464454974,0.25,,,,,,,,,,,,,,,,,,,,,0.3404725241787269,2024-25
1630639,A.J. Lawson,1610612761,TOR,26,18.7,7.3,3.1,0.421,3.9,1.3,0.327,2.4,1.7,0.683,9.1,1.2,0.6,3.3,0.8,2.5,-0.7,0.5445189085686931,0.5136986301369864,3.0,4.1,1.7,1.0,0.6,1.3,0.7,0.5,0.0,0.0,0.0,2.7,0.7,0.0,0.7,0.0,0.7,-2.7,0.7941176470588236,0.7941176470588236,,,,,,,,,,,,,,,,,,,,,0.7342057387918002,2024-25
1630643,Jay Huff,1610612763,MEM,64,11.7,4.8,2.5,0.515,3.1,1.3,0.405,0.9,0.7,0.786,6.9,0.6,0.5,2.0,0.5,1.5,0.4,0.663972286374134,0.65625,5.0,2.4,0.4,0.2,0.5,0.0,0.0,0.0,0.0,0.0,0.0,0.4,0.0,0.0,0.2,0.0,0.2,1.4,0.5,0.5,2.0,9.0,2.0,1.0,0.5,0.5,0.0,0.0,2.0,2.0,1.0,4.0,0.5,0.5,1.5,0.5,1.0,-3.5,0.6944444444444444,0.5,0.6328842699495084,2024-25
1630658,Colin Castleton,1610612761,TOR,26,16.6,3.8,1.8,0.469,0.6,0.1,0.125,1.5,1.1,0.763,4.7,1.1,0.9,4.7,2.0,2.7,-1.2,0.5269058295964126,0.48684210526315796,4.0,2.8,0.3,0.0,0.0,0.3,0.0,0.0,0.0,0.0,0.0,0.0,0.3,0.3,0.3,0.3,0.0,-2.5,0.0,0.0,,,,,,,,,,,,,,,,,,,,,0.18353001337216523,2024-25
1630692,Jordan Goodwin,1610612747,LAL,29,18.7,5.0,2.2,0.438,2.3,0.9,0.382,0.4,0.3,0.818,5.6,1.4,0.9,3.9,1.3,2.6,-0.4,0.5409582689335394,0.53,5.0,1.9,0.2,0.2,1.0,0.2,0.2,1.0,0.0,0.0,0.0,0.6,0.0,0.0,0.0,0.0,0.0,-1.0,1.4999999999999998,1.5000000000000002,4.0,7.8,1.3,0.3,0.2,0.5,0.0,0.0,0.5,0.3,0.5,0.8,0.5,0.3,1.3,0.5,0.8,3.0,0.2631578947368421,0.23076923076923075,0.7257386588565441,2024-25
1630695,Micah Potter,1610612762,UTA,38,18.6,3.6,1.5,0.422,2.6,0.8,0.316,0.5,0.4,0.85,4.3,0.8,0.8,4.3,1.1,3.2,-2.7,0.56282722513089,0.5277777777777778,4.0,0.3,0.0,0.0,0.0,0.0,0.0,0.0,0.0,0.0,0.0,0.0,0.3,0.0,0.0,0.0,0.0,0.0,,,,,,,,,,,,,,,,,,,,,,,0.18760907504363,2024-25
1630696,Dru Smith,1610612748,MIA,14,19.2,4.4,2.2,0.508,2.1,1.1,0.533,0.9,0.6,0.75,6.2,1.6,1.2,2.6,0.9,1.7,2.7,0.646371976647206,0.625,4.0,1.9,0.5,0.0,0.0,0.3,0.0,0.0,0.0,0.0,0.0,0.0,0.0,0.0,0.3,0.3,0.0,-2.8,0.0,0.0,,,,,,,,,,,,,,,,,,,,,0.2268209619101224,2024-25
1630700,Dyson Daniels,1610612737,ATL,76,33.8,12.1,6.0,0.493,3.1,1.1,0.34,1.8,1.1,0.593,14.1,4.4,2.0,5.9,1.6,4.3,-0.9,0.5468507601613404,0.5413223140495868,39.0,3.8,1.1,0.5,0.5,0.3,0.2,0.5,0.2,0.2,0.75,1.4,0.3,0.2,0.7,0.1,0.5,0.5,0.5892255892255891,0.5454545454545454,,,,,,,,,,,,,,,,,,,,,0.5841915552943306,2024-25
1630702,Jaden Hardy,1610612742,DAL,57,15.9,7.3,3.2,0.435,3.5,1.3,0.386,1.5,1.1,0.698,8.7,1.4,1.4,1.6,0.2,1.4,-1.1,0.5464824120603015,0.5273972602739726,7.0,2.1,0.3,0.0,0.0,0.3,0.0,0.0,0.3,0.1,0.5,0.1,0.0,0.3,0.0,0.0,0.0,3.4,0.11574074074074076,0.0,,,,,,,,,,,,,,,,,,,,,0.2634308868877939,2024-25
1630703,Scoot Henderson,1610612757,POR,66,26.7,10.4,4.3,0.419,4.5,1.6,0.354,3.1,2.4,0.767,12.7,5.1,2.7,3.0,0.8,2.2,-0.6,0.5397823869432166,0.4903846153846153,18.0,2.3,0.6,0.2,0.364,0.1,0.0,0.0,0.3,0.2,0.6,0.6,0.3,0.1,0.3,0.2,0.2,-0.3,0.4098360655737705,0.33333333333333337,,,,,,,,,,,,,,,,,,,,,0.45892073679892853,2024-25
1630811,Keaton Wallace,1610612737,ATL,31,16.2,5.2,2.1,0.401,2.6,0.9,0.329,0.4,0.4,1.0,5.4,2.6,1.1,1.6,0.2,1.4,-0.6,0.5022321428571429,0.4903846153846154,6.0,1.3,0.8,0.2,0.2,0.2,0.0,0.0,0.0,0.0,0.0,0.3,0.3,0.0,0.0,0.0,0.0,-0.5,0.18749999999999997,0.25,,,,,,,,,,,,,,,,,,,,,0.30779532966737105,2024-25
1631093,Jaden Ivey,1610612765,DET,30,29.9,13.8,6.3,0.46,5.1,2.1,0.409,3.9,2.8,0.733,17.6,4.0,3.0,4.1,1.3,2.8,-2.1,0.5671564836298015,0.5326086956521738,12.0,4.0,1.9,0.9,0.478,0.3,0.1,0.25,1.2,0.8,0.643,2.7,0.5,0.3,0.6,0.3,0.3,-1.5,0.556013179571664,0.5000000000000001,,,,,,,,,,,,,,,,,,,,,0.5734957301987411,2024-25
1631094,Paolo Banchero,1610612753,ORL,46,34.4,19.8,9.0,0.452,5.9,1.9,0.32,8.4,6.1,0.727,25.9,4.8,3.0,7.5,1.1,6.4,-0.5,0.551157643854273,0.5025252525252525,21.0,3.9,2.2,1.0,0.468,0.8,0.2,0.235,1.3,1.0,0.714,3.2,0.3,0.3,1.0,0.1,0.8,-0.4,0.5772005772005772,0.5,5.0,39.4,24.8,10.8,0.435,5.4,2.4,0.444,8.2,5.4,0.659,29.4,4.2,3.0,8.4,2.4,6.0,-7.2,0.5174598704590255,0.48387096774193544,0.5541008460493007,2024-25
1631095,Jabari Smith Jr.,1610612745,HOU,57,30.1,9.9,4.4,0.438,4.9,1.7,0.354,2.2,1.8,0.825,12.2,1.1,1.1,7.0,1.8,5.2,4.4,0.5612808244387191,0.5303030303030303,25.0,2.9,0.7,0.2,0.353,0.4,0.1,0.273,0.3,0.2,0.75,0.8,0.0,0.0,0.4,0.0,0.4,0.2,0.48076923076923084,0.35714285714285715,7.0,20.5,4.9,2.4,0.5,3.1,1.4,0.455,1.4,1.1,0.8,7.4,0.6,1.4,3.9,1.0,2.9,-1.3,0.6707759245830313,0.6326530612244897,0.5962618836910386,2024-25
1631096,Chet Holmgren,1610612760,OKC,32,27.4,10.7,5.2,0.49,3.6,1.4,0.379,4.2,3.2,0.754,15.0,2.0,1.8,8.0,1.5,6.5,9.2,0.5977048135160982,0.5514018691588786,4.0,1.3,0.0,0.0,0.0,0.0,0.0,0.0,0.5,0.5,1.0,0.5,0.0,0.0,0.5,0.0,0.5,0.3,1.1363636363636365,,23.0,29.8,11.6,5.3,0.462,4.0,1.2,0.297,4.2,3.3,0.784,15.2,1.0,1.2,8.7,1.8,6.8,7.3,0.5651397977394408,0.5086206896551724,0.7609752465769489,2024-25
1631097,Bennedict Mathurin,1610612754,IND,72,29.9,11.8,5.4,0.458,4.0,1.4,0.34,4.6,3.8,0.831,16.1,1.9,1.9,5.3,1.2,4.1,1.3,0.5823206018518519,0.516949152542373,26.0,3.4,1.4,0.8,0.568,0.3,0.1,0.222,1.2,1.0,0.871,2.7,0.1,0.3,0.6,0.1,0.5,2.0,0.7002074688796681,0.6071428571428572,22.0,17.5,6.7,3.1,0.459,2.7,0.8,0.3,4.7,4.0,0.864,11.0,0.9,1.2,3.3,1.2,2.1,-3.5,0.6272810218978102,0.5223880597014925,0.655960840996092,2024-25
1631099,Keegan Murray,1610612758,SAC,76,34.3,10.8,4.8,0.444,5.9,2.0,0.343,0.9,0.8,0.833,12.4,1.4,0.8,6.7,1.9,4.8,0.6,0.5537692032868882,0.537037037037037,34.0,4.2,0.5,0.2,0.438,0.2,0.1,0.375,0.0,0.0,0.0,0.5,0.1,0.0,0.7,0.1,0.6,0.2,0.5,0.5,,,,,,,,,,,,,,,,,,,,,0.522552697391497,2024-25
1631101,Shaedon Sharpe,1610612757,POR,72,31.3,15.3,6.9,0.452,6.6,2.0,0.311,3.4,2.6,0.785,18.5,2.8,2.1,4.5,0.9,3.6,-1.9,0.5507263634198619,0.5163398692810458,24.0,3.6,1.9,0.8,0.422,0.8,0.2,0.278,1.1,0.8,0.692,2.5,0.2,0.3,0.7,0.3,0.3,-0.2,0.5243288590604027,0.4736842105263158,,,,,,,,,,,,,,,,,,,,,0.5455463278330056,2024-25
1631104,Blake Wesley,1610612759,SAS,58,11.8,3.2,1.4,0.435,1.0,0.3,0.293,1.1,0.7,0.623,3.7,2.0,0.9,1.1,0.3,0.8,-0.2,0.502171552660152,0.48437499999999994,3.0,0.7,0.3,0.3,1.0,0.0,0.0,0.0,0.0,0.0,0.0,0.7,0.0,0.3,0.3,0.0,0.3,-0.7,1.1666666666666667,1.0,,,,,,,,,,,,,,,,,,,,,0.9545432953282322,2024-25
1631105,Jalen Duren,1610612765,DET,78,26.1,7.0,4.8,0.692,0.0,0.0,0.0,3.1,2.1,0.669,11.8,2.7,1.7,10.3,3.6,6.8,0.5,0.705404112864658,0.6857142857142857,35.0,2.9,0.4,0.2,0.538,0.0,0.0,0.0,0.3,0.1,0.417,0.5,0.1,0.2,1.1,0.4,0.7,-0.6,0.4699248120300752,0.5,6.0,33.9,6.7,4.3,0.65,0.0,0.0,0.0,3.8,3.2,0.826,11.8,3.5,1.7,10.7,4.3,6.3,-4.7,0.7047300525561395,0.6417910447761194,0.632288268145674,2024-25
1631106,Tari Eason,1610612745,HOU,57,24.9,9.8,4.8,0.487,3.2,1.1,0.342,1.8,1.4,0.76,12.0,1.5,1.1,6.4,2.2,4.1,2.5,0.5664652567975831,0.5459183673469387,27.0,1.9,0.4,0.1,0.364,0.1,0.1,0.5,0.2,0.1,0.667,0.5,0.0,0.1,0.4,0.2,0.2,-0.6,0.5122950819672131,0.37500000000000006,7.0,18.9,6.3,3.0,0.477,2.7,1.0,0.368,1.1,0.6,0.5,7.6,0.7,1.4,4.3,1.0,3.3,-3.9,0.5601415094339622,0.5555555555555556,0.5493282908249607,2024-25
1631107,Nikola Jović,1610612748,MIA,46,25.1,8.2,3.7,0.456,4.6,1.7,0.371,1.9,1.6,0.828,10.7,2.8,1.3,3.9,0.6,3.3,-0.4,0.5920761398849048,0.5548780487804879,15.0,4.0,0.9,0.4,0.429,0.7,0.2,0.273,0.1,0.1,1.0,1.1,0.3,0.1,0.7,0.1,0.6,-0.3,0.5826271186440678,0.5555555555555556,4.0,18.7,8.8,3.3,0.371,6.0,1.5,0.25,1.5,1.5,1.0,9.5,1.5,1.3,4.0,1.0,3.0,-11.5,0.5021141649048625,0.46022727272727265,0.554921088402697,2024-25
1631108,Max Christie,1610612742,DAL,78,27.3,7.6,3.2,0.427,4.0,1.5,0.366,1.9,1.7,0.855,9.6,1.9,1.1,3.3,0.5,2.8,-1.1,0.5689900426742532,0.5197368421052632,31.0,2.9,0.7,0.3,0.364,0.3,0.1,0.4,0.4,0.3,0.909,1.0,0.2,0.2,0.4,0.1,0.3,0.2,0.5707762557077626,0.5,,,,,,,,,,,,,,,,,,,,,0.579391377677837,2024-25
1631109,Mark Williams,1610612766,CHA,44,26.6,10.2,6.1,0.604,0.1,0.0,0.0,3.7,3.0,0.804,15.3,2.5,1.6,10.2,3.0,7.2,-6.8,0.6467703753804532,0.5980392156862745,15.0,3.6,1.3,0.9,0.7,0.0,0.0,0.0,0.4,0.3,0.833,2.2,0.2,0.3,1.7,0.6,1.1,0.4,0.7452574525745258,0.6923076923076923,,,,,,,,,,,,,,,,,,,,,0.7251735248811345,2024-25
1631110,Jeremy Sochan,1610612759,SAS,54,25.3,8.7,4.6,0.535,1.7,0.5,0.308,2.3,1.6,0.696,11.4,2.4,1.6,6.5,2.4,4.2,-1.6,0.5869028006589786,0.5574712643678161,17.0,3.6,0.8,0.4,0.538,0.2,0.1,0.333,0.1,0.1,0.5,0.9,0.1,0.0,0.6,0.2,0.4,-1.8,0.533175355450237,0.5625,,,,,,,,,,,,,,,,,,,,,0.5602799061509444,2024-25
1631111,Wendell Moore Jr.,1610612766,CHA,36,13.9,3.5,1.6,0.468,1.1,0.4,0.341,0.6,0.5,0.818,4.2,1.2,0.8,2.6,0.8,1.8,-3.7,0.5579171094580234,0.5142857142857143,3.0,2.5,0.3,0.3,1.0,0.3,0.3,1.0,0.0,0.0,0.0,1.0,0.0,0.3,1.0,0.3,0.7,0.0,1.6666666666666667,1.5,,,,,,,,,,,,,,,,,,,,,1.3056549094994319,2024-25
1631114,Jalen Williams,1610612760,OKC,69,32.4,16.9,8.2,0.484,4.9,1.8,0.365,4.3,3.4,0.789,21.6,5.1,2.2,5.3,0.9,4.5,6.6,0.574712643678161,0.5384615384615384,19.0,2.7,1.2,0.6,0.478,0.4,0.2,0.5,0.4,0.3,0.714,1.6,0.4,0.1,0.3,0.1,0.2,0.0,0.5813953488372093,0.5833333333333334,23.0,34.6,17.2,7.7,0.449,5.0,1.5,0.304,5.6,4.4,0.789,21.4,4.8,1.8,5.5,1.0,4.5,4.8,0.5441415785191213,0.49127906976744184,0.5687552712005468,2024-25
1631115,Orlando Robinson,1610612761,TOR,44,17.5,5.9,2.6,0.444,1.2,0.4,0.327,1.6,1.2,0.771,6.9,1.8,1.1,5.0,2.0,3.0,-2.0,0.5224106602059359,0.4745762711864407,6.0,3.3,0.8,0.3,0.4,0.3,0.0,0.0,0.2,0.2,1.0,0.8,0.0,0.0,0.3,0.2,0.2,-2.5,0.45045045045045046,0.37499999999999994,,,,,,,,,,,,,,,,,,,,,0.48799650906721237,2024-25
1631117,Walker Kessler,1610612762,UTA,58,30.0,7.2,4.8,0.663,0.6,0.1,0.176,2.6,1.4,0.52,11.1,1.7,1.5,12.2,4.6,7.6,-5.7,0.6651486097794821,0.673611111111111,19.0,3.9,1.2,0.8,0.727,0.0,0.0,0.0,0.7,0.3,0.462,2.0,0.2,0.0,1.8,0.8,0.9,-2.7,0.6631299734748011,0.6666666666666667,,,,,,,,,,,,,,,,,,,,,0.6804695189073799,2024-25
1631119,Jaylin Williams,1610612760,OKC,47,16.7,4.7,2.1,0.439,3.3,1.3,0.399,0.6,0.5,0.767,5.9,2.6,0.7,5.6,1.0,4.6,6.4,0.5942788074133762,0.5851063829787234,4.0,1.9,0.3,0.0,0.0,0.3,0.0,0.0,0.0,0.0,0.0,0.0,0.0,0.0,1.0,0.5,0.5,-2.3,0.0,0.0,17.0,8.3,2.1,0.9,0.429,1.5,0.5,0.36,0.6,0.4,0.545,2.6,1.0,0.7,1.9,0.2,1.6,0.1,0.5499153976311337,0.5476190476190476,0.3803871454398424,2024-25
1631123,Jamaree Bouyea,1610612749,MIL,5,12.3,2.4,1.2,0.5,1.0,0.2,0.2,1.2,0.8,0.667,3.4,2.0,1.6,1.0,0.2,0.8,0.4,0.5806010928961749,0.5416666666666667,1.0,5.3,0.0,0.0,0.0,0.0,0.0,0.0,3.0,2.0,0.667,2.0,0.0,0.0,1.0,0.0,1.0,6.0,0.7575757575757576,,,,,,,,,,,,,,,,,,,,,,0.6985842026825634,2024-25
1631124,Julian Strawther,1610612743,DEN,65,21.3,7.5,3.2,0.432,4.1,1.4,0.349,1.4,1.1,0.822,9.0,1.3,0.9,2.2,0.3,1.9,-1.1,0.5544603252833908,0.52,9.0,1.5,0.8,0.4,0.571,0.2,0.0,0.0,0.7,0.6,0.833,1.4,0.1,0.0,0.3,0.1,0.2,0.9,0.6317689530685919,0.5,9.0,9.7,3.3,1.4,0.433,1.3,0.7,0.5,0.8,0.7,0.857,4.2,0.2,0.6,1.0,0.4,0.6,-4.1,0.575027382256298,0.5303030303030303,0.6011800630301559,2024-25
1631128,Christian Braun,1610612743,DEN,79,33.9,10.4,6.0,0.58,2.8,1.1,0.397,2.7,2.2,0.827,15.4,2.6,1.0,5.2,1.2,3.9,6.1,0.6644804970659303,0.6298076923076923,32.0,3.8,0.8,0.4,0.462,0.3,0.2,0.545,0.2,0.2,1.0,1.1,0.3,0.1,0.5,0.1,0.4,1.5,0.6193693693693694,0.625,14.0,38.9,10.6,4.8,0.453,5.0,1.5,0.3,2.2,1.6,0.71,12.6,2.4,1.0,6.4,1.8,4.6,-0.9,0.5446058091286307,0.5235849056603774,0.5971984182233282,2024-25
1631131,Oscar Tshiebwe,1610612762,UTA,14,18.2,5.0,3.0,0.6,0.0,0.0,0.0,2.2,1.6,0.742,7.6,0.6,0.7,8.7,3.3,5.4,-0.8,0.6367292225201072,0.6,,,,,,,,,,,,,,,,,,,,,,,,,,,,,,,,,,,,,,,,,0.6367292225201072,2024-25
1631133,Jabari Walker,1610612757,POR,60,12.5,3.8,2.0,0.515,1.2,0.5,0.389,1.2,0.8,0.69,5.2,0.6,0.6,3.5,1.0,2.5,0.3,0.600739371534196,0.5921052631578948,5.0,2.5,0.8,0.2,0.25,0.6,0.0,0.0,0.4,0.2,0.5,0.6,0.2,0.2,0.4,0.2,0.2,-3.6,0.3073770491803278,0.25,,,,,,,,,,,,,,,,,,,,,0.4262171215383577,2024-25
1631157,Ryan Rollins,1610612749,MIL,56,14.6,4.8,2.4,0.487,2.1,0.9,0.408,0.8,0.6,0.8,6.2,1.9,0.9,1.9,0.4,1.6,1.5,0.6017080745341615,0.59375,8.0,2.3,0.4,0.3,0.667,0.3,0.1,0.5,0.0,0.0,0.0,0.6,0.1,0.1,0.6,0.0,0.6,-1.9,0.7499999999999999,0.8749999999999999,3.0,9.8,4.3,1.3,0.308,2.3,0.7,0.286,0.0,0.0,0.0,3.3,1.3,0.0,0.7,0.3,0.3,-8.0,0.38372093023255816,0.38372093023255816,0.5504784775369033,2024-25
1631165,Keon Ellis,1610612758,SAC,80,24.4,5.8,2.8,0.489,4.0,1.7,0.433,1.1,0.9,0.849,8.3,1.5,0.9,2.7,0.8,1.9,0.8,0.6604073838319543,0.6293103448275862,25.0,3.0,0.5,0.2,0.417,0.3,0.1,0.25,0.3,0.2,0.75,0.7,0.1,0.1,0.4,0.1,0.3,-0.4,0.5537974683544303,0.5,,,,,,,,,,,,,,,,,,,,,0.5979547965006244,2024-25
1631166,Drew Timme,1610612751,BKN,9,28.2,11.3,5.0,0.441,3.9,1.0,0.257,1.8,1.1,0.625,12.1,2.2,1.7,7.2,1.9,5.3,-7.3,0.5003307972213034,0.48672566371681414,3.0,1.7,0.3,0.3,1.0,0.0,0.0,0.0,0.0,0.0,0.0,0.7,0.3,0.0,0.0,0.0,0.0,-0.7,1.1666666666666667,1.0,,,,,,,,,,,,,,,,,,,,,0.9472095774412812,2024-25
1631170,Jaime Jaquez Jr.,1610612748,MIA,66,20.7,7.0,3.2,0.461,1.8,0.6,0.311,2.2,1.6,0.754,8.6,2.5,1.5,4.4,1.3,3.1,-2.3,0.5396586345381525,0.5,11.0,2.7,1.1,0.3,0.25,0.5,0.1,0.2,0.5,0.4,0.667,1.0,0.4,0.1,0.6,0.3,0.4,-1.5,0.3787878787878788,0.3181818181818181,3.0,6.5,2.0,0.3,0.167,0.7,0.0,0.0,0.7,0.7,1.0,1.3,0.3,0.3,1.3,1.0,0.3,-6.0,0.28162911611785096,0.15,0.3727345757899513,2024-25
1631172,Ousmane Dieng,1610612760,OKC,37,10.9,3.4,1.5,0.432,1.9,0.6,0.324,0.4,0.3,0.688,3.8,0.8,0.5,2.2,0.5,1.7,1.2,0.5313199105145413,0.5294117647058824,1.0,0.2,0.0,0.0,0.0,0.0,0.0,0.0,0.0,0.0,0.0,0.0,0.0,0.0,0.0,0.0,0.0,3.0,,,9.0,3.6,1.1,0.4,0.4,0.8,0.4,0.571,0.2,0.2,1.0,1.6,0.3,0.0,0.4,0.0,0.4,-0.9,0.6734006734006733,0.5454545454545455,0.42525365511942687,2024-25
1631197,Jared Rhoden,1610612761,TOR,14,16.2,6.2,3.0,0.483,2.8,0.9,0.308,1.8,1.6,0.88,8.4,1.1,0.6,3.0,1.0,2.0,4.6,0.6006864988558352,0.5564516129032259,2.0,2.5,0.0,0.0,0.0,0.0,0.0,0.0,1.0,0.5,0.5,0.5,0.0,0.5,1.0,0.5,0.5,-2.0,0.5681818181818182,,,,,,,,,,,,,,,,,,,,,,0.5790167117398238,2024-25
1631199,Ron Harper Jr.,1610612765,DET,1,17.0,8.0,1.0,0.125,6.0,0.0,0.0,2.0,2.0,1.0,4.0,2.0,0.0,7.0,4.0,3.0,-1.0,0.2252252252252252,0.125,1.0,5.3,2.0,0.0,0.0,2.0,0.0,0.0,2.0,2.0,1.0,2.0,1.0,0.0,1.0,1.0,0.0,-6.0,0.3472222222222222,0.0,,,,,,,,,,,,,,,,,,,,,0.3315565565534315,2024-25
1631200,Kris Murray,1610612757,POR,69,15.1,4.0,1.7,0.419,1.7,0.4,0.225,0.8,0.4,0.456,4.2,1.0,0.6,2.6,1.1,1.5,-0.7,0.48253676470588236,0.475,9.0,1.7,0.2,0.2,1.0,0.0,0.0,0.0,0.0,0.0,0.0,0.4,0.1,0.1,0.2,0.0,0.2,-1.9,1.0,1.0,,,,,,,,,,,,,,,,,,,,,0.8325122549007108,2024-25
1631204,Marcus Sasser,1610612765,DET,57,14.2,5.2,2.4,0.463,2.7,1.0,0.382,0.9,0.8,0.843,6.6,2.3,0.9,1.2,0.3,0.9,0.7,0.5897069335239457,0.5576923076923077,13.0,1.9,0.5,0.3,0.571,0.3,0.2,0.5,0.1,0.1,1.0,0.8,0.1,0.2,0.0,0.0,0.0,-0.1,0.7352941176470588,0.8,,,,,,,,,,,,,,,,,,,,,0.6963804408862232,2024-25
1631207,Dalen Terry,1610612741,CHI,73,13.5,3.7,1.6,0.448,1.4,0.5,0.356,0.9,0.7,0.71,4.5,1.3,0.7,1.7,0.5,1.2,-2.4,0.54931640625,0.5,2.0,1.4,0.0,0.0,0.0,0.0,0.0,0.0,0.0,0.0,0.0,0.0,0.5,0.0,0.0,0.0,0.0,-1.5,,,,,,,,,,,,,,,,,,,,,,,0.18310546875,2024-25
1631209,Isaiah Wong,1610612766,CHA,20,13.3,5.3,2.1,0.39,1.7,0.7,0.394,1.7,1.3,0.735,6.0,1.4,0.9,1.6,0.7,0.9,-0.3,0.49603174603174605,0.4622641509433963,2.0,2.5,0.5,0.0,0.0,0.0,0.0,0.0,0.0,0.0,0.0,0.0,0.0,0.0,0.0,0.0,0.0,3.0,0.0,0.0,,,,,,,,,,,,,,,,,,,,,0.1747778776062863,2024-25
1631212,Peyton Watson,1610612743,DEN,68,24.3,6.3,3.0,0.477,2.0,0.7,0.353,2.0,1.4,0.693,8.1,1.4,0.8,3.4,0.7,2.7,-0.4,0.564066852367688,0.5317460317460317,19.0,2.8,0.5,0.3,0.5,0.3,0.2,0.5,0.2,0.1,0.25,0.7,0.1,0.2,0.2,0.1,0.1,-0.3,0.5952380952380952,0.8,14.0,14.2,4.2,1.7,0.407,1.4,0.5,0.368,1.1,0.6,0.5,4.5,0.3,0.6,2.9,1.0,1.9,-7.9,0.4803586678052946,0.46428571428571425,0.5405396823118752,2024-25
1631213,Tyrese Martin,1610612751,BKN,60,21.9,7.8,3.2,0.406,4.7,1.7,0.351,1.0,0.8,0.793,8.7,2.0,1.2,3.7,1.0,2.7,-4.3,0.5279126213592232,0.5192307692307693,16.0,2.5,0.9,0.3,0.286,0.5,0.2,0.375,0.2,0.1,0.333,0.8,0.3,0.1,0.3,0.2,0.1,-1.5,0.40485829959514175,0.4444444444444445,,,,,,,,,,,,,,,,,,,,,0.45741486838681783,2024-25
1631216,Caleb Houstan,1610612753,ORL,58,13.6,3.3,1.4,0.421,2.8,1.1,0.4,0.3,0.3,0.882,4.1,0.6,0.2,1.3,0.3,1.0,-1.1,0.5973193473193473,0.5909090909090909,6.0,1.5,0.5,0.3,0.667,0.5,0.3,0.667,0.0,0.0,0.0,1.0,0.2,0.0,0.2,0.2,0.0,0.0,1.0,0.8999999999999999,5.0,9.5,2.8,0.4,0.143,2.0,0.4,0.2,0.0,0.0,0.0,1.2,0.2,0.4,0.8,0.4,0.4,-5.8,0.2142857142857143,0.21428571428571433,0.5551809301763388,2024-25
1631217,Moussa Diabaté,1610612766,CHA,71,17.5,3.9,2.4,0.596,0.1,0.0,0.0,1.6,1.0,0.595,5.7,0.8,0.9,6.2,2.6,3.5,-1.7,0.6190269331016508,0.6153846153846154,21.0,2.2,0.5,0.2,0.4,0.0,0.0,0.0,0.4,0.1,0.25,0.5,0.0,0.0,0.9,0.4,0.5,-2.8,0.3698224852071006,0.4,,,,,,,,,,,,,,,,,,,,,0.46571114732250957,2024-25
1631218,Trayce Jackson-Davis,1610612744,GSW,62,15.6,4.9,2.8,0.576,0.0,0.0,0.0,1.6,1.0,0.578,6.6,1.7,0.7,5.0,2.0,3.0,-1.0,0.588865096359743,0.5714285714285714,11.0,1.6,0.1,0.1,1.0,0.0,0.0,0.0,0.2,0.1,0.5,0.3,0.0,0.0,0.2,0.0,0.2,-1.3,0.7978723404255319,1.0,9.0,8.9,2.0,1.8,0.889,0.0,0.0,0.0,1.4,0.6,0.385,4.1,0.2,0.1,2.3,1.0,1.3,-2.4,0.7836391437308867,0.9,0.7579620177266919,2024-25
1631221,Collin Gillespie,1610612756,PHX,33,14.0,4.8,2.1,0.43,2.7,1.2,0.433,0.7,0.6,0.864,5.9,2.4,0.5,2.4,0.7,1.7,-0.9,0.57752545027408,0.5625000000000001,3.0,2.1,0.7,0.7,1.0,0.3,0.3,1.0,0.0,0.0,0.0,1.7,0.3,0.0,0.3,0.0,0.3,1.0,1.2142857142857144,1.2142857142857144,,,,,,,,,,,,,,,,,,,,,1.016615626278798,2024-25
1631222,Jake LaRavia,1610612758,SAC,66,20.4,5.1,2.4,0.475,2.2,0.9,0.423,1.7,1.2,0.678,6.9,2.4,1.3,3.9,1.4,2.6,1.9,0.5899452804377565,0.5588235294117647,14.0,2.3,0.3,0.2,0.75,0.1,0.0,0.0,0.3,0.2,0.75,0.6,0.1,0.1,0.3,0.1,0.1,-1.0,0.6944444444444444,0.6666666666666667,,,,,,,,,,,,,,,,,,,,,0.6654937427155715,2024-25
1631223,David Roddy,1610612745,HOU,33,12.4,3.8,1.7,0.456,1.8,0.6,0.311,0.8,0.6,0.769,4.6,1.1,0.7,2.5,0.4,2.2,-2.3,0.5539499036608863,0.5263157894736842,1.0,0.4,0.0,0.0,0.0,0.0,0.0,0.0,0.0,0.0,0.0,0.0,0.0,0.0,0.0,0.0,0.0,0.0,,,,,,,,,,,,,,,,,,,,,,,0.18464996788696209,2024-25
1631230,Dominick Barlow,1610612737,ATL,35,10.7,3.2,1.7,0.531,0.8,0.2,0.259,0.9,0.6,0.636,4.2,0.5,0.1,2.4,1.0,1.4,-0.1,0.5839822024471635,0.5625,3.0,0.0,0.0,0.0,0.0,0.0,0.0,0.0,0.0,0.0,0.0,0.0,0.0,0.0,0.0,0.0,0.0,-0.3,,,,,,,,,,,,,,,,,,,,,,,0.1946607341490545,2024-25
1631232,Keion Brooks Jr.,1610612740,NOP,14,23.7,7.8,3.8,0.486,3.1,1.0,0.326,2.1,1.6,0.733,10.1,0.9,0.9,4.1,0.9,3.3,-10.4,0.5788629069234296,0.5512820512820513,3.0,2.0,0.7,0.7,1.0,0.0,0.0,0.0,0.0,0.0,0.0,1.3,0.0,0.0,0.7,0.7,0.0,-0.3,0.9285714285714287,1.0,,,,,,,,,,,,,,,,,,,,,0.8209762803286373,2024-25
1631243,Mouhamed Gueye,1610612737,ATL,33,16.1,5.2,2.2,0.421,2.5,0.6,0.259,1.3,1.0,0.762,6.0,0.8,0.5,4.2,1.3,2.9,2.6,0.5197505197505198,0.4807692307692307,6.0,1.1,0.2,0.2,1.0,0.0,0.0,0.0,0.5,0.3,0.667,0.7,0.0,0.0,0.7,0.2,0.5,0.8,0.8333333333333331,1.0,,,,,,,,,,,,,,,,,,,,,0.7326518826511429,2024-25
1631245,Quenton Jackson,1610612754,IND,28,13.6,4.4,2.1,0.475,1.4,0.5,0.375,1.4,1.1,0.775,5.8,1.9,0.6,1.6,0.5,1.1,0.0,0.5781499202551834,0.5340909090909091,5.0,5.2,2.4,0.8,0.333,0.6,0.2,0.333,0.6,0.6,1.0,2.4,0.2,0.0,0.6,0.0,0.6,3.0,0.45045045045045046,0.375,,,,,,,,,,,,,,,,,,,,,0.5475623949184193,2024-25
1631246,Vince Williams Jr.,1610612763,MEM,27,18.5,6.2,2.5,0.401,3.5,1.0,0.274,0.9,0.7,0.792,6.6,2.0,1.2,3.6,0.8,2.8,0.2,0.5003032140691328,0.48387096774193544,7.0,1.5,0.6,0.1,0.25,0.1,0.0,0.0,0.0,0.0,0.0,0.3,0.1,0.0,0.4,0.0,0.4,-1.0,0.25,0.16666666666666669,3.0,12.5,2.3,1.3,0.571,2.3,1.3,0.571,0.7,0.7,1.0,4.7,1.3,1.0,2.3,0.3,2.0,1.7,0.901073619631902,0.8478260869565218,0.6269314315140843,2024-25
1631248,Baylor Scheierman,1610612738,BOS,31,12.4,3.5,1.3,0.355,2.6,0.8,0.317,0.4,0.3,0.75,3.6,1.1,0.4,2.1,0.6,1.5,0.9,0.4896626768226333,0.48571428571428577,2.0,2.5,0.5,0.0,0.0,0.0,0.0,0.0,0.0,0.0,0.0,0.0,0.0,0.0,1.0,0.5,0.5,4.0,0.0,0.0,4.0,5.6,2.5,0.8,0.3,1.3,0.5,0.4,0.0,0.0,0.0,2.0,0.0,0.3,1.0,0.3,0.8,-0.3,0.4,0.42000000000000004,0.29589616041873823,2024-25
1631250,Pete Nance,1610612749,MIL,13,10.6,2.5,1.1,0.438,1.8,0.7,0.375,0.2,0.1,0.5,2.9,0.8,0.3,1.6,0.4,1.2,-1.1,0.5602782071097372,0.5800000000000001,1.0,5.3,2.0,2.0,1.0,1.0,1.0,1.0,0.0,0.0,0.0,5.0,1.0,0.0,0.0,0.0,0.0,6.0,1.25,1.25,,,,,,,,,,,,,,,,,,,,,1.1000927356712458,2024-25
1631255,Karlo Matković,1610612740,NOP,42,18.8,5.6,3.2,0.574,1.6,0.5,0.318,1.0,0.8,0.773,7.7,1.1,1.0,5.0,1.5,3.5,-2.1,0.6374172185430463,0.6160714285714286,6.0,2.4,0.5,0.5,1.0,0.2,0.2,1.0,0.0,0.0,0.0,1.2,0.0,0.3,0.5,0.2,0.3,1.2,1.2,1.2,,,,,,,,,,,,,,,,,,,,,1.0214009776079926,2024-25
1631260,AJ Green,1610612749,MIL,73,22.7,5.8,2.5,0.429,5.0,2.1,0.427,0.4,0.3,0.815,7.4,1.5,0.5,2.4,0.2,2.1,3.1,0.6191432396251674,0.6120689655172413,25.0,2.9,0.4,0.2,0.545,0.4,0.2,0.545,0.1,0.1,0.667,0.8,0.2,0.0,0.2,0.0,0.2,-0.6,0.9009009009009009,0.7500000000000001,5.0,27.0,7.8,3.6,0.462,7.0,3.6,0.514,0.4,0.2,0.5,11.0,2.0,0.0,2.8,0.4,2.4,2.0,0.6895687061183551,0.6923076923076924,0.7551717450199545,2024-25
1631288,Jamal Cain,1610612740,NOP,37,13.6,4.3,1.8,0.43,2.2,0.7,0.325,1.4,0.9,0.68,5.3,0.6,0.6,2.3,0.7,1.6,-3.6,0.5390561432058585,0.5,2.0,0.2,0.0,0.0,0.0,0.0,0.0,0.0,0.0,0.0,0.0,0.0,0.0,0.0,0.0,0.0,0.0,-1.5,,,,,,,,,,,,,,,,,,,,,,,0.1796853810686195,2024-25
1631301,Jaylen Sims,1610612766,CHA,6,18.6,4.7,2.0,0.429,2.5,1.0,0.4,2.5,2.0,0.8,7.0,2.0,1.3,1.0,0.5,0.5,-7.8,0.6034482758620688,0.5319148936170213,1.0,4.5,1.0,0.0,0.0,1.0,0.0,0.0,0.0,0.0,0.0,0.0,0.0,1.0,1.0,1.0,0.0,-5.0,0.0,0.0,,,,,,,,,,,,,,,,,,,,,0.2224260210275102,2024-25
1631306,Cole Swider,1610612754,IND,10,17.0,6.3,2.2,0.349,4.7,1.5,0.319,0.1,0.0,0.0,5.9,0.3,0.4,2.7,0.5,2.2,5.4,0.46500630517023966,0.4682539682539683,,,,,,,,,,,,,,,,,,,,,,,,,,,,,,,,,,,,,,,,,0.46500630517023966,2024-25
1631311,Lester Quinones,1610612740,NOP,13,14.1,6.0,2.4,0.397,3.4,1.0,0.295,1.0,0.8,0.846,6.6,1.8,1.1,1.5,0.3,1.2,-2.0,0.5124223602484471,0.48333333333333334,1.0,0.1,0.0,0.0,0.0,0.0,0.0,0.0,0.0,0.0,0.0,0.0,0.0,0.0,0.0,0.0,0.0,-1.0,,,,,,,,,,,,,,,,,,,,,,,0.17080745341614903,2024-25
1631323,Simone Fontecchio,1610612765,DET,75,16.5,5.0,2.0,0.402,3.0,1.0,0.335,1.1,0.9,0.833,5.9,0.9,0.7,2.9,0.7,2.2,0.2,0.537928519328957,0.5,9.0,0.7,0.1,0.0,0.0,0.1,0.0,0.0,0.0,0.0,0.0,0.0,0.1,0.0,0.0,0.0,0.0,0.6,0.0,0.0,,,,,,,,,,,,,,,,,,,,,0.18130950644258567,2024-25
1631342,Daeqwon Plowden,1610612737,ATL,6,11.9,4.2,2.7,0.64,2.8,1.5,0.529,0.3,0.3,1.0,7.2,0.3,0.7,1.8,0.7,1.2,4.8,0.8310249307479225,0.8214285714285714,,,,,,,,,,,,,,,,,,,,,,,,,,,,,,,,,,,,,,,,,0.8310249307479225,2024-25
1641705,Victor Wembanyama,1610612759,SAS,46,33.2,18.6,8.9,0.476,8.8,3.1,0.352,4.1,3.4,0.836,24.3,3.7,3.2,11.0,1.8,9.2,2.2,0.5954714761811409,0.5618279569892474,22.0,4.0,2.1,0.8,0.37,1.0,0.2,0.238,0.9,0.7,0.842,2.5,0.3,0.3,1.1,0.2,0.9,-0.9,0.500801282051282,0.42857142857142855,,,,,,,,,,,,,,,,,,,,,0.5436483360079398,2024-25
1641706,Brandon Miller,1610612766,CHA,27,34.2,18.2,7.3,0.403,10.9,3.9,0.355,2.9,2.5,0.861,21.0,3.6,2.8,4.9,0.9,3.9,-4.6,0.5391250770178682,0.5082417582417582,15.0,4.6,2.3,1.0,0.429,1.3,0.5,0.368,0.4,0.4,1.0,2.9,0.3,0.4,1.1,0.4,0.7,-0.5,0.58562197092084,0.5434782608695653,,,,,,,,,,,,,,,,,,,,,0.5827603689231843,2024-25
1641707,Taylor Hendricks,1610612762,UTA,3,24.8,6.0,1.3,0.222,4.0,1.0,0.25,1.3,1.0,0.75,4.7,0.7,0.7,5.0,1.7,3.3,-7.3,0.35757760194765675,0.3,1.0,4.0,0.0,0.0,0.0,0.0,0.0,0.0,0.0,0.0,0.0,0.0,0.0,0.0,1.0,1.0,0.0,0.0,,,,,,,,,,,,,,,,,,,,,,,0.11919253398255225,2024-25
1641708,Amen Thompson,1610612745,HOU,69,32.3,10.1,5.6,0.557,1.3,0.4,0.275,3.6,2.4,0.684,14.1,3.8,2.0,8.2,2.8,5.4,3.9,0.6033892502567614,0.5742574257425742,40.0,2.9,0.6,0.4,0.68,0.1,0.0,0.333,0.5,0.4,0.737,1.2,0.2,0.1,0.6,0.2,0.4,-1.0,0.7317073170731707,0.6666666666666667,7.0,33.1,12.1,6.0,0.494,0.6,0.1,0.25,5.1,3.6,0.694,15.7,3.3,1.7,6.9,2.7,4.1,0.6,0.5472671500278862,0.5,0.6240414831399447,2024-25
1641709,Ausar Thompson,1610612765,DET,59,22.5,7.8,4.2,0.535,0.8,0.2,0.224,2.4,1.5,0.641,10.1,2.3,1.4,5.1,1.9,3.3,1.1,0.5702348690153568,0.5512820512820513,27.0,1.6,0.5,0.3,0.538,0.1,0.0,0.0,0.3,0.1,0.429,0.6,0.0,0.1,0.4,0.1,0.3,-2.0,0.47468354430379744,0.6,6.0,22.5,7.0,4.0,0.571,0.3,0.0,0.0,6.0,3.5,0.583,11.5,1.0,1.8,5.2,1.3,3.8,1.0,0.5964730290456431,0.5714285714285714,0.5579137638694148,2024-25
1641710,Anthony Black,1610612753,ORL,78,24.2,7.9,3.4,0.423,2.5,0.8,0.318,2.5,1.9,0.761,9.4,3.1,1.8,2.9,0.7,2.3,-0.5,0.5222222222222223,0.48101265822784806,18.0,3.6,0.7,0.3,0.385,0.3,0.1,0.167,0.4,0.4,0.875,1.0,0.1,0.1,0.6,0.1,0.5,-0.1,0.5707762557077626,0.5,5.0,17.7,7.4,3.0,0.405,2.6,0.4,0.154,2.6,1.8,0.692,8.2,0.0,0.4,4.4,2.0,2.4,-7.6,0.4798689138576778,0.43243243243243246,0.5260910053610128,2024-25
1641711,Gradey Dick,1610612761,TOR,54,29.4,12.0,4.9,0.41,6.0,2.1,0.35,2.9,2.5,0.858,14.4,1.8,1.5,3.6,0.8,2.8,-3.9,0.5423320277191925,0.49583333333333335,21.0,4.2,1.0,0.3,0.3,0.5,0.1,0.182,0.3,0.2,0.667,0.9,0.2,0.2,0.5,0.0,0.4,-1.8,0.39752650176678445,0.35,,,,,,,,,,,,,,,,,,,,,0.4541283437502261,2024-25
1641713,GG Jackson,1610612763,MEM,29,15.8,6.9,2.6,0.372,3.3,1.1,0.337,1.4,1.0,0.725,7.2,1.0,1.1,3.2,0.9,2.2,-2.3,0.47897817988291647,0.4565217391304348,2.0,0.1,0.0,0.0,0.0,0.0,0.0,0.0,0.0,0.0,0.0,0.0,0.0,0.0,0.0,0.0,0.0,0.0,,,,,,,,,,,,,,,,,,,,,,,0.15965939329430548,2024-25
1641715,Cam Whitmore,1610612745,HOU,51,16.2,7.9,3.5,0.444,3.6,1.3,0.355,1.4,1.1,0.75,9.4,1.0,0.9,3.0,0.7,2.3,0.0,0.5519023015500235,0.5253164556962026,6.0,1.4,0.0,0.0,0.0,0.0,0.0,0.0,0.0,0.0,0.0,0.0,0.0,0.0,0.2,0.0,0.2,-1.3,,,3.0,1.8,0.7,0.0,0.0,0.3,0.0,0.0,0.0,0.0,0.0,0.0,0.0,0.0,0.3,0.0,0.3,-5.3,0.0,0.0,0.09198371692500391,2024-25
1641716,Jarace Walker,1610612754,IND,75,15.8,4.8,2.3,0.472,2.5,1.0,0.405,0.9,0.6,0.667,6.1,1.5,1.0,3.1,0.3,2.7,-1.9,0.5869899923017706,0.5833333333333334,11.0,1.5,0.1,0.1,1.0,0.0,0.0,0.0,0.0,0.0,0.0,0.2,0.3,0.2,0.5,0.0,0.5,0.6,1.0,1.0,12.0,9.7,2.8,1.1,0.382,1.7,0.7,0.4,0.3,0.2,0.5,3.0,0.7,0.6,1.8,0.2,1.6,-0.7,0.5115961800818554,0.5178571428571429,0.6890464220907888,2024-25
1641717,Cason Wallace,1610612760,OKC,68,27.6,7.2,3.4,0.474,3.1,1.1,0.356,0.5,0.4,0.811,8.4,2.5,0.9,3.4,1.0,2.3,5.4,0.5660377358490566,0.5486111111111112,18.0,2.8,0.4,0.2,0.5,0.4,0.2,0.571,0.1,0.1,0.5,0.7,0.2,0.1,0.4,0.1,0.4,1.3,0.7882882882882882,0.7500000000000001,23.0,22.4,5.2,2.2,0.429,2.7,0.9,0.323,0.4,0.3,0.667,5.6,2.1,0.7,2.7,1.0,1.7,5.7,0.5208333333333333,0.5096153846153847,0.6230746076257228,2024-25
1641718,Keyonte George,1610612762,UTA,67,31.5,13.7,5.4,0.391,7.6,2.6,0.343,4.3,3.5,0.818,16.8,5.6,2.7,3.8,0.4,3.4,-7.6,0.538737814263725,0.48905109489051096,23.0,3.5,1.9,0.4,0.233,1.2,0.3,0.259,0.9,0.7,0.8,1.9,0.3,0.3,0.5,0.1,0.3,-2.3,0.4137630662020906,0.2894736842105263,,,,,,,,,,,,,,,,,,,,,0.4692899286936426,2024-25
1641720,Jalen Hood-Schifino,1610612755,PHI,15,21.0,6.5,2.5,0.378,3.1,0.9,0.304,1.4,1.2,0.857,7.1,2.5,1.2,1.8,0.2,1.6,-6.4,0.49887577290612706,0.4538461538461539,3.0,2.5,0.3,0.0,0.0,0.0,0.0,0.0,0.7,0.7,1.0,0.7,0.0,0.0,0.3,0.0,0.3,-3.3,0.575657894736842,0.0,,,,,,,,,,,,,,,,,,,,,0.5546792387412783,2024-25
1641721,Maxwell Lewis,1610612751,BKN,28,11.7,3.9,1.6,0.417,1.8,0.7,0.38,0.4,0.3,0.7,4.1,0.7,0.5,2.0,0.6,1.3,-2.4,0.5029440628066733,0.5000000000000001,3.0,0.3,0.0,0.0,0.0,0.0,0.0,0.0,0.0,0.0,0.0,0.0,0.0,0.0,0.0,0.0,0.0,1.7,,,,,,,,,,,,,,,,,,,,,,,0.16764802093555775,2024-25
1641722,Jordan Hawkins,1610612740,NOP,56,23.6,9.9,3.7,0.372,5.9,2.0,0.331,1.8,1.4,0.816,10.8,1.2,1.0,2.8,0.4,2.4,-5.7,0.5050505050505051,0.47474747474747475,8.0,3.4,0.5,0.4,0.75,0.0,0.0,0.0,0.3,0.3,1.0,1.0,0.1,0.1,0.1,0.1,0.0,-1.5,0.7911392405063291,0.8,,,,,,,,,,,,,,,,,,,,,0.700826833737716,2024-25
1641723,Kobe Bufkin,1610612737,ATL,10,12.4,4.7,1.8,0.383,1.9,0.4,0.211,1.8,1.3,0.722,5.3,1.7,0.8,2.1,0.5,1.6,-2.3,0.4825200291332848,0.425531914893617,,,,,,,,,,,,,,,,,,,,,,,,,,,,,,,,,,,,,,,,,0.4825200291332848,2024-25
1641724,Jett Howard,1610612753,ORL,60,11.7,4.4,1.6,0.374,3.1,0.9,0.296,0.4,0.3,0.696,4.5,0.7,0.6,1.2,0.3,0.8,-1.4,0.49169580419580416,0.46590909090909094,6.0,0.3,0.2,0.0,0.0,0.2,0.0,0.0,0.5,0.3,0.667,0.3,0.0,0.2,0.0,0.0,0.0,-0.7,0.3571428571428571,0.0,1.0,3.8,2.0,2.0,1.0,2.0,2.0,1.0,0.0,0.0,0.0,6.0,0.0,0.0,0.0,0.0,0.0,1.0,1.5,1.5,0.9555423742913413,2024-25
1641726,Dereck Lively II,1610612742,DAL,36,23.1,5.3,3.7,0.702,0.0,0.0,0.0,2.0,1.3,0.63,8.7,2.4,1.1,7.5,2.9,4.6,3.4,0.7038834951456311,0.6981132075471699,13.0,3.0,0.2,0.2,0.667,0.0,0.0,0.0,0.3,0.3,1.0,0.6,0.1,0.0,0.6,0.3,0.3,1.8,0.9036144578313252,1.0,,,,,,,,,,,,,,,,,,,,,0.8408110551743755,2024-25
1641727,Dariq Whitehead,1610612751,BKN,20,12.3,4.8,2.0,0.406,3.7,1.7,0.446,0.3,0.2,0.6,5.7,0.6,0.8,1.5,0.2,1.3,-3.2,0.5778588807785889,0.59375,1.0,0.0,0.0,0.0,0.0,0.0,0.0,0.0,0.0,0.0,0.0,0.0,0.0,0.0,0.0,0.0,0.0,0.0,,,,,,,,,,,,,,,,,,,,,,,0.1926196269261963,2024-25
1641729,Brice Sensabaugh,1610612762,UTA,71,20.2,8.4,3.9,0.459,5.2,2.2,0.422,1.0,0.9,0.89,10.9,1.5,1.5,3.0,0.6,2.4,-4.0,0.6165158371040724,0.5952380952380952,16.0,3.5,1.1,0.4,0.353,1.0,0.3,0.313,0.1,0.1,1.0,1.2,0.3,0.2,0.4,0.0,0.4,-2.4,0.5244755244755244,0.5,,,,,,,,,,,,,,,,,,,,,0.5682508667787196,2024-25
1641730,Noah Clowney,1610612751,BKN,46,22.7,8.1,2.9,0.358,5.7,1.9,0.333,1.7,1.5,0.838,9.1,0.9,1.0,3.9,0.9,3.0,-5.7,0.514240506329114,0.47530864197530864,9.0,2.7,1.2,0.4,0.364,0.8,0.3,0.429,0.1,0.1,1.0,1.3,0.1,0.1,0.4,0.2,0.2,1.8,0.522508038585209,0.45833333333333337,,,,,,,,,,,,,,,,,,,,,0.5345670093128299,2024-25
1641731,Bilal Coulibaly,1610612764,WAS,59,33.0,10.6,4.5,0.421,3.8,1.1,0.281,3.1,2.3,0.746,12.3,3.4,2.1,5.0,1.5,3.4,-9.9,0.5140421263791374,0.47641509433962265,22.0,2.7,0.8,0.3,0.353,0.2,0.0,0.2,0.1,0.1,0.667,0.7,0.2,0.1,0.4,0.1,0.3,-1.0,0.41469194312796204,0.37499999999999994,,,,,,,,,,,,,,,,,,,,,0.45535584068896257,2024-25
1641732,Colby Jones,1610612764,WAS,39,13.2,3.3,1.5,0.457,1.3,0.4,0.327,0.9,0.6,0.657,4.0,1.1,0.6,2.2,0.5,1.7,-2.9,0.5411255411255411,0.5151515151515151,4.0,3.0,1.5,0.3,0.167,1.0,0.0,0.0,1.5,0.5,0.333,1.0,0.3,0.3,0.8,0.3,0.5,-3.5,0.23148148148148145,0.19999999999999998,,,,,,,,,,,,,,,,,,,,,0.38015071347027274,2024-25
1641733,Nick Smith Jr.,1610612766,CHA,60,22.8,9.5,3.7,0.391,5.1,1.7,0.34,0.8,0.7,0.935,9.9,2.4,1.4,2.1,0.2,1.9,-6.6,0.502436053593179,0.4789473684210526,17.0,2.5,0.9,0.4,0.4,0.5,0.3,0.556,0.1,0.1,1.0,1.1,0.1,0.1,0.4,0.1,0.3,-0.1,0.5826271186440678,0.6111111111111112,,,,,,,,,,,,,,,,,,,,,0.5653704478366339,2024-25
1641736,Reece Beekman,1610612751,BKN,36,13.0,3.0,1.0,0.327,1.1,0.2,0.175,0.6,0.4,0.762,2.6,1.8,0.6,1.1,0.4,0.7,-3.3,0.39828431372549017,0.3666666666666667,4.0,0.5,0.3,0.3,1.0,0.0,0.0,0.0,0.0,0.0,0.0,0.5,0.3,0.0,0.0,0.0,0.0,1.3,0.8333333333333334,1.0,,,,,,,,,,,,,,,,,,,,,0.698316993460719,2024-25
1641737,Adem Bona,1610612755,PHI,58,15.6,3.3,2.3,0.703,0.0,0.0,0.0,1.7,1.2,0.67,5.8,0.5,1.1,4.2,1.6,2.6,-1.9,0.7164031620553359,0.6969696969696969,5.0,0.6,0.2,0.2,1.0,0.0,0.0,0.0,0.0,0.0,0.0,0.4,0.0,0.0,0.0,0.0,0.0,-0.4,1.0,1.0,,,,,,,,,,,,,,,,,,,,,0.9115283267438815,2024-25
1641739,Toumani Camara,1610612757,POR,78,32.7,9.2,4.2,0.458,4.6,1.7,0.375,1.6,1.2,0.722,11.3,2.2,1.4,5.8,2.2,3.6,-1.5,0.5704765751211632,0.5489130434782609,31.0,3.5,0.7,0.3,0.455,0.2,0.1,0.571,0.1,0.0,0.333,0.8,0.1,0.1,0.6,0.3,0.4,-0.5,0.5376344086021506,0.5,,,,,,,,,,,,,,,,,,,,,0.5561904930931684,2024-25
1641740,Jaylen Clark,1610612750,MIN,40,13.0,3.0,1.4,0.467,1.3,0.6,0.431,0.9,0.7,0.784,4.1,0.7,0.2,1.3,0.7,0.7,1.1,0.6036513545347467,0.5666666666666667,7.0,0.8,0.3,0.0,0.0,0.0,0.0,0.0,0.0,0.0,0.0,0.0,0.0,0.0,0.6,0.4,0.1,0.7,0.0,0.0,5.0,5.7,1.0,0.8,0.8,0.2,0.0,0.0,0.8,0.6,0.75,2.2,0.2,0.2,1.4,0.4,1.0,0.0,0.8136094674556213,0.8,0.5174132928136018,2024-25
1641741,Ricky Council IV,1610612755,PHI,73,17.1,6.3,2.4,0.382,2.9,0.8,0.258,2.1,1.7,0.804,7.3,1.3,0.7,2.9,0.7,2.2,-2.2,0.5052602436323367,0.4444444444444444,8.0,1.8,0.6,0.1,0.2,0.3,0.0,0.0,0.6,0.3,0.4,0.5,0.0,0.1,0.4,0.0,0.4,-1.5,0.28935185185185186,0.16666666666666669,,,,,,,,,,,,,,,,,,,,,0.37084512530097796,2024-25
1641744,Zach Edey,1610612763,MEM,66,21.5,6.6,3.8,0.58,0.8,0.3,0.346,1.9,1.4,0.709,9.2,1.0,1.3,8.3,3.5,4.8,2.5,0.6186121570736955,0.5984848484848485,20.0,1.7,0.4,0.3,0.714,0.1,0.0,0.0,0.0,0.0,0.0,0.5,0.0,0.1,0.4,0.2,0.2,-1.2,0.625,0.7499999999999999,4.0,27.0,3.8,2.5,0.667,0.0,0.0,0.0,1.8,1.3,0.714,6.3,1.8,1.5,7.8,2.8,5.0,-14.5,0.6859756097560976,0.6578947368421053,0.6604837704500193,2024-25
1641748,Andre Jackson Jr.,1610612749,MIL,67,14.6,2.9,1.4,0.477,1.1,0.4,0.395,0.4,0.2,0.5,3.4,1.2,0.9,2.7,1.0,1.7,-0.5,0.5526657997399219,0.5517241379310345,13.0,2.4,0.0,0.0,0.0,0.0,0.0,0.0,0.0,0.0,0.0,0.0,0.1,0.2,0.3,0.0,0.3,1.2,,,2.0,2.4,0.5,0.0,0.0,0.5,0.0,0.0,0.0,0.0,0.0,0.0,0.0,0.0,0.0,0.0,0.0,-1.0,0.0,0.0,0.09211096662332031,2024-25
1641757,Jordan Miller,1610612746,LAC,37,11.4,3.6,1.6,0.433,1.0,0.2,0.211,0.9,0.8,0.8,4.1,0.9,0.7,1.6,0.6,0.9,-1.7,0.5130130130130129,0.47222222222222227,2.0,0.5,0.5,0.0,0.0,0.5,0.0,0.0,0.0,0.0,0.0,0.0,0.0,0.0,0.0,0.0,0.0,-0.5,0.0,0.0,3.0,4.4,2.3,1.0,0.429,0.3,0.0,0.0,0.7,0.3,0.5,2.3,1.3,0.0,0.7,0.0,0.7,6.0,0.4409509202453988,0.4347826086956522,0.3198665178432324,2024-25
1641763,Julian Phillips,1610612741,CHI,79,14.2,3.6,1.6,0.446,1.9,0.6,0.327,1.0,0.8,0.789,4.6,0.5,0.3,2.1,0.8,1.3,0.4,0.5693069306930693,0.5277777777777778,4.0,3.2,0.3,0.3,1.0,0.0,0.0,0.0,0.5,0.5,1.0,1.0,0.3,0.3,0.5,0.0,0.5,5.3,0.9615384615384615,1.0,,,,,,,,,,,,,,,,,,,,,0.8391279512543492,2024-25
1641764,Brandin Podziemski,1610612744,GSW,64,26.8,9.8,4.4,0.445,4.8,1.8,0.372,1.5,1.1,0.758,11.7,3.4,1.2,5.1,1.0,4.1,4.1,0.5592734225621414,0.5408163265306123,28.0,2.4,0.8,0.4,0.455,0.3,0.1,0.222,0.1,0.1,0.75,0.9,0.1,0.1,0.3,0.1,0.1,-0.5,0.533175355450237,0.5625,12.0,32.1,11.0,4.0,0.364,5.6,1.8,0.328,2.0,1.4,0.708,11.3,3.1,1.5,5.0,1.3,3.7,-0.8,0.47558922558922556,0.4454545454545455,0.5168952336770047,2024-25
1641765,Olivier-Maxence Prosper,1610612742,DAL,52,11.2,3.3,1.3,0.402,1.0,0.2,0.235,1.5,0.9,0.645,3.9,0.8,0.3,2.4,0.8,1.6,-2.0,0.49242424242424243,0.4242424242424243,6.0,1.5,0.3,0.2,0.5,0.2,0.0,0.0,0.2,0.2,1.0,0.5,0.0,0.0,0.0,0.0,0.0,-1.5,0.6443298969072164,0.6666666666666667,,,,,,,,,,,,,,,,,,,,,0.6027855878343793,2024-25
1641767,Ben Sheppard,1610612754,IND,63,19.5,4.6,1.9,0.418,3.2,1.1,0.342,0.4,0.4,0.889,5.3,1.3,0.3,2.8,0.7,2.1,-0.9,0.554857621440536,0.532608695652174,18.0,1.3,0.2,0.1,0.25,0.1,0.0,0.0,0.1,0.1,0.5,0.2,0.2,0.0,0.4,0.1,0.3,-1.2,0.4098360655737705,0.5,21.0,13.9,2.4,1.1,0.471,1.8,0.7,0.395,0.2,0.2,1.0,3.2,0.4,0.5,1.9,0.4,1.5,-1.9,0.6430868167202572,0.6041666666666667,0.5549795265441528,2024-25
1641772,Nae'Qwan Tomlin,1610612739,CLE,5,12.7,6.4,2.6,0.406,2.0,0.4,0.2,2.2,1.6,0.727,7.2,0.4,0.4,4.2,1.8,2.4,1.4,0.48859934853420195,0.4375,1.0,10.0,5.0,0.0,0.0,2.0,0.0,0.0,0.0,0.0,0.0,0.0,0.0,1.0,5.0,3.0,2.0,-2.0,0.0,0.0,,,,,,,,,,,,,,,,,,,,,0.2409914494991936,2024-25
1641774,Tristan Vukcevic,1610612764,WAS,35,14.6,6.9,3.4,0.496,2.9,1.1,0.373,1.9,1.5,0.776,9.4,1.1,1.2,3.7,0.7,3.0,-3.6,0.607549120992761,0.572463768115942,4.0,2.1,0.0,0.0,0.0,0.0,0.0,0.0,0.0,0.0,0.0,0.0,0.3,0.3,0.5,0.0,0.5,-0.8,,,,,,,,,,,,,,,,,,,,,,,0.20251637366425368,2024-25
1641783,Tristan da Silva,1610612753,ORL,74,22.0,6.5,2.7,0.412,3.2,1.1,0.335,0.9,0.7,0.873,7.2,1.5,0.8,3.3,1.0,2.3,-1.7,0.5220417633410673,0.5,10.0,2.7,0.6,0.1,0.167,0.4,0.1,0.25,0.1,0.1,1.0,0.4,0.2,0.0,0.1,0.0,0.1,1.6,0.31055900621118016,0.25000000000000006,2.0,2.5,0.5,0.0,0.0,0.5,0.0,0.0,0.0,0.0,0.0,0.0,0.5,1.0,2.0,0.0,2.0,0.5,0.0,0.0,0.19975739852325372,2024-25
1641787,Tosan Evbuomwan,1610612751,BKN,28,23.7,7.9,3.4,0.427,2.8,0.9,0.312,2.6,2.0,0.753,9.5,2.0,1.4,4.3,1.1,3.1,-2.4,0.5252100840336135,0.4873417721518987,6.0,2.2,0.3,0.3,1.0,0.2,0.2,1.0,0.7,0.5,0.75,1.3,0.3,0.2,0.7,0.2,0.5,0.0,1.069078947368421,1.3333333333333335,,,,,,,,,,,,,,,,,,,,,0.8915867946107682,2024-25
1641794,Dillon Jones,1610612760,OKC,54,10.2,2.5,0.9,0.383,1.2,0.3,0.254,0.5,0.3,0.607,2.5,1.1,0.5,2.2,0.6,1.7,1.4,0.45955882352941174,0.42000000000000004,1.0,1.1,0.0,0.0,0.0,0.0,0.0,0.0,0.0,0.0,0.0,0.0,0.0,0.0,1.0,0.0,1.0,0.0,,,10.0,4.6,1.1,0.9,0.818,0.4,0.3,0.75,0.2,0.2,1.0,2.3,0.5,0.6,0.9,0.3,0.6,-0.7,0.9680134680134678,0.9545454545454545,0.5605998712616358,2024-25
1641796,Pelle Larsson,1610612748,MIA,55,14.2,3.7,1.6,0.438,1.7,0.6,0.337,1.1,0.7,0.672,4.6,1.2,0.4,1.7,0.5,1.2,0.2,0.5497131931166347,0.5135135135135135,11.0,3.7,0.5,0.1,0.2,0.4,0.1,0.25,0.5,0.3,0.6,0.5,0.0,0.1,0.5,0.0,0.5,-0.7,0.3472222222222222,0.30000000000000004,4.0,13.0,3.8,2.0,0.533,2.0,0.8,0.375,0.8,0.3,0.333,5.0,1.0,0.5,2.3,0.5,1.8,-12.3,0.6021194605009633,0.631578947368421,0.5219328500205227,2024-25
1641798,Jaylen Martin,1610612764,WAS,16,14.9,4.6,1.9,0.419,1.4,0.4,0.304,0.6,0.6,0.9,4.9,1.1,0.8,2.8,0.7,2.1,-8.2,0.5037006578947368,0.4565217391304348,2.0,1.4,0.5,0.0,0.0,0.0,0.0,0.0,0.0,0.0,0.0,0.0,0.0,0.0,0.5,0.0,0.5,-1.0,0.0,0.0,,,,,,,,,,,,,,,,,,,,,0.17876978451327397,2024-25
1641810,Antonio Reeves,1610612740,NOP,44,15.0,5.6,2.6,0.456,2.9,1.2,0.395,0.8,0.6,0.8,6.9,0.9,0.7,1.4,0.4,1.0,-3.4,0.5796370967741936,0.5714285714285715,6.0,1.7,0.3,0.2,0.5,0.3,0.2,0.5,0.0,0.0,0.0,0.5,0.2,0.0,0.0,0.0,0.0,-2.5,0.8333333333333334,1.0000000000000002,,,,,,,,,,,,,,,,,,,,,0.7541250640031397,2024-25
1641824,Matas Buzelis,1610612741,CHI,80,18.9,6.9,3.2,0.454,3.3,1.2,0.361,1.4,1.1,0.815,8.6,1.0,0.9,3.5,0.7,2.8,-0.4,0.5721128259712612,0.5507246376811594,9.0,2.0,0.2,0.2,1.0,0.2,0.2,1.0,0.1,0.1,1.0,0.8,0.1,0.1,0.3,0.1,0.2,1.3,1.639344262295082,1.5000000000000002,,,,,,,,,,,,,,,,,,,,,1.2864990009113595,2024-25
1641842,Ronald Holland II,1610612765,DET,81,15.6,5.1,2.4,0.474,1.9,0.4,0.238,1.5,1.1,0.754,6.4,1.0,0.9,2.7,0.5,2.2,-0.7,0.5555555555555556,0.5098039215686275,12.0,1.1,0.4,0.4,1.0,0.1,0.1,1.0,0.2,0.0,0.0,0.9,0.1,0.0,0.2,0.0,0.2,0.3,0.9221311475409836,1.125,5.0,6.7,1.0,0.0,0.0,0.6,0.0,0.0,2.0,1.8,0.9,1.8,0.0,1.2,1.2,0.6,0.6,-0.8,0.4787234042553192,0.0,0.647174481153944,2024-25
1641854,Craig Porter Jr.,1610612739,CLE,51,10.1,2.7,1.4,0.514,0.9,0.4,0.438,0.6,0.5,0.719,3.7,1.4,0.7,1.3,0.4,0.9,-0.9,0.6241565452091767,0.5925925925925926,3.0,5.6,3.0,0.7,0.222,1.3,0.3,0.25,0.0,0.0,0.0,1.7,1.0,1.3,1.3,0.7,0.7,-6.0,0.2833333333333333,0.2833333333333333,6.0,5.9,2.0,1.0,0.5,0.5,0.0,0.0,0.0,0.0,0.0,2.0,1.5,0.3,1.0,0.5,0.5,4.0,0.5,0.5,0.5484705353126406,2024-25
1641871,Duop Reath,1610612757,POR,46,10.2,3.6,1.5,0.422,2.3,0.7,0.321,0.5,0.4,0.909,4.2,0.6,0.3,2.0,1.0,1.0,-1.2,0.5497382198952879,0.513888888888889,3.0,2.0,0.3,0.0,0.0,0.3,0.0,0.0,0.0,0.0,0.0,0.0,0.3,0.0,0.7,0.7,0.0,-4.3,0.0,0.0,,,,,,,,,,,,,,,,,,,,,0.19157940662944783,2024-25
1641878,Damion Baugh,1610612766,CHA,15,24.7,8.7,2.8,0.323,3.7,0.8,0.214,1.0,0.9,0.867,7.3,3.7,2.1,3.3,0.9,2.4,-11.3,0.3993435448577681,0.367816091954023,4.0,3.0,0.8,0.5,0.667,0.3,0.0,0.0,0.0,0.0,0.0,1.0,0.3,0.8,0.3,0.0,0.3,-0.5,0.625,0.625,,,,,,,,,,,,,,,,,,,,,0.5589765839170496,2024-25
1641936,Miles Norris,1610612738,BOS,3,11.6,3.0,0.7,0.222,2.3,0.7,0.286,0.7,0.3,0.5,2.3,0.0,0.0,3.0,0.7,2.3,-4.7,0.3476420798065296,0.3499999999999999,,,,,,,,,,,,,,,,,,,,,,,,,,,,,,,,,,,,,,,,,0.3476420798065296,2024-25
1641989,Elijah Harkless,1610612762,UTA,10,13.8,3.5,1.1,0.314,2.5,0.7,0.28,0.6,0.3,0.5,3.2,0.8,0.3,2.1,0.9,1.2,3.1,0.4250797024442083,0.4142857142857143,2.0,0.9,0.5,0.0,0.0,0.5,0.0,0.0,0.0,0.0,0.0,0.0,0.5,0.0,0.5,0.5,0.0,-1.5,0.0,0.0,,,,,,,,,,,,,,,,,,,,,0.15597894842970206,2024-25
1641998,Trey Jemison III,1610612747,LAL,38,10.3,1.9,1.1,0.554,0.0,0.0,0.0,0.9,0.3,0.394,2.5,0.4,0.6,2.8,1.2,1.6,-0.5,0.544425087108014,0.5789473684210527,3.0,0.0,0.0,0.0,0.0,0.0,0.0,0.0,0.0,0.0,0.0,0.0,0.0,0.0,0.0,0.0,0.0,0.0,,,,,,,,,,,,,,,,,,,,,,,0.18147502903600465,2024-25
1642024,Alex Reese,1610612755,PHI,15,14.4,3.6,1.7,0.481,2.7,1.0,0.366,0.8,0.6,0.75,5.1,0.3,0.4,3.1,0.6,2.5,1.3,0.645242914979757,0.6111111111111112,,,,,,,,,,,,,,,,,,,,,,,,,,,,,,,,,,,,,,,,,0.645242914979757,2024-25
1642258,Zaccharie Risacher,1610612737,ATL,75,24.6,10.4,4.8,0.458,4.6,1.6,0.355,2.0,1.4,0.711,12.6,1.2,1.2,3.6,1.1,2.4,-1.6,0.5585106382978723,0.5384615384615384,11.0,1.7,0.5,0.1,0.167,0.4,0.0,0.0,0.4,0.3,0.75,0.5,0.1,0.0,0.4,0.2,0.2,-0.9,0.3698224852071006,0.2,,,,,,,,,,,,,,,,,,,,,0.4375262285445879,2024-25
1642259,Alex Sarr,1610612764,WAS,67,27.1,12.4,4.9,0.394,5.1,1.6,0.308,2.5,1.7,0.679,13.0,2.4,1.7,6.5,1.9,4.6,-8.1,0.48148148148148145,0.4596774193548387,19.0,2.8,0.9,0.5,0.588,0.3,0.1,0.333,0.2,0.2,1.0,1.3,0.2,0.1,0.4,0.2,0.2,-1.2,0.6578947368421053,0.6111111111111112,,,,,,,,,,,,,,,,,,,,,0.6063483829041076,2024-25
1642261,Dalton Knecht,1610612747,LAL,78,19.2,7.1,3.3,0.461,4.4,1.6,0.376,1.1,0.8,0.762,9.1,0.8,0.5,2.8,0.5,2.3,-0.9,0.5999472573839663,0.5774647887323944,12.0,2.3,0.6,0.3,0.571,0.3,0.2,0.5,0.2,0.2,1.0,1.0,0.1,0.0,0.5,0.2,0.3,-0.7,0.7267441860465117,0.6666666666666667,2.0,1.8,2.5,1.0,0.4,2.0,0.5,0.25,0.0,0.0,0.0,2.5,0.0,0.0,1.5,1.0,0.5,0.5,0.5,0.5,0.6006899758036601,2024-25
1642262,Cody Williams,1610612762,UTA,50,21.2,5.1,1.7,0.323,2.7,0.7,0.259,0.8,0.6,0.725,4.6,1.2,0.9,2.3,0.5,1.7,-6.8,0.4218635363169479,0.4019607843137255,12.0,2.7,0.6,0.1,0.143,0.2,0.0,0.0,0.0,0.0,0.0,0.2,0.3,0.0,0.0,0.0,0.0,-1.6,0.16666666666666669,0.16666666666666669,,,,,,,,,,,,,,,,,,,,,0.26349699576347324,2024-25
1642263,Reed Sheppard,1610612745,HOU,52,12.6,4.6,1.6,0.351,2.7,0.9,0.338,0.3,0.3,0.813,4.4,1.4,0.7,1.5,0.3,1.2,-1.0,0.46491969568892655,0.44565217391304357,1.0,4.9,4.0,1.0,0.25,2.0,1.0,0.5,0.0,0.0,0.0,3.0,0.0,0.0,2.0,0.0,2.0,7.0,0.375,0.375,3.0,3.3,0.7,0.0,0.0,0.7,0.0,0.0,0.0,0.0,0.0,0.0,0.3,0.3,0.3,0.0,0.3,-8.7,0.0,0.0,0.28944313766838126,2024-25
1642264,Stephon Castle,1610612759,SAS,81,26.7,12.2,5.2,0.428,4.1,1.2,0.285,4.2,3.1,0.724,14.7,4.1,2.2,3.7,1.1,2.6,-3.0,0.5232061503416856,0.4754098360655738,26.0,2.9,1.2,0.5,0.419,0.3,0.0,0.125,0.5,0.4,0.846,1.5,0.5,0.3,0.2,0.1,0.2,0.3,0.5281690140845071,0.4166666666666667,,,,,,,,,,,,,,,,,,,,,0.5363507917431976,2024-25
1642265,Rob Dillingham,1610612750,MIN,49,10.5,4.3,1.9,0.441,1.5,0.5,0.338,0.3,0.2,0.533,4.5,2.0,1.1,1.0,0.2,0.8,0.4,0.5076714801444044,0.5,5.0,2.2,0.6,0.2,0.333,0.2,0.0,0.0,0.0,0.0,0.0,0.4,0.4,0.2,0.4,0.2,0.2,1.4,0.33333333333333337,0.33333333333333337,3.0,5.5,2.7,1.0,0.375,0.7,0.3,0.5,0.7,0.3,0.5,2.7,2.3,0.0,0.7,0.0,0.7,-0.7,0.4488031914893617,0.4259259259259259,0.43407810858204077,2024-25
1642266,Ja'Kobe Walter,1610612761,TOR,52,21.2,7.6,3.1,0.405,3.6,1.3,0.349,1.6,1.3,0.795,8.6,1.6,1.0,3.1,1.1,1.9,-1.6,0.5178227360308285,0.493421052631579,6.0,1.7,0.5,0.2,0.333,0.2,0.2,1.0,0.0,0.0,0.0,0.5,0.0,0.2,0.2,0.0,0.2,-1.7,0.5,0.6000000000000001,,,,,,,,,,,,,,,,,,,,,0.5125198593778315,2024-25
1642267,Bub Carrington,1610612764,WAS,82,30.0,9.1,3.7,0.401,5.0,1.7,0.339,1.0,0.8,0.812,9.8,4.4,1.7,4.2,0.4,3.8,-9.7,0.5136268343815514,0.5,17.0,3.2,1.1,0.4,0.389,0.2,0.0,0.0,0.3,0.2,0.8,1.1,0.6,0.2,0.1,0.0,0.1,-0.6,0.4464285714285714,0.36363636363636365,,,,,,,,,,,,,,,,,,,,,0.4809159044994818,2024-25
1642268,Isaiah Collier,1610612762,UTA,71,25.9,7.8,3.3,0.422,2.4,0.6,0.249,2.2,1.5,0.682,8.7,6.3,2.9,3.3,0.5,2.9,-5.7,0.49612226277372257,0.4615384615384615,24.0,3.1,0.9,0.4,0.429,0.1,0.0,0.0,0.3,0.2,0.667,0.9,0.4,0.3,0.3,0.0,0.3,-3.2,0.436046511627907,0.4444444444444445,,,,,,,,,,,,,,,,,,,,,0.46761022354682774,2024-25
1642269,Devin Carter,1610612758,SAC,36,11.0,3.5,1.3,0.37,1.7,0.5,0.295,1.2,0.7,0.591,3.8,1.1,0.5,2.1,0.5,1.6,1.2,0.4716981132075471,0.4428571428571429,3.0,2.1,0.7,0.3,0.5,0.3,0.0,0.0,0.0,0.0,0.0,0.7,0.3,0.0,0.3,0.0,0.3,2.0,0.5,0.4285714285714286,,,,,,,,,,,,,,,,,,,,,0.5105660377301348,2024-25
1642270,Donovan Clingan,1610612757,POR,67,19.8,5.0,2.7,0.539,0.7,0.2,0.286,1.6,0.9,0.596,6.5,1.1,1.1,7.9,3.2,4.6,0.0,0.5697755960729313,0.56,14.0,2.0,0.5,0.1,0.286,0.0,0.0,0.0,0.1,0.1,0.5,0.4,0.0,0.0,0.9,0.4,0.6,0.1,0.3676470588235294,0.2,,,,,,,,,,,,,,,,,,,,,0.44502323790466336,2024-25
1642271,Kyle Filipowski,1610612762,UTA,72,21.1,7.2,3.6,0.502,3.1,1.1,0.35,2.0,1.3,0.65,9.6,1.9,1.4,6.1,1.6,4.6,-5.1,0.594059405940594,0.576388888888889,14.0,4.1,1.4,0.9,0.65,0.4,0.1,0.167,0.3,0.2,0.75,2.1,0.2,0.3,1.4,0.4,0.9,-2.4,0.685378590078329,0.6785714285714287,,,,,,,,,,,,,,,,,,,,,0.6743833064741612,2024-25
1642272,Jared McCain,1610612755,PHI,23,25.7,11.9,5.5,0.46,5.8,2.2,0.383,2.4,2.1,0.875,15.3,2.6,1.6,2.4,0.6,1.9,-1.2,0.5904600185242359,0.5546218487394957,7.0,3.4,1.1,0.4,0.375,0.4,0.1,0.333,0.3,0.3,1.0,1.3,0.0,0.3,0.6,0.0,0.6,-1.6,0.5275974025974025,0.40909090909090906,,,,,,,,,,,,,,,,,,,,,0.5577953053845618,2024-25
1642273,Kyshawn George,1610612764,WAS,68,26.5,8.0,3.0,0.372,5.2,1.7,0.322,1.4,1.0,0.753,8.7,2.5,1.4,4.2,0.7,3.5,-5.3,0.5048746518105849,0.48125,17.0,2.4,0.5,0.3,0.625,0.3,0.2,0.8,0.2,0.2,1.0,1.0,0.2,0.1,0.4,0.1,0.4,0.0,0.8503401360544218,0.8,,,,,,,,,,,,,,,,,,,,,0.7414349746390282,2024-25
1642274,Yves Missi,1610612740,NOP,73,26.8,6.7,3.7,0.547,0.0,0.0,0.0,2.8,1.7,0.623,9.1,1.4,1.1,8.2,3.5,4.7,-7.0,0.5736258194654563,0.5522388059701493,27.0,3.0,0.5,0.3,0.571,0.0,0.0,0.0,0.7,0.3,0.421,0.9,0.1,0.1,0.6,0.3,0.2,-0.3,0.5569306930693069,0.6,,,,,,,,,,,,,,,,,,,,,0.5699584217674071,2024-25
1642275,Tidjane Salaün,1610612766,CHA,60,20.7,5.8,1.9,0.33,3.4,1.0,0.283,1.6,1.1,0.713,5.9,1.2,1.0,4.7,1.2,3.5,-5.4,0.4535670356703568,0.41379310344827586,11.0,2.8,0.6,0.1,0.143,0.5,0.1,0.167,0.2,0.1,0.5,0.4,0.3,0.1,0.5,0.1,0.5,-1.4,0.29069767441860467,0.25000000000000006,,,,,,,,,,,,,,,,,,,,,0.35533228908694536,2024-25
1642276,Kel'el Ware,1610612748,MIA,64,22.2,7.3,4.0,0.554,1.7,0.5,0.315,1.0,0.7,0.687,9.3,0.9,0.9,7.4,1.8,5.6,0.6,0.6007751937984497,0.5821917808219178,16.0,2.9,0.4,0.2,0.5,0.1,0.0,0.0,0.1,0.1,1.0,0.5,0.0,0.2,0.9,0.1,0.8,-1.1,0.5630630630630631,0.5,4.0,18.2,4.5,2.0,0.444,2.8,0.8,0.273,0.0,0.0,0.0,4.8,1.0,0.5,4.8,1.0,3.8,-10.8,0.5333333333333333,0.5333333333333333,0.5599630053748066,2024-25
1642285,Cam Spencer,1610612763,MEM,25,10.1,3.3,1.4,0.415,2.1,0.8,0.365,0.8,0.8,1.0,4.2,1.4,0.2,1.2,0.5,0.7,1.6,0.575027382256298,0.5454545454545454,1.0,0.1,0.0,0.0,0.0,0.0,0.0,0.0,2.0,2.0,1.0,2.0,0.0,0.0,0.0,0.0,0.0,2.0,1.1363636363636365,,,,,,,,,,,,,,,,,,,,,,0.9492515516611904,2024-25
1642345,Oso Ighodaro,1610612756,PHX,61,17.1,3.1,1.9,0.604,0.0,0.0,0.0,0.8,0.5,0.58,4.2,1.2,0.6,3.6,1.1,2.6,-0.3,0.6083429895712631,0.6129032258064515,9.0,1.7,0.6,0.4,0.8,0.0,0.0,0.0,0.2,0.2,1.0,1.1,0.1,0.0,0.0,0.0,0.0,-0.8,0.7994186046511629,0.6666666666666667,,,,,,,,,,,,,,,,,,,,,0.7550815716612969,2024-25
1642346,Ryan Dunn,1610612756,PHX,74,19.1,6.4,2.8,0.43,3.6,1.1,0.311,0.5,0.3,0.487,6.9,0.8,0.5,3.6,1.2,2.4,-2.3,0.5211480362537765,0.5234374999999999,18.0,1.0,0.2,0.0,0.0,0.1,0.0,0.0,0.0,0.0,0.0,0.0,0.0,0.0,0.3,0.2,0.1,-1.8,0.0,0.0,,,,,,,,,,,,,,,,,,,,,0.17684101208410388,2024-25
1642347,Jamal Shead,1610612761,TOR,75,19.6,6.7,2.7,0.405,3.0,1.0,0.323,0.9,0.7,0.768,7.1,4.2,1.6,1.5,0.4,1.1,-3.1,0.5002818489289741,0.47761194029850745,16.0,2.1,0.7,0.3,0.455,0.3,0.1,0.5,0.0,0.0,0.0,0.8,0.4,0.3,0.4,0.1,0.3,-2.3,0.5714285714285715,0.5,,,,,,,,,,,,,,,,,,,,,0.5581607584545095,2024-25
1642348,Justin Edwards,1610612755,PHI,44,26.2,8.6,3.9,0.455,4.3,1.6,0.363,1.0,0.7,0.696,10.1,1.6,1.1,3.4,1.0,2.3,-6.4,0.5586283185840708,0.5465116279069768,14.0,3.1,0.4,0.1,0.4,0.3,0.1,0.5,0.3,0.2,0.75,0.6,0.1,0.0,0.1,0.0,0.1,-2.5,0.5639097744360901,0.37500000000000006,,,,,,,,,,,,,,,,,,,,,0.5668004519422406,2024-25
1642349,Ajay Mitchell,1610612760,OKC,36,16.6,5.1,2.5,0.495,1.7,0.6,0.383,1.0,0.8,0.829,6.5,1.8,0.8,1.9,0.5,1.4,3.5,0.5866425992779783,0.5490196078431373,2.0,0.5,0.0,0.0,0.0,0.0,0.0,0.0,0.0,0.0,0.0,0.0,0.0,0.0,0.0,0.0,0.0,-1.0,,,12.0,7.0,2.9,1.3,0.457,1.1,0.4,0.385,0.4,0.3,0.8,3.4,0.8,0.5,0.8,0.3,0.5,-0.8,0.5526657997399219,0.5172413793103449,0.37410666641629065,2024-25
1642354,KJ Simpson,1610612766,CHA,36,23.4,8.4,2.9,0.346,3.6,0.9,0.254,1.4,1.1,0.82,7.8,3.1,1.6,3.0,1.1,1.9,-7.7,0.432564330079858,0.3988095238095238,9.0,3.4,1.0,0.2,0.222,0.4,0.1,0.25,1.1,0.9,0.8,1.4,0.4,0.3,0.7,0.7,0.0,-0.9,0.4716981132075471,0.25,,,,,,,,,,,,,,,,,,,,,0.4705582807349954,2024-25
1642358,AJ Johnson,1610612764,WAS,29,22.0,7.3,2.8,0.385,3.1,0.8,0.267,1.3,1.1,0.865,7.6,2.6,1.2,2.0,0.3,1.8,-5.2,0.48272357723577236,0.4383561643835616,5.0,2.5,1.0,0.6,0.6,0.2,0.2,1.0,0.0,0.0,0.0,1.4,0.2,0.0,0.0,0.0,0.0,-3.4,0.7,0.7,,,,,,,,,,,,,,,,,,,,,0.6412731558803672,2024-25
1642366,Quinten Post,1610612744,GSW,42,16.3,6.5,2.9,0.449,4.3,1.7,0.408,0.6,0.5,0.778,8.1,1.3,0.8,3.5,0.8,2.7,1.0,0.5987581312832643,0.5769230769230769,6.0,1.3,0.2,0.0,0.0,0.2,0.0,0.0,0.0,0.0,0.0,0.0,0.0,0.2,0.2,0.2,0.0,-1.5,0.0,0.0,12.0,12.2,4.0,1.3,0.333,2.7,0.8,0.313,0.3,0.3,0.75,3.8,1.0,0.5,2.3,0.5,1.8,-0.5,0.45982575024201355,0.42500000000000004,0.3327828200780005,2024-25
1642367,Jonathan Mogbo,1610612761,TOR,63,20.4,5.7,2.5,0.438,1.1,0.3,0.243,1.3,1.0,0.732,6.2,2.3,1.1,4.9,1.7,3.2,-3.8,0.4942602040816326,0.46491228070175433,17.0,2.6,0.4,0.2,0.429,0.1,0.0,0.0,0.0,0.0,0.0,0.4,0.2,0.1,0.5,0.1,0.4,-3.0,0.5,0.5,,,,,,,,,,,,,,,,,,,,,0.5051042785522956,2024-25
1642368,N'Faly Dante,1610612745,HOU,4,12.7,3.3,2.5,0.769,0.0,0.0,0.0,1.3,1.0,0.8,6.0,0.5,0.5,5.3,1.5,3.8,-2.8,0.7747933884297521,0.7575757575757576,,,,,,,,,,,,,,,,,,,,,,,,,,,,,,,,,,,,,,,,,0.7747933884297521,2024-25
1642377,Jaylen Wells,1610612763,MEM,79,25.9,8.6,3.6,0.425,5.0,1.7,0.352,1.7,1.4,0.822,10.4,1.7,0.9,3.4,1.1,2.3,2.4,0.5562687205819428,0.5174418604651163,24.0,2.8,0.5,0.3,0.5,0.4,0.1,0.333,0.4,0.3,0.889,1.0,0.1,0.1,0.3,0.1,0.2,1.0,0.7396449704142012,0.7,,,,,,,,,,,,,,,,,,,,,0.6843335072911445,2024-25
1642419,Jamison Battle,1610612761,TOR,59,17.7,5.9,2.5,0.429,4.4,1.8,0.405,0.3,0.3,0.889,7.1,0.9,0.5,2.7,0.6,2.1,-3.1,0.5885278514588859,0.5762711864406779,9.0,1.7,0.6,0.1,0.2,0.3,0.1,0.333,0.0,0.0,0.0,0.3,0.0,0.0,0.1,0.0,0.1,-2.0,0.25,0.25000000000000006,,,,,,,,,,,,,,,,,,,,,0.373012108676662,2024-25
1642449,Tolu Smith,1610612765,DET,1,22.4,9.0,6.0,0.667,0.0,0.0,0.0,3.0,2.0,0.667,14.0,0.0,2.0,8.0,4.0,4.0,7.0,0.6782945736434108,0.6666666666666666,1.0,5.3,1.0,1.0,1.0,0.0,0.0,0.0,0.0,0.0,0.0,2.0,0.0,2.0,2.0,1.0,1.0,-6.0,1.0,1.0,,,,,,,,,,,,,,,,,,,,,0.9038759689910134,2024-25
